=================================================================
=== KANN価値ネットワーク 対戦評価 選択ログ ===
=================================================================
model1: run3_run4.kann.weight
model2: run2_run3.kann.weight
対戦数: 10, 先手後手入替: あり(公平交互), 手数上限: 300, 乱数シード: 1

-----------------------------------------------------------------
対戦 1/10 [シード: 2577512651365090736]
  先手(P1): run3_run4.kann.weight
  後手(P2): run2_run3.kann.weight
-----------------------------------------------------------------
Turn 1 | 手数 0 | 手番: P1(run3_run4.kann.weight) | メインステップ
  盤面:
    P1: Life:5, Reserve:4s, Hand:5枚, Field:[空]
    P2: Life:5, Reserve:4s, Hand:4枚, Field:[空]
  候補行動 (7件):
    [0] SUMMON | コスト🔷🔷🔷, 配置コアなし, (支払:R:🔷🔷🔷, 配置:なし) -> eval: -0.0599
    [1] SUMMON | コスト🔷🔷🔶, 配置コアなし, (支払:R:🔷🔷🔶, 配置:なし) -> eval: -0.0599
    [2] SUMMON | コスト🔷🔷🔷, 配置コア🔶, (支払:R:🔷🔷🔷, 配置:R:🔶) -> eval: +0.0356
    [3] SUMMON | コスト🔷🔷🔶, 配置コア🔷, (支払:R:🔷🔷🔶, 配置:R:🔷) -> eval: -0.0428
    [4] SUMMON | コスト🔷🔷🔷, 配置コア🔶, (支払:R:🔷🔷🔷, 配置:R:🔶) -> eval: +0.1040
    [5] SUMMON | コスト🔷🔷🔶, 配置コア🔷, (支払:R:🔷🔷🔶, 配置:R:🔷) -> eval: +0.0212
    [6] SUMMON | コスト🔷🔷🔷🔶, 配置コアなし, (支払:R:🔷🔷🔷🔶, 配置:なし) -> eval: -0.0396
  ステップ終了評価: -0.1170
  => 選択: SUMMON | コスト🔷🔷🔷, 配置コア🔶, (支払:R:🔷🔷🔷, 配置:R:🔶) (eval: +0.1040 > 終了評価 -0.1170)
     効果/結果: 🎴 「ラスヘッド」を召喚 (コスト3をトラッシュへ)

Turn 1 | 手数 1 | 手番: P1(run3_run4.kann.weight) | メインステップ
  盤面:
    P1: Life:5, Reserve:0, Hand:4枚, Field:[ラスヘッド(Lv2,コア1s)]
    P2: Life:5, Reserve:4s, Hand:4枚, Field:[空]
  候補行動 (1件):
    [0] MOVE_CORE | 🔶を移動 ⚠️ラスヘッド消滅 -> eval: -0.0851
  ステップ終了評価: +0.1040
  => 選択: ステップ終了 (候補最大 -0.0851 <= 終了評価 +0.1040)

Turn 1 | 手数 2 | 手番: P1(run3_run4.kann.weight) | エンドステップ
  盤面:
    P1: Life:5, Reserve:0, Hand:4枚, Field:[ラスヘッド(Lv2,コア1s)]
    P2: Life:5, Reserve:4s, Hand:4枚, Field:[空]
  候補行動 (0件):
  ステップ終了評価: +0.0893
  => 選択: ステップ終了
     効果/結果: 【ターン 2】 手番: プレイヤー2
     効果/結果: 🔷 コアステップ: ボイドからリザーブへコア1個
     効果/結果: 🃏 ドローステップ: 「深巣ダンテクレオ」をドロー (残り35枚)

Turn 2 | 手数 3 | 手番: P2(run2_run3.kann.weight) | メインステップ
  盤面:
    P1: Life:5, Reserve:0, Hand:4枚, Field:[ラスヘッド(Lv2,コア1s)]
    P2: Life:5, Reserve:5s, Hand:5枚, Field:[空]
  候補行動 (17件):
    [0] SUMMON | コスト🔷🔷🔷, 配置コア🔷, (支払:R:🔷🔷🔷, 配置:R:🔷) -> eval: +0.0411
    [1] SUMMON | コスト🔷🔷🔷, 配置コア🔶, (支払:R:🔷🔷🔷, 配置:R:🔶) -> eval: +0.1068
    [2] SUMMON | コスト🔷🔷🔶, 配置コア🔷, (支払:R:🔷🔷🔶, 配置:R:🔷) -> eval: +0.0411
    [3] SUMMON | コスト🔷🔷🔷, 配置コア🔷🔶, (支払:R:🔷🔷🔷, 配置:R:🔷🔶) -> eval: +0.1142
    [4] SUMMON | コスト🔷🔷🔶, 配置コア🔷🔷, (支払:R:🔷🔷🔶, 配置:R:🔷🔷) -> eval: +0.0501
    [5] SUMMON | コスト🔷🔷🔷, 配置コア🔷, (支払:R:🔷🔷🔷, 配置:R:🔷) -> eval: +0.0663
    [6] SUMMON | コスト🔷🔷🔷, 配置コア🔶, (支払:R:🔷🔷🔷, 配置:R:🔶) -> eval: +0.0924
    [7] SUMMON | コスト🔷🔷🔶, 配置コア🔷, (支払:R:🔷🔷🔶, 配置:R:🔷) -> eval: +0.0663
    [8] SUMMON | コスト🔷🔷🔷, 配置コア🔷🔶, (支払:R:🔷🔷🔷, 配置:R:🔷🔶) -> eval: +0.0985
    [9] SUMMON | コスト🔷🔷🔶, 配置コア🔷🔷, (支払:R:🔷🔷🔶, 配置:R:🔷🔷) -> eval: +0.0755
    [10] SUMMON | コスト🔷🔷🔷, 配置コアなし, (支払:R:🔷🔷🔷, 配置:なし) -> eval: -0.0041
    [11] SUMMON | コスト🔷🔷🔶, 配置コアなし, (支払:R:🔷🔷🔶, 配置:なし) -> eval: -0.0041
    [12] SUMMON | コスト🔷🔷🔷, 配置コア🔷, (支払:R:🔷🔷🔷, 配置:R:🔷) -> eval: +0.0039
    [13] SUMMON | コスト🔷🔷🔷, 配置コア🔶, (支払:R:🔷🔷🔷, 配置:R:🔶) -> eval: +0.0562
    [14] SUMMON | コスト🔷🔷🔶, 配置コア🔷, (支払:R:🔷🔷🔶, 配置:R:🔷) -> eval: +0.0039
    [15] SUMMON | コスト🔷🔷🔷, 配置コア🔷🔶, (支払:R:🔷🔷🔷, 配置:R:🔷🔶) -> eval: +0.0637
    [16] SUMMON | コスト🔷🔷🔶, 配置コア🔷🔷, (支払:R:🔷🔷🔶, 配置:R:🔷🔷) -> eval: +0.0132
  ステップ終了評価: -0.1285
  => 選択: SUMMON | コスト🔷🔷🔷, 配置コア🔷🔶, (支払:R:🔷🔷🔷, 配置:R:🔷🔶) (eval: +0.1142 > 終了評価 -0.1285)
     効果/結果: 🎴 「ラスヘッド」を召喚 (コスト3をトラッシュへ)

Turn 2 | 手数 4 | 手番: P2(run2_run3.kann.weight) | メインステップ
  盤面:
    P1: Life:5, Reserve:0, Hand:4枚, Field:[ラスヘッド(Lv2,コア1s)]
    P2: Life:5, Reserve:0, Hand:4枚, Field:[ラスヘッド(Lv2,コア2s)]
  候補行動 (4件):
    [0] SUMMON | コスト🔷🔶, 配置コアなし ⚠️ラスヘッド消滅, (支払:ラスヘッド:🔷🔶, 配置:なし) -> eval: -0.0029
    [1] MOVE_CORE | 🔷を移動 -> eval: +0.1068
    [2] MOVE_CORE | 🔶を移動 -> eval: +0.0411
    [3] MOVE_CORE | 🔷🔶を移動 ⚠️ラスヘッド消滅 -> eval: -0.0859
  ステップ終了評価: +0.1142
  => 選択: ステップ終了 (候補最大 +0.1068 <= 終了評価 +0.1142)

Turn 2 | 手数 5 | 手番: P2(run2_run3.kann.weight) | アタック宣言
  盤面:
    P1: Life:5, Reserve:0, Hand:4枚, Field:[ラスヘッド(Lv2,コア1s)]
    P2: Life:5, Reserve:0, Hand:4枚, Field:[ラスヘッド(Lv2,コア2s)]
  候補行動 (1件):
    [0] ATTACK | ラスヘッド でアタック宣言 (Lv2, BP5000, 通ればライフ-🔷) -> eval: +0.1929
  ステップ終了評価: +0.1142
  => 選択: ATTACK | ラスヘッド でアタック宣言 (Lv2, BP5000, 通ればライフ-🔷) (eval: +0.1929 > 終了評価 +0.1142)
     効果/結果: 🗡️ 「ラスヘッド」がアタック宣言 (BP5000)

Turn 2 | 手数 6 | 手番: P1(run3_run4.kann.weight) | ブロック宣言
  盤面:
    P1: Life:5, Reserve:0, Hand:4枚, Field:[ラスヘッド(Lv2,コア1s)]
    P2: Life:5, Reserve:0, Hand:4枚, Field:[ラスヘッド(Lv2,コア2s)]
  候補行動 (2件):
    [0] BLOCK | ラスヘッド でブロック (BP5000 vs BP5000 → 相打ち) -> eval: -0.2163
    [1] PASS_BLOCK | ライフでアタックを受ける (ライフ-🔷) -> eval: +0.1716
  => 選択: PASS_BLOCK | ライフでアタックを受ける (ライフ-🔷) (eval: +0.1716)
     効果/結果: 💔 ブロックせず: プレイヤー1 のライフ-1 (コアはリザーブへ)

Turn 2 | 手数 7 | 手番: P2(run2_run3.kann.weight) | アタック宣言
  盤面:
    P1: Life:4, Reserve:1, Hand:4枚, Field:[ラスヘッド(Lv2,コア1s)]
    P2: Life:5, Reserve:0, Hand:4枚, Field:[ラスヘッド(Lv2,コア2s)]
  候補行動 (0件):
  ステップ終了評価: +0.1987
  => 選択: ステップ終了

Turn 2 | 手数 8 | 手番: P2(run2_run3.kann.weight) | 第2メインステップ
  盤面:
    P1: Life:4, Reserve:1, Hand:4枚, Field:[ラスヘッド(Lv2,コア1s)]
    P2: Life:5, Reserve:0, Hand:4枚, Field:[ラスヘッド(Lv2,コア2s)]
  候補行動 (4件):
    [0] SUMMON | コスト🔷🔶, 配置コアなし ⚠️ラスヘッド消滅, (支払:ラスヘッド:🔷🔶, 配置:なし) -> eval: +0.0017
    [1] MOVE_CORE | 🔷を移動 -> eval: +0.1924
    [2] MOVE_CORE | 🔶を移動 -> eval: +0.1401
    [3] MOVE_CORE | 🔷🔶を移動 ⚠️ラスヘッド消滅 -> eval: -0.0809
  ステップ終了評価: +0.1987
  => 選択: ステップ終了 (候補最大 +0.1924 <= 終了評価 +0.1987)

Turn 2 | 手数 9 | 手番: P2(run2_run3.kann.weight) | エンドステップ
  盤面:
    P1: Life:4, Reserve:1, Hand:4枚, Field:[ラスヘッド(Lv2,コア1s)]
    P2: Life:5, Reserve:0, Hand:4枚, Field:[ラスヘッド(Lv2,コア2s)]
  候補行動 (0件):
  ステップ終了評価: +0.2184
  => 選択: ステップ終了
     効果/結果: 【ターン 3】 手番: プレイヤー1
     効果/結果: 🔷 コアステップ: ボイドからリザーブへコア1個
     効果/結果: 🃏 ドローステップ: 「ボルテクスシェイブ」をドロー (残り34枚)
     効果/結果: ♻️ リフレッシュステップ: トラッシュのコア3個をリザーブへ

Turn 3 | 手数 10 | 手番: P1(run3_run4.kann.weight) | メインステップ
  盤面:
    P1: Life:4, Reserve:5, Hand:5枚, Field:[ラスヘッド(Lv2,コア1s)]
    P2: Life:5, Reserve:0, Hand:4枚, Field:[ラスヘッド(Lv2,コア2s)]
  候補行動 (45件):
    [0] SUMMON | コスト🔷🔷🔷🔷🔷, 配置コア🔶 ⚠️ラスヘッド消滅, (支払:R:🔷🔷🔷🔷🔷, 配置:ラスヘッド:🔶) -> eval: +0.0084
    [1] SUMMON | コスト🔷🔷🔷🔷🔶, 配置コア🔷 ⚠️ラスヘッド消滅, (支払:R:🔷🔷🔷🔷, ラスヘッド:🔶, 配置:R:🔷) -> eval: +0.0107
    [2] SUMMON | コスト🔷🔷, 配置コアなし, (支払:R:🔷🔷, 配置:なし) -> eval: +0.1039
    [3] SUMMON | コスト🔷🔶, 配置コアなし ⚠️ラスヘッド消滅, (支払:R:🔷, ラスヘッド:🔶, 配置:なし) -> eval: -0.0807
    [4] SUMMON | コスト🔷🔷, 配置コア🔷, (支払:R:🔷🔷, 配置:R:🔷) -> eval: +0.1101
    [5] SUMMON | コスト🔷🔷, 配置コア🔶 ⚠️ラスヘッド消滅, (支払:R:🔷🔷, 配置:ラスヘッド:🔶) -> eval: -0.0779
    [6] SUMMON | コスト🔷🔶, 配置コア🔷 ⚠️ラスヘッド消滅, (支払:R:🔷, ラスヘッド:🔶, 配置:R:🔷) -> eval: -0.0734
    [7] SUMMON | コスト🔷🔷, 配置コア🔷🔷, (支払:R:🔷🔷, 配置:R:🔷🔷) -> eval: +0.1174
    [8] SUMMON | コスト🔷🔷, 配置コア🔷🔶 ⚠️ラスヘッド消滅, (支払:R:🔷🔷, 配置:R:🔷, ラスヘッド:🔶) -> eval: -0.0690
    [9] SUMMON | コスト🔷🔶, 配置コア🔷🔷 ⚠️ラスヘッド消滅, (支払:R:🔷, ラスヘッド:🔶, 配置:R:🔷🔷) -> eval: -0.0652
    [10] SUMMON | コスト🔷🔷, 配置コア🔷🔷🔷, (支払:R:🔷🔷, 配置:R:🔷🔷🔷) -> eval: +0.1257
    [11] SUMMON | コスト🔷🔷, 配置コア🔷🔷🔶 ⚠️ラスヘッド消滅, (支払:R:🔷🔷, 配置:R:🔷🔷, ラスヘッド:🔶) -> eval: -0.0591
    [12] SUMMON | コスト🔷🔶, 配置コア🔷🔷🔷 ⚠️ラスヘッド消滅, (支払:R:🔷, ラスヘッド:🔶, 配置:R:🔷🔷🔷) -> eval: -0.0559
    [13] SUMMON | コスト🔷🔷, 配置コア🔷🔷🔷🔶 ⚠️ラスヘッド消滅, (支払:R:🔷🔷, 配置:R:🔷🔷🔷, ラスヘッド:🔶) -> eval: -0.0484
    [14] SUMMON | コスト🔷🔶, 配置コア🔷🔷🔷🔷 ⚠️ラスヘッド消滅, (支払:R:🔷, ラスヘッド:🔶, 配置:R:🔷🔷🔷🔷) -> eval: -0.0458
    [15] SUMMON | コスト🔷🔷🔷, 配置コアなし, (支払:R:🔷🔷🔷, 配置:なし) -> eval: +0.1133
    [16] SUMMON | コスト🔷🔷🔶, 配置コアなし ⚠️ラスヘッド消滅, (支払:R:🔷🔷, ラスヘッド:🔶, 配置:なし) -> eval: -0.0718
    [17] SUMMON | コスト🔷🔷🔷, 配置コア🔷, (支払:R:🔷🔷🔷, 配置:R:🔷) -> eval: +0.1201
    [18] SUMMON | コスト🔷🔷🔷, 配置コア🔶 ⚠️ラスヘッド消滅, (支払:R:🔷🔷🔷, 配置:ラスヘッド:🔶) -> eval: -0.0749
    [19] SUMMON | コスト🔷🔷🔶, 配置コア🔷 ⚠️ラスヘッド消滅, (支払:R:🔷🔷, ラスヘッド:🔶, 配置:R:🔷) -> eval: -0.0639
    [20] SUMMON | コスト🔷🔷🔷, 配置コア🔷🔷, (支払:R:🔷🔷🔷, 配置:R:🔷🔷) -> eval: +0.1561
    [21] SUMMON | コスト🔷🔷🔷, 配置コア🔷🔶 ⚠️ラスヘッド消滅, (支払:R:🔷🔷🔷, 配置:R:🔷, ラスヘッド:🔶) -> eval: -0.0585
    [22] SUMMON | コスト🔷🔷🔶, 配置コア🔷🔷 ⚠️ラスヘッド消滅, (支払:R:🔷🔷, ラスヘッド:🔶, 配置:R:🔷🔷) -> eval: -0.0365
    [23] SUMMON | コスト🔷🔷🔷, 配置コア🔷🔷🔶 ⚠️ラスヘッド消滅, (支払:R:🔷🔷🔷, 配置:R:🔷🔷, ラスヘッド:🔶) -> eval: -0.0481
    [24] SUMMON | コスト🔷🔷🔶, 配置コア🔷🔷🔷 ⚠️ラスヘッド消滅, (支払:R:🔷🔷, ラスヘッド:🔶, 配置:R:🔷🔷🔷) -> eval: -0.0260
    [25] SUMMON | コスト🔷🔷, 配置コア🔷, (支払:R:🔷🔷, 配置:R:🔷) -> eval: +0.1558
    [26] SUMMON | コスト🔷🔷, 配置コア🔶 ⚠️ラスヘッド消滅, (支払:R:🔷🔷, 配置:ラスヘッド:🔶) -> eval: -0.0338
    [27] SUMMON | コスト🔷🔶, 配置コア🔷 ⚠️ラスヘッド消滅, (支払:R:🔷, ラスヘッド:🔶, 配置:R:🔷) -> eval: -0.0343
    [28] SUMMON | コスト🔷🔷, 配置コア🔷🔷, (支払:R:🔷🔷, 配置:R:🔷🔷) -> eval: +0.1631
    [29] SUMMON | コスト🔷🔷, 配置コア🔷🔶 ⚠️ラスヘッド消滅, (支払:R:🔷🔷, 配置:R:🔷, ラスヘッド:🔶) -> eval: -0.0248
    [30] SUMMON | コスト🔷🔶, 配置コア🔷🔷 ⚠️ラスヘッド消滅, (支払:R:🔷, ラスヘッド:🔶, 配置:R:🔷🔷) -> eval: -0.0260
    [31] SUMMON | コスト🔷🔷, 配置コア🔷🔷🔷, (支払:R:🔷🔷, 配置:R:🔷🔷🔷) -> eval: +0.1712
    [32] SUMMON | コスト🔷🔷, 配置コア🔷🔷🔶 ⚠️ラスヘッド消滅, (支払:R:🔷🔷, 配置:R:🔷🔷, ラスヘッド:🔶) -> eval: -0.0151
    [33] SUMMON | コスト🔷🔶, 配置コア🔷🔷🔷 ⚠️ラスヘッド消滅, (支払:R:🔷, ラスヘッド:🔶, 配置:R:🔷🔷🔷) -> eval: -0.0168
    [34] SUMMON | コスト🔷🔷, 配置コア🔷🔷🔷🔶 ⚠️ラスヘッド消滅, (支払:R:🔷🔷, 配置:R:🔷🔷🔷, ラスヘッド:🔶) -> eval: -0.0046
    [35] SUMMON | コスト🔷🔶, 配置コア🔷🔷🔷🔷 ⚠️ラスヘッド消滅, (支払:R:🔷, ラスヘッド:🔶, 配置:R:🔷🔷🔷🔷) -> eval: -0.0068
    [36] USE_MAGIC | コスト🔷🔷🔷, コアは置かない, (支払:R:🔷🔷🔷, 配置:なし) -> eval: -0.0623
    [37] USE_MAGIC | コスト🔷🔷🔶, コアは置かない ⚠️ラスヘッド消滅, (支払:R:🔷🔷, ラスヘッド:🔶, 配置:なし) -> eval: -0.1851
    [38] MOVE_CORE | 🔷を移動 -> eval: +0.0591
    [39] MOVE_CORE | 🔷🔷を移動 -> eval: +0.0693
    [40] MOVE_CORE | 🔷🔷🔷を移動 -> eval: +0.0805
    [41] MOVE_CORE | 🔷🔷🔷🔷を移動 -> eval: +0.0927
    [42] MOVE_CORE | 🔷🔷🔷🔷🔷を移動 -> eval: +0.1058
    [43] MOVE_CORE | 🔶を移動 ⚠️ラスヘッド消滅 -> eval: -0.1707
    [44] MOVE_CORE | 🔶 ⇄ 🔷 を交換 -> eval: -0.0077
  ステップ終了評価: +0.0501
  => 選択: SUMMON | コスト🔷🔷, 配置コア🔷🔷🔷, (支払:R:🔷🔷, 配置:R:🔷🔷🔷) (eval: +0.1712 > 終了評価 +0.0501)
     効果/結果: 🎴 「ラスヘッド」を召喚 (コスト2をトラッシュへ)

Turn 3 | 手数 11 | 手番: P1(run3_run4.kann.weight) | メインステップ
  盤面:
    P1: Life:4, Reserve:0, Hand:4枚, Field:[ラスヘッド(Lv2,コア1s), ラスヘッド(Lv1,コア3)]
    P2: Life:5, Reserve:0, Hand:4枚, Field:[ラスヘッド(Lv2,コア2s)]
  候補行動 (28件):
    [0] SUMMON | コスト🔷, 配置コアなし, (支払:ラスヘッド:🔷, 配置:なし) -> eval: +0.1771
    [1] SUMMON | コスト🔶, 配置コアなし ⚠️ラスヘッド消滅, (支払:ラスヘッド:🔶, 配置:なし) -> eval: +0.0439
    [2] SUMMON | コスト🔷, 配置コア🔷, (支払:ラスヘッド:🔷, 配置:ラスヘッド:🔷) -> eval: +0.1806
    [3] SUMMON | コスト🔷, 配置コア🔶 ⚠️ラスヘッド消滅, (支払:ラスヘッド:🔷, 配置:ラスヘッド:🔶) -> eval: +0.0439
    [4] SUMMON | コスト🔶, 配置コア🔷 ⚠️ラスヘッド消滅, (支払:ラスヘッド:🔶, 配置:ラスヘッド:🔷) -> eval: +0.0433
    [5] SUMMON | コスト🔷, 配置コア🔷🔷 ⚠️ラスヘッド消滅, (支払:ラスヘッド:🔷, 配置:ラスヘッド:🔷🔷) -> eval: +0.0165
    [6] SUMMON | コスト🔷, 配置コア🔷🔶 ⚠️ラスヘッド消滅, (支払:ラスヘッド:🔷, 配置:ラスヘッド:🔶, ラスヘッド:🔷) -> eval: +0.0446
    [7] SUMMON | コスト🔶, 配置コア🔷🔷 ⚠️ラスヘッド消滅, (支払:ラスヘッド:🔶, 配置:ラスヘッド:🔷🔷) -> eval: +0.0430
    [8] SUMMON | コスト🔷, 配置コア🔷🔷🔶 ⚠️ラスヘッド・ラスヘッド消滅, (支払:ラスヘッド:🔷, 配置:ラスヘッド:🔶, ラスヘッド:🔷🔷) -> eval: -0.0698
    [9] SUMMON | コスト🔶, 配置コア🔷🔷🔷 ⚠️ラスヘッド・ラスヘッド消滅, (支払:ラスヘッド:🔶, 配置:ラスヘッド:🔷🔷🔷) -> eval: -0.0506
    [10] SUMMON | コスト🔷🔷, 配置コアなし, (支払:ラスヘッド:🔷🔷, 配置:なし) -> eval: +0.1820
    [11] SUMMON | コスト🔷🔶, 配置コアなし ⚠️ラスヘッド消滅, (支払:ラスヘッド:🔶, ラスヘッド:🔷, 配置:なし) -> eval: +0.0442
    [12] SUMMON | コスト🔷🔷, 配置コア🔷 ⚠️ラスヘッド消滅, (支払:ラスヘッド:🔷🔷, 配置:ラスヘッド:🔷) -> eval: +0.0191
    [13] SUMMON | コスト🔷🔷, 配置コア🔶 ⚠️ラスヘッド消滅, (支払:ラスヘッド:🔷🔷, 配置:ラスヘッド:🔶) -> eval: +0.0375
    [14] SUMMON | コスト🔷🔶, 配置コア🔷 ⚠️ラスヘッド消滅, (支払:ラスヘッド:🔶, ラスヘッド:🔷, 配置:ラスヘッド:🔷) -> eval: +0.0437
    [15] SUMMON | コスト🔷🔷, 配置コア🔷🔶 ⚠️ラスヘッド・ラスヘッド消滅, (支払:ラスヘッド:🔷🔷, 配置:ラスヘッド:🔶, ラスヘッド:🔷) -> eval: -0.0699
    [16] SUMMON | コスト🔷🔶, 配置コア🔷🔷 ⚠️ラスヘッド・ラスヘッド消滅, (支払:ラスヘッド:🔶, ラスヘッド:🔷, 配置:ラスヘッド:🔷🔷) -> eval: -0.0359
    [17] USE_MAGIC | コスト🔷🔷, コアは置かない, (支払:ラスヘッド:🔷🔷, 配置:なし) -> eval: +0.0054
    [18] USE_MAGIC | コスト🔷🔶, コアは置かない ⚠️ラスヘッド消滅, (支払:ラスヘッド:🔶, ラスヘッド:🔷, 配置:なし) -> eval: -0.0755
    [19] MOVE_CORE | 🔶を移動 ⚠️ラスヘッド消滅 -> eval: -0.0168
    [20] MOVE_CORE | 🔶を移動 ⚠️ラスヘッド消滅 -> eval: -0.0046
    [21] MOVE_CORE | 🔶 ⇄ 🔷 を交換 -> eval: +0.2231
    [22] MOVE_CORE | 🔷を移動 -> eval: +0.1631
    [23] MOVE_CORE | 🔷🔷を移動 -> eval: +0.1558
    [24] MOVE_CORE | 🔷🔷🔷を移動 ⚠️ラスヘッド消滅 -> eval: -0.0338
    [25] MOVE_CORE | 🔷を移動 -> eval: +0.1695
    [26] MOVE_CORE | 🔷🔷を移動 -> eval: +0.1685
    [27] MOVE_CORE | 🔷🔷🔷を移動 ⚠️ラスヘッド消滅 -> eval: -0.0046
  ステップ終了評価: +0.1712
  => 選択: MOVE_CORE | 🔶 ⇄ 🔷 を交換 (eval: +0.2231 > 終了評価 +0.1712)
     効果/結果: 🔷 「ラスヘッド」➔「ラスヘッド」 ソウルコア1個 / 「ラスヘッド」➔「ラスヘッド」 通常コア1個

Turn 3 | 手数 12 | 手番: P1(run3_run4.kann.weight) | メインステップ
  盤面:
    P1: Life:4, Reserve:0, Hand:4枚, Field:[ラスヘッド(Lv1,コア1), ラスヘッド(Lv2,コア3s)]
    P2: Life:5, Reserve:0, Hand:4枚, Field:[ラスヘッド(Lv2,コア2s)]
  候補行動 (41件):
    [0] SUMMON | コスト🔷, 配置コアなし ⚠️ラスヘッド消滅, (支払:ラスヘッド:🔷, 配置:なし) -> eval: +0.0219
    [1] SUMMON | コスト🔷, 配置コアなし, (支払:ラスヘッド:🔷, 配置:なし) -> eval: +0.2198
    [2] SUMMON | コスト🔶, 配置コアなし, (支払:ラスヘッド:🔶, 配置:なし) -> eval: +0.1905
    [3] SUMMON | コスト🔷, 配置コア🔷 ⚠️ラスヘッド消滅, (支払:ラスヘッド:🔷, 配置:ラスヘッド:🔷) -> eval: +0.0190
    [4] SUMMON | コスト🔷, 配置コア🔷, (支払:ラスヘッド:🔷, 配置:ラスヘッド:🔷) -> eval: +0.2209
    [5] SUMMON | コスト🔷, 配置コア🔶 ⚠️ラスヘッド消滅, (支払:ラスヘッド:🔷, 配置:ラスヘッド:🔶) -> eval: +0.0439
    [6] SUMMON | コスト🔷, 配置コア🔶, (支払:ラスヘッド:🔷, 配置:ラスヘッド:🔶) -> eval: +0.2607
    [7] SUMMON | コスト🔶, 配置コア🔷 ⚠️ラスヘッド消滅, (支払:ラスヘッド:🔶, 配置:ラスヘッド:🔷) -> eval: +0.0433
    [8] SUMMON | コスト🔶, 配置コア🔷, (支払:ラスヘッド:🔶, 配置:ラスヘッド:🔷) -> eval: +0.1935
    [9] SUMMON | コスト🔷, 配置コア🔷🔷 ⚠️ラスヘッド消滅, (支払:ラスヘッド:🔷, 配置:ラスヘッド:🔷, ラスヘッド:🔷) -> eval: +0.0165
    [10] SUMMON | コスト🔷, 配置コア🔷🔶 ⚠️ラスヘッド消滅, (支払:ラスヘッド:🔷, 配置:ラスヘッド:🔷, ラスヘッド:🔶) -> eval: +0.0446
    [11] SUMMON | コスト🔷, 配置コア🔷🔶 ⚠️ラスヘッド消滅, (支払:ラスヘッド:🔷, 配置:ラスヘッド:🔷🔶) -> eval: +0.0446
    [12] SUMMON | コスト🔶, 配置コア🔷🔷 ⚠️ラスヘッド消滅, (支払:ラスヘッド:🔶, 配置:ラスヘッド:🔷, ラスヘッド:🔷) -> eval: +0.0430
    [13] SUMMON | コスト🔶, 配置コア🔷🔷 ⚠️ラスヘッド消滅, (支払:ラスヘッド:🔶, 配置:ラスヘッド:🔷🔷) -> eval: +0.0430
    [14] SUMMON | コスト🔷, 配置コア🔷🔷🔶 ⚠️ラスヘッド・ラスヘッド消滅, (支払:ラスヘッド:🔷, 配置:ラスヘッド:🔷, ラスヘッド:🔷🔶) -> eval: -0.0698
    [15] SUMMON | コスト🔶, 配置コア🔷🔷🔷 ⚠️ラスヘッド・ラスヘッド消滅, (支払:ラスヘッド:🔶, 配置:ラスヘッド:🔷, ラスヘッド:🔷🔷) -> eval: -0.0506
    [16] SUMMON | コスト🔷🔷, 配置コアなし ⚠️ラスヘッド消滅, (支払:ラスヘッド:🔷, ラスヘッド:🔷, 配置:なし) -> eval: +0.0218
    [17] SUMMON | コスト🔷🔷, 配置コアなし, (支払:ラスヘッド:🔷🔷, 配置:なし) -> eval: +0.2231
    [18] SUMMON | コスト🔷🔶, 配置コアなし ⚠️ラスヘッド消滅, (支払:ラスヘッド:🔷, ラスヘッド:🔶, 配置:なし) -> eval: +0.0442
    [19] SUMMON | コスト🔷🔶, 配置コアなし, (支払:ラスヘッド:🔷🔶, 配置:なし) -> eval: +0.1937
    [20] SUMMON | コスト🔷🔷, 配置コア🔷 ⚠️ラスヘッド消滅, (支払:ラスヘッド:🔷🔷, 配置:ラスヘッド:🔷) -> eval: +0.0191
    [21] SUMMON | コスト🔷🔷, 配置コア🔶 ⚠️ラスヘッド消滅, (支払:ラスヘッド:🔷, ラスヘッド:🔷, 配置:ラスヘッド:🔶) -> eval: +0.0375
    [22] SUMMON | コスト🔷🔷, 配置コア🔶 ⚠️ラスヘッド消滅, (支払:ラスヘッド:🔷🔷, 配置:ラスヘッド:🔶) -> eval: +0.0375
    [23] SUMMON | コスト🔷🔶, 配置コア🔷 ⚠️ラスヘッド消滅, (支払:ラスヘッド:🔷🔶, 配置:ラスヘッド:🔷) -> eval: +0.0437
    [24] SUMMON | コスト🔷🔶, 配置コア🔷 ⚠️ラスヘッド消滅, (支払:ラスヘッド:🔷🔶, 配置:ラスヘッド:🔷) -> eval: +0.0437
    [25] SUMMON | コスト🔷🔷, 配置コア🔷🔶 ⚠️ラスヘッド・ラスヘッド消滅, (支払:ラスヘッド:🔷🔷, 配置:ラスヘッド:🔷, ラスヘッド:🔶) -> eval: -0.0699
    [26] SUMMON | コスト🔷🔶, 配置コア🔷🔷 ⚠️ラスヘッド・ラスヘッド消滅, (支払:ラスヘッド:🔷🔶, 配置:ラスヘッド:🔷, ラスヘッド:🔷) -> eval: -0.0359
    [27] USE_MAGIC | コスト🔷🔷, コアは置かない ⚠️ラスヘッド消滅, (支払:ラスヘッド:🔷, ラスヘッド:🔷, 配置:なし) -> eval: -0.0848
    [28] USE_MAGIC | コスト🔷🔷, コアは置かない, (支払:ラスヘッド:🔷🔷, 配置:なし) -> eval: +0.0362
    [29] USE_MAGIC | コスト🔷🔶, コアは置かない ⚠️ラスヘッド消滅, (支払:ラスヘッド:🔷, ラスヘッド:🔶, 配置:なし) -> eval: -0.0755
    [30] USE_MAGIC | コスト🔷🔶, コアは置かない, (支払:ラスヘッド:🔷🔶, 配置:なし) -> eval: +0.0188
    [31] MOVE_CORE | 🔷を移動 ⚠️ラスヘッド消滅 -> eval: -0.0151
    [32] MOVE_CORE | 🔷を移動 ⚠️ラスヘッド消滅 -> eval: -0.0046
    [33] MOVE_CORE | 🔷を移動 -> eval: +0.2114
    [34] MOVE_CORE | 🔶を移動 -> eval: +0.1459
    [35] MOVE_CORE | 🔷🔷を移動 -> eval: +0.2004
    [36] MOVE_CORE | 🔷🔶を移動 -> eval: +0.1371
    [37] MOVE_CORE | 🔷🔷🔶を移動 ⚠️ラスヘッド消滅 -> eval: -0.0343
    [38] MOVE_CORE | 🔷を移動 -> eval: +0.2182
    [39] MOVE_CORE | 🔶を移動 -> eval: +0.1695
    [40] MOVE_CORE | 🔷🔷🔶を移動 ⚠️ラスヘッド消滅 -> eval: -0.0046
  ステップ終了評価: +0.2231
  => 選択: SUMMON | コスト🔷, 配置コア🔶, (支払:ラスヘッド:🔷, 配置:ラスヘッド:🔶) (eval: +0.2607 > 終了評価 +0.2231)
     効果/結果: 🎴 「最奥：緑淵深」を召喚 (コスト1をトラッシュへ) ※ラスヘッドから1個, ラスヘッドから1個

Turn 3 | 手数 13 | 手番: P1(run3_run4.kann.weight) | メインステップ
  盤面:
    P1: Life:4, Reserve:0, Hand:3枚, Field:[ラスヘッド(Lv1,コア1), ラスヘッド(Lv1,コア1), 最奥：緑淵深(Lv2,コア1s)]
    P2: Life:5, Reserve:0, Hand:4枚, Field:[ラスヘッド(Lv2,コア2s)]
  候補行動 (19件):
    [0] SUMMON | コスト🔷🔷, 配置コアなし ⚠️ラスヘッド・ラスヘッド消滅, (支払:ラスヘッド:🔷, ラスヘッド:🔷, 配置:なし) -> eval: -0.0493
    [1] SUMMON | コスト🔷🔶, 配置コアなし ⚠️ラスヘッド消滅, (支払:ラスヘッド:🔷, 最奥：緑淵深:🔶, 配置:なし) -> eval: +0.0741
    [2] SUMMON | コスト🔷🔶, 配置コアなし ⚠️ラスヘッド消滅, (支払:ラスヘッド:🔷, 最奥：緑淵深:🔶, 配置:なし) -> eval: +0.0741
    [3] SUMMON | コスト🔷🔷, 配置コア🔶 ⚠️ラスヘッド・ラスヘッド消滅, (支払:ラスヘッド:🔷, ラスヘッド:🔷, 配置:最奥：緑淵深:🔶) -> eval: -0.0409
    [4] SUMMON | コスト🔷🔶, 配置コア🔷 ⚠️ラスヘッド・ラスヘッド消滅, (支払:ラスヘッド:🔷, 最奥：緑淵深:🔶, 配置:ラスヘッド:🔷) -> eval: -0.0155
    [5] USE_MAGIC | コスト🔷, コアは置かない ⚠️ラスヘッド消滅, (支払:ラスヘッド:🔷, 配置:なし) -> eval: -0.0453
    [6] USE_MAGIC | コスト🔷, コアは置かない ⚠️ラスヘッド消滅, (支払:ラスヘッド:🔷, 配置:なし) -> eval: -0.0453
    [7] USE_MAGIC | コスト🔶, コアは置かない, (支払:最奥：緑淵深:🔶, 配置:なし) -> eval: +0.0460
    [8] MOVE_CORE | 🔷を移動 ⚠️ラスヘッド消滅 -> eval: +0.0347
    [9] MOVE_CORE | 🔷を移動 ⚠️ラスヘッド消滅 -> eval: +0.0439
    [10] MOVE_CORE | 🔷を移動 ⚠️ラスヘッド消滅 -> eval: +0.0446
    [11] MOVE_CORE | 🔷を移動 ⚠️ラスヘッド消滅 -> eval: +0.0347
    [12] MOVE_CORE | 🔷を移動 ⚠️ラスヘッド消滅 -> eval: +0.0439
    [13] MOVE_CORE | 🔷を移動 ⚠️ラスヘッド消滅 -> eval: +0.0446
    [14] MOVE_CORE | 🔶を移動 -> eval: +0.1847
    [15] MOVE_CORE | 🔶を移動 -> eval: +0.1792
    [16] MOVE_CORE | 🔶 ⇄ 🔷 を交換 -> eval: +0.1806
    [17] MOVE_CORE | 🔶を移動 -> eval: +0.2198
    [18] MOVE_CORE | 🔶 ⇄ 🔷 を交換 -> eval: +0.2209
  ステップ終了評価: +0.2607
  => 選択: ステップ終了 (候補最大 +0.2209 <= 終了評価 +0.2607)

Turn 3 | 手数 14 | 手番: P1(run3_run4.kann.weight) | アタック宣言
  盤面:
    P1: Life:4, Reserve:0, Hand:3枚, Field:[ラスヘッド(Lv1,コア1), ラスヘッド(Lv1,コア1), 最奥：緑淵深(Lv2,コア1s)]
    P2: Life:5, Reserve:0, Hand:4枚, Field:[ラスヘッド(Lv2,コア2s)]
  候補行動 (2件):
    [0] ATTACK | ラスヘッド でアタック宣言 (Lv1, BP3000, 通ればライフ-🔷) -> eval: +0.3106
    [1] ATTACK | ラスヘッド でアタック宣言 (Lv1, BP3000, 通ればライフ-🔷) -> eval: +0.2932
  ステップ終了評価: +0.2607
  => 選択: ATTACK | ラスヘッド でアタック宣言 (Lv1, BP3000, 通ればライフ-🔷) (eval: +0.3106 > 終了評価 +0.2607)
     効果/結果: 🗡️ 「ラスヘッド」がアタック宣言 (BP3000)

Turn 3 | 手数 15 | 手番: P2(run2_run3.kann.weight) | ブロック宣言
  盤面:
    P1: Life:4, Reserve:0, Hand:3枚, Field:[ラスヘッド(Lv1,コア1), ラスヘッド(Lv1,コア1), 最奥：緑淵深(Lv2,コア1s)]
    P2: Life:5, Reserve:0, Hand:4枚, Field:[ラスヘッド(Lv2,コア2s)]
  候補行動 (1件):
    [0] PASS_BLOCK | ライフでアタックを受ける (ライフ-🔷) -> eval: +0.2444
  => 選択: PASS_BLOCK | ライフでアタックを受ける (ライフ-🔷) (eval: +0.2444)
     効果/結果: 💔 ブロックせず: プレイヤー2 のライフ-1 (コアはリザーブへ)

Turn 3 | 手数 16 | 手番: P1(run3_run4.kann.weight) | アタック宣言
  盤面:
    P1: Life:4, Reserve:0, Hand:3枚, Field:[ラスヘッド(Lv1,コア1), ラスヘッド(Lv1,コア1), 最奥：緑淵深(Lv2,コア1s)]
    P2: Life:4, Reserve:1, Hand:4枚, Field:[ラスヘッド(Lv2,コア2s)]
  候補行動 (1件):
    [0] ATTACK | ラスヘッド でアタック宣言 (Lv1, BP3000, 通ればライフ-🔷) -> eval: +0.3436
  ステップ終了評価: +0.3191
  => 選択: ATTACK | ラスヘッド でアタック宣言 (Lv1, BP3000, 通ればライフ-🔷) (eval: +0.3436 > 終了評価 +0.3191)
     効果/結果: 🗡️ 「ラスヘッド」がアタック宣言 (BP3000)

Turn 3 | 手数 17 | 手番: P2(run2_run3.kann.weight) | ブロック宣言
  盤面:
    P1: Life:4, Reserve:0, Hand:3枚, Field:[ラスヘッド(Lv1,コア1), ラスヘッド(Lv1,コア1), 最奥：緑淵深(Lv2,コア1s)]
    P2: Life:4, Reserve:1, Hand:4枚, Field:[ラスヘッド(Lv2,コア2s)]
  候補行動 (1件):
    [0] PASS_BLOCK | ライフでアタックを受ける (ライフ-🔷) -> eval: +0.3220
  => 選択: PASS_BLOCK | ライフでアタックを受ける (ライフ-🔷) (eval: +0.3220)
     効果/結果: 💔 ブロックせず: プレイヤー2 のライフ-1 (コアはリザーブへ)

Turn 3 | 手数 18 | 手番: P1(run3_run4.kann.weight) | アタック宣言
  盤面:
    P1: Life:4, Reserve:0, Hand:3枚, Field:[ラスヘッド(Lv1,コア1), ラスヘッド(Lv1,コア1), 最奥：緑淵深(Lv2,コア1s)]
    P2: Life:3, Reserve:2, Hand:4枚, Field:[ラスヘッド(Lv2,コア2s)]
  候補行動 (0件):
  ステップ終了評価: +0.3513
  => 選択: ステップ終了

Turn 3 | 手数 19 | 手番: P1(run3_run4.kann.weight) | 第2メインステップ
  盤面:
    P1: Life:4, Reserve:0, Hand:3枚, Field:[ラスヘッド(Lv1,コア1), ラスヘッド(Lv1,コア1), 最奥：緑淵深(Lv2,コア1s)]
    P2: Life:3, Reserve:2, Hand:4枚, Field:[ラスヘッド(Lv2,コア2s)]
  候補行動 (19件):
    [0] SUMMON | コスト🔷🔷, 配置コアなし ⚠️ラスヘッド・ラスヘッド消滅, (支払:ラスヘッド:🔷, ラスヘッド:🔷, 配置:なし) -> eval: -0.0164
    [1] SUMMON | コスト🔷🔶, 配置コアなし ⚠️ラスヘッド消滅, (支払:ラスヘッド:🔷, 最奥：緑淵深:🔶, 配置:なし) -> eval: +0.1864
    [2] SUMMON | コスト🔷🔶, 配置コアなし ⚠️ラスヘッド消滅, (支払:ラスヘッド:🔷, 最奥：緑淵深:🔶, 配置:なし) -> eval: +0.1864
    [3] SUMMON | コスト🔷🔷, 配置コア🔶 ⚠️ラスヘッド・ラスヘッド消滅, (支払:ラスヘッド:🔷, ラスヘッド:🔷, 配置:最奥：緑淵深:🔶) -> eval: -0.0088
    [4] SUMMON | コスト🔷🔶, 配置コア🔷 ⚠️ラスヘッド・ラスヘッド消滅, (支払:ラスヘッド:🔷, 最奥：緑淵深:🔶, 配置:ラスヘッド:🔷) -> eval: +0.0171
    [5] USE_MAGIC | コスト🔷, コアは置かない ⚠️ラスヘッド消滅, (支払:ラスヘッド:🔷, 配置:なし) -> eval: +0.0652
    [6] USE_MAGIC | コスト🔷, コアは置かない ⚠️ラスヘッド消滅, (支払:ラスヘッド:🔷, 配置:なし) -> eval: +0.0652
    [7] USE_MAGIC | コスト🔶, コアは置かない, (支払:最奥：緑淵深:🔶, 配置:なし) -> eval: +0.2224
    [8] MOVE_CORE | 🔷を移動 ⚠️ラスヘッド消滅 -> eval: +0.1248
    [9] MOVE_CORE | 🔷を移動 ⚠️ラスヘッド消滅 -> eval: +0.1357
    [10] MOVE_CORE | 🔷を移動 ⚠️ラスヘッド消滅 -> eval: +0.1361
    [11] MOVE_CORE | 🔷を移動 ⚠️ラスヘッド消滅 -> eval: +0.1248
    [12] MOVE_CORE | 🔷を移動 ⚠️ラスヘッド消滅 -> eval: +0.1357
    [13] MOVE_CORE | 🔷を移動 ⚠️ラスヘッド消滅 -> eval: +0.1361
    [14] MOVE_CORE | 🔶を移動 -> eval: +0.3058
    [15] MOVE_CORE | 🔶を移動 -> eval: +0.3085
    [16] MOVE_CORE | 🔶 ⇄ 🔷 を交換 -> eval: +0.3082
    [17] MOVE_CORE | 🔶を移動 -> eval: +0.3297
    [18] MOVE_CORE | 🔶 ⇄ 🔷 を交換 -> eval: +0.3302
  ステップ終了評価: +0.3513
  => 選択: ステップ終了 (候補最大 +0.3302 <= 終了評価 +0.3513)

Turn 3 | 手数 20 | 手番: P1(run3_run4.kann.weight) | エンドステップ
  盤面:
    P1: Life:4, Reserve:0, Hand:3枚, Field:[ラスヘッド(Lv1,コア1), ラスヘッド(Lv1,コア1), 最奥：緑淵深(Lv2,コア1s)]
    P2: Life:3, Reserve:2, Hand:4枚, Field:[ラスヘッド(Lv2,コア2s)]
  候補行動 (0件):
  ステップ終了評価: +0.3918
  => 選択: ステップ終了
     効果/結果: 【ターン 4】 手番: プレイヤー2
     効果/結果: 🔷 コアステップ: ボイドからリザーブへコア1個
     効果/結果: 🃏 ドローステップ: 「ボルテクスシェイブ」をドロー (残り33枚)
     効果/結果: ♻️ リフレッシュステップ: トラッシュのコア3個をリザーブへ
     効果/結果: ♻️ リフレッシュステップ: 1体を回復

Turn 4 | 手数 21 | 手番: P2(run2_run3.kann.weight) | メインステップ
  盤面:
    P1: Life:4, Reserve:0, Hand:3枚, Field:[ラスヘッド(Lv1,コア1), ラスヘッド(Lv1,コア1), 最奥：緑淵深(Lv2,コア1s)]
    P2: Life:3, Reserve:6, Hand:5枚, Field:[ラスヘッド(Lv2,コア2s)]
  候補行動 (112件):
    [0] SUMMON | コスト🔷🔷, 配置コア🔷, (支払:R:🔷🔷, 配置:R:🔷) -> eval: +0.2802
    [1] SUMMON | コスト🔷🔷, 配置コア🔷, (支払:R:🔷, ラスヘッド:🔷, 配置:R:🔷) -> eval: +0.2745
    [2] SUMMON | コスト🔷🔷, 配置コア🔶, (支払:R:🔷🔷, 配置:ラスヘッド:🔶) -> eval: +0.2844
    [3] SUMMON | コスト🔷🔷, 配置コア🔶 ⚠️ラスヘッド消滅, (支払:R:🔷, ラスヘッド:🔷, 配置:ラスヘッド:🔶) -> eval: +0.1344
    [4] SUMMON | コスト🔷🔶, 配置コア🔷, (支払:R:🔷, ラスヘッド:🔶, 配置:R:🔷) -> eval: +0.2886
    [5] SUMMON | コスト🔷🔶, 配置コア🔷 ⚠️ラスヘッド消滅, (支払:ラスヘッド:🔷🔶, 配置:R:🔷) -> eval: +0.1529
    [6] SUMMON | コスト🔷🔷, 配置コア🔷🔷, (支払:R:🔷🔷, 配置:R:🔷🔷) -> eval: +0.2879
    [7] SUMMON | コスト🔷🔷, 配置コア🔷🔷, (支払:R:🔷, ラスヘッド:🔷, 配置:R:🔷🔷) -> eval: +0.2812
    [8] SUMMON | コスト🔷🔷, 配置コア🔷🔶, (支払:R:🔷🔷, 配置:R:🔷, ラスヘッド:🔶) -> eval: +0.2899
    [9] SUMMON | コスト🔷🔷, 配置コア🔷🔶 ⚠️ラスヘッド消滅, (支払:R:🔷, ラスヘッド:🔷, 配置:R:🔷, ラスヘッド:🔶) -> eval: +0.1413
    [10] SUMMON | コスト🔷🔶, 配置コア🔷🔷, (支払:R:🔷, ラスヘッド:🔶, 配置:R:🔷🔷) -> eval: +0.2960
    [11] SUMMON | コスト🔷🔶, 配置コア🔷🔷 ⚠️ラスヘッド消滅, (支払:ラスヘッド:🔷🔶, 配置:R:🔷🔷) -> eval: +0.1612
    [12] SUMMON | コスト🔷🔷, 配置コア🔷🔷🔷, (支払:R:🔷🔷, 配置:R:🔷🔷🔷) -> eval: +0.3160
    [13] SUMMON | コスト🔷🔷, 配置コア🔷🔷🔷, (支払:R:🔷, ラスヘッド:🔷, 配置:R:🔷🔷🔷) -> eval: +0.3084
    [14] SUMMON | コスト🔷🔷, 配置コア🔷🔷🔶, (支払:R:🔷🔷, 配置:R:🔷🔷, ラスヘッド:🔶) -> eval: +0.3058
    [15] SUMMON | コスト🔷🔷, 配置コア🔷🔷🔶 ⚠️ラスヘッド消滅, (支払:R:🔷, ラスヘッド:🔷, 配置:R:🔷🔷, ラスヘッド:🔶) -> eval: +0.1578
    [16] SUMMON | コスト🔷🔶, 配置コア🔷🔷🔷, (支払:R:🔷, ラスヘッド:🔶, 配置:R:🔷🔷🔷) -> eval: +0.3265
    [17] SUMMON | コスト🔷🔶, 配置コア🔷🔷🔷 ⚠️ラスヘッド消滅, (支払:ラスヘッド:🔷🔶, 配置:R:🔷🔷🔷) -> eval: +0.1894
    [18] SUMMON | コスト🔷🔷, 配置コア🔷🔷🔷🔷, (支払:R:🔷🔷, 配置:R:🔷🔷🔷🔷) -> eval: +0.3273
    [19] SUMMON | コスト🔷🔷, 配置コア🔷🔷🔷🔷, (支払:R:🔷, ラスヘッド:🔷, 配置:R:🔷🔷🔷🔷) -> eval: +0.3187
    [20] SUMMON | コスト🔷🔷, 配置コア🔷🔷🔷🔶, (支払:R:🔷🔷, 配置:R:🔷🔷🔷, ラスヘッド:🔶) -> eval: +0.3149
    [21] SUMMON | コスト🔷🔷, 配置コア🔷🔷🔷🔶 ⚠️ラスヘッド消滅, (支払:R:🔷, ラスヘッド:🔷, 配置:R:🔷🔷🔷, ラスヘッド:🔶) -> eval: +0.1685
    [22] SUMMON | コスト🔷🔶, 配置コア🔷🔷🔷🔷, (支払:R:🔷, ラスヘッド:🔶, 配置:R:🔷🔷🔷🔷) -> eval: +0.3371
    [23] SUMMON | コスト🔷🔶, 配置コア🔷🔷🔷🔷 ⚠️ラスヘッド消滅, (支払:ラスヘッド:🔷🔶, 配置:R:🔷🔷🔷🔷) -> eval: +0.2012
    [24] SUMMON | コスト🔷🔷, 配置コア🔷🔷🔷🔷🔷, (支払:R:🔷, ラスヘッド:🔷, 配置:R:🔷🔷🔷🔷🔷) -> eval: +0.3303
    [25] SUMMON | コスト🔷🔷, 配置コア🔷🔷🔷🔷🔶, (支払:R:🔷🔷, 配置:R:🔷🔷🔷🔷, ラスヘッド:🔶) -> eval: +0.3252
    [26] SUMMON | コスト🔷🔷, 配置コア🔷🔷🔷🔷🔶 ⚠️ラスヘッド消滅, (支払:R:🔷, ラスヘッド:🔷, 配置:R:🔷🔷🔷🔷, ラスヘッド:🔶) -> eval: +0.1805
    [27] SUMMON | コスト🔷🔶, 配置コア🔷🔷🔷🔷🔷, (支払:R:🔷, ラスヘッド:🔶, 配置:R:🔷🔷🔷🔷🔷) -> eval: +0.3489
    [28] SUMMON | コスト🔷🔶, 配置コア🔷🔷🔷🔷🔷 ⚠️ラスヘッド消滅, (支払:ラスヘッド:🔷🔶, 配置:R:🔷🔷🔷🔷🔷) -> eval: +0.2141
    [29] SUMMON | コスト🔷🔷, 配置コア🔷🔷🔷🔷🔷🔶 ⚠️ラスヘッド消滅, (支払:R:🔷, ラスヘッド:🔷, 配置:R:🔷🔷🔷🔷🔷, ラスヘッド:🔶) -> eval: +0.1937
    [30] SUMMON | コスト🔷🔶, 配置コア🔷🔷🔷🔷🔷🔷 ⚠️ラスヘッド消滅, (支払:ラスヘッド:🔷🔶, 配置:R:🔷🔷🔷🔷🔷🔷) -> eval: +0.2281
    [31] SUMMON | コスト🔷🔷🔷🔷, 配置コア🔷, (支払:R:🔷🔷🔷🔷, 配置:R:🔷) -> eval: +0.2888
    [32] SUMMON | コスト🔷🔷🔷🔷, 配置コア🔷, (支払:R:🔷🔷🔷, ラスヘッド:🔷, 配置:R:🔷) -> eval: +0.2816
    [33] SUMMON | コスト🔷🔷🔷🔷, 配置コア🔶, (支払:R:🔷🔷🔷🔷, 配置:ラスヘッド:🔶) -> eval: +0.2910
    [34] SUMMON | コスト🔷🔷🔷🔷, 配置コア🔶 ⚠️ラスヘッド消滅, (支払:R:🔷🔷🔷, ラスヘッド:🔷, 配置:ラスヘッド:🔶) -> eval: +0.1423
    [35] SUMMON | コスト🔷🔷🔷🔶, 配置コア🔷, (支払:R:🔷🔷🔷, ラスヘッド:🔶, 配置:R:🔷) -> eval: +0.2965
    [36] SUMMON | コスト🔷🔷🔷🔶, 配置コア🔷 ⚠️ラスヘッド消滅, (支払:R:🔷🔷, ラスヘッド:🔷🔶, 配置:R:🔷) -> eval: +0.1619
    [37] SUMMON | コスト🔷🔷🔷🔷, 配置コア🔷🔷, (支払:R:🔷🔷🔷🔷, 配置:R:🔷🔷) -> eval: +0.2980
    [38] SUMMON | コスト🔷🔷🔷🔷, 配置コア🔷🔷, (支払:R:🔷🔷🔷, ラスヘッド:🔷, 配置:R:🔷🔷) -> eval: +0.2899
    [39] SUMMON | コスト🔷🔷🔷🔷, 配置コア🔷🔶, (支払:R:🔷🔷🔷🔷, 配置:R:🔷, ラスヘッド:🔶) -> eval: +0.2980
    [40] SUMMON | コスト🔷🔷🔷🔷, 配置コア🔷🔶 ⚠️ラスヘッド消滅, (支払:R:🔷🔷🔷, ラスヘッド:🔷, 配置:R:🔷, ラスヘッド:🔶) -> eval: +0.1508
    [41] SUMMON | コスト🔷🔷🔷🔶, 配置コア🔷🔷, (支払:R:🔷🔷🔷, ラスヘッド:🔶, 配置:R:🔷🔷) -> eval: +0.3054
    [42] SUMMON | コスト🔷🔷🔷🔶, 配置コア🔷🔷 ⚠️ラスヘッド消滅, (支払:R:🔷🔷, ラスヘッド:🔷🔶, 配置:R:🔷🔷) -> eval: +0.1719
    [43] SUMMON | コスト🔷🔷🔷🔷, 配置コア🔷🔷🔷, (支払:R:🔷🔷🔷, ラスヘッド:🔷, 配置:R:🔷🔷🔷) -> eval: +0.3141
    [44] SUMMON | コスト🔷🔷🔷🔷, 配置コア🔷🔷🔶, (支払:R:🔷🔷🔷🔷, 配置:R:🔷🔷, ラスヘッド:🔶) -> eval: +0.3115
    [45] SUMMON | コスト🔷🔷🔷🔷, 配置コア🔷🔷🔶 ⚠️ラスヘッド消滅, (支払:R:🔷🔷🔷, ラスヘッド:🔷, 配置:R:🔷🔷, ラスヘッド:🔶) -> eval: +0.1657
    [46] SUMMON | コスト🔷🔷🔷🔶, 配置コア🔷🔷🔷, (支払:R:🔷🔷🔷, ラスヘッド:🔶, 配置:R:🔷🔷🔷) -> eval: +0.3321
    [47] SUMMON | コスト🔷🔷🔷🔶, 配置コア🔷🔷🔷 ⚠️ラスヘッド消滅, (支払:R:🔷🔷, ラスヘッド:🔷🔶, 配置:R:🔷🔷🔷) -> eval: +0.1970
    [48] SUMMON | コスト🔷🔷🔷🔷, 配置コア🔷🔷🔷🔶 ⚠️ラスヘッド消滅, (支払:R:🔷🔷🔷, ラスヘッド:🔷, 配置:R:🔷🔷🔷, ラスヘッド:🔶) -> eval: +0.1779
    [49] SUMMON | コスト🔷🔷🔷🔶, 配置コア🔷🔷🔷🔷 ⚠️ラスヘッド消滅, (支払:R:🔷🔷, ラスヘッド:🔷🔶, 配置:R:🔷🔷🔷🔷) -> eval: +0.2103
    [50] SUMMON | コスト🔷🔷, 配置コアなし, (支払:R:🔷🔷, 配置:なし) -> eval: +0.2367
    [51] SUMMON | コスト🔷🔷, 配置コアなし, (支払:R:🔷, ラスヘッド:🔷, 配置:なし) -> eval: +0.2321
    [52] SUMMON | コスト🔷🔶, 配置コアなし, (支払:R:🔷, ラスヘッド:🔶, 配置:なし) -> eval: +0.2432
    [53] SUMMON | コスト🔷🔶, 配置コアなし ⚠️ラスヘッド消滅, (支払:ラスヘッド:🔷🔶, 配置:なし) -> eval: +0.1117
    [54] SUMMON | コスト🔷🔷, 配置コア🔷, (支払:R:🔷🔷, 配置:R:🔷) -> eval: +0.2431
    [55] SUMMON | コスト🔷🔷, 配置コア🔷, (支払:R:🔷, ラスヘッド:🔷, 配置:R:🔷) -> eval: +0.2375
    [56] SUMMON | コスト🔷🔷, 配置コア🔶, (支払:R:🔷🔷, 配置:ラスヘッド:🔶) -> eval: +0.2487
    [57] SUMMON | コスト🔷🔷, 配置コア🔶 ⚠️ラスヘッド消滅, (支払:R:🔷, ラスヘッド:🔷, 配置:ラスヘッド:🔶) -> eval: +0.1045
    [58] SUMMON | コスト🔷🔶, 配置コア🔷, (支払:R:🔷, ラスヘッド:🔶, 配置:R:🔷) -> eval: +0.2497
    [59] SUMMON | コスト🔷🔶, 配置コア🔷 ⚠️ラスヘッド消滅, (支払:ラスヘッド:🔷🔶, 配置:R:🔷) -> eval: +0.1185
    [60] SUMMON | コスト🔷🔷, 配置コア🔷🔷, (支払:R:🔷🔷, 配置:R:🔷🔷) -> eval: +0.2508
    [61] SUMMON | コスト🔷🔷, 配置コア🔷🔷, (支払:R:🔷, ラスヘッド:🔷, 配置:R:🔷🔷) -> eval: +0.2443
    [62] SUMMON | コスト🔷🔷, 配置コア🔷🔶, (支払:R:🔷🔷, 配置:R:🔷, ラスヘッド:🔶) -> eval: +0.2555
    [63] SUMMON | コスト🔷🔷, 配置コア🔷🔶 ⚠️ラスヘッド消滅, (支払:R:🔷, ラスヘッド:🔷, 配置:R:🔷, ラスヘッド:🔶) -> eval: +0.1121
    [64] SUMMON | コスト🔷🔶, 配置コア🔷🔷, (支払:R:🔷, ラスヘッド:🔶, 配置:R:🔷🔷) -> eval: +0.2575
    [65] SUMMON | コスト🔷🔶, 配置コア🔷🔷 ⚠️ラスヘッド消滅, (支払:ラスヘッド:🔷🔶, 配置:R:🔷🔷) -> eval: +0.1266
    [66] SUMMON | コスト🔷🔷, 配置コア🔷🔷🔷, (支払:R:🔷🔷, 配置:R:🔷🔷🔷) -> eval: +0.2599
    [67] SUMMON | コスト🔷🔷, 配置コア🔷🔷🔷, (支払:R:🔷, ラスヘッド:🔷, 配置:R:🔷🔷🔷) -> eval: +0.2524
    [68] SUMMON | コスト🔷🔷, 配置コア🔷🔷🔶, (支払:R:🔷🔷, 配置:R:🔷🔷, ラスヘッド:🔶) -> eval: +0.2636
    [69] SUMMON | コスト🔷🔷, 配置コア🔷🔷🔶 ⚠️ラスヘッド消滅, (支払:R:🔷, ラスヘッド:🔷, 配置:R:🔷🔷, ラスヘッド:🔶) -> eval: +0.1212
    [70] SUMMON | コスト🔷🔶, 配置コア🔷🔷🔷, (支払:R:🔷, ラスヘッド:🔶, 配置:R:🔷🔷🔷) -> eval: +0.2666
    [71] SUMMON | コスト🔷🔶, 配置コア🔷🔷🔷 ⚠️ラスヘッド消滅, (支払:ラスヘッド:🔷🔶, 配置:R:🔷🔷🔷) -> eval: +0.1361
    [72] SUMMON | コスト🔷🔷, 配置コア🔷🔷🔷🔷, (支払:R:🔷🔷, 配置:R:🔷🔷🔷🔷) -> eval: +0.2704
    [73] SUMMON | コスト🔷🔷, 配置コア🔷🔷🔷🔷, (支払:R:🔷, ラスヘッド:🔷, 配置:R:🔷🔷🔷🔷) -> eval: +0.2620
    [74] SUMMON | コスト🔷🔷, 配置コア🔷🔷🔷🔶, (支払:R:🔷🔷, 配置:R:🔷🔷🔷, ラスヘッド:🔶) -> eval: +0.2730
    [75] SUMMON | コスト🔷🔷, 配置コア🔷🔷🔷🔶 ⚠️ラスヘッド消滅, (支払:R:🔷, ラスヘッド:🔷, 配置:R:🔷🔷🔷, ラスヘッド:🔶) -> eval: +0.1317
    [76] SUMMON | コスト🔷🔶, 配置コア🔷🔷🔷🔷, (支払:R:🔷, ラスヘッド:🔶, 配置:R:🔷🔷🔷🔷) -> eval: +0.2770
    [77] SUMMON | コスト🔷🔶, 配置コア🔷🔷🔷🔷 ⚠️ラスヘッド消滅, (支払:ラスヘッド:🔷🔶, 配置:R:🔷🔷🔷🔷) -> eval: +0.1470
    [78] SUMMON | コスト🔷🔷, 配置コア🔷🔷🔷🔷🔷, (支払:R:🔷, ラスヘッド:🔷, 配置:R:🔷🔷🔷🔷🔷) -> eval: +0.2730
    [79] SUMMON | コスト🔷🔷, 配置コア🔷🔷🔷🔷🔶, (支払:R:🔷🔷, 配置:R:🔷🔷🔷🔷, ラスヘッド:🔶) -> eval: +0.2838
    [80] SUMMON | コスト🔷🔷, 配置コア🔷🔷🔷🔷🔶 ⚠️ラスヘッド消滅, (支払:R:🔷, ラスヘッド:🔷, 配置:R:🔷🔷🔷🔷, ラスヘッド:🔶) -> eval: +0.1437
    [81] SUMMON | コスト🔷🔶, 配置コア🔷🔷🔷🔷🔷, (支払:R:🔷, ラスヘッド:🔶, 配置:R:🔷🔷🔷🔷🔷) -> eval: +0.2886
    [82] SUMMON | コスト🔷🔶, 配置コア🔷🔷🔷🔷🔷 ⚠️ラスヘッド消滅, (支払:ラスヘッド:🔷🔶, 配置:R:🔷🔷🔷🔷🔷) -> eval: +0.1592
    [83] SUMMON | コスト🔷🔷, 配置コア🔷🔷🔷🔷🔷🔶 ⚠️ラスヘッド消滅, (支払:R:🔷, ラスヘッド:🔷, 配置:R:🔷🔷🔷🔷🔷, ラスヘッド:🔶) -> eval: +0.1570
    [84] SUMMON | コスト🔷🔶, 配置コア🔷🔷🔷🔷🔷🔷 ⚠️ラスヘッド消滅, (支払:ラスヘッド:🔷🔶, 配置:R:🔷🔷🔷🔷🔷🔷) -> eval: +0.1727
    [85] SUMMON | コスト🔷🔷🔷🔷🔷, 配置コア🔷, (支払:R:🔷🔷🔷🔷🔷, 配置:R:🔷) -> eval: +0.3114
    [86] SUMMON | コスト🔷🔷🔷🔷🔷, 配置コア🔷, (支払:R:🔷🔷🔷🔷, ラスヘッド:🔷, 配置:R:🔷) -> eval: +0.3032
    [87] SUMMON | コスト🔷🔷🔷🔷🔷, 配置コア🔶, (支払:R:🔷🔷🔷🔷🔷, 配置:ラスヘッド:🔶) -> eval: +0.3178
    [88] SUMMON | コスト🔷🔷🔷🔷🔷, 配置コア🔶 ⚠️ラスヘッド消滅, (支払:R:🔷🔷🔷🔷, ラスヘッド:🔷, 配置:ラスヘッド:🔶) -> eval: +0.1687
    [89] SUMMON | コスト🔷🔷🔷🔷🔶, 配置コア🔷, (支払:R:🔷🔷🔷🔷, ラスヘッド:🔶, 配置:R:🔷) -> eval: +0.3201
    [90] SUMMON | コスト🔷🔷🔷🔷🔶, 配置コア🔷 ⚠️ラスヘッド消滅, (支払:R:🔷🔷🔷, ラスヘッド:🔷🔶, 配置:R:🔷) -> eval: +0.1848
    [91] SUMMON | コスト🔷🔷🔷🔷🔷, 配置コア🔷🔷, (支払:R:🔷🔷🔷🔷, ラスヘッド:🔷, 配置:R:🔷🔷) -> eval: +0.3125
    [92] SUMMON | コスト🔷🔷🔷🔷🔷, 配置コア🔷🔶, (支払:R:🔷🔷🔷🔷🔷, 配置:R:🔷, ラスヘッド:🔶) -> eval: +0.3268
    [93] SUMMON | コスト🔷🔷🔷🔷🔷, 配置コア🔷🔶 ⚠️ラスヘッド消滅, (支払:R:🔷🔷🔷🔷, ラスヘッド:🔷, 配置:R:🔷, ラスヘッド:🔶) -> eval: +0.1795
    [94] SUMMON | コスト🔷🔷🔷🔷🔶, 配置コア🔷🔷, (支払:R:🔷🔷🔷🔷, ラスヘッド:🔶, 配置:R:🔷🔷) -> eval: +0.3299
    [95] SUMMON | コスト🔷🔷🔷🔷🔶, 配置コア🔷🔷 ⚠️ラスヘッド消滅, (支払:R:🔷🔷🔷, ラスヘッド:🔷🔶, 配置:R:🔷🔷) -> eval: +0.1959
    [96] SUMMON | コスト🔷🔷🔷🔷🔷, 配置コア🔷🔷🔶 ⚠️ラスヘッド消滅, (支払:R:🔷🔷🔷🔷, ラスヘッド:🔷, 配置:R:🔷🔷, ラスヘッド:🔶) -> eval: +0.1916
    [97] SUMMON | コスト🔷🔷🔷🔷🔶, 配置コア🔷🔷🔷 ⚠️ラスヘッド消滅, (支払:R:🔷🔷🔷, ラスヘッド:🔷🔶, 配置:R:🔷🔷🔷) -> eval: +0.2082
    [98] USE_MAGIC | コスト🔷🔷🔷, コアは置かない, (支払:R:🔷🔷🔷, 配置:なし) -> eval: +0.1536
    [99] USE_MAGIC | コスト🔷🔷🔷, コアは置かない, (支払:R:🔷🔷, ラスヘッド:🔷, 配置:なし) -> eval: +0.1444
    [100] USE_MAGIC | コスト🔷🔷🔶, コアは置かない, (支払:R:🔷🔷, ラスヘッド:🔶, 配置:なし) -> eval: +0.1520
    [101] USE_MAGIC | コスト🔷🔷🔶, コアは置かない ⚠️ラスヘッド消滅, (支払:R:🔷, ラスヘッド:🔷🔶, 配置:なし) -> eval: +0.0151
    [102] MOVE_CORE | 🔷を移動 -> eval: +0.2236
    [103] MOVE_CORE | 🔷🔷を移動 -> eval: +0.2293
    [104] MOVE_CORE | 🔷🔷🔷を移動 -> eval: +0.2365
    [105] MOVE_CORE | 🔷🔷🔷🔷を移動 -> eval: +0.2451
    [106] MOVE_CORE | 🔷🔷🔷🔷🔷を移動 -> eval: +0.2550
    [107] MOVE_CORE | 🔷🔷🔷🔷🔷🔷を移動 -> eval: +0.2664
    [108] MOVE_CORE | 🔷を移動 -> eval: +0.2158
    [109] MOVE_CORE | 🔶を移動 -> eval: +0.2137
    [110] MOVE_CORE | 🔷🔶を移動 ⚠️ラスヘッド消滅 -> eval: +0.0777
    [111] MOVE_CORE | 🔶 ⇄ 🔷 を交換 -> eval: +0.2179
  ステップ終了評価: +0.2191
  => 選択: SUMMON | コスト🔷🔶, 配置コア🔷🔷🔷🔷🔷, (支払:R:🔷, ラスヘッド:🔶, 配置:R:🔷🔷🔷🔷🔷) (eval: +0.3489 > 終了評価 +0.2191)
     効果/結果: 🎴 「ストラレイ」を召喚 (コスト2をトラッシュへ) ※ラスヘッドから1個

Turn 4 | 手数 22 | 手番: P2(run2_run3.kann.weight) | メインステップ
  盤面:
    P1: Life:4, Reserve:0, Hand:3枚, Field:[ラスヘッド(Lv1,コア1), ラスヘッド(Lv1,コア1), 最奥：緑淵深(Lv2,コア1s)]
    P2: Life:3, Reserve:0, Hand:4枚, Field:[ラスヘッド(Lv1,コア1), ストラレイ(Lv2,コア5)]
  候補行動 (33件):
    [0] SUMMON | コスト🔷🔷🔷, 配置コア🔷 ⚠️ラスヘッド消滅, (支払:ストラレイ:🔷🔷🔷, 配置:ラスヘッド:🔷) -> eval: +0.2463
    [1] SUMMON | コスト🔷🔷🔷, 配置コア🔷, (支払:ストラレイ:🔷🔷🔷, 配置:ストラレイ:🔷) -> eval: +0.3628
    [2] SUMMON | コスト🔷🔷🔷, 配置コア🔷🔷 ⚠️ラスヘッド消滅, (支払:ストラレイ:🔷🔷🔷, 配置:ラスヘッド:🔷, ストラレイ:🔷) -> eval: +0.2471
    [3] SUMMON | コスト🔷🔷🔷, 配置コア🔷🔷 ⚠️ストラレイ消滅, (支払:ストラレイ:🔷🔷🔷, 配置:ストラレイ:🔷🔷) -> eval: +0.2423
    [4] SUMMON | コスト🔷🔷🔷, 配置コア🔷🔷🔷 ⚠️ラスヘッド・ストラレイ消滅, (支払:ストラレイ:🔷🔷🔷, 配置:ラスヘッド:🔷, ストラレイ:🔷🔷) -> eval: +0.1756
    [5] SUMMON | コスト🔷, 配置コアなし ⚠️ラスヘッド消滅, (支払:ラスヘッド:🔷, 配置:なし) -> eval: +0.2416
    [6] SUMMON | コスト🔷, 配置コアなし, (支払:ストラレイ:🔷, 配置:なし) -> eval: +0.3532
    [7] SUMMON | コスト🔷, 配置コア🔷 ⚠️ラスヘッド消滅, (支払:ストラレイ:🔷, 配置:ラスヘッド:🔷) -> eval: +0.2411
    [8] SUMMON | コスト🔷, 配置コア🔷, (支払:ストラレイ:🔷, 配置:ストラレイ:🔷) -> eval: +0.3528
    [9] SUMMON | コスト🔷, 配置コア🔷🔷 ⚠️ラスヘッド消滅, (支払:ストラレイ:🔷, 配置:ラスヘッド:🔷, ストラレイ:🔷) -> eval: +0.2409
    [10] SUMMON | コスト🔷, 配置コア🔷🔷, (支払:ストラレイ:🔷, 配置:ストラレイ:🔷🔷) -> eval: +0.3384
    [11] SUMMON | コスト🔷, 配置コア🔷🔷🔷 ⚠️ラスヘッド消滅, (支払:ストラレイ:🔷, 配置:ラスヘッド:🔷, ストラレイ:🔷🔷) -> eval: +0.2272
    [12] SUMMON | コスト🔷, 配置コア🔷🔷🔷, (支払:ストラレイ:🔷, 配置:ストラレイ:🔷🔷🔷) -> eval: +0.3396
    [13] SUMMON | コスト🔷, 配置コア🔷🔷🔷🔷 ⚠️ラスヘッド消滅, (支払:ストラレイ:🔷, 配置:ラスヘッド:🔷, ストラレイ:🔷🔷🔷) -> eval: +0.2288
    [14] SUMMON | コスト🔷, 配置コア🔷🔷🔷🔷 ⚠️ストラレイ消滅, (支払:ストラレイ:🔷, 配置:ストラレイ:🔷🔷🔷🔷) -> eval: +0.2235
    [15] SUMMON | コスト🔷, 配置コア🔷🔷🔷🔷🔷 ⚠️ラスヘッド・ストラレイ消滅, (支払:ストラレイ:🔷, 配置:ラスヘッド:🔷, ストラレイ:🔷🔷🔷🔷) -> eval: +0.1490
    [16] SUMMON | コスト🔷🔷🔷🔷, 配置コア🔷 ⚠️ラスヘッド消滅, (支払:ストラレイ:🔷🔷🔷🔷, 配置:ラスヘッド:🔷) -> eval: +0.2596
    [17] SUMMON | コスト🔷🔷🔷🔷, 配置コア🔷 ⚠️ストラレイ消滅, (支払:ストラレイ:🔷🔷🔷🔷, 配置:ストラレイ:🔷) -> eval: +0.2551
    [18] SUMMON | コスト🔷🔷🔷🔷, 配置コア🔷🔷 ⚠️ラスヘッド・ストラレイ消滅, (支払:ストラレイ:🔷🔷🔷🔷, 配置:ラスヘッド:🔷, ストラレイ:🔷) -> eval: +0.1770
    [19] USE_MAGIC | コスト🔷🔷, コアは置かない ⚠️ラスヘッド消滅, (支払:ラスヘッド:🔷, ストラレイ:🔷, 配置:なし) -> eval: +0.1246
    [20] USE_MAGIC | コスト🔷🔷, コアは置かない, (支払:ストラレイ:🔷🔷, 配置:なし) -> eval: +0.2586
    [21] MOVE_CORE | 🔷を移動 ⚠️ラスヘッド消滅 -> eval: +0.2141
    [22] MOVE_CORE | 🔷を移動 ⚠️ラスヘッド消滅 -> eval: +0.2281
    [23] MOVE_CORE | 🔷を移動 -> eval: +0.3371
    [24] MOVE_CORE | 🔷🔷を移動 -> eval: +0.3265
    [25] MOVE_CORE | 🔷🔷🔷を移動 -> eval: +0.2960
    [26] MOVE_CORE | 🔷🔷🔷🔷を移動 -> eval: +0.2886
    [27] MOVE_CORE | 🔷🔷🔷🔷🔷を移動 ⚠️ストラレイ消滅 -> eval: +0.1477
    [28] MOVE_CORE | 🔷を移動 -> eval: +0.3462
    [29] MOVE_CORE | 🔷🔷を移動 -> eval: +0.3440
    [30] MOVE_CORE | 🔷🔷🔷を移動 -> eval: +0.3211
    [31] MOVE_CORE | 🔷🔷🔷🔷を移動 -> eval: +0.3206
    [32] MOVE_CORE | 🔷🔷🔷🔷🔷を移動 ⚠️ストラレイ消滅 -> eval: +0.2014
  ステップ終了評価: +0.3489
  => 選択: SUMMON | コスト🔷🔷🔷, 配置コア🔷, (支払:ストラレイ:🔷🔷🔷, 配置:ストラレイ:🔷) (eval: +0.3628 > 終了評価 +0.3489)
     効果/結果: 🎴 「海幻コエラ＝カンサス」を召喚 (コスト3をトラッシュへ) ※ストラレイから3個, ストラレイから1個

Turn 4 | 手数 23 | 手番: P2(run2_run3.kann.weight) | メインステップ
  盤面:
    P1: Life:4, Reserve:0, Hand:3枚, Field:[ラスヘッド(Lv1,コア1), ラスヘッド(Lv1,コア1), 最奥：緑淵深(Lv2,コア1s)]
    P2: Life:3, Reserve:0, Hand:3枚, Field:[ラスヘッド(Lv1,コア1), ストラレイ(Lv1,コア1), 海幻コエラ＝カンサス(Lv1,コア1)]
  候補行動 (19件):
    [0] SUMMON | コスト🔷, 配置コアなし ⚠️ラスヘッド消滅, (支払:ラスヘッド:🔷, 配置:なし) -> eval: +0.2620
    [1] SUMMON | コスト🔷, 配置コアなし ⚠️ストラレイ消滅, (支払:ストラレイ:🔷, 配置:なし) -> eval: +0.2578
    [2] SUMMON | コスト🔷, 配置コアなし ⚠️海幻コエラ＝カンサス消滅, (支払:海幻コエラ＝カンサス:🔷, 配置:なし) -> eval: +0.2578
    [3] SUMMON | コスト🔷, 配置コア🔷 ⚠️ラスヘッド・ストラレイ消滅, (支払:ストラレイ:🔷, 配置:ラスヘッド:🔷) -> eval: +0.1867
    [4] SUMMON | コスト🔷, 配置コア🔷 ⚠️ラスヘッド・海幻コエラ＝カンサス消滅, (支払:海幻コエラ＝カンサス:🔷, 配置:ラスヘッド:🔷) -> eval: +0.1867
    [5] SUMMON | コスト🔷, 配置コア🔷 ⚠️ストラレイ・海幻コエラ＝カンサス消滅, (支払:海幻コエラ＝カンサス:🔷, 配置:ストラレイ:🔷) -> eval: +0.1824
    [6] SUMMON | コスト🔷, 配置コア🔷🔷 ⚠️ラスヘッド・ストラレイ・海幻コエラ＝カンサス消滅, (支払:海幻コエラ＝カンサス:🔷, 配置:ラスヘッド:🔷, ストラレイ:🔷) -> eval: +0.1306
    [7] USE_MAGIC | コスト🔷, コアは置かない ⚠️ラスヘッド消滅, (支払:ラスヘッド:🔷, 配置:なし) -> eval: +0.1475
    [8] USE_MAGIC | コスト🔷, コアは置かない ⚠️ストラレイ消滅, (支払:ストラレイ:🔷, 配置:なし) -> eval: +0.1436
    [9] USE_MAGIC | コスト🔷, コアは置かない ⚠️海幻コエラ＝カンサス消滅, (支払:海幻コエラ＝カンサス:🔷, 配置:なし) -> eval: +0.1436
    [10] MOVE_CORE | 🔷を移動 ⚠️ラスヘッド消滅 -> eval: +0.2348
    [11] MOVE_CORE | 🔷を移動 ⚠️ラスヘッド消滅 -> eval: +0.2463
    [12] MOVE_CORE | 🔷を移動 ⚠️ラスヘッド消滅 -> eval: +0.2471
    [13] MOVE_CORE | 🔷を移動 ⚠️ストラレイ消滅 -> eval: +0.2300
    [14] MOVE_CORE | 🔷を移動 ⚠️ストラレイ消滅 -> eval: +0.2415
    [15] MOVE_CORE | 🔷を移動 ⚠️ストラレイ消滅 -> eval: +0.2423
    [16] MOVE_CORE | 🔷を移動 ⚠️海幻コエラ＝カンサス消滅 -> eval: +0.2300
    [17] MOVE_CORE | 🔷を移動 ⚠️海幻コエラ＝カンサス消滅 -> eval: +0.2415
    [18] MOVE_CORE | 🔷を移動 ⚠️海幻コエラ＝カンサス消滅 -> eval: +0.2423
  ステップ終了評価: +0.3628
  => 選択: ステップ終了 (候補最大 +0.2620 <= 終了評価 +0.3628)

Turn 4 | 手数 24 | 手番: P2(run2_run3.kann.weight) | アタック宣言
  盤面:
    P1: Life:4, Reserve:0, Hand:3枚, Field:[ラスヘッド(Lv1,コア1), ラスヘッド(Lv1,コア1), 最奥：緑淵深(Lv2,コア1s)]
    P2: Life:3, Reserve:0, Hand:3枚, Field:[ラスヘッド(Lv1,コア1), ストラレイ(Lv1,コア1), 海幻コエラ＝カンサス(Lv1,コア1)]
  候補行動 (3件):
    [0] ATTACK | ラスヘッド でアタック宣言 (Lv1, BP3000, 通ればライフ-🔷) -> eval: +0.4089
    [1] ATTACK | ストラレイ でアタック宣言 (Lv1, BP4000, 通ればライフ-🔷) -> eval: +0.4059
    [2] ATTACK | 海幻コエラ＝カンサス でアタック宣言 (Lv1, BP4000, 通ればライフ-🔷) -> eval: +0.4023
  ステップ終了評価: +0.3628
  => 選択: ATTACK | ラスヘッド でアタック宣言 (Lv1, BP3000, 通ればライフ-🔷) (eval: +0.4089 > 終了評価 +0.3628)
     効果/結果: 🗡️ 「ラスヘッド」がアタック宣言 (BP3000)

Turn 4 | 手数 25 | 手番: P1(run3_run4.kann.weight) | ブロック宣言
  盤面:
    P1: Life:4, Reserve:0, Hand:3枚, Field:[ラスヘッド(Lv1,コア1), ラスヘッド(Lv1,コア1), 最奥：緑淵深(Lv2,コア1s)]
    P2: Life:3, Reserve:0, Hand:3枚, Field:[ラスヘッド(Lv1,コア1), ストラレイ(Lv1,コア1), 海幻コエラ＝カンサス(Lv1,コア1)]
  候補行動 (1件):
    [0] PASS_BLOCK | ライフでアタックを受ける (ライフ-🔷) -> eval: +0.2004
  => 選択: PASS_BLOCK | ライフでアタックを受ける (ライフ-🔷) (eval: +0.2004)
     効果/結果: 💔 ブロックせず: プレイヤー1 のライフ-1 (コアはリザーブへ)

Turn 4 | 手数 26 | 手番: P2(run2_run3.kann.weight) | アタック宣言
  盤面:
    P1: Life:3, Reserve:1, Hand:3枚, Field:[ラスヘッド(Lv1,コア1), ラスヘッド(Lv1,コア1), 最奥：緑淵深(Lv2,コア1s)]
    P2: Life:3, Reserve:0, Hand:3枚, Field:[ラスヘッド(Lv1,コア1), ストラレイ(Lv1,コア1), 海幻コエラ＝カンサス(Lv1,コア1)]
  候補行動 (2件):
    [0] ATTACK | ストラレイ でアタック宣言 (Lv1, BP4000, 通ればライフ-🔷) -> eval: +0.4415
    [1] ATTACK | 海幻コエラ＝カンサス でアタック宣言 (Lv1, BP4000, 通ればライフ-🔷) -> eval: +0.4419
  ステップ終了評価: +0.4138
  => 選択: ATTACK | 海幻コエラ＝カンサス でアタック宣言 (Lv1, BP4000, 通ればライフ-🔷) (eval: +0.4419 > 終了評価 +0.4138)
     効果/結果: 🗡️ 「海幻コエラ＝カンサス」がアタック宣言 (BP4000)

Turn 4 | 手数 27 | 手番: P1(run3_run4.kann.weight) | ブロック宣言
  盤面:
    P1: Life:3, Reserve:1, Hand:3枚, Field:[ラスヘッド(Lv1,コア1), ラスヘッド(Lv1,コア1), 最奥：緑淵深(Lv2,コア1s)]
    P2: Life:3, Reserve:0, Hand:3枚, Field:[ラスヘッド(Lv1,コア1), ストラレイ(Lv1,コア1), 海幻コエラ＝カンサス(Lv1,コア1)]
  候補行動 (1件):
    [0] PASS_BLOCK | ライフでアタックを受ける (ライフ-🔷) -> eval: +0.2323
  => 選択: PASS_BLOCK | ライフでアタックを受ける (ライフ-🔷) (eval: +0.2323)
     効果/結果: 💔 ブロックせず: プレイヤー1 のライフ-1 (コアはリザーブへ)

Turn 4 | 手数 28 | 手番: P2(run2_run3.kann.weight) | アタック宣言
  盤面:
    P1: Life:2, Reserve:2, Hand:3枚, Field:[ラスヘッド(Lv1,コア1), ラスヘッド(Lv1,コア1), 最奥：緑淵深(Lv2,コア1s)]
    P2: Life:3, Reserve:0, Hand:3枚, Field:[ラスヘッド(Lv1,コア1), ストラレイ(Lv1,コア1), 海幻コエラ＝カンサス(Lv1,コア1)]
  候補行動 (1件):
    [0] ATTACK | ストラレイ でアタック宣言 (Lv1, BP4000, 通ればライフ-🔷) -> eval: +0.4633
  ステップ終了評価: +0.4466
  => 選択: ATTACK | ストラレイ でアタック宣言 (Lv1, BP4000, 通ればライフ-🔷) (eval: +0.4633 > 終了評価 +0.4466)
     効果/結果: 🗡️ 「ストラレイ」がアタック宣言 (BP4000)

Turn 4 | 手数 29 | 手番: P1(run3_run4.kann.weight) | ブロック宣言
  盤面:
    P1: Life:2, Reserve:2, Hand:3枚, Field:[ラスヘッド(Lv1,コア1), ラスヘッド(Lv1,コア1), 最奥：緑淵深(Lv2,コア1s)]
    P2: Life:3, Reserve:0, Hand:3枚, Field:[ラスヘッド(Lv1,コア1), ストラレイ(Lv1,コア1), 海幻コエラ＝カンサス(Lv1,コア1)]
  候補行動 (1件):
    [0] PASS_BLOCK | ライフでアタックを受ける (ライフ-🔷) -> eval: +0.2816
  => 選択: PASS_BLOCK | ライフでアタックを受ける (ライフ-🔷) (eval: +0.2816)
     効果/結果: 💔 ブロックせず: プレイヤー1 のライフ-1 (コアはリザーブへ)

Turn 4 | 手数 30 | 手番: P2(run2_run3.kann.weight) | アタック宣言
  盤面:
    P1: Life:1, Reserve:3, Hand:3枚, Field:[ラスヘッド(Lv1,コア1), ラスヘッド(Lv1,コア1), 最奥：緑淵深(Lv2,コア1s)]
    P2: Life:3, Reserve:0, Hand:3枚, Field:[ラスヘッド(Lv1,コア1), ストラレイ(Lv1,コア1), 海幻コエラ＝カンサス(Lv1,コア1)]
  候補行動 (0件):
  ステップ終了評価: +0.4674
  => 選択: ステップ終了

Turn 4 | 手数 31 | 手番: P2(run2_run3.kann.weight) | 第2メインステップ
  盤面:
    P1: Life:1, Reserve:3, Hand:3枚, Field:[ラスヘッド(Lv1,コア1), ラスヘッド(Lv1,コア1), 最奥：緑淵深(Lv2,コア1s)]
    P2: Life:3, Reserve:0, Hand:3枚, Field:[ラスヘッド(Lv1,コア1), ストラレイ(Lv1,コア1), 海幻コエラ＝カンサス(Lv1,コア1)]
  候補行動 (19件):
    [0] SUMMON | コスト🔷, 配置コアなし ⚠️ラスヘッド消滅, (支払:ラスヘッド:🔷, 配置:なし) -> eval: +0.3548
    [1] SUMMON | コスト🔷, 配置コアなし ⚠️ストラレイ消滅, (支払:ストラレイ:🔷, 配置:なし) -> eval: +0.3530
    [2] SUMMON | コスト🔷, 配置コアなし ⚠️海幻コエラ＝カンサス消滅, (支払:海幻コエラ＝カンサス:🔷, 配置:なし) -> eval: +0.3530
    [3] SUMMON | コスト🔷, 配置コア🔷 ⚠️ラスヘッド・ストラレイ消滅, (支払:ストラレイ:🔷, 配置:ラスヘッド:🔷) -> eval: +0.2461
    [4] SUMMON | コスト🔷, 配置コア🔷 ⚠️ラスヘッド・海幻コエラ＝カンサス消滅, (支払:海幻コエラ＝カンサス:🔷, 配置:ラスヘッド:🔷) -> eval: +0.2461
    [5] SUMMON | コスト🔷, 配置コア🔷 ⚠️ストラレイ・海幻コエラ＝カンサス消滅, (支払:海幻コエラ＝カンサス:🔷, 配置:ストラレイ:🔷) -> eval: +0.2433
    [6] SUMMON | コスト🔷, 配置コア🔷🔷 ⚠️ラスヘッド・ストラレイ・海幻コエラ＝カンサス消滅, (支払:海幻コエラ＝カンサス:🔷, 配置:ラスヘッド:🔷, ストラレイ:🔷) -> eval: +0.1483
    [7] USE_MAGIC | コスト🔷, コアは置かない ⚠️ラスヘッド消滅, (支払:ラスヘッド:🔷, 配置:なし) -> eval: +0.2424
    [8] USE_MAGIC | コスト🔷, コアは置かない ⚠️ストラレイ消滅, (支払:ストラレイ:🔷, 配置:なし) -> eval: +0.2408
    [9] USE_MAGIC | コスト🔷, コアは置かない ⚠️海幻コエラ＝カンサス消滅, (支払:海幻コエラ＝カンサス:🔷, 配置:なし) -> eval: +0.2408
    [10] MOVE_CORE | 🔷を移動 ⚠️ラスヘッド消滅 -> eval: +0.3250
    [11] MOVE_CORE | 🔷を移動 ⚠️ラスヘッド消滅 -> eval: +0.3382
    [12] MOVE_CORE | 🔷を移動 ⚠️ラスヘッド消滅 -> eval: +0.3380
    [13] MOVE_CORE | 🔷を移動 ⚠️ストラレイ消滅 -> eval: +0.3229
    [14] MOVE_CORE | 🔷を移動 ⚠️ストラレイ消滅 -> eval: +0.3361
    [15] MOVE_CORE | 🔷を移動 ⚠️ストラレイ消滅 -> eval: +0.3360
    [16] MOVE_CORE | 🔷を移動 ⚠️海幻コエラ＝カンサス消滅 -> eval: +0.3229
    [17] MOVE_CORE | 🔷を移動 ⚠️海幻コエラ＝カンサス消滅 -> eval: +0.3361
    [18] MOVE_CORE | 🔷を移動 ⚠️海幻コエラ＝カンサス消滅 -> eval: +0.3360
  ステップ終了評価: +0.4674
  => 選択: ステップ終了 (候補最大 +0.3548 <= 終了評価 +0.4674)

Turn 4 | 手数 32 | 手番: P2(run2_run3.kann.weight) | エンドステップ
  盤面:
    P1: Life:1, Reserve:3, Hand:3枚, Field:[ラスヘッド(Lv1,コア1), ラスヘッド(Lv1,コア1), 最奥：緑淵深(Lv2,コア1s)]
    P2: Life:3, Reserve:0, Hand:3枚, Field:[ラスヘッド(Lv1,コア1), ストラレイ(Lv1,コア1), 海幻コエラ＝カンサス(Lv1,コア1)]
  候補行動 (0件):
  ステップ終了評価: +0.4011
  => 選択: ステップ終了
     効果/結果: 【ターン 5】 手番: プレイヤー1
     効果/結果: 🔷 コアステップ: ボイドからリザーブへコア1個
     効果/結果: 🃏 ドローステップ: 「甲手スクィード」をドロー (残り32枚)
     効果/結果: ♻️ リフレッシュステップ: トラッシュのコア3個をリザーブへ
     効果/結果: ♻️ リフレッシュステップ: 2体を回復

Turn 5 | 手数 33 | 手番: P1(run3_run4.kann.weight) | メインステップ
  盤面:
    P1: Life:1, Reserve:7, Hand:4枚, Field:[ラスヘッド(Lv1,コア1), ラスヘッド(Lv1,コア1), 最奥：緑淵深(Lv2,コア1s)]
    P2: Life:3, Reserve:0, Hand:3枚, Field:[ラスヘッド(Lv1,コア1), ストラレイ(Lv1,コア1), 海幻コエラ＝カンサス(Lv1,コア1)]
  候補行動 (272件):
    [0] SUMMON | コスト🔷🔷🔷, 配置コア🔷, (支払:R:🔷🔷🔷, 配置:R:🔷) -> eval: +0.1877
    [1] SUMMON | コスト🔷🔷🔷, 配置コア🔷 ⚠️ラスヘッド消滅, (支払:R:🔷🔷, ラスヘッド:🔷, 配置:R:🔷) -> eval: +0.0893
    [2] SUMMON | コスト🔷🔷🔷, 配置コア🔷 ⚠️ラスヘッド消滅, (支払:R:🔷🔷, ラスヘッド:🔷, 配置:R:🔷) -> eval: +0.0893
    [3] SUMMON | コスト🔷🔷🔷, 配置コア🔷 ⚠️ラスヘッド・ラスヘッド消滅, (支払:R:🔷, ラスヘッド:🔷, ラスヘッド:🔷, 配置:R:🔷) -> eval: +0.0162
    [4] SUMMON | コスト🔷🔷🔷, 配置コア🔶, (支払:R:🔷🔷🔷, 配置:最奥：緑淵深:🔶) -> eval: +0.1861
    [5] SUMMON | コスト🔷🔷🔷, 配置コア🔶 ⚠️ラスヘッド消滅, (支払:R:🔷🔷, ラスヘッド:🔷, 配置:最奥：緑淵深:🔶) -> eval: +0.0801
    [6] SUMMON | コスト🔷🔷🔷, 配置コア🔶 ⚠️ラスヘッド消滅, (支払:R:🔷🔷, ラスヘッド:🔷, 配置:最奥：緑淵深:🔶) -> eval: +0.0801
    [7] SUMMON | コスト🔷🔷🔷, 配置コア🔶 ⚠️ラスヘッド・ラスヘッド消滅, (支払:R:🔷, ラスヘッド:🔷, ラスヘッド:🔷, 配置:最奥：緑淵深:🔶) -> eval: +0.0099
    [8] SUMMON | コスト🔷🔷🔶, 配置コア🔷, (支払:R:🔷🔷, 最奥：緑淵深:🔶, 配置:R:🔷) -> eval: +0.1924
    [9] SUMMON | コスト🔷🔷🔶, 配置コア🔷 ⚠️ラスヘッド消滅, (支払:R:🔷, ラスヘッド:🔷, 最奥：緑淵深:🔶, 配置:R:🔷) -> eval: +0.0952
    [10] SUMMON | コスト🔷🔷🔶, 配置コア🔷 ⚠️ラスヘッド消滅, (支払:R:🔷, ラスヘッド:🔷, 最奥：緑淵深:🔶, 配置:R:🔷) -> eval: +0.0952
    [11] SUMMON | コスト🔷🔷🔶, 配置コア🔷 ⚠️ラスヘッド・ラスヘッド消滅, (支払:ラスヘッド:🔷, ラスヘッド:🔷, 最奥：緑淵深:🔶, 配置:R:🔷) -> eval: +0.0254
    [12] SUMMON | コスト🔷🔷🔷, 配置コア🔷🔷, (支払:R:🔷🔷🔷, 配置:R:🔷🔷) -> eval: +0.1956
    [13] SUMMON | コスト🔷🔷🔷, 配置コア🔷🔷 ⚠️ラスヘッド消滅, (支払:R:🔷🔷, ラスヘッド:🔷, 配置:R:🔷🔷) -> eval: +0.0995
    [14] SUMMON | コスト🔷🔷🔷, 配置コア🔷🔷 ⚠️ラスヘッド消滅, (支払:R:🔷🔷, ラスヘッド:🔷, 配置:R:🔷🔷) -> eval: +0.0995
    [15] SUMMON | コスト🔷🔷🔷, 配置コア🔷🔷 ⚠️ラスヘッド・ラスヘッド消滅, (支払:R:🔷, ラスヘッド:🔷, ラスヘッド:🔷, 配置:R:🔷🔷) -> eval: +0.0267
    [16] SUMMON | コスト🔷🔷🔷, 配置コア🔷🔶, (支払:R:🔷🔷🔷, 配置:R:🔷, 最奥：緑淵深:🔶) -> eval: +0.1948
    [17] SUMMON | コスト🔷🔷🔷, 配置コア🔷🔶 ⚠️ラスヘッド消滅, (支払:R:🔷🔷, ラスヘッド:🔷, 配置:R:🔷, 最奥：緑淵深:🔶) -> eval: +0.0914
    [18] SUMMON | コスト🔷🔷🔷, 配置コア🔷🔶 ⚠️ラスヘッド消滅, (支払:R:🔷🔷, ラスヘッド:🔷, 配置:R:🔷, 最奥：緑淵深:🔶) -> eval: +0.0914
    [19] SUMMON | コスト🔷🔷🔷, 配置コア🔷🔶 ⚠️ラスヘッド・ラスヘッド消滅, (支払:R:🔷, ラスヘッド:🔷, ラスヘッド:🔷, 配置:R:🔷, 最奥：緑淵深:🔶) -> eval: +0.0216
    [20] SUMMON | コスト🔷🔷🔶, 配置コア🔷🔷, (支払:R:🔷🔷, 最奥：緑淵深:🔶, 配置:R:🔷🔷) -> eval: +0.1999
    [21] SUMMON | コスト🔷🔷🔶, 配置コア🔷🔷 ⚠️ラスヘッド消滅, (支払:R:🔷, ラスヘッド:🔷, 最奥：緑淵深:🔶, 配置:R:🔷🔷) -> eval: +0.1050
    [22] SUMMON | コスト🔷🔷🔶, 配置コア🔷🔷 ⚠️ラスヘッド消滅, (支払:R:🔷, ラスヘッド:🔷, 最奥：緑淵深:🔶, 配置:R:🔷🔷) -> eval: +0.1050
    [23] SUMMON | コスト🔷🔷🔶, 配置コア🔷🔷 ⚠️ラスヘッド・ラスヘッド消滅, (支払:ラスヘッド:🔷, ラスヘッド:🔷, 最奥：緑淵深:🔶, 配置:R:🔷🔷) -> eval: +0.0356
    [24] SUMMON | コスト🔷🔷🔷, 配置コア🔷🔷🔷, (支払:R:🔷🔷🔷, 配置:R:🔷🔷🔷) -> eval: +0.2043
    [25] SUMMON | コスト🔷🔷🔷, 配置コア🔷🔷🔷 ⚠️ラスヘッド消滅, (支払:R:🔷🔷, ラスヘッド:🔷, 配置:R:🔷🔷🔷) -> eval: +0.1105
    [26] SUMMON | コスト🔷🔷🔷, 配置コア🔷🔷🔷 ⚠️ラスヘッド消滅, (支払:R:🔷🔷, ラスヘッド:🔷, 配置:R:🔷🔷🔷) -> eval: +0.1105
    [27] SUMMON | コスト🔷🔷🔷, 配置コア🔷🔷🔷 ⚠️ラスヘッド・ラスヘッド消滅, (支払:R:🔷, ラスヘッド:🔷, ラスヘッド:🔷, 配置:R:🔷🔷🔷) -> eval: +0.0378
    [28] SUMMON | コスト🔷🔷🔷, 配置コア🔷🔷🔶, (支払:R:🔷🔷🔷, 配置:R:🔷🔷, 最奥：緑淵深:🔶) -> eval: +0.2043
    [29] SUMMON | コスト🔷🔷🔷, 配置コア🔷🔷🔶 ⚠️ラスヘッド消滅, (支払:R:🔷🔷, ラスヘッド:🔷, 配置:R:🔷🔷, 最奥：緑淵深:🔶) -> eval: +0.1035
    [30] SUMMON | コスト🔷🔷🔷, 配置コア🔷🔷🔶 ⚠️ラスヘッド消滅, (支払:R:🔷🔷, ラスヘッド:🔷, 配置:R:🔷🔷, 最奥：緑淵深:🔶) -> eval: +0.1035
    [31] SUMMON | コスト🔷🔷🔷, 配置コア🔷🔷🔶 ⚠️ラスヘッド・ラスヘッド消滅, (支払:R:🔷, ラスヘッド:🔷, ラスヘッド:🔷, 配置:R:🔷🔷, 最奥：緑淵深:🔶) -> eval: +0.0341
    [32] SUMMON | コスト🔷🔷🔶, 配置コア🔷🔷🔷, (支払:R:🔷🔷, 最奥：緑淵深:🔶, 配置:R:🔷🔷🔷) -> eval: +0.2082
    [33] SUMMON | コスト🔷🔷🔶, 配置コア🔷🔷🔷 ⚠️ラスヘッド消滅, (支払:R:🔷, ラスヘッド:🔷, 最奥：緑淵深:🔶, 配置:R:🔷🔷🔷) -> eval: +0.1155
    [34] SUMMON | コスト🔷🔷🔶, 配置コア🔷🔷🔷 ⚠️ラスヘッド消滅, (支払:R:🔷, ラスヘッド:🔷, 最奥：緑淵深:🔶, 配置:R:🔷🔷🔷) -> eval: +0.1155
    [35] SUMMON | コスト🔷🔷🔶, 配置コア🔷🔷🔷 ⚠️ラスヘッド・ラスヘッド消滅, (支払:ラスヘッド:🔷, ラスヘッド:🔷, 最奥：緑淵深:🔶, 配置:R:🔷🔷🔷) -> eval: +0.0464
    [36] SUMMON | コスト🔷🔷🔷, 配置コア🔷🔷🔷🔷, (支払:R:🔷🔷🔷, 配置:R:🔷🔷🔷🔷) -> eval: +0.2138
    [37] SUMMON | コスト🔷🔷🔷, 配置コア🔷🔷🔷🔷 ⚠️ラスヘッド消滅, (支払:R:🔷🔷, ラスヘッド:🔷, 配置:R:🔷🔷🔷🔷) -> eval: +0.1221
    [38] SUMMON | コスト🔷🔷🔷, 配置コア🔷🔷🔷🔷 ⚠️ラスヘッド消滅, (支払:R:🔷🔷, ラスヘッド:🔷, 配置:R:🔷🔷🔷🔷) -> eval: +0.1221
    [39] SUMMON | コスト🔷🔷🔷, 配置コア🔷🔷🔷🔷 ⚠️ラスヘッド・ラスヘッド消滅, (支払:R:🔷, ラスヘッド:🔷, ラスヘッド:🔷, 配置:R:🔷🔷🔷🔷) -> eval: +0.0494
    [40] SUMMON | コスト🔷🔷🔷, 配置コア🔷🔷🔷🔶, (支払:R:🔷🔷🔷, 配置:R:🔷🔷🔷, 最奥：緑淵深:🔶) -> eval: +0.2148
    [41] SUMMON | コスト🔷🔷🔷, 配置コア🔷🔷🔷🔶 ⚠️ラスヘッド消滅, (支払:R:🔷🔷, ラスヘッド:🔷, 配置:R:🔷🔷🔷, 最奥：緑淵深:🔶) -> eval: +0.1163
    [42] SUMMON | コスト🔷🔷🔷, 配置コア🔷🔷🔷🔶 ⚠️ラスヘッド消滅, (支払:R:🔷🔷, ラスヘッド:🔷, 配置:R:🔷🔷🔷, 最奥：緑淵深:🔶) -> eval: +0.1163
    [43] SUMMON | コスト🔷🔷🔷, 配置コア🔷🔷🔷🔶 ⚠️ラスヘッド・ラスヘッド消滅, (支払:R:🔷, ラスヘッド:🔷, ラスヘッド:🔷, 配置:R:🔷🔷🔷, 最奥：緑淵深:🔶) -> eval: +0.0473
    [44] SUMMON | コスト🔷🔷🔶, 配置コア🔷🔷🔷🔷, (支払:R:🔷🔷, 最奥：緑淵深:🔶, 配置:R:🔷🔷🔷🔷) -> eval: +0.2174
    [45] SUMMON | コスト🔷🔷🔶, 配置コア🔷🔷🔷🔷 ⚠️ラスヘッド消滅, (支払:R:🔷, ラスヘッド:🔷, 最奥：緑淵深:🔶, 配置:R:🔷🔷🔷🔷) -> eval: +0.1267
    [46] SUMMON | コスト🔷🔷🔶, 配置コア🔷🔷🔷🔷 ⚠️ラスヘッド消滅, (支払:R:🔷, ラスヘッド:🔷, 最奥：緑淵深:🔶, 配置:R:🔷🔷🔷🔷) -> eval: +0.1267
    [47] SUMMON | コスト🔷🔷🔶, 配置コア🔷🔷🔷🔷 ⚠️ラスヘッド・ラスヘッド消滅, (支払:ラスヘッド:🔷, ラスヘッド:🔷, 最奥：緑淵深:🔶, 配置:R:🔷🔷🔷🔷) -> eval: +0.0578
    [48] SUMMON | コスト🔷🔷🔷, 配置コア🔷🔷🔷🔷🔷 ⚠️ラスヘッド消滅, (支払:R:🔷🔷, ラスヘッド:🔷, 配置:R:🔷🔷🔷🔷🔷) -> eval: +0.1343
    [49] SUMMON | コスト🔷🔷🔷, 配置コア🔷🔷🔷🔷🔷 ⚠️ラスヘッド消滅, (支払:R:🔷🔷, ラスヘッド:🔷, 配置:R:🔷🔷🔷🔷🔷) -> eval: +0.1343
    [50] SUMMON | コスト🔷🔷🔷, 配置コア🔷🔷🔷🔷🔷 ⚠️ラスヘッド・ラスヘッド消滅, (支払:R:🔷, ラスヘッド:🔷, ラスヘッド:🔷, 配置:R:🔷🔷🔷🔷🔷) -> eval: +0.0616
    [51] SUMMON | コスト🔷🔷🔷, 配置コア🔷🔷🔷🔷🔶, (支払:R:🔷🔷🔷, 配置:R:🔷🔷🔷🔷, 最奥：緑淵深:🔶) -> eval: +0.2261
    [52] SUMMON | コスト🔷🔷🔷, 配置コア🔷🔷🔷🔷🔶 ⚠️ラスヘッド消滅, (支払:R:🔷🔷, ラスヘッド:🔷, 配置:R:🔷🔷🔷🔷, 最奥：緑淵深:🔶) -> eval: +0.1299
    [53] SUMMON | コスト🔷🔷🔷, 配置コア🔷🔷🔷🔷🔶 ⚠️ラスヘッド消滅, (支払:R:🔷🔷, ラスヘッド:🔷, 配置:R:🔷🔷🔷🔷, 最奥：緑淵深:🔶) -> eval: +0.1299
    [54] SUMMON | コスト🔷🔷🔷, 配置コア🔷🔷🔷🔷🔶 ⚠️ラスヘッド・ラスヘッド消滅, (支払:R:🔷, ラスヘッド:🔷, ラスヘッド:🔷, 配置:R:🔷🔷🔷🔷, 最奥：緑淵深:🔶) -> eval: +0.0610
    [55] SUMMON | コスト🔷🔷🔶, 配置コア🔷🔷🔷🔷🔷, (支払:R:🔷🔷, 最奥：緑淵深:🔶, 配置:R:🔷🔷🔷🔷🔷) -> eval: +0.2273
    [56] SUMMON | コスト🔷🔷🔶, 配置コア🔷🔷🔷🔷🔷 ⚠️ラスヘッド消滅, (支払:R:🔷, ラスヘッド:🔷, 最奥：緑淵深:🔶, 配置:R:🔷🔷🔷🔷🔷) -> eval: +0.1386
    [57] SUMMON | コスト🔷🔷🔶, 配置コア🔷🔷🔷🔷🔷 ⚠️ラスヘッド消滅, (支払:R:🔷, ラスヘッド:🔷, 最奥：緑淵深:🔶, 配置:R:🔷🔷🔷🔷🔷) -> eval: +0.1386
    [58] SUMMON | コスト🔷🔷🔶, 配置コア🔷🔷🔷🔷🔷 ⚠️ラスヘッド・ラスヘッド消滅, (支払:ラスヘッド:🔷, ラスヘッド:🔷, 最奥：緑淵深:🔶, 配置:R:🔷🔷🔷🔷🔷) -> eval: +0.0697
    [59] SUMMON | コスト🔷🔷🔷, 配置コア🔷🔷🔷🔷🔷🔷 ⚠️ラスヘッド・ラスヘッド消滅, (支払:R:🔷, ラスヘッド:🔷, ラスヘッド:🔷, 配置:R:🔷🔷🔷🔷🔷🔷) -> eval: +0.0740
    [60] SUMMON | コスト🔷🔷🔷, 配置コア🔷🔷🔷🔷🔷🔶 ⚠️ラスヘッド消滅, (支払:R:🔷🔷, ラスヘッド:🔷, 配置:R:🔷🔷🔷🔷🔷, 最奥：緑淵深:🔶) -> eval: +0.1441
    [61] SUMMON | コスト🔷🔷🔷, 配置コア🔷🔷🔷🔷🔷🔶 ⚠️ラスヘッド消滅, (支払:R:🔷🔷, ラスヘッド:🔷, 配置:R:🔷🔷🔷🔷🔷, 最奥：緑淵深:🔶) -> eval: +0.1441
    [62] SUMMON | コスト🔷🔷🔷, 配置コア🔷🔷🔷🔷🔷🔶 ⚠️ラスヘッド・ラスヘッド消滅, (支払:R:🔷, ラスヘッド:🔷, ラスヘッド:🔷, 配置:R:🔷🔷🔷🔷🔷, 最奥：緑淵深:🔶) -> eval: +0.0752
    [63] SUMMON | コスト🔷🔷🔶, 配置コア🔷🔷🔷🔷🔷🔷 ⚠️ラスヘッド消滅, (支払:R:🔷, ラスヘッド:🔷, 最奥：緑淵深:🔶, 配置:R:🔷🔷🔷🔷🔷🔷) -> eval: +0.1511
    [64] SUMMON | コスト🔷🔷🔶, 配置コア🔷🔷🔷🔷🔷🔷 ⚠️ラスヘッド消滅, (支払:R:🔷, ラスヘッド:🔷, 最奥：緑淵深:🔶, 配置:R:🔷🔷🔷🔷🔷🔷) -> eval: +0.1511
    [65] SUMMON | コスト🔷🔷🔶, 配置コア🔷🔷🔷🔷🔷🔷 ⚠️ラスヘッド・ラスヘッド消滅, (支払:ラスヘッド:🔷, ラスヘッド:🔷, 最奥：緑淵深:🔶, 配置:R:🔷🔷🔷🔷🔷🔷) -> eval: +0.0820
    [66] SUMMON | コスト🔷🔷🔷, 配置コア🔷🔷🔷🔷🔷🔷🔶 ⚠️ラスヘッド・ラスヘッド消滅, (支払:R:🔷, ラスヘッド:🔷, ラスヘッド:🔷, 配置:R:🔷🔷🔷🔷🔷🔷, 最奥：緑淵深:🔶) -> eval: +0.0898
    [67] SUMMON | コスト🔷🔷🔶, 配置コア🔷🔷🔷🔷🔷🔷🔷 ⚠️ラスヘッド・ラスヘッド消滅, (支払:ラスヘッド:🔷, ラスヘッド:🔷, 最奥：緑淵深:🔶, 配置:R:🔷🔷🔷🔷🔷🔷🔷) -> eval: +0.0946
    [68] SUMMON | コスト🔷🔷, 配置コアなし, (支払:R:🔷🔷, 配置:なし) -> eval: +0.1398
    [69] SUMMON | コスト🔷🔷, 配置コアなし ⚠️ラスヘッド消滅, (支払:R:🔷, ラスヘッド:🔷, 配置:なし) -> eval: +0.0422
    [70] SUMMON | コスト🔷🔷, 配置コアなし ⚠️ラスヘッド消滅, (支払:R:🔷, ラスヘッド:🔷, 配置:なし) -> eval: +0.0422
    [71] SUMMON | コスト🔷🔷, 配置コアなし ⚠️ラスヘッド・ラスヘッド消滅, (支払:ラスヘッド:🔷, ラスヘッド:🔷, 配置:なし) -> eval: -0.0282
    [72] SUMMON | コスト🔷🔶, 配置コアなし, (支払:R:🔷, 最奥：緑淵深:🔶, 配置:なし) -> eval: +0.1454
    [73] SUMMON | コスト🔷🔶, 配置コアなし ⚠️ラスヘッド消滅, (支払:ラスヘッド:🔷, 最奥：緑淵深:🔶, 配置:なし) -> eval: +0.0492
    [74] SUMMON | コスト🔷🔶, 配置コアなし ⚠️ラスヘッド消滅, (支払:ラスヘッド:🔷, 最奥：緑淵深:🔶, 配置:なし) -> eval: +0.0492
    [75] SUMMON | コスト🔷🔷, 配置コア🔷, (支払:R:🔷🔷, 配置:R:🔷) -> eval: +0.1452
    [76] SUMMON | コスト🔷🔷, 配置コア🔷 ⚠️ラスヘッド消滅, (支払:R:🔷, ラスヘッド:🔷, 配置:R:🔷) -> eval: +0.0503
    [77] SUMMON | コスト🔷🔷, 配置コア🔷 ⚠️ラスヘッド消滅, (支払:R:🔷, ラスヘッド:🔷, 配置:R:🔷) -> eval: +0.0503
    [78] SUMMON | コスト🔷🔷, 配置コア🔷 ⚠️ラスヘッド・ラスヘッド消滅, (支払:ラスヘッド:🔷, ラスヘッド:🔷, 配置:R:🔷) -> eval: -0.0197
    [79] SUMMON | コスト🔷🔷, 配置コア🔶, (支払:R:🔷🔷, 配置:最奥：緑淵深:🔶) -> eval: +0.1375
    [80] SUMMON | コスト🔷🔷, 配置コア🔶 ⚠️ラスヘッド消滅, (支払:R:🔷, ラスヘッド:🔷, 配置:最奥：緑淵深:🔶) -> eval: +0.0365
    [81] SUMMON | コスト🔷🔷, 配置コア🔶 ⚠️ラスヘッド消滅, (支払:R:🔷, ラスヘッド:🔷, 配置:最奥：緑淵深:🔶) -> eval: +0.0365
    [82] SUMMON | コスト🔷🔷, 配置コア🔶 ⚠️ラスヘッド・ラスヘッド消滅, (支払:ラスヘッド:🔷, ラスヘッド:🔷, 配置:最奥：緑淵深:🔶) -> eval: -0.0282
    [83] SUMMON | コスト🔷🔶, 配置コア🔷, (支払:R:🔷, 最奥：緑淵深:🔶, 配置:R:🔷) -> eval: +0.1506
    [84] SUMMON | コスト🔷🔶, 配置コア🔷 ⚠️ラスヘッド消滅, (支払:ラスヘッド:🔷, 最奥：緑淵深:🔶, 配置:R:🔷) -> eval: +0.0568
    [85] SUMMON | コスト🔷🔶, 配置コア🔷 ⚠️ラスヘッド消滅, (支払:ラスヘッド:🔷, 最奥：緑淵深:🔶, 配置:R:🔷) -> eval: +0.0568
    [86] SUMMON | コスト🔷🔶, 配置コア🔷 ⚠️ラスヘッド・ラスヘッド消滅, (支払:ラスヘッド:🔷, 最奥：緑淵深:🔶, 配置:ラスヘッド:🔷) -> eval: -0.0088
    [87] SUMMON | コスト🔷🔷, 配置コア🔷🔷, (支払:R:🔷🔷, 配置:R:🔷🔷) -> eval: +0.1740
    [88] SUMMON | コスト🔷🔷, 配置コア🔷🔷 ⚠️ラスヘッド消滅, (支払:R:🔷, ラスヘッド:🔷, 配置:R:🔷🔷) -> eval: +0.0786
    [89] SUMMON | コスト🔷🔷, 配置コア🔷🔷 ⚠️ラスヘッド消滅, (支払:R:🔷, ラスヘッド:🔷, 配置:R:🔷🔷) -> eval: +0.0786
    [90] SUMMON | コスト🔷🔷, 配置コア🔷🔷 ⚠️ラスヘッド・ラスヘッド消滅, (支払:ラスヘッド:🔷, ラスヘッド:🔷, 配置:R:🔷🔷) -> eval: +0.0054
    [91] SUMMON | コスト🔷🔷, 配置コア🔷🔶, (支払:R:🔷🔷, 配置:R:🔷, 最奥：緑淵深:🔶) -> eval: +0.1557
    [92] SUMMON | コスト🔷🔷, 配置コア🔷🔶 ⚠️ラスヘッド消滅, (支払:R:🔷, ラスヘッド:🔷, 配置:R:🔷, 最奥：緑淵深:🔶) -> eval: +0.0576
    [93] SUMMON | コスト🔷🔷, 配置コア🔷🔶 ⚠️ラスヘッド消滅, (支払:R:🔷, ラスヘッド:🔷, 配置:R:🔷, 最奥：緑淵深:🔶) -> eval: +0.0576
    [94] SUMMON | コスト🔷🔷, 配置コア🔷🔶 ⚠️ラスヘッド・ラスヘッド消滅, (支払:ラスヘッド:🔷, ラスヘッド:🔷, 配置:R:🔷, 最奥：緑淵深:🔶) -> eval: -0.0077
    [95] SUMMON | コスト🔷🔶, 配置コア🔷🔷, (支払:R:🔷, 最奥：緑淵深:🔶, 配置:R:🔷🔷) -> eval: +0.1793
    [96] SUMMON | コスト🔷🔶, 配置コア🔷🔷 ⚠️ラスヘッド消滅, (支払:ラスヘッド:🔷, 最奥：緑淵深:🔶, 配置:R:🔷🔷) -> eval: +0.0853
    [97] SUMMON | コスト🔷🔶, 配置コア🔷🔷 ⚠️ラスヘッド消滅, (支払:ラスヘッド:🔷, 最奥：緑淵深:🔶, 配置:R:🔷🔷) -> eval: +0.0853
    [98] SUMMON | コスト🔷🔶, 配置コア🔷🔷 ⚠️ラスヘッド・ラスヘッド消滅, (支払:ラスヘッド:🔷, 最奥：緑淵深:🔶, 配置:R:🔷, ラスヘッド:🔷) -> eval: +0.0169
    [99] SUMMON | コスト🔷🔷, 配置コア🔷🔷🔷, (支払:R:🔷🔷, 配置:R:🔷🔷🔷) -> eval: +0.1822
    [100] SUMMON | コスト🔷🔷, 配置コア🔷🔷🔷 ⚠️ラスヘッド消滅, (支払:R:🔷, ラスヘッド:🔷, 配置:R:🔷🔷🔷) -> eval: +0.0891
    [101] SUMMON | コスト🔷🔷, 配置コア🔷🔷🔷 ⚠️ラスヘッド消滅, (支払:R:🔷, ラスヘッド:🔷, 配置:R:🔷🔷🔷) -> eval: +0.0891
    [102] SUMMON | コスト🔷🔷, 配置コア🔷🔷🔷 ⚠️ラスヘッド・ラスヘッド消滅, (支払:ラスヘッド:🔷, ラスヘッド:🔷, 配置:R:🔷🔷🔷) -> eval: +0.0161
    [103] SUMMON | コスト🔷🔷, 配置コア🔷🔷🔶, (支払:R:🔷🔷, 配置:R:🔷🔷, 最奥：緑淵深:🔶) -> eval: +0.1644
    [104] SUMMON | コスト🔷🔷, 配置コア🔷🔷🔶 ⚠️ラスヘッド消滅, (支払:R:🔷, ラスヘッド:🔷, 配置:R:🔷🔷, 最奥：緑淵深:🔶) -> eval: +0.0688
    [105] SUMMON | コスト🔷🔷, 配置コア🔷🔷🔶 ⚠️ラスヘッド消滅, (支払:R:🔷, ラスヘッド:🔷, 配置:R:🔷🔷, 最奥：緑淵深:🔶) -> eval: +0.0688
    [106] SUMMON | コスト🔷🔷, 配置コア🔷🔷🔶 ⚠️ラスヘッド・ラスヘッド消滅, (支払:ラスヘッド:🔷, ラスヘッド:🔷, 配置:R:🔷🔷, 最奥：緑淵深:🔶) -> eval: +0.0039
    [107] SUMMON | コスト🔷🔶, 配置コア🔷🔷🔷, (支払:R:🔷, 最奥：緑淵深:🔶, 配置:R:🔷🔷🔷) -> eval: +0.1873
    [108] SUMMON | コスト🔷🔶, 配置コア🔷🔷🔷 ⚠️ラスヘッド消滅, (支払:ラスヘッド:🔷, 最奥：緑淵深:🔶, 配置:R:🔷🔷🔷) -> eval: +0.0955
    [109] SUMMON | コスト🔷🔶, 配置コア🔷🔷🔷 ⚠️ラスヘッド消滅, (支払:ラスヘッド:🔷, 最奥：緑淵深:🔶, 配置:R:🔷🔷🔷) -> eval: +0.0955
    [110] SUMMON | コスト🔷🔶, 配置コア🔷🔷🔷 ⚠️ラスヘッド・ラスヘッド消滅, (支払:ラスヘッド:🔷, 最奥：緑淵深:🔶, 配置:R:🔷🔷, ラスヘッド:🔷) -> eval: +0.0274
    [111] SUMMON | コスト🔷🔷, 配置コア🔷🔷🔷🔷, (支払:R:🔷🔷, 配置:R:🔷🔷🔷🔷) -> eval: +0.1912
    [112] SUMMON | コスト🔷🔷, 配置コア🔷🔷🔷🔷 ⚠️ラスヘッド消滅, (支払:R:🔷, ラスヘッド:🔷, 配置:R:🔷🔷🔷🔷) -> eval: +0.1004
    [113] SUMMON | コスト🔷🔷, 配置コア🔷🔷🔷🔷 ⚠️ラスヘッド消滅, (支払:R:🔷, ラスヘッド:🔷, 配置:R:🔷🔷🔷🔷) -> eval: +0.1004
    [114] SUMMON | コスト🔷🔷, 配置コア🔷🔷🔷🔷 ⚠️ラスヘッド・ラスヘッド消滅, (支払:ラスヘッド:🔷, ラスヘッド:🔷, 配置:R:🔷🔷🔷🔷) -> eval: +0.0275
    [115] SUMMON | コスト🔷🔷, 配置コア🔷🔷🔷🔶, (支払:R:🔷🔷, 配置:R:🔷🔷🔷, 最奥：緑淵深:🔶) -> eval: +0.1741
    [116] SUMMON | コスト🔷🔷, 配置コア🔷🔷🔷🔶 ⚠️ラスヘッド消滅, (支払:R:🔷, ラスヘッド:🔷, 配置:R:🔷🔷🔷, 最奥：緑淵深:🔶) -> eval: +0.0810
    [117] SUMMON | コスト🔷🔷, 配置コア🔷🔷🔷🔶 ⚠️ラスヘッド消滅, (支払:R:🔷, ラスヘッド:🔷, 配置:R:🔷🔷🔷, 最奥：緑淵深:🔶) -> eval: +0.0810
    [118] SUMMON | コスト🔷🔷, 配置コア🔷🔷🔷🔶 ⚠️ラスヘッド・ラスヘッド消滅, (支払:ラスヘッド:🔷, ラスヘッド:🔷, 配置:R:🔷🔷🔷, 最奥：緑淵深:🔶) -> eval: +0.0165
    [119] SUMMON | コスト🔷🔶, 配置コア🔷🔷🔷🔷, (支払:R:🔷, 最奥：緑淵深:🔶, 配置:R:🔷🔷🔷🔷) -> eval: +0.1963
    [120] SUMMON | コスト🔷🔶, 配置コア🔷🔷🔷🔷 ⚠️ラスヘッド消滅, (支払:ラスヘッド:🔷, 最奥：緑淵深:🔶, 配置:R:🔷🔷🔷🔷) -> eval: +0.1066
    [121] SUMMON | コスト🔷🔶, 配置コア🔷🔷🔷🔷 ⚠️ラスヘッド消滅, (支払:ラスヘッド:🔷, 最奥：緑淵深:🔶, 配置:R:🔷🔷🔷🔷) -> eval: +0.1066
    [122] SUMMON | コスト🔷🔶, 配置コア🔷🔷🔷🔷 ⚠️ラスヘッド・ラスヘッド消滅, (支払:ラスヘッド:🔷, 最奥：緑淵深:🔶, 配置:R:🔷🔷🔷, ラスヘッド:🔷) -> eval: +0.0387
    [123] SUMMON | コスト🔷🔷, 配置コア🔷🔷🔷🔷🔷, (支払:R:🔷🔷, 配置:R:🔷🔷🔷🔷🔷) -> eval: +0.2011
    [124] SUMMON | コスト🔷🔷, 配置コア🔷🔷🔷🔷🔷 ⚠️ラスヘッド消滅, (支払:R:🔷, ラスヘッド:🔷, 配置:R:🔷🔷🔷🔷🔷) -> eval: +0.1124
    [125] SUMMON | コスト🔷🔷, 配置コア🔷🔷🔷🔷🔷 ⚠️ラスヘッド消滅, (支払:R:🔷, ラスヘッド:🔷, 配置:R:🔷🔷🔷🔷🔷) -> eval: +0.1124
    [126] SUMMON | コスト🔷🔷, 配置コア🔷🔷🔷🔷🔷 ⚠️ラスヘッド・ラスヘッド消滅, (支払:ラスヘッド:🔷, ラスヘッド:🔷, 配置:R:🔷🔷🔷🔷🔷) -> eval: +0.0395
    [127] SUMMON | コスト🔷🔷, 配置コア🔷🔷🔷🔷🔶, (支払:R:🔷🔷, 配置:R:🔷🔷🔷🔷, 最奥：緑淵深:🔶) -> eval: +0.1848
    [128] SUMMON | コスト🔷🔷, 配置コア🔷🔷🔷🔷🔶 ⚠️ラスヘッド消滅, (支払:R:🔷, ラスヘッド:🔷, 配置:R:🔷🔷🔷🔷, 最奥：緑淵深:🔶) -> eval: +0.0940
    [129] SUMMON | コスト🔷🔷, 配置コア🔷🔷🔷🔷🔶 ⚠️ラスヘッド消滅, (支払:R:🔷, ラスヘッド:🔷, 配置:R:🔷🔷🔷🔷, 最奥：緑淵深:🔶) -> eval: +0.0940
    [130] SUMMON | コスト🔷🔷, 配置コア🔷🔷🔷🔷🔶 ⚠️ラスヘッド・ラスヘッド消滅, (支払:ラスヘッド:🔷, ラスヘッド:🔷, 配置:R:🔷🔷🔷🔷, 最奥：緑淵深:🔶) -> eval: +0.0298
    [131] SUMMON | コスト🔷🔶, 配置コア🔷🔷🔷🔷🔷, (支払:R:🔷, 最奥：緑淵深:🔶, 配置:R:🔷🔷🔷🔷🔷) -> eval: +0.2061
    [132] SUMMON | コスト🔷🔶, 配置コア🔷🔷🔷🔷🔷 ⚠️ラスヘッド消滅, (支払:ラスヘッド:🔷, 最奥：緑淵深:🔶, 配置:R:🔷🔷🔷🔷🔷) -> eval: +0.1185
    [133] SUMMON | コスト🔷🔶, 配置コア🔷🔷🔷🔷🔷 ⚠️ラスヘッド消滅, (支払:ラスヘッド:🔷, 最奥：緑淵深:🔶, 配置:R:🔷🔷🔷🔷🔷) -> eval: +0.1185
    [134] SUMMON | コスト🔷🔶, 配置コア🔷🔷🔷🔷🔷 ⚠️ラスヘッド・ラスヘッド消滅, (支払:ラスヘッド:🔷, 最奥：緑淵深:🔶, 配置:R:🔷🔷🔷🔷, ラスヘッド:🔷) -> eval: +0.0506
    [135] SUMMON | コスト🔷🔷, 配置コア🔷🔷🔷🔷🔷🔷 ⚠️ラスヘッド消滅, (支払:R:🔷, ラスヘッド:🔷, 配置:R:🔷🔷🔷🔷🔷🔷) -> eval: +0.1250
    [136] SUMMON | コスト🔷🔷, 配置コア🔷🔷🔷🔷🔷🔷 ⚠️ラスヘッド消滅, (支払:R:🔷, ラスヘッド:🔷, 配置:R:🔷🔷🔷🔷🔷🔷) -> eval: +0.1250
    [137] SUMMON | コスト🔷🔷, 配置コア🔷🔷🔷🔷🔷🔷 ⚠️ラスヘッド・ラスヘッド消滅, (支払:ラスヘッド:🔷, ラスヘッド:🔷, 配置:R:🔷🔷🔷🔷🔷🔷) -> eval: +0.0520
    [138] SUMMON | コスト🔷🔷, 配置コア🔷🔷🔷🔷🔷🔶, (支払:R:🔷🔷, 配置:R:🔷🔷🔷🔷🔷, 最奥：緑淵深:🔶) -> eval: +0.1964
    [139] SUMMON | コスト🔷🔷, 配置コア🔷🔷🔷🔷🔷🔶 ⚠️ラスヘッド消滅, (支払:R:🔷, ラスヘッド:🔷, 配置:R:🔷🔷🔷🔷🔷, 最奥：緑淵深:🔶) -> eval: +0.1078
    [140] SUMMON | コスト🔷🔷, 配置コア🔷🔷🔷🔷🔷🔶 ⚠️ラスヘッド消滅, (支払:R:🔷, ラスヘッド:🔷, 配置:R:🔷🔷🔷🔷🔷, 最奥：緑淵深:🔶) -> eval: +0.1078
    [141] SUMMON | コスト🔷🔷, 配置コア🔷🔷🔷🔷🔷🔶 ⚠️ラスヘッド・ラスヘッド消滅, (支払:ラスヘッド:🔷, ラスヘッド:🔷, 配置:R:🔷🔷🔷🔷🔷, 最奥：緑淵深:🔶) -> eval: +0.0437
    [142] SUMMON | コスト🔷🔶, 配置コア🔷🔷🔷🔷🔷🔷, (支払:R:🔷, 最奥：緑淵深:🔶, 配置:R:🔷🔷🔷🔷🔷🔷) -> eval: +0.2169
    [143] SUMMON | コスト🔷🔶, 配置コア🔷🔷🔷🔷🔷🔷 ⚠️ラスヘッド消滅, (支払:ラスヘッド:🔷, 最奥：緑淵深:🔶, 配置:R:🔷🔷🔷🔷🔷🔷) -> eval: +0.1312
    [144] SUMMON | コスト🔷🔶, 配置コア🔷🔷🔷🔷🔷🔷 ⚠️ラスヘッド消滅, (支払:ラスヘッド:🔷, 最奥：緑淵深:🔶, 配置:R:🔷🔷🔷🔷🔷🔷) -> eval: +0.1312
    [145] SUMMON | コスト🔷🔶, 配置コア🔷🔷🔷🔷🔷🔷 ⚠️ラスヘッド・ラスヘッド消滅, (支払:ラスヘッド:🔷, 最奥：緑淵深:🔶, 配置:R:🔷🔷🔷🔷🔷, ラスヘッド:🔷) -> eval: +0.0631
    [146] SUMMON | コスト🔷🔷, 配置コア🔷🔷🔷🔷🔷🔷🔷 ⚠️ラスヘッド・ラスヘッド消滅, (支払:ラスヘッド:🔷, ラスヘッド:🔷, 配置:R:🔷🔷🔷🔷🔷🔷🔷) -> eval: +0.0649
    [147] SUMMON | コスト🔷🔷, 配置コア🔷🔷🔷🔷🔷🔷🔶 ⚠️ラスヘッド消滅, (支払:R:🔷, ラスヘッド:🔷, 配置:R:🔷🔷🔷🔷🔷🔷, 最奥：緑淵深:🔶) -> eval: +0.1223
    [148] SUMMON | コスト🔷🔷, 配置コア🔷🔷🔷🔷🔷🔷🔶 ⚠️ラスヘッド消滅, (支払:R:🔷, ラスヘッド:🔷, 配置:R:🔷🔷🔷🔷🔷🔷, 最奥：緑淵深:🔶) -> eval: +0.1223
    [149] SUMMON | コスト🔷🔷, 配置コア🔷🔷🔷🔷🔷🔷🔶 ⚠️ラスヘッド・ラスヘッド消滅, (支払:ラスヘッド:🔷, ラスヘッド:🔷, 配置:R:🔷🔷🔷🔷🔷🔷, 最奥：緑淵深:🔶) -> eval: +0.0581
    [150] SUMMON | コスト🔷🔶, 配置コア🔷🔷🔷🔷🔷🔷🔷 ⚠️ラスヘッド消滅, (支払:ラスヘッド:🔷, 最奥：緑淵深:🔶, 配置:R:🔷🔷🔷🔷🔷🔷🔷) -> eval: +0.1444
    [151] SUMMON | コスト🔷🔶, 配置コア🔷🔷🔷🔷🔷🔷🔷 ⚠️ラスヘッド消滅, (支払:ラスヘッド:🔷, 最奥：緑淵深:🔶, 配置:R:🔷🔷🔷🔷🔷🔷🔷) -> eval: +0.1444
    [152] SUMMON | コスト🔷🔶, 配置コア🔷🔷🔷🔷🔷🔷🔷 ⚠️ラスヘッド・ラスヘッド消滅, (支払:ラスヘッド:🔷, 最奥：緑淵深:🔶, 配置:R:🔷🔷🔷🔷🔷🔷, ラスヘッド:🔷) -> eval: +0.0761
    [153] SUMMON | コスト🔷🔷, 配置コア🔷🔷🔷🔷🔷🔷🔷🔶 ⚠️ラスヘッド・ラスヘッド消滅, (支払:ラスヘッド:🔷, ラスヘッド:🔷, 配置:R:🔷🔷🔷🔷🔷🔷🔷, 最奥：緑淵深:🔶) -> eval: +0.0730
    [154] SUMMON | コスト🔷🔶, 配置コア🔷🔷🔷🔷🔷🔷🔷🔷 ⚠️ラスヘッド・ラスヘッド消滅, (支払:ラスヘッド:🔷, 最奥：緑淵深:🔶, 配置:R:🔷🔷🔷🔷🔷🔷🔷, ラスヘッド:🔷) -> eval: +0.0894
    [155] USE_MAGIC | コスト🔷, コアは置かない, (支払:R:🔷, 配置:なし) -> eval: +0.0450
    [156] USE_MAGIC | コスト🔷, コアは置かない ⚠️ラスヘッド消滅, (支払:ラスヘッド:🔷, 配置:なし) -> eval: -0.0231
    [157] USE_MAGIC | コスト🔷, コアは置かない ⚠️ラスヘッド消滅, (支払:ラスヘッド:🔷, 配置:なし) -> eval: -0.0231
    [158] USE_MAGIC | コスト🔶, コアは置かない, (支払:最奥：緑淵深:🔶, 配置:なし) -> eval: +0.0348
    [159] SUMMON | コスト🔷🔷, 配置コア🔷, (支払:R:🔷🔷, 配置:R:🔷) -> eval: +0.1858
    [160] SUMMON | コスト🔷🔷, 配置コア🔷 ⚠️ラスヘッド消滅, (支払:R:🔷, ラスヘッド:🔷, 配置:R:🔷) -> eval: +0.0878
    [161] SUMMON | コスト🔷🔷, 配置コア🔷 ⚠️ラスヘッド消滅, (支払:R:🔷, ラスヘッド:🔷, 配置:R:🔷) -> eval: +0.0878
    [162] SUMMON | コスト🔷🔷, 配置コア🔷 ⚠️ラスヘッド・ラスヘッド消滅, (支払:ラスヘッド:🔷, ラスヘッド:🔷, 配置:R:🔷) -> eval: +0.0167
    [163] SUMMON | コスト🔷🔷, 配置コア🔶, (支払:R:🔷🔷, 配置:最奥：緑淵深:🔶) -> eval: +0.1643
    [164] SUMMON | コスト🔷🔷, 配置コア🔶 ⚠️ラスヘッド消滅, (支払:R:🔷, ラスヘッド:🔷, 配置:最奥：緑淵深:🔶) -> eval: +0.0604
    [165] SUMMON | コスト🔷🔷, 配置コア🔶 ⚠️ラスヘッド消滅, (支払:R:🔷, ラスヘッド:🔷, 配置:最奥：緑淵深:🔶) -> eval: +0.0604
    [166] SUMMON | コスト🔷🔷, 配置コア🔶 ⚠️ラスヘッド・ラスヘッド消滅, (支払:ラスヘッド:🔷, ラスヘッド:🔷, 配置:最奥：緑淵深:🔶) -> eval: -0.0073
    [167] SUMMON | コスト🔷🔶, 配置コア🔷, (支払:R:🔷, 最奥：緑淵深:🔶, 配置:R:🔷) -> eval: +0.1931
    [168] SUMMON | コスト🔷🔶, 配置コア🔷 ⚠️ラスヘッド消滅, (支払:ラスヘッド:🔷, 最奥：緑淵深:🔶, 配置:R:🔷) -> eval: +0.0957
    [169] SUMMON | コスト🔷🔶, 配置コア🔷 ⚠️ラスヘッド消滅, (支払:ラスヘッド:🔷, 最奥：緑淵深:🔶, 配置:R:🔷) -> eval: +0.0957
    [170] SUMMON | コスト🔷🔶, 配置コア🔷 ⚠️ラスヘッド・ラスヘッド消滅, (支払:ラスヘッド:🔷, 最奥：緑淵深:🔶, 配置:ラスヘッド:🔷) -> eval: +0.0252
    [171] SUMMON | コスト🔷🔷, 配置コア🔷🔷, (支払:R:🔷🔷, 配置:R:🔷🔷) -> eval: +0.1928
    [172] SUMMON | コスト🔷🔷, 配置コア🔷🔷 ⚠️ラスヘッド消滅, (支払:R:🔷, ラスヘッド:🔷, 配置:R:🔷🔷) -> eval: +0.0972
    [173] SUMMON | コスト🔷🔷, 配置コア🔷🔷 ⚠️ラスヘッド消滅, (支払:R:🔷, ラスヘッド:🔷, 配置:R:🔷🔷) -> eval: +0.0972
    [174] SUMMON | コスト🔷🔷, 配置コア🔷🔷 ⚠️ラスヘッド・ラスヘッド消滅, (支払:ラスヘッド:🔷, ラスヘッド:🔷, 配置:R:🔷🔷) -> eval: +0.0267
    [175] SUMMON | コスト🔷🔷, 配置コア🔷🔶, (支払:R:🔷🔷, 配置:R:🔷, 最奥：緑淵深:🔶) -> eval: +0.1713
    [176] SUMMON | コスト🔷🔷, 配置コア🔷🔶 ⚠️ラスヘッド消滅, (支払:R:🔷, ラスヘッド:🔷, 配置:R:🔷, 最奥：緑淵深:🔶) -> eval: +0.0699
    [177] SUMMON | コスト🔷🔷, 配置コア🔷🔶 ⚠️ラスヘッド消滅, (支払:R:🔷, ラスヘッド:🔷, 配置:R:🔷, 最奥：緑淵深:🔶) -> eval: +0.0699
    [178] SUMMON | コスト🔷🔷, 配置コア🔷🔶 ⚠️ラスヘッド・ラスヘッド消滅, (支払:ラスヘッド:🔷, ラスヘッド:🔷, 配置:R:🔷, 最奥：緑淵深:🔶) -> eval: +0.0030
    [179] SUMMON | コスト🔷🔶, 配置コア🔷🔷, (支払:R:🔷, 最奥：緑淵深:🔶, 配置:R:🔷🔷) -> eval: +0.1997
    [180] SUMMON | コスト🔷🔶, 配置コア🔷🔷 ⚠️ラスヘッド消滅, (支払:ラスヘッド:🔷, 最奥：緑淵深:🔶, 配置:R:🔷🔷) -> eval: +0.1045
    [181] SUMMON | コスト🔷🔶, 配置コア🔷🔷 ⚠️ラスヘッド消滅, (支払:ラスヘッド:🔷, 最奥：緑淵深:🔶, 配置:R:🔷🔷) -> eval: +0.1045
    [182] SUMMON | コスト🔷🔶, 配置コア🔷🔷 ⚠️ラスヘッド・ラスヘッド消滅, (支払:ラスヘッド:🔷, 最奥：緑淵深:🔶, 配置:R:🔷, ラスヘッド:🔷) -> eval: +0.0347
    [183] SUMMON | コスト🔷🔷, 配置コア🔷🔷🔷, (支払:R:🔷🔷, 配置:R:🔷🔷🔷) -> eval: +0.2315
    [184] SUMMON | コスト🔷🔷, 配置コア🔷🔷🔷 ⚠️ラスヘッド消滅, (支払:R:🔷, ラスヘッド:🔷, 配置:R:🔷🔷🔷) -> eval: +0.1330
    [185] SUMMON | コスト🔷🔷, 配置コア🔷🔷🔷 ⚠️ラスヘッド消滅, (支払:R:🔷, ラスヘッド:🔷, 配置:R:🔷🔷🔷) -> eval: +0.1330
    [186] SUMMON | コスト🔷🔷, 配置コア🔷🔷🔷 ⚠️ラスヘッド・ラスヘッド消滅, (支払:ラスヘッド:🔷, ラスヘッド:🔷, 配置:R:🔷🔷🔷) -> eval: +0.0584
    [187] SUMMON | コスト🔷🔷, 配置コア🔷🔷🔶, (支払:R:🔷🔷, 配置:R:🔷🔷, 最奥：緑淵深:🔶) -> eval: +0.2000
    [188] SUMMON | コスト🔷🔷, 配置コア🔷🔷🔶 ⚠️ラスヘッド消滅, (支払:R:🔷, ラスヘッド:🔷, 配置:R:🔷🔷, 最奥：緑淵深:🔶) -> eval: +0.0994
    [189] SUMMON | コスト🔷🔷, 配置コア🔷🔷🔶 ⚠️ラスヘッド消滅, (支払:R:🔷, ラスヘッド:🔷, 配置:R:🔷🔷, 最奥：緑淵深:🔶) -> eval: +0.0994
    [190] SUMMON | コスト🔷🔷, 配置コア🔷🔷🔶 ⚠️ラスヘッド・ラスヘッド消滅, (支払:ラスヘッド:🔷, ラスヘッド:🔷, 配置:R:🔷🔷, 最奥：緑淵深:🔶) -> eval: +0.0303
    [191] SUMMON | コスト🔷🔶, 配置コア🔷🔷🔷, (支払:R:🔷, 最奥：緑淵深:🔶, 配置:R:🔷🔷🔷) -> eval: +0.2399
    [192] SUMMON | コスト🔷🔶, 配置コア🔷🔷🔷 ⚠️ラスヘッド消滅, (支払:ラスヘッド:🔷, 最奥：緑淵深:🔶, 配置:R:🔷🔷🔷) -> eval: +0.1422
    [193] SUMMON | コスト🔷🔶, 配置コア🔷🔷🔷 ⚠️ラスヘッド消滅, (支払:ラスヘッド:🔷, 最奥：緑淵深:🔶, 配置:R:🔷🔷🔷) -> eval: +0.1422
    [194] SUMMON | コスト🔷🔶, 配置コア🔷🔷🔷 ⚠️ラスヘッド・ラスヘッド消滅, (支払:ラスヘッド:🔷, 最奥：緑淵深:🔶, 配置:R:🔷🔷, ラスヘッド:🔷) -> eval: +0.0680
    [195] SUMMON | コスト🔷🔷, 配置コア🔷🔷🔷🔷, (支払:R:🔷🔷, 配置:R:🔷🔷🔷🔷) -> eval: +0.2407
    [196] SUMMON | コスト🔷🔷, 配置コア🔷🔷🔷🔷 ⚠️ラスヘッド消滅, (支払:R:🔷, ラスヘッド:🔷, 配置:R:🔷🔷🔷🔷) -> eval: +0.1443
    [197] SUMMON | コスト🔷🔷, 配置コア🔷🔷🔷🔷 ⚠️ラスヘッド消滅, (支払:R:🔷, ラスヘッド:🔷, 配置:R:🔷🔷🔷🔷) -> eval: +0.1443
    [198] SUMMON | コスト🔷🔷, 配置コア🔷🔷🔷🔷 ⚠️ラスヘッド・ラスヘッド消滅, (支払:ラスヘッド:🔷, ラスヘッド:🔷, 配置:R:🔷🔷🔷🔷) -> eval: +0.0701
    [199] SUMMON | コスト🔷🔷, 配置コア🔷🔷🔷🔶, (支払:R:🔷🔷, 配置:R:🔷🔷🔷, 最奥：緑淵深:🔶) -> eval: +0.2097
    [200] SUMMON | コスト🔷🔷, 配置コア🔷🔷🔷🔶 ⚠️ラスヘッド消滅, (支払:R:🔷, ラスヘッド:🔷, 配置:R:🔷🔷🔷, 最奥：緑淵深:🔶) -> eval: +0.1115
    [201] SUMMON | コスト🔷🔷, 配置コア🔷🔷🔷🔶 ⚠️ラスヘッド消滅, (支払:R:🔷, ラスヘッド:🔷, 配置:R:🔷🔷🔷, 最奥：緑淵深:🔶) -> eval: +0.1115
    [202] SUMMON | コスト🔷🔷, 配置コア🔷🔷🔷🔶 ⚠️ラスヘッド・ラスヘッド消滅, (支払:ラスヘッド:🔷, ラスヘッド:🔷, 配置:R:🔷🔷🔷, 最奥：緑淵深:🔶) -> eval: +0.0430
    [203] SUMMON | コスト🔷🔶, 配置コア🔷🔷🔷🔷, (支払:R:🔷, 最奥：緑淵深:🔶, 配置:R:🔷🔷🔷🔷) -> eval: +0.2489
    [204] SUMMON | コスト🔷🔶, 配置コア🔷🔷🔷🔷 ⚠️ラスヘッド消滅, (支払:ラスヘッド:🔷, 最奥：緑淵深:🔶, 配置:R:🔷🔷🔷🔷) -> eval: +0.1532
    [205] SUMMON | コスト🔷🔶, 配置コア🔷🔷🔷🔷 ⚠️ラスヘッド消滅, (支払:ラスヘッド:🔷, 最奥：緑淵深:🔶, 配置:R:🔷🔷🔷🔷) -> eval: +0.1532
    [206] SUMMON | コスト🔷🔶, 配置コア🔷🔷🔷🔷 ⚠️ラスヘッド・ラスヘッド消滅, (支払:ラスヘッド:🔷, 最奥：緑淵深:🔶, 配置:R:🔷🔷🔷, ラスヘッド:🔷) -> eval: +0.0793
    [207] SUMMON | コスト🔷🔷, 配置コア🔷🔷🔷🔷🔷, (支払:R:🔷🔷, 配置:R:🔷🔷🔷🔷🔷) -> eval: +0.2506
    [208] SUMMON | コスト🔷🔷, 配置コア🔷🔷🔷🔷🔷 ⚠️ラスヘッド消滅, (支払:R:🔷, ラスヘッド:🔷, 配置:R:🔷🔷🔷🔷🔷) -> eval: +0.1563
    [209] SUMMON | コスト🔷🔷, 配置コア🔷🔷🔷🔷🔷 ⚠️ラスヘッド消滅, (支払:R:🔷, ラスヘッド:🔷, 配置:R:🔷🔷🔷🔷🔷) -> eval: +0.1563
    [210] SUMMON | コスト🔷🔷, 配置コア🔷🔷🔷🔷🔷 ⚠️ラスヘッド・ラスヘッド消滅, (支払:ラスヘッド:🔷, ラスヘッド:🔷, 配置:R:🔷🔷🔷🔷🔷) -> eval: +0.0822
    [211] SUMMON | コスト🔷🔷, 配置コア🔷🔷🔷🔷🔶, (支払:R:🔷🔷, 配置:R:🔷🔷🔷🔷, 最奥：緑淵深:🔶) -> eval: +0.2202
    [212] SUMMON | コスト🔷🔷, 配置コア🔷🔷🔷🔷🔶 ⚠️ラスヘッド消滅, (支払:R:🔷, ラスヘッド:🔷, 配置:R:🔷🔷🔷🔷, 最奥：緑淵深:🔶) -> eval: +0.1244
    [213] SUMMON | コスト🔷🔷, 配置コア🔷🔷🔷🔷🔶 ⚠️ラスヘッド消滅, (支払:R:🔷, ラスヘッド:🔷, 配置:R:🔷🔷🔷🔷, 最奥：緑淵深:🔶) -> eval: +0.1244
    [214] SUMMON | コスト🔷🔷, 配置コア🔷🔷🔷🔷🔶 ⚠️ラスヘッド・ラスヘッド消滅, (支払:ラスヘッド:🔷, ラスヘッド:🔷, 配置:R:🔷🔷🔷🔷, 最奥：緑淵深:🔶) -> eval: +0.0563
    [215] SUMMON | コスト🔷🔶, 配置コア🔷🔷🔷🔷🔷, (支払:R:🔷, 最奥：緑淵深:🔶, 配置:R:🔷🔷🔷🔷🔷) -> eval: +0.2585
    [216] SUMMON | コスト🔷🔶, 配置コア🔷🔷🔷🔷🔷 ⚠️ラスヘッド消滅, (支払:ラスヘッド:🔷, 最奥：緑淵深:🔶, 配置:R:🔷🔷🔷🔷🔷) -> eval: +0.1648
    [217] SUMMON | コスト🔷🔶, 配置コア🔷🔷🔷🔷🔷 ⚠️ラスヘッド消滅, (支払:ラスヘッド:🔷, 最奥：緑淵深:🔶, 配置:R:🔷🔷🔷🔷🔷) -> eval: +0.1648
    [218] SUMMON | コスト🔷🔶, 配置コア🔷🔷🔷🔷🔷 ⚠️ラスヘッド・ラスヘッド消滅, (支払:ラスヘッド:🔷, 最奥：緑淵深:🔶, 配置:R:🔷🔷🔷🔷, ラスヘッド:🔷) -> eval: +0.0912
    [219] SUMMON | コスト🔷🔷, 配置コア🔷🔷🔷🔷🔷🔷 ⚠️ラスヘッド消滅, (支払:R:🔷, ラスヘッド:🔷, 配置:R:🔷🔷🔷🔷🔷🔷) -> eval: +0.1687
    [220] SUMMON | コスト🔷🔷, 配置コア🔷🔷🔷🔷🔷🔷 ⚠️ラスヘッド消滅, (支払:R:🔷, ラスヘッド:🔷, 配置:R:🔷🔷🔷🔷🔷🔷) -> eval: +0.1687
    [221] SUMMON | コスト🔷🔷, 配置コア🔷🔷🔷🔷🔷🔷 ⚠️ラスヘッド・ラスヘッド消滅, (支払:ラスヘッド:🔷, ラスヘッド:🔷, 配置:R:🔷🔷🔷🔷🔷🔷) -> eval: +0.0947
    [222] SUMMON | コスト🔷🔷, 配置コア🔷🔷🔷🔷🔷🔶, (支払:R:🔷🔷, 配置:R:🔷🔷🔷🔷🔷, 最奥：緑淵深:🔶) -> eval: +0.2317
    [223] SUMMON | コスト🔷🔷, 配置コア🔷🔷🔷🔷🔷🔶 ⚠️ラスヘッド消滅, (支払:R:🔷, ラスヘッド:🔷, 配置:R:🔷🔷🔷🔷🔷, 最奥：緑淵深:🔶) -> eval: +0.1380
    [224] SUMMON | コスト🔷🔷, 配置コア🔷🔷🔷🔷🔷🔶 ⚠️ラスヘッド消滅, (支払:R:🔷, ラスヘッド:🔷, 配置:R:🔷🔷🔷🔷🔷, 最奥：緑淵深:🔶) -> eval: +0.1380
    [225] SUMMON | コスト🔷🔷, 配置コア🔷🔷🔷🔷🔷🔶 ⚠️ラスヘッド・ラスヘッド消滅, (支払:ラスヘッド:🔷, ラスヘッド:🔷, 配置:R:🔷🔷🔷🔷🔷, 最奥：緑淵深:🔶) -> eval: +0.0701
    [226] SUMMON | コスト🔷🔶, 配置コア🔷🔷🔷🔷🔷🔷, (支払:R:🔷, 最奥：緑淵深:🔶, 配置:R:🔷🔷🔷🔷🔷🔷) -> eval: +0.2688
    [227] SUMMON | コスト🔷🔶, 配置コア🔷🔷🔷🔷🔷🔷 ⚠️ラスヘッド消滅, (支払:ラスヘッド:🔷, 最奥：緑淵深:🔶, 配置:R:🔷🔷🔷🔷🔷🔷) -> eval: +0.1770
    [228] SUMMON | コスト🔷🔶, 配置コア🔷🔷🔷🔷🔷🔷 ⚠️ラスヘッド消滅, (支払:ラスヘッド:🔷, 最奥：緑淵深:🔶, 配置:R:🔷🔷🔷🔷🔷🔷) -> eval: +0.1770
    [229] SUMMON | コスト🔷🔶, 配置コア🔷🔷🔷🔷🔷🔷 ⚠️ラスヘッド・ラスヘッド消滅, (支払:ラスヘッド:🔷, 最奥：緑淵深:🔶, 配置:R:🔷🔷🔷🔷🔷, ラスヘッド:🔷) -> eval: +0.1034
    [230] SUMMON | コスト🔷🔷, 配置コア🔷🔷🔷🔷🔷🔷🔷 ⚠️ラスヘッド・ラスヘッド消滅, (支払:ラスヘッド:🔷, ラスヘッド:🔷, 配置:R:🔷🔷🔷🔷🔷🔷🔷) -> eval: +0.1075
    [231] SUMMON | コスト🔷🔷, 配置コア🔷🔷🔷🔷🔷🔷🔶 ⚠️ラスヘッド消滅, (支払:R:🔷, ラスヘッド:🔷, 配置:R:🔷🔷🔷🔷🔷🔷, 最奥：緑淵深:🔶) -> eval: +0.1523
    [232] SUMMON | コスト🔷🔷, 配置コア🔷🔷🔷🔷🔷🔷🔶 ⚠️ラスヘッド消滅, (支払:R:🔷, ラスヘッド:🔷, 配置:R:🔷🔷🔷🔷🔷🔷, 最奥：緑淵深:🔶) -> eval: +0.1523
    [233] SUMMON | コスト🔷🔷, 配置コア🔷🔷🔷🔷🔷🔷🔶 ⚠️ラスヘッド・ラスヘッド消滅, (支払:ラスヘッド:🔷, ラスヘッド:🔷, 配置:R:🔷🔷🔷🔷🔷🔷, 最奥：緑淵深:🔶) -> eval: +0.0845
    [234] SUMMON | コスト🔷🔶, 配置コア🔷🔷🔷🔷🔷🔷🔷 ⚠️ラスヘッド消滅, (支払:ラスヘッド:🔷, 最奥：緑淵深:🔶, 配置:R:🔷🔷🔷🔷🔷🔷🔷) -> eval: +0.1896
    [235] SUMMON | コスト🔷🔶, 配置コア🔷🔷🔷🔷🔷🔷🔷 ⚠️ラスヘッド消滅, (支払:ラスヘッド:🔷, 最奥：緑淵深:🔶, 配置:R:🔷🔷🔷🔷🔷🔷🔷) -> eval: +0.1896
    [236] SUMMON | コスト🔷🔶, 配置コア🔷🔷🔷🔷🔷🔷🔷 ⚠️ラスヘッド・ラスヘッド消滅, (支払:ラスヘッド:🔷, 最奥：緑淵深:🔶, 配置:R:🔷🔷🔷🔷🔷🔷, ラスヘッド:🔷) -> eval: +0.1160
    [237] SUMMON | コスト🔷🔷, 配置コア🔷🔷🔷🔷🔷🔷🔷🔶 ⚠️ラスヘッド・ラスヘッド消滅, (支払:ラスヘッド:🔷, ラスヘッド:🔷, 配置:R:🔷🔷🔷🔷🔷🔷🔷, 最奥：緑淵深:🔶) -> eval: +0.0992
    [238] SUMMON | コスト🔷🔶, 配置コア🔷🔷🔷🔷🔷🔷🔷🔷 ⚠️ラスヘッド・ラスヘッド消滅, (支払:ラスヘッド:🔷, 最奥：緑淵深:🔶, 配置:R:🔷🔷🔷🔷🔷🔷🔷, ラスヘッド:🔷) -> eval: +0.1289
    [239] MOVE_CORE | 🔷を移動 -> eval: +0.1133
    [240] MOVE_CORE | 🔷🔷を移動 -> eval: +0.1177
    [241] MOVE_CORE | 🔷🔷🔷を移動 -> eval: +0.1230
    [242] MOVE_CORE | 🔷🔷🔷🔷を移動 -> eval: +0.1292
    [243] MOVE_CORE | 🔷🔷🔷🔷🔷を移動 -> eval: +0.1365
    [244] MOVE_CORE | 🔷🔷🔷🔷🔷🔷を移動 -> eval: +0.1446
    [245] MOVE_CORE | 🔷🔷🔷🔷🔷🔷🔷を移動 -> eval: +0.1537
    [246] MOVE_CORE | 🔷を移動 -> eval: +0.1135
    [247] MOVE_CORE | 🔷🔷を移動 -> eval: +0.1181
    [248] MOVE_CORE | 🔷🔷🔷を移動 -> eval: +0.1236
    [249] MOVE_CORE | 🔷🔷🔷🔷を移動 -> eval: +0.1301
    [250] MOVE_CORE | 🔷🔷🔷🔷🔷を移動 -> eval: +0.1376
    [251] MOVE_CORE | 🔷🔷🔷🔷🔷🔷を移動 -> eval: +0.1460
    [252] MOVE_CORE | 🔷🔷🔷🔷🔷🔷🔷を移動 -> eval: +0.1554
    [253] MOVE_CORE | 🔷を移動 -> eval: +0.1154
    [254] MOVE_CORE | 🔷🔷を移動 -> eval: +0.1222
    [255] MOVE_CORE | 🔷🔷🔷を移動 -> eval: +0.1301
    [256] MOVE_CORE | 🔷🔷🔷🔷を移動 -> eval: +0.1391
    [257] MOVE_CORE | 🔷🔷🔷🔷🔷を移動 -> eval: +0.1492
    [258] MOVE_CORE | 🔷🔷🔷🔷🔷🔷を移動 -> eval: +0.1604
    [259] MOVE_CORE | 🔷🔷🔷🔷🔷🔷🔷を移動 -> eval: +0.1725
    [260] MOVE_CORE | 🔷を移動 ⚠️ラスヘッド消滅 -> eval: +0.0002
    [261] MOVE_CORE | 🔷を移動 ⚠️ラスヘッド消滅 -> eval: +0.0053
    [262] MOVE_CORE | 🔷を移動 ⚠️ラスヘッド消滅 -> eval: +0.0083
    [263] MOVE_CORE | 🔷を移動 ⚠️ラスヘッド消滅 -> eval: +0.0002
    [264] MOVE_CORE | 🔷を移動 ⚠️ラスヘッド消滅 -> eval: +0.0053
    [265] MOVE_CORE | 🔷を移動 ⚠️ラスヘッド消滅 -> eval: +0.0083
    [266] MOVE_CORE | 🔶を移動 -> eval: +0.1095
    [267] MOVE_CORE | 🔶 ⇄ 🔷 を交換 -> eval: +0.1126
    [268] MOVE_CORE | 🔶を移動 -> eval: +0.0940
    [269] MOVE_CORE | 🔶 ⇄ 🔷 を交換 -> eval: +0.0941
    [270] MOVE_CORE | 🔶を移動 -> eval: +0.1010
    [271] MOVE_CORE | 🔶 ⇄ 🔷 を交換 -> eval: +0.1002
  ステップ終了評価: +0.1098
  => 選択: SUMMON | コスト🔷🔶, 配置コア🔷🔷🔷🔷🔷🔷, (支払:R:🔷, 最奥：緑淵深:🔶, 配置:R:🔷🔷🔷🔷🔷🔷) (eval: +0.2688 > 終了評価 +0.1098)
     効果/結果: 🎴 「甲手スクィード」を召喚 (コスト2をトラッシュへ) ※最奥：緑淵深から1個

Turn 5 | 手数 34 | 手番: P1(run3_run4.kann.weight) | メインステップ
  盤面:
    P1: Life:1, Reserve:0, Hand:3枚, Field:[ラスヘッド(Lv1,コア1), ラスヘッド(Lv1,コア1), 最奥：緑淵深(Lv1,コア0), 甲手スクィード(Lv2,コア6)]
    P2: Life:3, Reserve:0, Hand:3枚, Field:[ラスヘッド(Lv1,コア1), ストラレイ(Lv1,コア1), 海幻コエラ＝カンサス(Lv1,コア1)]
  候補行動 (75件):
    [0] SUMMON | コスト🔷🔷🔷, 配置コア🔷 ⚠️ラスヘッド・ラスヘッド消滅, (支払:ラスヘッド:🔷, 甲手スクィード:🔷🔷, 配置:ラスヘッド:🔷) -> eval: +0.1845
    [1] SUMMON | コスト🔷🔷🔷, 配置コア🔷 ⚠️ラスヘッド消滅, (支払:甲手スクィード:🔷🔷🔷, 配置:ラスヘッド:🔷) -> eval: +0.2437
    [2] SUMMON | コスト🔷🔷🔷, 配置コア🔷 ⚠️ラスヘッド消滅, (支払:甲手スクィード:🔷🔷🔷, 配置:ラスヘッド:🔷) -> eval: +0.2437
    [3] SUMMON | コスト🔷🔷🔷, 配置コア🔷, (支払:甲手スクィード:🔷🔷🔷, 配置:甲手スクィード:🔷) -> eval: +0.2932
    [4] SUMMON | コスト🔷🔷🔷, 配置コア🔷🔷 ⚠️ラスヘッド・ラスヘッド消滅, (支払:甲手スクィード:🔷🔷🔷, 配置:ラスヘッド:🔷, ラスヘッド:🔷) -> eval: +0.1840
    [5] SUMMON | コスト🔷🔷🔷, 配置コア🔷🔷 ⚠️ラスヘッド消滅, (支払:甲手スクィード:🔷🔷🔷, 配置:ラスヘッド:🔷, 甲手スクィード:🔷) -> eval: +0.2201
    [6] SUMMON | コスト🔷🔷🔷, 配置コア🔷🔷 ⚠️ラスヘッド消滅, (支払:甲手スクィード:🔷🔷🔷, 配置:ラスヘッド:🔷, 甲手スクィード:🔷) -> eval: +0.2201
    [7] SUMMON | コスト🔷🔷🔷, 配置コア🔷🔷, (支払:甲手スクィード:🔷🔷🔷, 配置:甲手スクィード:🔷🔷) -> eval: +0.2937
    [8] SUMMON | コスト🔷🔷🔷, 配置コア🔷🔷🔷 ⚠️ラスヘッド・ラスヘッド消滅, (支払:甲手スクィード:🔷🔷🔷, 配置:ラスヘッド:🔷, ラスヘッド:🔷, 甲手スクィード:🔷) -> eval: +0.1641
    [9] SUMMON | コスト🔷🔷🔷, 配置コア🔷🔷🔷 ⚠️ラスヘッド消滅, (支払:甲手スクィード:🔷🔷🔷, 配置:ラスヘッド:🔷, 甲手スクィード:🔷🔷) -> eval: +0.2207
    [10] SUMMON | コスト🔷🔷🔷, 配置コア🔷🔷🔷 ⚠️ラスヘッド消滅, (支払:甲手スクィード:🔷🔷🔷, 配置:ラスヘッド:🔷, 甲手スクィード:🔷🔷) -> eval: +0.2207
    [11] SUMMON | コスト🔷🔷🔷, 配置コア🔷🔷🔷 ⚠️甲手スクィード消滅, (支払:甲手スクィード:🔷🔷🔷, 配置:甲手スクィード:🔷🔷🔷) -> eval: +0.2067
    [12] SUMMON | コスト🔷🔷🔷, 配置コア🔷🔷🔷🔷 ⚠️ラスヘッド・ラスヘッド消滅, (支払:甲手スクィード:🔷🔷🔷, 配置:ラスヘッド:🔷, ラスヘッド:🔷, 甲手スクィード:🔷🔷) -> eval: +0.1649
    [13] SUMMON | コスト🔷🔷🔷, 配置コア🔷🔷🔷🔷 ⚠️ラスヘッド・甲手スクィード消滅, (支払:甲手スクィード:🔷🔷🔷, 配置:ラスヘッド:🔷, 甲手スクィード:🔷🔷🔷) -> eval: +0.1537
    [14] SUMMON | コスト🔷🔷🔷, 配置コア🔷🔷🔷🔷 ⚠️ラスヘッド・甲手スクィード消滅, (支払:甲手スクィード:🔷🔷🔷, 配置:ラスヘッド:🔷, 甲手スクィード:🔷🔷🔷) -> eval: +0.1537
    [15] SUMMON | コスト🔷🔷🔷, 配置コア🔷🔷🔷🔷🔷 ⚠️ラスヘッド・ラスヘッド・甲手スクィード消滅, (支払:甲手スクィード:🔷🔷🔷, 配置:ラスヘッド:🔷, ラスヘッド:🔷, 甲手スクィード:🔷🔷🔷) -> eval: +0.0988
    [16] SUMMON | コスト🔷🔷, 配置コアなし ⚠️ラスヘッド・ラスヘッド消滅, (支払:ラスヘッド:🔷, ラスヘッド:🔷, 配置:なし) -> eval: +0.1574
    [17] SUMMON | コスト🔷🔷, 配置コアなし ⚠️ラスヘッド消滅, (支払:ラスヘッド:🔷, 甲手スクィード:🔷, 配置:なし) -> eval: +0.2137
    [18] SUMMON | コスト🔷🔷, 配置コアなし ⚠️ラスヘッド消滅, (支払:ラスヘッド:🔷, 甲手スクィード:🔷, 配置:なし) -> eval: +0.2137
    [19] SUMMON | コスト🔷🔷, 配置コアなし, (支払:甲手スクィード:🔷🔷, 配置:なし) -> eval: +0.2854
    [20] SUMMON | コスト🔷🔷, 配置コア🔷 ⚠️ラスヘッド・ラスヘッド消滅, (支払:ラスヘッド:🔷, 甲手スクィード:🔷, 配置:ラスヘッド:🔷) -> eval: +0.1563
    [21] SUMMON | コスト🔷🔷, 配置コア🔷 ⚠️ラスヘッド消滅, (支払:甲手スクィード:🔷🔷, 配置:ラスヘッド:🔷) -> eval: +0.2126
    [22] SUMMON | コスト🔷🔷, 配置コア🔷 ⚠️ラスヘッド消滅, (支払:甲手スクィード:🔷🔷, 配置:ラスヘッド:🔷) -> eval: +0.2126
    [23] SUMMON | コスト🔷🔷, 配置コア🔷, (支払:甲手スクィード:🔷🔷, 配置:甲手スクィード:🔷) -> eval: +0.2846
    [24] SUMMON | コスト🔷🔷, 配置コア🔷🔷 ⚠️ラスヘッド・ラスヘッド消滅, (支払:甲手スクィード:🔷🔷, 配置:ラスヘッド:🔷, ラスヘッド:🔷) -> eval: +0.1704
    [25] SUMMON | コスト🔷🔷, 配置コア🔷🔷 ⚠️ラスヘッド消滅, (支払:甲手スクィード:🔷🔷, 配置:ラスヘッド:🔷, 甲手スクィード:🔷) -> eval: +0.2287
    [26] SUMMON | コスト🔷🔷, 配置コア🔷🔷 ⚠️ラスヘッド消滅, (支払:甲手スクィード:🔷🔷, 配置:ラスヘッド:🔷, 甲手スクィード:🔷) -> eval: +0.2287
    [27] SUMMON | コスト🔷🔷, 配置コア🔷🔷, (支払:甲手スクィード:🔷🔷, 配置:甲手スクィード:🔷🔷) -> eval: +0.2747
    [28] SUMMON | コスト🔷🔷, 配置コア🔷🔷🔷 ⚠️ラスヘッド・ラスヘッド消滅, (支払:甲手スクィード:🔷🔷, 配置:ラスヘッド:🔷, ラスヘッド:🔷, 甲手スクィード:🔷) -> eval: +0.1706
    [29] SUMMON | コスト🔷🔷, 配置コア🔷🔷🔷 ⚠️ラスヘッド消滅, (支払:甲手スクィード:🔷🔷, 配置:ラスヘッド:🔷, 甲手スクィード:🔷🔷) -> eval: +0.2040
    [30] SUMMON | コスト🔷🔷, 配置コア🔷🔷🔷 ⚠️ラスヘッド消滅, (支払:甲手スクィード:🔷🔷, 配置:ラスヘッド:🔷, 甲手スクィード:🔷🔷) -> eval: +0.2040
    [31] SUMMON | コスト🔷🔷, 配置コア🔷🔷🔷, (支払:甲手スクィード:🔷🔷, 配置:甲手スクィード:🔷🔷🔷) -> eval: +0.2762
    [32] SUMMON | コスト🔷🔷, 配置コア🔷🔷🔷🔷 ⚠️ラスヘッド・ラスヘッド消滅, (支払:甲手スクィード:🔷🔷, 配置:ラスヘッド:🔷, ラスヘッド:🔷, 甲手スクィード:🔷🔷) -> eval: +0.1503
    [33] SUMMON | コスト🔷🔷, 配置コア🔷🔷🔷🔷 ⚠️ラスヘッド消滅, (支払:甲手スクィード:🔷🔷, 配置:ラスヘッド:🔷, 甲手スクィード:🔷🔷🔷) -> eval: +0.2055
    [34] SUMMON | コスト🔷🔷, 配置コア🔷🔷🔷🔷 ⚠️ラスヘッド消滅, (支払:甲手スクィード:🔷🔷, 配置:ラスヘッド:🔷, 甲手スクィード:🔷🔷🔷) -> eval: +0.2055
    [35] SUMMON | コスト🔷🔷, 配置コア🔷🔷🔷🔷 ⚠️甲手スクィード消滅, (支払:甲手スクィード:🔷🔷, 配置:甲手スクィード:🔷🔷🔷🔷) -> eval: +0.1909
    [36] SUMMON | コスト🔷🔷, 配置コア🔷🔷🔷🔷🔷 ⚠️ラスヘッド・ラスヘッド消滅, (支払:甲手スクィード:🔷🔷, 配置:ラスヘッド:🔷, ラスヘッド:🔷, 甲手スクィード:🔷🔷🔷) -> eval: +0.1520
    [37] SUMMON | コスト🔷🔷, 配置コア🔷🔷🔷🔷🔷 ⚠️ラスヘッド・甲手スクィード消滅, (支払:甲手スクィード:🔷🔷, 配置:ラスヘッド:🔷, 甲手スクィード:🔷🔷🔷🔷) -> eval: +0.1408
    [38] SUMMON | コスト🔷🔷, 配置コア🔷🔷🔷🔷🔷 ⚠️ラスヘッド・甲手スクィード消滅, (支払:甲手スクィード:🔷🔷, 配置:ラスヘッド:🔷, 甲手スクィード:🔷🔷🔷🔷) -> eval: +0.1408
    [39] SUMMON | コスト🔷🔷, 配置コア🔷🔷🔷🔷🔷🔷 ⚠️ラスヘッド・ラスヘッド・甲手スクィード消滅, (支払:甲手スクィード:🔷🔷, 配置:ラスヘッド:🔷, ラスヘッド:🔷, 甲手スクィード:🔷🔷🔷🔷) -> eval: +0.0867
    [40] USE_MAGIC | コスト🔷, コアは置かない ⚠️ラスヘッド消滅, (支払:ラスヘッド:🔷, 配置:なし) -> eval: +0.1506
    [41] USE_MAGIC | コスト🔷, コアは置かない ⚠️ラスヘッド消滅, (支払:ラスヘッド:🔷, 配置:なし) -> eval: +0.1506
    [42] USE_MAGIC | コスト🔷, コアは置かない, (支払:甲手スクィード:🔷, 配置:なし) -> eval: +0.2078
    [43] MOVE_CORE | 🔷を移動 ⚠️ラスヘッド消滅 -> eval: +0.1770
    [44] MOVE_CORE | 🔷を移動 ⚠️ラスヘッド消滅 -> eval: +0.1876
    [45] MOVE_CORE | 🔷を移動 ⚠️ラスヘッド消滅 -> eval: +0.1872
    [46] MOVE_CORE | 🔷を移動 ⚠️ラスヘッド消滅 -> eval: +0.1896
    [47] MOVE_CORE | 🔷を移動 ⚠️ラスヘッド消滅 -> eval: +0.1770
    [48] MOVE_CORE | 🔷を移動 ⚠️ラスヘッド消滅 -> eval: +0.1876
    [49] MOVE_CORE | 🔷を移動 ⚠️ラスヘッド消滅 -> eval: +0.1872
    [50] MOVE_CORE | 🔷を移動 ⚠️ラスヘッド消滅 -> eval: +0.1896
    [51] MOVE_CORE | 🔷を移動 -> eval: +0.2585
    [52] MOVE_CORE | 🔷🔷を移動 -> eval: +0.2489
    [53] MOVE_CORE | 🔷🔷🔷を移動 -> eval: +0.2399
    [54] MOVE_CORE | 🔷🔷🔷🔷を移動 -> eval: +0.1997
    [55] MOVE_CORE | 🔷🔷🔷🔷🔷を移動 -> eval: +0.1931
    [56] MOVE_CORE | 🔷🔷🔷🔷🔷🔷を移動 ⚠️甲手スクィード消滅 -> eval: +0.0804
    [57] MOVE_CORE | 🔷を移動 -> eval: +0.2674
    [58] MOVE_CORE | 🔷🔷を移動 -> eval: +0.2662
    [59] MOVE_CORE | 🔷🔷🔷を移動 -> eval: +0.2652
    [60] MOVE_CORE | 🔷🔷🔷🔷を移動 -> eval: +0.2323
    [61] MOVE_CORE | 🔷🔷🔷🔷🔷を移動 -> eval: +0.2324
    [62] MOVE_CORE | 🔷🔷🔷🔷🔷🔷を移動 ⚠️甲手スクィード消滅 -> eval: +0.1400
    [63] MOVE_CORE | 🔷を移動 -> eval: +0.2672
    [64] MOVE_CORE | 🔷🔷を移動 -> eval: +0.2659
    [65] MOVE_CORE | 🔷🔷🔷を移動 -> eval: +0.2649
    [66] MOVE_CORE | 🔷🔷🔷🔷を移動 -> eval: +0.2324
    [67] MOVE_CORE | 🔷🔷🔷🔷🔷を移動 -> eval: +0.2327
    [68] MOVE_CORE | 🔷🔷🔷🔷🔷🔷を移動 ⚠️甲手スクィード消滅 -> eval: +0.1411
    [69] MOVE_CORE | 🔷を移動 -> eval: +0.2664
    [70] MOVE_CORE | 🔷🔷を移動 -> eval: +0.2644
    [71] MOVE_CORE | 🔷🔷🔷を移動 -> eval: +0.2627
    [72] MOVE_CORE | 🔷🔷🔷🔷を移動 -> eval: +0.2301
    [73] MOVE_CORE | 🔷🔷🔷🔷🔷を移動 -> eval: +0.2303
    [74] MOVE_CORE | 🔷🔷🔷🔷🔷🔷を移動 ⚠️甲手スクィード消滅 -> eval: +0.1425
  ステップ終了評価: +0.2688
  => 選択: SUMMON | コスト🔷🔷🔷, 配置コア🔷🔷, (支払:甲手スクィード:🔷🔷🔷, 配置:甲手スクィード:🔷🔷) (eval: +0.2937 > 終了評価 +0.2688)
     効果/結果: 🎴 「深巣ダンテクレオ」を召喚 (コスト3をトラッシュへ) ※甲手スクィードから3個, 甲手スクィードから2個

Turn 5 | 手数 35 | 手番: P1(run3_run4.kann.weight) | メインステップ
  盤面:
    P1: Life:1, Reserve:0, Hand:2枚, Field:[ラスヘッド(Lv1,コア1), ラスヘッド(Lv1,コア1), 最奥：緑淵深(Lv1,コア0), 甲手スクィード(Lv1,コア1), 深巣ダンテクレオ(Lv1,コア2)]
    P2: Life:3, Reserve:0, Hand:3枚, Field:[ラスヘッド(Lv1,コア1), ストラレイ(Lv1,コア1), 海幻コエラ＝カンサス(Lv1,コア1)]
  候補行動 (48件):
    [0] SUMMON | コスト🔷🔷, 配置コアなし ⚠️ラスヘッド・ラスヘッド消滅, (支払:ラスヘッド:🔷, ラスヘッド:🔷, 配置:なし) -> eval: +0.1975
    [1] SUMMON | コスト🔷🔷, 配置コアなし ⚠️ラスヘッド・甲手スクィード消滅, (支払:ラスヘッド:🔷, 甲手スクィード:🔷, 配置:なし) -> eval: +0.1873
    [2] SUMMON | コスト🔷🔷, 配置コアなし ⚠️ラスヘッド消滅, (支払:ラスヘッド:🔷, 深巣ダンテクレオ:🔷, 配置:なし) -> eval: +0.2472
    [3] SUMMON | コスト🔷🔷, 配置コアなし ⚠️ラスヘッド・甲手スクィード消滅, (支払:ラスヘッド:🔷, 甲手スクィード:🔷, 配置:なし) -> eval: +0.1873
    [4] SUMMON | コスト🔷🔷, 配置コアなし ⚠️ラスヘッド消滅, (支払:ラスヘッド:🔷, 深巣ダンテクレオ:🔷, 配置:なし) -> eval: +0.2472
    [5] SUMMON | コスト🔷🔷, 配置コアなし ⚠️甲手スクィード消滅, (支払:甲手スクィード:🔷, 深巣ダンテクレオ:🔷, 配置:なし) -> eval: +0.2353
    [6] SUMMON | コスト🔷🔷, 配置コアなし ⚠️深巣ダンテクレオ消滅, (支払:深巣ダンテクレオ:🔷🔷, 配置:なし) -> eval: +0.2288
    [7] SUMMON | コスト🔷🔷, 配置コア🔷 ⚠️ラスヘッド・ラスヘッド・甲手スクィード消滅, (支払:ラスヘッド:🔷, 甲手スクィード:🔷, 配置:ラスヘッド:🔷) -> eval: +0.1353
    [8] SUMMON | コスト🔷🔷, 配置コア🔷 ⚠️ラスヘッド・ラスヘッド消滅, (支払:ラスヘッド:🔷, 深巣ダンテクレオ:🔷, 配置:ラスヘッド:🔷) -> eval: +0.1975
    [9] SUMMON | コスト🔷🔷, 配置コア🔷 ⚠️ラスヘッド・甲手スクィード消滅, (支払:甲手スクィード:🔷, 深巣ダンテクレオ:🔷, 配置:ラスヘッド:🔷) -> eval: +0.1874
    [10] SUMMON | コスト🔷🔷, 配置コア🔷 ⚠️ラスヘッド・深巣ダンテクレオ消滅, (支払:深巣ダンテクレオ:🔷🔷, 配置:ラスヘッド:🔷) -> eval: +0.1817
    [11] SUMMON | コスト🔷🔷, 配置コア🔷 ⚠️ラスヘッド・甲手スクィード消滅, (支払:甲手スクィード:🔷, 深巣ダンテクレオ:🔷, 配置:ラスヘッド:🔷) -> eval: +0.1874
    [12] SUMMON | コスト🔷🔷, 配置コア🔷 ⚠️ラスヘッド・深巣ダンテクレオ消滅, (支払:深巣ダンテクレオ:🔷🔷, 配置:ラスヘッド:🔷) -> eval: +0.1817
    [13] SUMMON | コスト🔷🔷, 配置コア🔷 ⚠️甲手スクィード・深巣ダンテクレオ消滅, (支払:深巣ダンテクレオ:🔷🔷, 配置:甲手スクィード:🔷) -> eval: +0.1678
    [14] SUMMON | コスト🔷🔷, 配置コア🔷🔷 ⚠️ラスヘッド・ラスヘッド・甲手スクィード消滅, (支払:甲手スクィード:🔷, 深巣ダンテクレオ:🔷, 配置:ラスヘッド:🔷, ラスヘッド:🔷) -> eval: +0.1493
    [15] SUMMON | コスト🔷🔷, 配置コア🔷🔷 ⚠️ラスヘッド・ラスヘッド・深巣ダンテクレオ消滅, (支払:深巣ダンテクレオ:🔷🔷, 配置:ラスヘッド:🔷, ラスヘッド:🔷) -> eval: +0.1446
    [16] SUMMON | コスト🔷🔷, 配置コア🔷🔷 ⚠️ラスヘッド・甲手スクィード・深巣ダンテクレオ消滅, (支払:深巣ダンテクレオ:🔷🔷, 配置:ラスヘッド:🔷, 甲手スクィード:🔷) -> eval: +0.1336
    [17] SUMMON | コスト🔷🔷, 配置コア🔷🔷 ⚠️ラスヘッド・甲手スクィード・深巣ダンテクレオ消滅, (支払:深巣ダンテクレオ:🔷🔷, 配置:ラスヘッド:🔷, 甲手スクィード:🔷) -> eval: +0.1336
    [18] SUMMON | コスト🔷🔷, 配置コア🔷🔷🔷 ⚠️ラスヘッド・ラスヘッド・甲手スクィード・深巣ダンテクレオ消滅, (支払:深巣ダンテクレオ:🔷🔷, 配置:ラスヘッド:🔷, ラスヘッド:🔷, 甲手スクィード:🔷) -> eval: +0.0739
    [19] USE_MAGIC | コスト🔷, コアは置かない ⚠️ラスヘッド消滅, (支払:ラスヘッド:🔷, 配置:なし) -> eval: +0.1914
    [20] USE_MAGIC | コスト🔷, コアは置かない ⚠️ラスヘッド消滅, (支払:ラスヘッド:🔷, 配置:なし) -> eval: +0.1914
    [21] USE_MAGIC | コスト🔷, コアは置かない ⚠️甲手スクィード消滅, (支払:甲手スクィード:🔷, 配置:なし) -> eval: +0.1788
    [22] USE_MAGIC | コスト🔷, コアは置かない, (支払:深巣ダンテクレオ:🔷, 配置:なし) -> eval: +0.2466
    [23] MOVE_CORE | 🔷を移動 ⚠️ラスヘッド消滅 -> eval: +0.2089
    [24] MOVE_CORE | 🔷を移動 ⚠️ラスヘッド消滅 -> eval: +0.2199
    [25] MOVE_CORE | 🔷を移動 ⚠️ラスヘッド消滅 -> eval: +0.2199
    [26] MOVE_CORE | 🔷を移動 ⚠️ラスヘッド消滅 -> eval: +0.2201
    [27] MOVE_CORE | 🔷を移動 ⚠️ラスヘッド消滅 -> eval: +0.2207
    [28] MOVE_CORE | 🔷を移動 ⚠️ラスヘッド消滅 -> eval: +0.2089
    [29] MOVE_CORE | 🔷を移動 ⚠️ラスヘッド消滅 -> eval: +0.2199
    [30] MOVE_CORE | 🔷を移動 ⚠️ラスヘッド消滅 -> eval: +0.2199
    [31] MOVE_CORE | 🔷を移動 ⚠️ラスヘッド消滅 -> eval: +0.2201
    [32] MOVE_CORE | 🔷を移動 ⚠️ラスヘッド消滅 -> eval: +0.2207
    [33] MOVE_CORE | 🔷を移動 ⚠️甲手スクィード消滅 -> eval: +0.1947
    [34] MOVE_CORE | 🔷を移動 ⚠️甲手スクィード消滅 -> eval: +0.2058
    [35] MOVE_CORE | 🔷を移動 ⚠️甲手スクィード消滅 -> eval: +0.2059
    [36] MOVE_CORE | 🔷を移動 ⚠️甲手スクィード消滅 -> eval: +0.2055
    [37] MOVE_CORE | 🔷を移動 ⚠️甲手スクィード消滅 -> eval: +0.2067
    [38] MOVE_CORE | 🔷を移動 -> eval: +0.2837
    [39] MOVE_CORE | 🔷🔷を移動 ⚠️深巣ダンテクレオ消滅 -> eval: +0.1781
    [40] MOVE_CORE | 🔷を移動 -> eval: +0.2930
    [41] MOVE_CORE | 🔷🔷を移動 ⚠️深巣ダンテクレオ消滅 -> eval: +0.2001
    [42] MOVE_CORE | 🔷を移動 -> eval: +0.2933
    [43] MOVE_CORE | 🔷🔷を移動 ⚠️深巣ダンテクレオ消滅 -> eval: +0.2004
    [44] MOVE_CORE | 🔷を移動 -> eval: +0.2930
    [45] MOVE_CORE | 🔷🔷を移動 ⚠️深巣ダンテクレオ消滅 -> eval: +0.1999
    [46] MOVE_CORE | 🔷を移動 -> eval: +0.2932
    [47] MOVE_CORE | 🔷🔷を移動 ⚠️深巣ダンテクレオ消滅 -> eval: +0.2283
  ステップ終了評価: +0.2937
  => 選択: ステップ終了 (候補最大 +0.2933 <= 終了評価 +0.2937)

Turn 5 | 手数 36 | 手番: P1(run3_run4.kann.weight) | アタック宣言
  盤面:
    P1: Life:1, Reserve:0, Hand:2枚, Field:[ラスヘッド(Lv1,コア1), ラスヘッド(Lv1,コア1), 最奥：緑淵深(Lv1,コア0), 甲手スクィード(Lv1,コア1), 深巣ダンテクレオ(Lv1,コア2)]
    P2: Life:3, Reserve:0, Hand:3枚, Field:[ラスヘッド(Lv1,コア1), ストラレイ(Lv1,コア1), 海幻コエラ＝カンサス(Lv1,コア1)]
  候補行動 (4件):
    [0] ATTACK | ラスヘッド でアタック宣言 (Lv1, BP3000, 通ればライフ-🔷) -> eval: +0.3393
    [1] ATTACK | ラスヘッド でアタック宣言 (Lv1, BP3000, 通ればライフ-🔷) -> eval: +0.3407
    [2] ATTACK | 甲手スクィード でアタック宣言 (Lv1, BP5000, 通ればライフ-🔷) -> eval: +0.3446
    [3] ATTACK | 深巣ダンテクレオ でアタック宣言 (Lv1, BP6000, 通ればライフ-🔷) -> eval: +0.3397
  ステップ終了評価: +0.2937
  => 選択: ATTACK | 甲手スクィード でアタック宣言 (Lv1, BP5000, 通ればライフ-🔷) (eval: +0.3446 > 終了評価 +0.2937)
     効果/結果: 🗡️ 「甲手スクィード」がアタック宣言 (BP5000)

Turn 5 | 手数 37 | 手番: P2(run2_run3.kann.weight) | ブロック宣言
  盤面:
    P1: Life:1, Reserve:0, Hand:2枚, Field:[ラスヘッド(Lv1,コア1), ラスヘッド(Lv1,コア1), 最奥：緑淵深(Lv1,コア0), 甲手スクィード(Lv1,コア1), 深巣ダンテクレオ(Lv1,コア2)]
    P2: Life:3, Reserve:0, Hand:3枚, Field:[ラスヘッド(Lv1,コア1), ストラレイ(Lv1,コア1), 海幻コエラ＝カンサス(Lv1,コア1)]
  候補行動 (1件):
    [0] PASS_BLOCK | ライフでアタックを受ける (ライフ-🔷) -> eval: +0.4781
  => 選択: PASS_BLOCK | ライフでアタックを受ける (ライフ-🔷) (eval: +0.4781)
     効果/結果: 💔 ブロックせず: プレイヤー2 のライフ-1 (コアはリザーブへ)

Turn 5 | 手数 38 | 手番: P1(run3_run4.kann.weight) | アタック宣言
  盤面:
    P1: Life:1, Reserve:0, Hand:2枚, Field:[ラスヘッド(Lv1,コア1), ラスヘッド(Lv1,コア1), 最奥：緑淵深(Lv1,コア0), 甲手スクィード(Lv1,コア1), 深巣ダンテクレオ(Lv1,コア2)]
    P2: Life:2, Reserve:1, Hand:3枚, Field:[ラスヘッド(Lv1,コア1), ストラレイ(Lv1,コア1), 海幻コエラ＝カンサス(Lv1,コア1)]
  候補行動 (3件):
    [0] ATTACK | ラスヘッド でアタック宣言 (Lv1, BP3000, 通ればライフ-🔷) -> eval: +0.3958
    [1] ATTACK | ラスヘッド でアタック宣言 (Lv1, BP3000, 通ればライフ-🔷) -> eval: +0.3956
    [2] ATTACK | 深巣ダンテクレオ でアタック宣言 (Lv1, BP6000, 通ればライフ-🔷) -> eval: +0.3932
  ステップ終了評価: +0.3602
  => 選択: ATTACK | ラスヘッド でアタック宣言 (Lv1, BP3000, 通ればライフ-🔷) (eval: +0.3958 > 終了評価 +0.3602)
     効果/結果: 🗡️ 「ラスヘッド」がアタック宣言 (BP3000)

Turn 5 | 手数 39 | 手番: P2(run2_run3.kann.weight) | ブロック宣言
  盤面:
    P1: Life:1, Reserve:0, Hand:2枚, Field:[ラスヘッド(Lv1,コア1), ラスヘッド(Lv1,コア1), 最奥：緑淵深(Lv1,コア0), 甲手スクィード(Lv1,コア1), 深巣ダンテクレオ(Lv1,コア2)]
    P2: Life:2, Reserve:1, Hand:3枚, Field:[ラスヘッド(Lv1,コア1), ストラレイ(Lv1,コア1), 海幻コエラ＝カンサス(Lv1,コア1)]
  候補行動 (1件):
    [0] PASS_BLOCK | ライフでアタックを受ける (ライフ-🔷) -> eval: +0.4977
  => 選択: PASS_BLOCK | ライフでアタックを受ける (ライフ-🔷) (eval: +0.4977)
     効果/結果: 💔 ブロックせず: プレイヤー2 のライフ-1 (コアはリザーブへ)

Turn 5 | 手数 40 | 手番: P1(run3_run4.kann.weight) | アタック宣言
  盤面:
    P1: Life:1, Reserve:0, Hand:2枚, Field:[ラスヘッド(Lv1,コア1), ラスヘッド(Lv1,コア1), 最奥：緑淵深(Lv1,コア0), 甲手スクィード(Lv1,コア1), 深巣ダンテクレオ(Lv1,コア2)]
    P2: Life:1, Reserve:2, Hand:3枚, Field:[ラスヘッド(Lv1,コア1), ストラレイ(Lv1,コア1), 海幻コエラ＝カンサス(Lv1,コア1)]
  候補行動 (2件):
    [0] ATTACK | ラスヘッド でアタック宣言 (Lv1, BP3000, 通ればライフ-🔷) -> eval: +0.4376
    [1] ATTACK | 深巣ダンテクレオ でアタック宣言 (Lv1, BP6000, 通ればライフ-🔷) -> eval: +0.4369
  ステップ終了評価: +0.4101
  => 選択: ATTACK | ラスヘッド でアタック宣言 (Lv1, BP3000, 通ればライフ-🔷) (eval: +0.4376 > 終了評価 +0.4101)
     効果/結果: 🗡️ 「ラスヘッド」がアタック宣言 (BP3000)

Turn 5 | 手数 41 | 手番: P2(run2_run3.kann.weight) | ブロック宣言
  盤面:
    P1: Life:1, Reserve:0, Hand:2枚, Field:[ラスヘッド(Lv1,コア1), ラスヘッド(Lv1,コア1), 最奥：緑淵深(Lv1,コア0), 甲手スクィード(Lv1,コア1), 深巣ダンテクレオ(Lv1,コア2)]
    P2: Life:1, Reserve:2, Hand:3枚, Field:[ラスヘッド(Lv1,コア1), ストラレイ(Lv1,コア1), 海幻コエラ＝カンサス(Lv1,コア1)]
  候補行動 (1件):
    [0] PASS_BLOCK | ライフでアタックを受ける (ライフ-🔷) -> eval: +0.5145
  => 選択: PASS_BLOCK | ライフでアタックを受ける (ライフ-🔷) (eval: +0.5145)
     効果/結果: 💔 ブロックせず: プレイヤー2 のライフ-1 (コアはリザーブへ)
     効果/結果: 🏁 プレイヤー2 のライフが0になりました

  【決着】 勝者: P1(run3_run4.kann.weight) (5ターン / 42 手)
-----------------------------------------------------------------
対戦 2/10 [シード: -2264386607786871955]
  先手(P1): run2_run3.kann.weight
  後手(P2): run3_run4.kann.weight
-----------------------------------------------------------------
Turn 1 | 手数 0 | 手番: P1(run2_run3.kann.weight) | メインステップ
  盤面:
    P1: Life:5, Reserve:4s, Hand:5枚, Field:[空]
    P2: Life:5, Reserve:4s, Hand:4枚, Field:[空]
  候補行動 (8件):
    [0] SUMMON | コスト🔷🔷🔷, 配置コア🔶, (支払:R:🔷🔷🔷, 配置:R:🔶) -> eval: -0.1100
    [1] SUMMON | コスト🔷🔷🔶, 配置コア🔷, (支払:R:🔷🔷🔶, 配置:R:🔷) -> eval: +0.0448
    [2] SUMMON | コスト🔷🔷🔷, 配置コア🔶, (支払:R:🔷🔷🔷, 配置:R:🔶) -> eval: -0.1636
    [3] SUMMON | コスト🔷🔷🔶, 配置コア🔷, (支払:R:🔷🔷🔶, 配置:R:🔷) -> eval: -0.0167
    [4] SUMMON | コスト🔷🔷🔷, 配置コアなし, (支払:R:🔷🔷🔷, 配置:なし) -> eval: -0.0348
    [5] SUMMON | コスト🔷🔷🔶, 配置コアなし, (支払:R:🔷🔷🔶, 配置:なし) -> eval: -0.0348
    [6] SUMMON | コスト🔷🔷🔷, 配置コア🔶, (支払:R:🔷🔷🔷, 配置:R:🔶) -> eval: -0.0625
    [7] SUMMON | コスト🔷🔷🔶, 配置コア🔷, (支払:R:🔷🔷🔶, 配置:R:🔷) -> eval: -0.0086
  ステップ終了評価: -0.2429
  => 選択: SUMMON | コスト🔷🔷🔶, 配置コア🔷, (支払:R:🔷🔷🔶, 配置:R:🔷) (eval: +0.0448 > 終了評価 -0.2429)
     効果/結果: 🎴 「ストラレイ」を召喚 (コスト3をトラッシュへ)

Turn 1 | 手数 1 | 手番: P1(run2_run3.kann.weight) | メインステップ
  盤面:
    P1: Life:5, Reserve:0, Hand:4枚, Field:[ストラレイ(Lv1,コア1)]
    P2: Life:5, Reserve:4s, Hand:4枚, Field:[空]
  候補行動 (1件):
    [0] MOVE_CORE | 🔷を移動 ⚠️ストラレイ消滅 -> eval: -0.1195
  ステップ終了評価: +0.0448
  => 選択: ステップ終了 (候補最大 -0.1195 <= 終了評価 +0.0448)

Turn 1 | 手数 2 | 手番: P1(run2_run3.kann.weight) | エンドステップ
  盤面:
    P1: Life:5, Reserve:0, Hand:4枚, Field:[ストラレイ(Lv1,コア1)]
    P2: Life:5, Reserve:4s, Hand:4枚, Field:[空]
  候補行動 (0件):
  ステップ終了評価: +0.0064
  => 選択: ステップ終了
     効果/結果: 【ターン 2】 手番: プレイヤー2
     効果/結果: 🔷 コアステップ: ボイドからリザーブへコア1個
     効果/結果: 🃏 ドローステップ: 「パッファー」をドロー (残り35枚)

Turn 2 | 手数 3 | 手番: P2(run3_run4.kann.weight) | メインステップ
  盤面:
    P1: Life:5, Reserve:0, Hand:4枚, Field:[ストラレイ(Lv1,コア1)]
    P2: Life:5, Reserve:5s, Hand:5枚, Field:[空]
  候補行動 (14件):
    [0] SUMMON | コスト🔷🔷🔷, 配置コア🔷, (支払:R:🔷🔷🔷, 配置:R:🔷) -> eval: -0.0223
    [1] SUMMON | コスト🔷🔷🔷, 配置コア🔶, (支払:R:🔷🔷🔷, 配置:R:🔶) -> eval: +0.0376
    [2] SUMMON | コスト🔷🔷🔶, 配置コア🔷, (支払:R:🔷🔷🔶, 配置:R:🔷) -> eval: -0.0223
    [3] SUMMON | コスト🔷🔷🔷, 配置コア🔷🔶, (支払:R:🔷🔷🔷, 配置:R:🔷🔶) -> eval: +0.0485
    [4] SUMMON | コスト🔷🔷🔶, 配置コア🔷🔷, (支払:R:🔷🔷🔶, 配置:R:🔷🔷) -> eval: -0.0104
    [5] SUMMON | コスト🔷🔷🔷🔷, 配置コアなし, (支払:R:🔷🔷🔷🔷, 配置:なし) -> eval: -0.0768
    [6] SUMMON | コスト🔷🔷🔷🔶, 配置コアなし, (支払:R:🔷🔷🔷🔶, 配置:なし) -> eval: -0.0768
    [7] SUMMON | コスト🔷🔷🔷🔷, 配置コア🔶, (支払:R:🔷🔷🔷🔷, 配置:R:🔶) -> eval: -0.0246
    [8] SUMMON | コスト🔷🔷🔷🔶, 配置コア🔷, (支払:R:🔷🔷🔷🔶, 配置:R:🔷) -> eval: -0.0638
    [9] SUMMON | コスト🔷🔷🔷, 配置コア🔷, (支払:R:🔷🔷🔷, 配置:R:🔷) -> eval: -0.0554
    [10] SUMMON | コスト🔷🔷🔷, 配置コア🔶, (支払:R:🔷🔷🔷, 配置:R:🔶) -> eval: -0.0284
    [11] SUMMON | コスト🔷🔷🔶, 配置コア🔷, (支払:R:🔷🔷🔶, 配置:R:🔷) -> eval: -0.0554
    [12] SUMMON | コスト🔷🔷🔷, 配置コア🔷🔶, (支払:R:🔷🔷🔷, 配置:R:🔷🔶) -> eval: +0.0036
    [13] SUMMON | コスト🔷🔷🔶, 配置コア🔷🔷, (支払:R:🔷🔷🔶, 配置:R:🔷🔷) -> eval: +0.0004
  ステップ終了評価: -0.1829
  => 選択: SUMMON | コスト🔷🔷🔷, 配置コア🔷🔶, (支払:R:🔷🔷🔷, 配置:R:🔷🔶) (eval: +0.0485 > 終了評価 -0.1829)
     効果/結果: 🎴 「ラスヘッド」を召喚 (コスト3をトラッシュへ)

Turn 2 | 手数 4 | 手番: P2(run3_run4.kann.weight) | メインステップ
  盤面:
    P1: Life:5, Reserve:0, Hand:4枚, Field:[ストラレイ(Lv1,コア1)]
    P2: Life:5, Reserve:0, Hand:4枚, Field:[ラスヘッド(Lv2,コア2s)]
  候補行動 (3件):
    [0] MOVE_CORE | 🔷を移動 -> eval: +0.0376
    [1] MOVE_CORE | 🔶を移動 -> eval: -0.0223
    [2] MOVE_CORE | 🔷🔶を移動 ⚠️ラスヘッド消滅 -> eval: -0.1335
  ステップ終了評価: +0.0485
  => 選択: ステップ終了 (候補最大 +0.0376 <= 終了評価 +0.0485)

Turn 2 | 手数 5 | 手番: P2(run3_run4.kann.weight) | アタック宣言
  盤面:
    P1: Life:5, Reserve:0, Hand:4枚, Field:[ストラレイ(Lv1,コア1)]
    P2: Life:5, Reserve:0, Hand:4枚, Field:[ラスヘッド(Lv2,コア2s)]
  候補行動 (1件):
    [0] ATTACK | ラスヘッド でアタック宣言 (Lv2, BP5000, 通ればライフ-🔷) -> eval: +0.0438
  ステップ終了評価: +0.0485
  => 選択: ステップ終了 (候補最大 +0.0438 <= 終了評価 +0.0485)

Turn 2 | 手数 6 | 手番: P2(run3_run4.kann.weight) | 第2メインステップ
  盤面:
    P1: Life:5, Reserve:0, Hand:4枚, Field:[ストラレイ(Lv1,コア1)]
    P2: Life:5, Reserve:0, Hand:4枚, Field:[ラスヘッド(Lv2,コア2s)]
  候補行動 (3件):
    [0] MOVE_CORE | 🔷を移動 -> eval: +0.0376
    [1] MOVE_CORE | 🔶を移動 -> eval: -0.0223
    [2] MOVE_CORE | 🔷🔶を移動 ⚠️ラスヘッド消滅 -> eval: -0.1335
  ステップ終了評価: +0.0485
  => 選択: ステップ終了 (候補最大 +0.0376 <= 終了評価 +0.0485)

Turn 2 | 手数 7 | 手番: P2(run3_run4.kann.weight) | エンドステップ
  盤面:
    P1: Life:5, Reserve:0, Hand:4枚, Field:[ストラレイ(Lv1,コア1)]
    P2: Life:5, Reserve:0, Hand:4枚, Field:[ラスヘッド(Lv2,コア2s)]
  候補行動 (0件):
  ステップ終了評価: +0.1023
  => 選択: ステップ終了
     効果/結果: 【ターン 3】 手番: プレイヤー1
     効果/結果: 🔷 コアステップ: ボイドからリザーブへコア1個
     効果/結果: 🃏 ドローステップ: 「水泡群域」をドロー (残り34枚)
     効果/結果: ♻️ リフレッシュステップ: トラッシュのコア3個をリザーブへ

Turn 3 | 手数 8 | 手番: P1(run2_run3.kann.weight) | メインステップ
  盤面:
    P1: Life:5, Reserve:4s, Hand:5枚, Field:[ストラレイ(Lv1,コア1)]
    P2: Life:5, Reserve:0, Hand:4枚, Field:[ラスヘッド(Lv2,コア2s)]
  候補行動 (50件):
    [0] SUMMON | コスト🔷🔷, 配置コア🔷, (支払:R:🔷🔷, 配置:R:🔷) -> eval: +0.1060
    [1] SUMMON | コスト🔷🔷, 配置コア🔷 ⚠️ストラレイ消滅, (支払:R:🔷, ストラレイ:🔷, 配置:R:🔷) -> eval: -0.0231
    [2] SUMMON | コスト🔷🔷, 配置コア🔶, (支払:R:🔷🔷, 配置:R:🔶) -> eval: +0.1440
    [3] SUMMON | コスト🔷🔷, 配置コア🔶 ⚠️ストラレイ消滅, (支払:R:🔷, ストラレイ:🔷, 配置:R:🔶) -> eval: -0.0076
    [4] SUMMON | コスト🔷🔶, 配置コア🔷, (支払:R:🔷🔶, 配置:R:🔷) -> eval: +0.1060
    [5] SUMMON | コスト🔷🔶, 配置コア🔷 ⚠️ストラレイ消滅, (支払:R:🔶, ストラレイ:🔷, 配置:R:🔷) -> eval: -0.0231
    [6] SUMMON | コスト🔷🔷, 配置コア🔷🔷 ⚠️ストラレイ消滅, (支払:R:🔷, ストラレイ:🔷, 配置:R:🔷🔷) -> eval: -0.0008
    [7] SUMMON | コスト🔷🔷, 配置コア🔷🔶, (支払:R:🔷🔷, 配置:R:🔷🔶) -> eval: +0.1706
    [8] SUMMON | コスト🔷🔷, 配置コア🔷🔶 ⚠️ストラレイ消滅, (支払:R:🔷, ストラレイ:🔷, 配置:R:🔷🔶) -> eval: -0.0019
    [9] SUMMON | コスト🔷🔶, 配置コア🔷🔷, (支払:R:🔷🔶, 配置:R:🔷🔷) -> eval: +0.1555
    [10] SUMMON | コスト🔷🔶, 配置コア🔷🔷 ⚠️ストラレイ消滅, (支払:R:🔶, ストラレイ:🔷, 配置:R:🔷🔷) -> eval: -0.0008
    [11] SUMMON | コスト🔷🔷, 配置コア🔷🔷🔶 ⚠️ストラレイ消滅, (支払:R:🔷, ストラレイ:🔷, 配置:R:🔷🔷🔶) -> eval: +0.0051
    [12] SUMMON | コスト🔷🔶, 配置コア🔷🔷🔷 ⚠️ストラレイ消滅, (支払:R:🔶, ストラレイ:🔷, 配置:R:🔷🔷🔷) -> eval: +0.0092
    [13] SUMMON | コスト🔷🔷, 配置コアなし, (支払:R:🔷🔷, 配置:なし) -> eval: +0.0742
    [14] SUMMON | コスト🔷🔷, 配置コアなし ⚠️ストラレイ消滅, (支払:R:🔷, ストラレイ:🔷, 配置:なし) -> eval: -0.0457
    [15] SUMMON | コスト🔷🔶, 配置コアなし, (支払:R:🔷🔶, 配置:なし) -> eval: +0.0742
    [16] SUMMON | コスト🔷🔶, 配置コアなし ⚠️ストラレイ消滅, (支払:R:🔶, ストラレイ:🔷, 配置:なし) -> eval: -0.0457
    [17] SUMMON | コスト🔷🔷, 配置コア🔷, (支払:R:🔷🔷, 配置:R:🔷) -> eval: +0.0846
    [18] SUMMON | コスト🔷🔷, 配置コア🔷 ⚠️ストラレイ消滅, (支払:R:🔷, ストラレイ:🔷, 配置:R:🔷) -> eval: -0.0389
    [19] SUMMON | コスト🔷🔷, 配置コア🔶, (支払:R:🔷🔷, 配置:R:🔶) -> eval: +0.1325
    [20] SUMMON | コスト🔷🔷, 配置コア🔶 ⚠️ストラレイ消滅, (支払:R:🔷, ストラレイ:🔷, 配置:R:🔶) -> eval: -0.0256
    [21] SUMMON | コスト🔷🔶, 配置コア🔷, (支払:R:🔷🔶, 配置:R:🔷) -> eval: +0.0846
    [22] SUMMON | コスト🔷🔶, 配置コア🔷 ⚠️ストラレイ消滅, (支払:R:🔶, ストラレイ:🔷, 配置:R:🔷) -> eval: -0.0389
    [23] SUMMON | コスト🔷🔷, 配置コア🔷🔷 ⚠️ストラレイ消滅, (支払:R:🔷, ストラレイ:🔷, 配置:R:🔷🔷) -> eval: -0.0307
    [24] SUMMON | コスト🔷🔷, 配置コア🔷🔶, (支払:R:🔷🔷, 配置:R:🔷🔶) -> eval: +0.1418
    [25] SUMMON | コスト🔷🔷, 配置コア🔷🔶 ⚠️ストラレイ消滅, (支払:R:🔷, ストラレイ:🔷, 配置:R:🔷🔶) -> eval: -0.0195
    [26] SUMMON | コスト🔷🔶, 配置コア🔷🔷, (支払:R:🔷🔶, 配置:R:🔷🔷) -> eval: +0.0961
    [27] SUMMON | コスト🔷🔶, 配置コア🔷🔷 ⚠️ストラレイ消滅, (支払:R:🔶, ストラレイ:🔷, 配置:R:🔷🔷) -> eval: -0.0307
    [28] SUMMON | コスト🔷🔷, 配置コア🔷🔷🔶 ⚠️ストラレイ消滅, (支払:R:🔷, ストラレイ:🔷, 配置:R:🔷🔷🔶) -> eval: -0.0122
    [29] SUMMON | コスト🔷🔶, 配置コア🔷🔷🔷 ⚠️ストラレイ消滅, (支払:R:🔶, ストラレイ:🔷, 配置:R:🔷🔷🔷) -> eval: -0.0213
    [30] SUMMON | コスト🔷🔷🔷, 配置コアなし, (支払:R:🔷🔷🔷, 配置:なし) -> eval: +0.0805
    [31] SUMMON | コスト🔷🔷🔷, 配置コアなし ⚠️ストラレイ消滅, (支払:R:🔷🔷, ストラレイ:🔷, 配置:なし) -> eval: -0.0424
    [32] SUMMON | コスト🔷🔷🔶, 配置コアなし, (支払:R:🔷🔷🔶, 配置:なし) -> eval: +0.0805
    [33] SUMMON | コスト🔷🔷🔶, 配置コアなし ⚠️ストラレイ消滅, (支払:R:🔷🔶, ストラレイ:🔷, 配置:なし) -> eval: -0.0424
    [34] SUMMON | コスト🔷🔷🔷, 配置コア🔷 ⚠️ストラレイ消滅, (支払:R:🔷🔷, ストラレイ:🔷, 配置:R:🔷) -> eval: -0.0355
    [35] SUMMON | コスト🔷🔷🔷, 配置コア🔶, (支払:R:🔷🔷🔷, 配置:R:🔶) -> eval: +0.1301
    [36] SUMMON | コスト🔷🔷🔷, 配置コア🔶 ⚠️ストラレイ消滅, (支払:R:🔷🔷, ストラレイ:🔷, 配置:R:🔶) -> eval: -0.0180
    [37] SUMMON | コスト🔷🔷🔶, 配置コア🔷, (支払:R:🔷🔷🔶, 配置:R:🔷) -> eval: +0.0915
    [38] SUMMON | コスト🔷🔷🔶, 配置コア🔷 ⚠️ストラレイ消滅, (支払:R:🔷🔶, ストラレイ:🔷, 配置:R:🔷) -> eval: -0.0355
    [39] SUMMON | コスト🔷🔷🔷, 配置コア🔷🔶 ⚠️ストラレイ消滅, (支払:R:🔷🔷, ストラレイ:🔷, 配置:R:🔷🔶) -> eval: -0.0186
    [40] SUMMON | コスト🔷🔷🔶, 配置コア🔷🔷 ⚠️ストラレイ消滅, (支払:R:🔷🔶, ストラレイ:🔷, 配置:R:🔷🔷) -> eval: -0.0226
    [41] MOVE_CORE | 🔷を移動 -> eval: +0.0280
    [42] MOVE_CORE | 🔶を移動 -> eval: +0.0552
    [43] MOVE_CORE | 🔷🔷を移動 -> eval: +0.1059
    [44] MOVE_CORE | 🔷🔶を移動 -> eval: +0.1068
    [45] MOVE_CORE | 🔷🔷🔷を移動 -> eval: +0.1164
    [46] MOVE_CORE | 🔷🔷🔶を移動 -> eval: +0.1145
    [47] MOVE_CORE | 🔷🔷🔷🔶を移動 -> eval: +0.1230
    [48] MOVE_CORE | 🔶 ⇄ 🔷 を交換 -> eval: +0.0505
    [49] MOVE_CORE | 🔷を移動 ⚠️ストラレイ消滅 -> eval: -0.1194
  ステップ終了評価: +0.0209
  => 選択: SUMMON | コスト🔷🔷, 配置コア🔷🔶, (支払:R:🔷🔷, 配置:R:🔷🔶) (eval: +0.1706 > 終了評価 +0.0209)
     効果/結果: 🎴 「パッファー」を召喚 (コスト2をトラッシュへ)

Turn 3 | 手数 9 | 手番: P1(run2_run3.kann.weight) | メインステップ
  盤面:
    P1: Life:5, Reserve:0, Hand:4枚, Field:[ストラレイ(Lv1,コア1), パッファー(Lv2,コア2s)]
    P2: Life:5, Reserve:0, Hand:4枚, Field:[ラスヘッド(Lv2,コア2s)]
  候補行動 (24件):
    [0] SUMMON | コスト🔷, 配置コアなし ⚠️ストラレイ消滅, (支払:ストラレイ:🔷, 配置:なし) -> eval: +0.0225
    [1] SUMMON | コスト🔷, 配置コアなし, (支払:パッファー:🔷, 配置:なし) -> eval: +0.1745
    [2] SUMMON | コスト🔶, 配置コアなし, (支払:パッファー:🔶, 配置:なし) -> eval: +0.1369
    [3] SUMMON | コスト🔷, 配置コア🔷 ⚠️ストラレイ消滅, (支払:パッファー:🔷, 配置:ストラレイ:🔷) -> eval: +0.0297
    [4] SUMMON | コスト🔷, 配置コア🔶 ⚠️ストラレイ消滅, (支払:ストラレイ:🔷, 配置:パッファー:🔶) -> eval: +0.0425
    [5] SUMMON | コスト🔷, 配置コア🔶 ⚠️パッファー消滅, (支払:パッファー:🔷, 配置:パッファー:🔶) -> eval: +0.0563
    [6] SUMMON | コスト🔶, 配置コア🔷 ⚠️ストラレイ消滅, (支払:パッファー:🔶, 配置:ストラレイ:🔷) -> eval: +0.0311
    [7] SUMMON | コスト🔶, 配置コア🔷 ⚠️パッファー消滅, (支払:パッファー:🔶, 配置:パッファー:🔷) -> eval: +0.0457
    [8] SUMMON | コスト🔷, 配置コア🔷🔶 ⚠️ストラレイ・パッファー消滅, (支払:パッファー:🔷, 配置:ストラレイ:🔷, パッファー:🔶) -> eval: -0.0409
    [9] SUMMON | コスト🔶, 配置コア🔷🔷 ⚠️ストラレイ・パッファー消滅, (支払:パッファー:🔶, 配置:ストラレイ:🔷, パッファー:🔷) -> eval: -0.0304
    [10] SUMMON | コスト🔷🔷, 配置コアなし ⚠️ストラレイ消滅, (支払:ストラレイ:🔷, パッファー:🔷, 配置:なし) -> eval: +0.0264
    [11] SUMMON | コスト🔷🔶, 配置コアなし ⚠️ストラレイ消滅, (支払:ストラレイ:🔷, パッファー:🔶, 配置:なし) -> eval: +0.0269
    [12] SUMMON | コスト🔷🔶, 配置コアなし ⚠️パッファー消滅, (支払:パッファー:🔷🔶, 配置:なし) -> eval: +0.0422
    [13] SUMMON | コスト🔷🔷, 配置コア🔶 ⚠️ストラレイ・パッファー消滅, (支払:ストラレイ:🔷, パッファー:🔷, 配置:パッファー:🔶) -> eval: -0.0370
    [14] SUMMON | コスト🔷🔶, 配置コア🔷 ⚠️ストラレイ・パッファー消滅, (支払:パッファー:🔷🔶, 配置:ストラレイ:🔷) -> eval: -0.0346
    [15] MOVE_CORE | 🔷を移動 ⚠️ストラレイ消滅 -> eval: -0.0019
    [16] MOVE_CORE | 🔷を移動 ⚠️ストラレイ消滅 -> eval: +0.0051
    [17] MOVE_CORE | 🔷を移動 -> eval: +0.1440
    [18] MOVE_CORE | 🔶を移動 -> eval: +0.1060
    [19] MOVE_CORE | 🔷🔶を移動 ⚠️パッファー消滅 -> eval: -0.0057
    [20] MOVE_CORE | 🔷を移動 -> eval: +0.1467
    [21] MOVE_CORE | 🔶を移動 -> eval: +0.1414
    [22] MOVE_CORE | 🔷🔶を移動 ⚠️パッファー消滅 -> eval: +0.0288
    [23] MOVE_CORE | 🔶 ⇄ 🔷 を交換 -> eval: +0.1806
  ステップ終了評価: +0.1706
  => 選択: MOVE_CORE | 🔶 ⇄ 🔷 を交換 (eval: +0.1806 > 終了評価 +0.1706)
     効果/結果: 🔷 「パッファー」➔「ストラレイ」 ソウルコア1個 / 「ストラレイ」➔「パッファー」 通常コア1個

Turn 3 | 手数 10 | 手番: P1(run2_run3.kann.weight) | メインステップ
  盤面:
    P1: Life:5, Reserve:0, Hand:4枚, Field:[ストラレイ(Lv1,コア1s), パッファー(Lv2,コア2)]
    P2: Life:5, Reserve:0, Hand:4枚, Field:[ラスヘッド(Lv2,コア2s)]
  候補行動 (17件):
    [0] SUMMON | コスト🔷, 配置コアなし, (支払:パッファー:🔷, 配置:なし) -> eval: +0.1436
    [1] SUMMON | コスト🔶, 配置コアなし ⚠️ストラレイ消滅, (支払:ストラレイ:🔶, 配置:なし) -> eval: +0.0350
    [2] SUMMON | コスト🔷, 配置コア🔷 ⚠️パッファー消滅, (支払:パッファー:🔷, 配置:パッファー:🔷) -> eval: +0.0384
    [3] SUMMON | コスト🔷, 配置コア🔶 ⚠️ストラレイ消滅, (支払:パッファー:🔷, 配置:ストラレイ:🔶) -> eval: +0.0425
    [4] SUMMON | コスト🔶, 配置コア🔷 ⚠️ストラレイ消滅, (支払:ストラレイ:🔶, 配置:パッファー:🔷) -> eval: +0.0311
    [5] SUMMON | コスト🔷, 配置コア🔷🔶 ⚠️ストラレイ・パッファー消滅, (支払:パッファー:🔷, 配置:ストラレイ:🔶, パッファー:🔷) -> eval: -0.0409
    [6] SUMMON | コスト🔶, 配置コア🔷🔷 ⚠️ストラレイ・パッファー消滅, (支払:ストラレイ:🔶, 配置:パッファー:🔷🔷) -> eval: -0.0304
    [7] SUMMON | コスト🔷🔷, 配置コアなし ⚠️パッファー消滅, (支払:パッファー:🔷🔷, 配置:なし) -> eval: +0.0360
    [8] SUMMON | コスト🔷🔶, 配置コアなし ⚠️ストラレイ消滅, (支払:ストラレイ:🔶, パッファー:🔷, 配置:なし) -> eval: +0.0269
    [9] SUMMON | コスト🔷🔷, 配置コア🔶 ⚠️ストラレイ・パッファー消滅, (支払:パッファー:🔷🔷, 配置:ストラレイ:🔶) -> eval: -0.0370
    [10] SUMMON | コスト🔷🔶, 配置コア🔷 ⚠️ストラレイ・パッファー消滅, (支払:ストラレイ:🔶, パッファー:🔷, 配置:パッファー:🔷) -> eval: -0.0346
    [11] MOVE_CORE | 🔶を移動 ⚠️ストラレイ消滅 -> eval: -0.0008
    [12] MOVE_CORE | 🔶を移動 ⚠️ストラレイ消滅 -> eval: +0.0051
    [13] MOVE_CORE | 🔷を移動 -> eval: +0.1377
    [14] MOVE_CORE | 🔷🔷を移動 ⚠️パッファー消滅 -> eval: +0.0034
    [15] MOVE_CORE | 🔷を移動 -> eval: +0.1414
    [16] MOVE_CORE | 🔷🔷を移動 ⚠️パッファー消滅 -> eval: +0.0288
  ステップ終了評価: +0.1806
  => 選択: ステップ終了 (候補最大 +0.1436 <= 終了評価 +0.1806)

Turn 3 | 手数 11 | 手番: P1(run2_run3.kann.weight) | アタック宣言
  盤面:
    P1: Life:5, Reserve:0, Hand:4枚, Field:[ストラレイ(Lv1,コア1s), パッファー(Lv2,コア2)]
    P2: Life:5, Reserve:0, Hand:4枚, Field:[ラスヘッド(Lv2,コア2s)]
  候補行動 (2件):
    [0] ATTACK | ストラレイ でアタック宣言 (Lv1, BP4000, 通ればライフ-🔷) -> eval: +0.2455
    [1] ATTACK | パッファー でアタック宣言 (Lv2, BP3000, 通ればライフ-🔷) -> eval: +0.2561
  ステップ終了評価: +0.1806
  => 選択: ATTACK | パッファー でアタック宣言 (Lv2, BP3000, 通ればライフ-🔷) (eval: +0.2561 > 終了評価 +0.1806)
     効果/結果: 🗡️ 「パッファー」がアタック宣言 (BP3000)

Turn 3 | 手数 12 | 手番: P2(run3_run4.kann.weight) | ブロック宣言
  盤面:
    P1: Life:5, Reserve:0, Hand:4枚, Field:[ストラレイ(Lv1,コア1s), パッファー(Lv2,コア2)]
    P2: Life:5, Reserve:0, Hand:4枚, Field:[ラスヘッド(Lv2,コア2s)]
  候補行動 (2件):
    [0] BLOCK | ラスヘッド でブロック (BP5000 vs BP3000 → パッファーを破壊) -> eval: -0.0100
    [1] PASS_BLOCK | ライフでアタックを受ける (ライフ-🔷) -> eval: +0.1586
  => 選択: PASS_BLOCK | ライフでアタックを受ける (ライフ-🔷) (eval: +0.1586)
     効果/結果: 💔 ブロックせず: プレイヤー2 のライフ-1 (コアはリザーブへ)

Turn 3 | 手数 13 | 手番: P1(run2_run3.kann.weight) | アタック宣言
  盤面:
    P1: Life:5, Reserve:0, Hand:4枚, Field:[ストラレイ(Lv1,コア1s), パッファー(Lv2,コア2)]
    P2: Life:4, Reserve:1, Hand:4枚, Field:[ラスヘッド(Lv2,コア2s)]
  候補行動 (1件):
    [0] ATTACK | ストラレイ でアタック宣言 (Lv1, BP4000, 通ればライフ-🔷) -> eval: +0.3152
  ステップ終了評価: +0.2623
  => 選択: ATTACK | ストラレイ でアタック宣言 (Lv1, BP4000, 通ればライフ-🔷) (eval: +0.3152 > 終了評価 +0.2623)
     効果/結果: 🗡️ 「ストラレイ」がアタック宣言 (BP4000)

Turn 3 | 手数 14 | 手番: P2(run3_run4.kann.weight) | ブロック宣言
  盤面:
    P1: Life:5, Reserve:0, Hand:4枚, Field:[ストラレイ(Lv1,コア1s), パッファー(Lv2,コア2)]
    P2: Life:4, Reserve:1, Hand:4枚, Field:[ラスヘッド(Lv2,コア2s)]
  候補行動 (2件):
    [0] BLOCK | ラスヘッド でブロック (BP5000 vs BP4000 → ストラレイを破壊) -> eval: +0.0180
    [1] PASS_BLOCK | ライフでアタックを受ける (ライフ-🔷) -> eval: +0.1754
  => 選択: PASS_BLOCK | ライフでアタックを受ける (ライフ-🔷) (eval: +0.1754)
     効果/結果: 💔 ブロックせず: プレイヤー2 のライフ-1 (コアはリザーブへ)

Turn 3 | 手数 15 | 手番: P1(run2_run3.kann.weight) | アタック宣言
  盤面:
    P1: Life:5, Reserve:0, Hand:4枚, Field:[ストラレイ(Lv1,コア1s), パッファー(Lv2,コア2)]
    P2: Life:3, Reserve:2, Hand:4枚, Field:[ラスヘッド(Lv2,コア2s)]
  候補行動 (0件):
  ステップ終了評価: +0.3216
  => 選択: ステップ終了

Turn 3 | 手数 16 | 手番: P1(run2_run3.kann.weight) | 第2メインステップ
  盤面:
    P1: Life:5, Reserve:0, Hand:4枚, Field:[ストラレイ(Lv1,コア1s), パッファー(Lv2,コア2)]
    P2: Life:3, Reserve:2, Hand:4枚, Field:[ラスヘッド(Lv2,コア2s)]
  候補行動 (18件):
    [0] SUMMON | コスト🔷, 配置コアなし, (支払:パッファー:🔷, 配置:なし) -> eval: +0.2880
    [1] SUMMON | コスト🔶, 配置コアなし ⚠️ストラレイ消滅, (支払:ストラレイ:🔶, 配置:なし) -> eval: +0.1201
    [2] SUMMON | コスト🔷, 配置コア🔷 ⚠️パッファー消滅, (支払:パッファー:🔷, 配置:パッファー:🔷) -> eval: +0.1163
    [3] SUMMON | コスト🔷, 配置コア🔶 ⚠️ストラレイ消滅, (支払:パッファー:🔷, 配置:ストラレイ:🔶) -> eval: +0.1149
    [4] SUMMON | コスト🔶, 配置コア🔷 ⚠️ストラレイ消滅, (支払:ストラレイ:🔶, 配置:パッファー:🔷) -> eval: +0.1165
    [5] SUMMON | コスト🔷, 配置コア🔷🔶 ⚠️ストラレイ・パッファー消滅, (支払:パッファー:🔷, 配置:ストラレイ:🔶, パッファー:🔷) -> eval: -0.0311
    [6] SUMMON | コスト🔶, 配置コア🔷🔷 ⚠️ストラレイ・パッファー消滅, (支払:ストラレイ:🔶, 配置:パッファー:🔷🔷) -> eval: -0.0200
    [7] SUMMON | コスト🔷🔷, 配置コアなし ⚠️パッファー消滅, (支払:パッファー:🔷🔷, 配置:なし) -> eval: +0.1178
    [8] SUMMON | コスト🔷🔶, 配置コアなし ⚠️ストラレイ消滅, (支払:ストラレイ:🔶, パッファー:🔷, 配置:なし) -> eval: +0.1167
    [9] SUMMON | コスト🔷🔷, 配置コア🔶 ⚠️ストラレイ・パッファー消滅, (支払:パッファー:🔷🔷, 配置:ストラレイ:🔶) -> eval: -0.0277
    [10] SUMMON | コスト🔷🔶, 配置コア🔷 ⚠️ストラレイ・パッファー消滅, (支払:ストラレイ:🔶, パッファー:🔷, 配置:パッファー:🔷) -> eval: -0.0247
    [11] MOVE_CORE | 🔶を移動 ⚠️ストラレイ消滅 -> eval: +0.0852
    [12] MOVE_CORE | 🔶を移動 ⚠️ストラレイ消滅 -> eval: +0.0841
    [13] MOVE_CORE | 🔶 ⇄ 🔷 を交換 -> eval: +0.3125
    [14] MOVE_CORE | 🔷を移動 -> eval: +0.2772
    [15] MOVE_CORE | 🔷🔷を移動 ⚠️パッファー消滅 -> eval: +0.0763
    [16] MOVE_CORE | 🔷を移動 -> eval: +0.2843
    [17] MOVE_CORE | 🔷🔷を移動 ⚠️パッファー消滅 -> eval: +0.1088
  ステップ終了評価: +0.3216
  => 選択: ステップ終了 (候補最大 +0.3125 <= 終了評価 +0.3216)

Turn 3 | 手数 17 | 手番: P1(run2_run3.kann.weight) | エンドステップ
  盤面:
    P1: Life:5, Reserve:0, Hand:4枚, Field:[ストラレイ(Lv1,コア1s), パッファー(Lv2,コア2)]
    P2: Life:3, Reserve:2, Hand:4枚, Field:[ラスヘッド(Lv2,コア2s)]
  候補行動 (0件):
  ステップ終了評価: +0.3497
  => 選択: ステップ終了
     効果/結果: 【ターン 4】 手番: プレイヤー2
     効果/結果: 🔷 コアステップ: ボイドからリザーブへコア1個
     効果/結果: 🃏 ドローステップ: 「透笠オリンディアス」をドロー (残り33枚)
     効果/結果: ♻️ リフレッシュステップ: トラッシュのコア3個をリザーブへ

Turn 4 | 手数 18 | 手番: P2(run3_run4.kann.weight) | メインステップ
  盤面:
    P1: Life:5, Reserve:0, Hand:4枚, Field:[ストラレイ(Lv1,コア1s), パッファー(Lv2,コア2)]
    P2: Life:3, Reserve:6, Hand:5枚, Field:[ラスヘッド(Lv2,コア2s)]
  候補行動 (87件):
    [0] SUMMON | コスト🔷🔷🔷🔷🔷, 配置コア🔷, (支払:R:🔷🔷🔷🔷🔷, 配置:R:🔷) -> eval: +0.1690
    [1] SUMMON | コスト🔷🔷🔷🔷🔷, 配置コア🔷, (支払:R:🔷🔷🔷🔷, ラスヘッド:🔷, 配置:R:🔷) -> eval: +0.1626
    [2] SUMMON | コスト🔷🔷🔷🔷🔷, 配置コア🔶, (支払:R:🔷🔷🔷🔷🔷, 配置:ラスヘッド:🔶) -> eval: +0.1794
    [3] SUMMON | コスト🔷🔷🔷🔷🔷, 配置コア🔶 ⚠️ラスヘッド消滅, (支払:R:🔷🔷🔷🔷, ラスヘッド:🔷, 配置:ラスヘッド:🔶) -> eval: -0.0104
    [4] SUMMON | コスト🔷🔷🔷🔷🔶, 配置コア🔷, (支払:R:🔷🔷🔷🔷, ラスヘッド:🔶, 配置:R:🔷) -> eval: +0.1750
    [5] SUMMON | コスト🔷🔷🔷🔷🔶, 配置コア🔷 ⚠️ラスヘッド消滅, (支払:R:🔷🔷🔷, ラスヘッド:🔷🔶, 配置:R:🔷) -> eval: +0.0223
    [6] SUMMON | コスト🔷🔷🔷🔷🔷, 配置コア🔷🔷, (支払:R:🔷🔷🔷🔷, ラスヘッド:🔷, 配置:R:🔷🔷) -> eval: +0.1890
    [7] SUMMON | コスト🔷🔷🔷🔷🔷, 配置コア🔷🔶, (支払:R:🔷🔷🔷🔷🔷, 配置:R:🔷, ラスヘッド:🔶) -> eval: +0.1980
    [8] SUMMON | コスト🔷🔷🔷🔷🔷, 配置コア🔷🔶 ⚠️ラスヘッド消滅, (支払:R:🔷🔷🔷🔷, ラスヘッド:🔷, 配置:R:🔷, ラスヘッド:🔶) -> eval: +0.0085
    [9] SUMMON | コスト🔷🔷🔷🔷🔶, 配置コア🔷🔷, (支払:R:🔷🔷🔷🔷, ラスヘッド:🔶, 配置:R:🔷🔷) -> eval: +0.2085
    [10] SUMMON | コスト🔷🔷🔷🔷🔶, 配置コア🔷🔷 ⚠️ラスヘッド消滅, (支払:R:🔷🔷🔷, ラスヘッド:🔷🔶, 配置:R:🔷🔷) -> eval: +0.0484
    [11] SUMMON | コスト🔷🔷🔷🔷🔷, 配置コア🔷🔷🔶 ⚠️ラスヘッド消滅, (支払:R:🔷🔷🔷🔷, ラスヘッド:🔷, 配置:R:🔷🔷, ラスヘッド:🔶) -> eval: +0.0184
    [12] SUMMON | コスト🔷🔷🔷🔷🔶, 配置コア🔷🔷🔷 ⚠️ラスヘッド消滅, (支払:R:🔷🔷🔷, ラスヘッド:🔷🔶, 配置:R:🔷🔷🔷) -> eval: +0.0580
    [13] SUMMON | コスト🔷🔷🔷, 配置コアなし, (支払:R:🔷🔷🔷, 配置:なし) -> eval: +0.1080
    [14] SUMMON | コスト🔷🔷🔷, 配置コアなし, (支払:R:🔷🔷, ラスヘッド:🔷, 配置:なし) -> eval: +0.1042
    [15] SUMMON | コスト🔷🔷🔶, 配置コアなし, (支払:R:🔷🔷, ラスヘッド:🔶, 配置:なし) -> eval: +0.1105
    [16] SUMMON | コスト🔷🔷🔶, 配置コアなし ⚠️ラスヘッド消滅, (支払:R:🔷, ラスヘッド:🔷🔶, 配置:なし) -> eval: -0.0398
    [17] SUMMON | コスト🔷🔷🔷, 配置コア🔷, (支払:R:🔷🔷🔷, 配置:R:🔷) -> eval: +0.1116
    [18] SUMMON | コスト🔷🔷🔷, 配置コア🔷, (支払:R:🔷🔷, ラスヘッド:🔷, 配置:R:🔷) -> eval: +0.1071
    [19] SUMMON | コスト🔷🔷🔷, 配置コア🔶, (支払:R:🔷🔷🔷, 配置:ラスヘッド:🔶) -> eval: +0.1366
    [20] SUMMON | コスト🔷🔷🔷, 配置コア🔶 ⚠️ラスヘッド消滅, (支払:R:🔷🔷, ラスヘッド:🔷, 配置:ラスヘッド:🔶) -> eval: -0.0524
    [21] SUMMON | コスト🔷🔷🔶, 配置コア🔷, (支払:R:🔷🔷, ラスヘッド:🔶, 配置:R:🔷) -> eval: +0.1154
    [22] SUMMON | コスト🔷🔷🔶, 配置コア🔷 ⚠️ラスヘッド消滅, (支払:R:🔷, ラスヘッド:🔷🔶, 配置:R:🔷) -> eval: -0.0339
    [23] SUMMON | コスト🔷🔷🔷, 配置コア🔷🔷, (支払:R:🔷🔷🔷, 配置:R:🔷🔷) -> eval: +0.1328
    [24] SUMMON | コスト🔷🔷🔷, 配置コア🔷🔷, (支払:R:🔷🔷, ラスヘッド:🔷, 配置:R:🔷🔷) -> eval: +0.1273
    [25] SUMMON | コスト🔷🔷🔷, 配置コア🔷🔶, (支払:R:🔷🔷🔷, 配置:R:🔷, ラスヘッド:🔶) -> eval: +0.1492
    [26] SUMMON | コスト🔷🔷🔷, 配置コア🔷🔶 ⚠️ラスヘッド消滅, (支払:R:🔷🔷, ラスヘッド:🔷, 配置:R:🔷, ラスヘッド:🔶) -> eval: -0.0403
    [27] SUMMON | コスト🔷🔷🔶, 配置コア🔷🔷, (支払:R:🔷🔷, ラスヘッド:🔶, 配置:R:🔷🔷) -> eval: +0.1422
    [28] SUMMON | コスト🔷🔷🔶, 配置コア🔷🔷 ⚠️ラスヘッド消滅, (支払:R:🔷, ラスヘッド:🔷🔶, 配置:R:🔷🔷) -> eval: -0.0147
    [29] SUMMON | コスト🔷🔷🔷, 配置コア🔷🔷🔷, (支払:R:🔷🔷🔷, 配置:R:🔷🔷🔷) -> eval: +0.1392
    [30] SUMMON | コスト🔷🔷🔷, 配置コア🔷🔷🔷, (支払:R:🔷🔷, ラスヘッド:🔷, 配置:R:🔷🔷🔷) -> eval: +0.1330
    [31] SUMMON | コスト🔷🔷🔷, 配置コア🔷🔷🔶, (支払:R:🔷🔷🔷, 配置:R:🔷🔷, ラスヘッド:🔶) -> eval: +0.1572
    [32] SUMMON | コスト🔷🔷🔷, 配置コア🔷🔷🔶 ⚠️ラスヘッド消滅, (支払:R:🔷🔷, ラスヘッド:🔷, 配置:R:🔷🔷, ラスヘッド:🔶) -> eval: -0.0314
    [33] SUMMON | コスト🔷🔷🔶, 配置コア🔷🔷🔷, (支払:R:🔷🔷, ラスヘッド:🔶, 配置:R:🔷🔷🔷) -> eval: +0.1498
    [34] SUMMON | コスト🔷🔷🔶, 配置コア🔷🔷🔷 ⚠️ラスヘッド消滅, (支払:R:🔷, ラスヘッド:🔷🔶, 配置:R:🔷🔷🔷) -> eval: -0.0063
    [35] SUMMON | コスト🔷🔷🔷, 配置コア🔷🔷🔷🔷, (支払:R:🔷🔷, ラスヘッド:🔷, 配置:R:🔷🔷🔷🔷) -> eval: +0.1397
    [36] SUMMON | コスト🔷🔷🔷, 配置コア🔷🔷🔷🔶, (支払:R:🔷🔷🔷, 配置:R:🔷🔷🔷, ラスヘッド:🔶) -> eval: +0.1658
    [37] SUMMON | コスト🔷🔷🔷, 配置コア🔷🔷🔷🔶 ⚠️ラスヘッド消滅, (支払:R:🔷🔷, ラスヘッド:🔷, 配置:R:🔷🔷🔷, ラスヘッド:🔶) -> eval: -0.0217
    [38] SUMMON | コスト🔷🔷🔶, 配置コア🔷🔷🔷🔷, (支払:R:🔷🔷, ラスヘッド:🔶, 配置:R:🔷🔷🔷🔷) -> eval: +0.1583
    [39] SUMMON | コスト🔷🔷🔶, 配置コア🔷🔷🔷🔷 ⚠️ラスヘッド消滅, (支払:R:🔷, ラスヘッド:🔷🔶, 配置:R:🔷🔷🔷🔷) -> eval: +0.0028
    [40] SUMMON | コスト🔷🔷🔷, 配置コア🔷🔷🔷🔷🔶 ⚠️ラスヘッド消滅, (支払:R:🔷🔷, ラスヘッド:🔷, 配置:R:🔷🔷🔷🔷, ラスヘッド:🔶) -> eval: -0.0113
    [41] SUMMON | コスト🔷🔷🔶, 配置コア🔷🔷🔷🔷🔷 ⚠️ラスヘッド消滅, (支払:R:🔷, ラスヘッド:🔷🔶, 配置:R:🔷🔷🔷🔷🔷) -> eval: +0.0126
    [42] USE_MAGIC | コスト🔷🔷🔷🔷🔷, コアは置かない, (支払:R:🔷🔷🔷🔷🔷, 配置:なし) -> eval: -0.0505
    [43] USE_MAGIC | コスト🔷🔷🔷🔷🔷, コアは置かない, (支払:R:🔷🔷🔷🔷, ラスヘッド:🔷, 配置:なし) -> eval: -0.0607
    [44] USE_MAGIC | コスト🔷🔷🔷🔷🔶, コアは置かない, (支払:R:🔷🔷🔷🔷, ラスヘッド:🔶, 配置:なし) -> eval: -0.0617
    [45] USE_MAGIC | コスト🔷🔷🔷🔷🔶, コアは置かない ⚠️ラスヘッド消滅, (支払:R:🔷🔷🔷, ラスヘッド:🔷🔶, 配置:なし) -> eval: -0.1337
    [46] SUMMON | コスト🔷🔷, 配置コア🔷, (支払:R:🔷🔷, 配置:R:🔷) -> eval: +0.1396
    [47] SUMMON | コスト🔷🔷, 配置コア🔷, (支払:R:🔷, ラスヘッド:🔷, 配置:R:🔷) -> eval: +0.1352
    [48] SUMMON | コスト🔷🔷, 配置コア🔶, (支払:R:🔷🔷, 配置:ラスヘッド:🔶) -> eval: +0.1541
    [49] SUMMON | コスト🔷🔷, 配置コア🔶 ⚠️ラスヘッド消滅, (支払:R:🔷, ラスヘッド:🔷, 配置:ラスヘッド:🔶) -> eval: -0.0416
    [50] SUMMON | コスト🔷🔶, 配置コア🔷, (支払:R:🔷, ラスヘッド:🔶, 配置:R:🔷) -> eval: +0.1418
    [51] SUMMON | コスト🔷🔶, 配置コア🔷 ⚠️ラスヘッド消滅, (支払:ラスヘッド:🔷🔶, 配置:R:🔷) -> eval: -0.0183
    [52] SUMMON | コスト🔷🔷, 配置コア🔷🔷, (支払:R:🔷🔷, 配置:R:🔷🔷) -> eval: +0.1676
    [53] SUMMON | コスト🔷🔷, 配置コア🔷🔷, (支払:R:🔷, ラスヘッド:🔷, 配置:R:🔷🔷) -> eval: +0.1624
    [54] SUMMON | コスト🔷🔷, 配置コア🔷🔶, (支払:R:🔷🔷, 配置:R:🔷, ラスヘッド:🔶) -> eval: +0.1738
    [55] SUMMON | コスト🔷🔷, 配置コア🔷🔶 ⚠️ラスヘッド消滅, (支払:R:🔷, ラスヘッド:🔷, 配置:R:🔷, ラスヘッド:🔶) -> eval: -0.0228
    [56] SUMMON | コスト🔷🔶, 配置コア🔷🔷, (支払:R:🔷, ラスヘッド:🔶, 配置:R:🔷🔷) -> eval: +0.1770
    [57] SUMMON | コスト🔷🔶, 配置コア🔷🔷 ⚠️ラスヘッド消滅, (支払:ラスヘッド:🔷🔶, 配置:R:🔷🔷) -> eval: +0.0089
    [58] SUMMON | コスト🔷🔷, 配置コア🔷🔷🔷, (支払:R:🔷🔷, 配置:R:🔷🔷🔷) -> eval: +0.1732
    [59] SUMMON | コスト🔷🔷, 配置コア🔷🔷🔷, (支払:R:🔷, ラスヘッド:🔷, 配置:R:🔷🔷🔷) -> eval: +0.1674
    [60] SUMMON | コスト🔷🔷, 配置コア🔷🔷🔶, (支払:R:🔷🔷, 配置:R:🔷🔷, ラスヘッド:🔶) -> eval: +0.1814
    [61] SUMMON | コスト🔷🔷, 配置コア🔷🔷🔶 ⚠️ラスヘッド消滅, (支払:R:🔷, ラスヘッド:🔷, 配置:R:🔷🔷, ラスヘッド:🔶) -> eval: -0.0142
    [62] SUMMON | コスト🔷🔶, 配置コア🔷🔷🔷, (支払:R:🔷, ラスヘッド:🔶, 配置:R:🔷🔷🔷) -> eval: +0.1837
    [63] SUMMON | コスト🔷🔶, 配置コア🔷🔷🔷 ⚠️ラスヘッド消滅, (支払:ラスヘッド:🔷🔶, 配置:R:🔷🔷🔷) -> eval: +0.0168
    [64] SUMMON | コスト🔷🔷, 配置コア🔷🔷🔷🔷, (支払:R:🔷🔷, 配置:R:🔷🔷🔷🔷) -> eval: +0.1796
    [65] SUMMON | コスト🔷🔷, 配置コア🔷🔷🔷🔷, (支払:R:🔷, ラスヘッド:🔷, 配置:R:🔷🔷🔷🔷) -> eval: +0.1733
    [66] SUMMON | コスト🔷🔷, 配置コア🔷🔷🔷🔶, (支払:R:🔷🔷, 配置:R:🔷🔷🔷, ラスヘッド:🔶) -> eval: +0.1897
    [67] SUMMON | コスト🔷🔷, 配置コア🔷🔷🔷🔶 ⚠️ラスヘッド消滅, (支払:R:🔷, ラスヘッド:🔷, 配置:R:🔷🔷🔷, ラスヘッド:🔶) -> eval: -0.0047
    [68] SUMMON | コスト🔷🔶, 配置コア🔷🔷🔷🔷, (支払:R:🔷, ラスヘッド:🔶, 配置:R:🔷🔷🔷🔷) -> eval: +0.1911
    [69] SUMMON | コスト🔷🔶, 配置コア🔷🔷🔷🔷 ⚠️ラスヘッド消滅, (支払:ラスヘッド:🔷🔶, 配置:R:🔷🔷🔷🔷) -> eval: +0.0254
    [70] SUMMON | コスト🔷🔷, 配置コア🔷🔷🔷🔷🔷, (支払:R:🔷, ラスヘッド:🔷, 配置:R:🔷🔷🔷🔷🔷) -> eval: +0.1799
    [71] SUMMON | コスト🔷🔷, 配置コア🔷🔷🔷🔷🔶, (支払:R:🔷🔷, 配置:R:🔷🔷🔷🔷, ラスヘッド:🔶) -> eval: +0.1986
    [72] SUMMON | コスト🔷🔷, 配置コア🔷🔷🔷🔷🔶 ⚠️ラスヘッド消滅, (支払:R:🔷, ラスヘッド:🔷, 配置:R:🔷🔷🔷🔷, ラスヘッド:🔶) -> eval: +0.0053
    [73] SUMMON | コスト🔷🔶, 配置コア🔷🔷🔷🔷🔷, (支払:R:🔷, ラスヘッド:🔶, 配置:R:🔷🔷🔷🔷🔷) -> eval: +0.1992
    [74] SUMMON | コスト🔷🔶, 配置コア🔷🔷🔷🔷🔷 ⚠️ラスヘッド消滅, (支払:ラスヘッド:🔷🔶, 配置:R:🔷🔷🔷🔷🔷) -> eval: +0.0346
    [75] SUMMON | コスト🔷🔷, 配置コア🔷🔷🔷🔷🔷🔶 ⚠️ラスヘッド消滅, (支払:R:🔷, ラスヘッド:🔷, 配置:R:🔷🔷🔷🔷🔷, ラスヘッド:🔶) -> eval: +0.0161
    [76] SUMMON | コスト🔷🔶, 配置コア🔷🔷🔷🔷🔷🔷 ⚠️ラスヘッド消滅, (支払:ラスヘッド:🔷🔶, 配置:R:🔷🔷🔷🔷🔷🔷) -> eval: +0.0445
    [77] MOVE_CORE | 🔷を移動 -> eval: +0.0764
    [78] MOVE_CORE | 🔷🔷を移動 -> eval: +0.0815
    [79] MOVE_CORE | 🔷🔷🔷を移動 -> eval: +0.0876
    [80] MOVE_CORE | 🔷🔷🔷🔷を移動 -> eval: +0.0948
    [81] MOVE_CORE | 🔷🔷🔷🔷🔷を移動 -> eval: +0.1030
    [82] MOVE_CORE | 🔷🔷🔷🔷🔷🔷を移動 -> eval: +0.1120
    [83] MOVE_CORE | 🔷を移動 -> eval: +0.0695
    [84] MOVE_CORE | 🔶を移動 -> eval: +0.0426
    [85] MOVE_CORE | 🔷🔶を移動 ⚠️ラスヘッド消滅 -> eval: -0.1050
    [86] MOVE_CORE | 🔶 ⇄ 🔷 を交換 -> eval: +0.0443
  ステップ終了評価: +0.0724
  => 選択: SUMMON | コスト🔷🔷🔷🔷🔶, 配置コア🔷🔷, (支払:R:🔷🔷🔷🔷, ラスヘッド:🔶, 配置:R:🔷🔷) (eval: +0.2085 > 終了評価 +0.0724)
     効果/結果: 🎴 「透笠オリンディアス」を召喚 (コスト5をトラッシュへ) ※ラスヘッドから1個

Turn 4 | 手数 19 | 手番: P2(run3_run4.kann.weight) | メインステップ
  盤面:
    P1: Life:5, Reserve:0, Hand:4枚, Field:[ストラレイ(Lv1,コア1s), パッファー(Lv2,コア2)]
    P2: Life:3, Reserve:0, Hand:4枚, Field:[ラスヘッド(Lv1,コア1), 透笠オリンディアス(Lv2,コア2)]
  候補行動 (10件):
    [0] SUMMON | コスト🔷🔷, 配置コアなし ⚠️ラスヘッド消滅, (支払:ラスヘッド:🔷, 透笠オリンディアス:🔷, 配置:なし) -> eval: +0.0809
    [1] SUMMON | コスト🔷🔷, 配置コアなし ⚠️透笠オリンディアス消滅, (支払:透笠オリンディアス:🔷🔷, 配置:なし) -> eval: +0.0564
    [2] SUMMON | コスト🔷🔷, 配置コア🔷 ⚠️ラスヘッド・透笠オリンディアス消滅, (支払:透笠オリンディアス:🔷🔷, 配置:ラスヘッド:🔷) -> eval: -0.0131
    [3] SUMMON | コスト🔷🔷, 配置コア🔷 ⚠️ラスヘッド・透笠オリンディアス消滅, (支払:透笠オリンディアス:🔷🔷, 配置:ラスヘッド:🔷) -> eval: +0.0032
    [4] MOVE_CORE | 🔷を移動 ⚠️ラスヘッド消滅 -> eval: +0.0484
    [5] MOVE_CORE | 🔷を移動 ⚠️ラスヘッド消滅 -> eval: +0.0580
    [6] MOVE_CORE | 🔷を移動 -> eval: +0.1750
    [7] MOVE_CORE | 🔷🔷を移動 ⚠️透笠オリンディアス消滅 -> eval: +0.0016
    [8] MOVE_CORE | 🔷を移動 -> eval: +0.1811
    [9] MOVE_CORE | 🔷🔷を移動 ⚠️透笠オリンディアス消滅 -> eval: +0.0184
  ステップ終了評価: +0.2085
  => 選択: ステップ終了 (候補最大 +0.1811 <= 終了評価 +0.2085)

Turn 4 | 手数 20 | 手番: P2(run3_run4.kann.weight) | アタック宣言
  盤面:
    P1: Life:5, Reserve:0, Hand:4枚, Field:[ストラレイ(Lv1,コア1s), パッファー(Lv2,コア2)]
    P2: Life:3, Reserve:0, Hand:4枚, Field:[ラスヘッド(Lv1,コア1), 透笠オリンディアス(Lv2,コア2)]
  候補行動 (2件):
    [0] ATTACK | ラスヘッド でアタック宣言 (Lv1, BP3000, 通ればライフ-🔷) -> eval: +0.2673
    [1] ATTACK | 透笠オリンディアス でアタック宣言 (Lv2, BP7000, 通ればライフ-🔷) -> eval: +0.2309
  ステップ終了評価: +0.2085
  => 選択: ATTACK | ラスヘッド でアタック宣言 (Lv1, BP3000, 通ればライフ-🔷) (eval: +0.2673 > 終了評価 +0.2085)
     効果/結果: 🗡️ 「ラスヘッド」がアタック宣言 (BP3000)

Turn 4 | 手数 21 | 手番: P1(run2_run3.kann.weight) | ブロック宣言
  盤面:
    P1: Life:5, Reserve:0, Hand:4枚, Field:[ストラレイ(Lv1,コア1s), パッファー(Lv2,コア2)]
    P2: Life:3, Reserve:0, Hand:4枚, Field:[ラスヘッド(Lv1,コア1), 透笠オリンディアス(Lv2,コア2)]
  候補行動 (1件):
    [0] PASS_BLOCK | ライフでアタックを受ける (ライフ-🔷) -> eval: +0.4223
  => 選択: PASS_BLOCK | ライフでアタックを受ける (ライフ-🔷) (eval: +0.4223)
     効果/結果: 💔 ブロックせず: プレイヤー1 のライフ-1 (コアはリザーブへ)

Turn 4 | 手数 22 | 手番: P2(run3_run4.kann.weight) | アタック宣言
  盤面:
    P1: Life:4, Reserve:1, Hand:4枚, Field:[ストラレイ(Lv1,コア1s), パッファー(Lv2,コア2)]
    P2: Life:3, Reserve:0, Hand:4枚, Field:[ラスヘッド(Lv1,コア1), 透笠オリンディアス(Lv2,コア2)]
  候補行動 (1件):
    [0] ATTACK | 透笠オリンディアス でアタック宣言 (Lv2, BP7000, 通ればライフ-🔷) -> eval: +0.2954
  ステップ終了評価: +0.2831
  => 選択: ATTACK | 透笠オリンディアス でアタック宣言 (Lv2, BP7000, 通ればライフ-🔷) (eval: +0.2954 > 終了評価 +0.2831)
     効果/結果: 🗡️ 「透笠オリンディアス」がアタック宣言 (BP7000)

Turn 4 | 手数 23 | 手番: P1(run2_run3.kann.weight) | ブロック宣言
  盤面:
    P1: Life:4, Reserve:1, Hand:4枚, Field:[ストラレイ(Lv1,コア1s), パッファー(Lv2,コア2)]
    P2: Life:3, Reserve:0, Hand:4枚, Field:[ラスヘッド(Lv1,コア1), 透笠オリンディアス(Lv2,コア2)]
  候補行動 (1件):
    [0] PASS_BLOCK | ライフでアタックを受ける (ライフ-🔷) -> eval: +0.5041
  => 選択: PASS_BLOCK | ライフでアタックを受ける (ライフ-🔷) (eval: +0.5041)
     効果/結果: 💔 ブロックせず: プレイヤー1 のライフ-1 (コアはリザーブへ)

Turn 4 | 手数 24 | 手番: P2(run3_run4.kann.weight) | アタック宣言
  盤面:
    P1: Life:3, Reserve:2, Hand:4枚, Field:[ストラレイ(Lv1,コア1s), パッファー(Lv2,コア2)]
    P2: Life:3, Reserve:0, Hand:4枚, Field:[ラスヘッド(Lv1,コア1), 透笠オリンディアス(Lv2,コア2)]
  候補行動 (0件):
  ステップ終了評価: +0.3113
  => 選択: ステップ終了

Turn 4 | 手数 25 | 手番: P2(run3_run4.kann.weight) | 第2メインステップ
  盤面:
    P1: Life:3, Reserve:2, Hand:4枚, Field:[ストラレイ(Lv1,コア1s), パッファー(Lv2,コア2)]
    P2: Life:3, Reserve:0, Hand:4枚, Field:[ラスヘッド(Lv1,コア1), 透笠オリンディアス(Lv2,コア2)]
  候補行動 (10件):
    [0] SUMMON | コスト🔷🔷, 配置コアなし ⚠️ラスヘッド消滅, (支払:ラスヘッド:🔷, 透笠オリンディアス:🔷, 配置:なし) -> eval: +0.1890
    [1] SUMMON | コスト🔷🔷, 配置コアなし ⚠️透笠オリンディアス消滅, (支払:透笠オリンディアス:🔷🔷, 配置:なし) -> eval: +0.1669
    [2] SUMMON | コスト🔷🔷, 配置コア🔷 ⚠️ラスヘッド・透笠オリンディアス消滅, (支払:透笠オリンディアス:🔷🔷, 配置:ラスヘッド:🔷) -> eval: +0.0212
    [3] SUMMON | コスト🔷🔷, 配置コア🔷 ⚠️ラスヘッド・透笠オリンディアス消滅, (支払:透笠オリンディアス:🔷🔷, 配置:ラスヘッド:🔷) -> eval: +0.0379
    [4] MOVE_CORE | 🔷を移動 ⚠️ラスヘッド消滅 -> eval: +0.1401
    [5] MOVE_CORE | 🔷を移動 ⚠️ラスヘッド消滅 -> eval: +0.1507
    [6] MOVE_CORE | 🔷を移動 -> eval: +0.2872
    [7] MOVE_CORE | 🔷🔷を移動 ⚠️透笠オリンディアス消滅 -> eval: +0.1018
    [8] MOVE_CORE | 🔷を移動 -> eval: +0.2963
    [9] MOVE_CORE | 🔷🔷を移動 ⚠️透笠オリンディアス消滅 -> eval: +0.1219
  ステップ終了評価: +0.3113
  => 選択: ステップ終了 (候補最大 +0.2963 <= 終了評価 +0.3113)

Turn 4 | 手数 26 | 手番: P2(run3_run4.kann.weight) | エンドステップ
  盤面:
    P1: Life:3, Reserve:2, Hand:4枚, Field:[ストラレイ(Lv1,コア1s), パッファー(Lv2,コア2)]
    P2: Life:3, Reserve:0, Hand:4枚, Field:[ラスヘッド(Lv1,コア1), 透笠オリンディアス(Lv2,コア2)]
  候補行動 (0件):
  ステップ終了評価: +0.3464
  => 選択: ステップ終了
     効果/結果: 【ターン 5】 手番: プレイヤー1
     効果/結果: 🔷 コアステップ: ボイドからリザーブへコア1個
     効果/結果: 🃏 ドローステップ: 「ラスヘッド」をドロー (残り32枚)
     効果/結果: ♻️ リフレッシュステップ: トラッシュのコア2個をリザーブへ
     効果/結果: ♻️ リフレッシュステップ: 2体を回復

Turn 5 | 手数 27 | 手番: P1(run2_run3.kann.weight) | メインステップ
  盤面:
    P1: Life:3, Reserve:5, Hand:5枚, Field:[ストラレイ(Lv1,コア1s), パッファー(Lv2,コア2)]
    P2: Life:3, Reserve:0, Hand:4枚, Field:[ラスヘッド(Lv1,コア1), 透笠オリンディアス(Lv2,コア2)]
  候補行動 (207件):
    [0] SUMMON | コスト🔷🔷🔷🔷, 配置コア🔷, (支払:R:🔷🔷🔷🔷, 配置:R:🔷) -> eval: +0.4733
    [1] SUMMON | コスト🔷🔷🔷🔷, 配置コア🔷, (支払:R:🔷🔷🔷, パッファー:🔷, 配置:R:🔷) -> eval: +0.4592
    [2] SUMMON | コスト🔷🔷🔷🔷, 配置コア🔷 ⚠️パッファー消滅, (支払:R:🔷🔷, パッファー:🔷🔷, 配置:R:🔷) -> eval: +0.2386
    [3] SUMMON | コスト🔷🔷🔷🔷, 配置コア🔶 ⚠️ストラレイ消滅, (支払:R:🔷🔷🔷🔷, 配置:ストラレイ:🔶) -> eval: +0.2574
    [4] SUMMON | コスト🔷🔷🔷🔷, 配置コア🔶 ⚠️ストラレイ消滅, (支払:R:🔷🔷🔷, パッファー:🔷, 配置:ストラレイ:🔶) -> eval: +0.2397
    [5] SUMMON | コスト🔷🔷🔷🔷, 配置コア🔶 ⚠️ストラレイ・パッファー消滅, (支払:R:🔷🔷, パッファー:🔷🔷, 配置:ストラレイ:🔶) -> eval: +0.0809
    [6] SUMMON | コスト🔷🔷🔷🔶, 配置コア🔷 ⚠️ストラレイ消滅, (支払:R:🔷🔷🔷, ストラレイ:🔶, 配置:R:🔷) -> eval: +0.2691
    [7] SUMMON | コスト🔷🔷🔷🔶, 配置コア🔷 ⚠️ストラレイ消滅, (支払:R:🔷🔷, ストラレイ:🔶, パッファー:🔷, 配置:R:🔷) -> eval: +0.2501
    [8] SUMMON | コスト🔷🔷🔷🔶, 配置コア🔷 ⚠️ストラレイ・パッファー消滅, (支払:R:🔷, ストラレイ:🔶, パッファー:🔷🔷, 配置:R:🔷) -> eval: +0.0996
    [9] SUMMON | コスト🔷🔷🔷🔷, 配置コア🔷🔷, (支払:R:🔷🔷🔷, パッファー:🔷, 配置:R:🔷🔷) -> eval: +0.4701
    [10] SUMMON | コスト🔷🔷🔷🔷, 配置コア🔷🔷 ⚠️パッファー消滅, (支払:R:🔷🔷, パッファー:🔷🔷, 配置:R:🔷🔷) -> eval: +0.2530
    [11] SUMMON | コスト🔷🔷🔷🔷, 配置コア🔷🔶 ⚠️ストラレイ消滅, (支払:R:🔷🔷🔷🔷, 配置:R:🔷, ストラレイ:🔶) -> eval: +0.2727
    [12] SUMMON | コスト🔷🔷🔷🔷, 配置コア🔷🔶 ⚠️ストラレイ消滅, (支払:R:🔷🔷🔷, パッファー:🔷, 配置:R:🔷, ストラレイ:🔶) -> eval: +0.2542
    [13] SUMMON | コスト🔷🔷🔷🔷, 配置コア🔷🔶 ⚠️ストラレイ・パッファー消滅, (支払:R:🔷🔷, パッファー:🔷🔷, 配置:R:🔷, ストラレイ:🔶) -> eval: +0.0937
    [14] SUMMON | コスト🔷🔷🔷🔶, 配置コア🔷🔷 ⚠️ストラレイ消滅, (支払:R:🔷🔷🔷, ストラレイ:🔶, 配置:R:🔷🔷) -> eval: +0.2847
    [15] SUMMON | コスト🔷🔷🔷🔶, 配置コア🔷🔷 ⚠️ストラレイ消滅, (支払:R:🔷🔷, ストラレイ:🔶, パッファー:🔷, 配置:R:🔷🔷) -> eval: +0.2650
    [16] SUMMON | コスト🔷🔷🔷🔶, 配置コア🔷🔷 ⚠️ストラレイ・パッファー消滅, (支払:R:🔷, ストラレイ:🔶, パッファー:🔷🔷, 配置:R:🔷🔷) -> eval: +0.1127
    [17] SUMMON | コスト🔷🔷🔷🔷, 配置コア🔷🔷🔷 ⚠️パッファー消滅, (支払:R:🔷🔷, パッファー:🔷🔷, 配置:R:🔷🔷🔷) -> eval: +0.2685
    [18] SUMMON | コスト🔷🔷🔷🔷, 配置コア🔷🔷🔶 ⚠️ストラレイ消滅, (支払:R:🔷🔷🔷, パッファー:🔷, 配置:R:🔷🔷, ストラレイ:🔶) -> eval: +0.2697
    [19] SUMMON | コスト🔷🔷🔷🔷, 配置コア🔷🔷🔶 ⚠️ストラレイ・パッファー消滅, (支払:R:🔷🔷, パッファー:🔷🔷, 配置:R:🔷🔷, ストラレイ:🔶) -> eval: +0.1077
    [20] SUMMON | コスト🔷🔷🔷🔶, 配置コア🔷🔷🔷 ⚠️ストラレイ消滅, (支払:R:🔷🔷, ストラレイ:🔶, パッファー:🔷, 配置:R:🔷🔷🔷) -> eval: +0.2807
    [21] SUMMON | コスト🔷🔷🔷🔶, 配置コア🔷🔷🔷 ⚠️ストラレイ・パッファー消滅, (支払:R:🔷, ストラレイ:🔶, パッファー:🔷🔷, 配置:R:🔷🔷🔷) -> eval: +0.1268
    [22] SUMMON | コスト🔷🔷🔷🔷, 配置コア🔷🔷🔷🔶 ⚠️ストラレイ・パッファー消滅, (支払:R:🔷🔷, パッファー:🔷🔷, 配置:R:🔷🔷🔷, ストラレイ:🔶) -> eval: +0.1228
    [23] SUMMON | コスト🔷🔷🔷🔶, 配置コア🔷🔷🔷🔷 ⚠️ストラレイ・パッファー消滅, (支払:R:🔷, ストラレイ:🔶, パッファー:🔷🔷, 配置:R:🔷🔷🔷🔷) -> eval: +0.1420
    [24] SUMMON | コスト🔷, 配置コアなし, (支払:R:🔷, 配置:なし) -> eval: +0.4165
    [25] SUMMON | コスト🔷, 配置コアなし, (支払:パッファー:🔷, 配置:なし) -> eval: +0.4049
    [26] SUMMON | コスト🔶, 配置コアなし ⚠️ストラレイ消滅, (支払:ストラレイ:🔶, 配置:なし) -> eval: +0.1940
    [27] SUMMON | コスト🔷, 配置コア🔷, (支払:R:🔷, 配置:R:🔷) -> eval: +0.4254
    [28] SUMMON | コスト🔷, 配置コア🔷, (支払:パッファー:🔷, 配置:R:🔷) -> eval: +0.4128
    [29] SUMMON | コスト🔷, 配置コア🔷 ⚠️パッファー消滅, (支払:パッファー:🔷, 配置:パッファー:🔷) -> eval: +0.1817
    [30] SUMMON | コスト🔷, 配置コア🔶 ⚠️ストラレイ消滅, (支払:R:🔷, 配置:ストラレイ:🔶) -> eval: +0.1996
    [31] SUMMON | コスト🔷, 配置コア🔶 ⚠️ストラレイ消滅, (支払:パッファー:🔷, 配置:ストラレイ:🔶) -> eval: +0.1836
    [32] SUMMON | コスト🔶, 配置コア🔷 ⚠️ストラレイ消滅, (支払:ストラレイ:🔶, 配置:R:🔷) -> eval: +0.2065
    [33] SUMMON | コスト🔶, 配置コア🔷 ⚠️ストラレイ消滅, (支払:ストラレイ:🔶, 配置:パッファー:🔷) -> eval: +0.1886
    [34] SUMMON | コスト🔷, 配置コア🔷🔷, (支払:R:🔷, 配置:R:🔷🔷) -> eval: +0.4354
    [35] SUMMON | コスト🔷, 配置コア🔷🔷, (支払:パッファー:🔷, 配置:R:🔷🔷) -> eval: +0.4218
    [36] SUMMON | コスト🔷, 配置コア🔷🔷 ⚠️パッファー消滅, (支払:パッファー:🔷, 配置:R:🔷, パッファー:🔷) -> eval: +0.1937
    [37] SUMMON | コスト🔷, 配置コア🔷🔶 ⚠️ストラレイ消滅, (支払:R:🔷, 配置:R:🔷, ストラレイ:🔶) -> eval: +0.2126
    [38] SUMMON | コスト🔷, 配置コア🔷🔶 ⚠️ストラレイ消滅, (支払:パッファー:🔷, 配置:R:🔷, ストラレイ:🔶) -> eval: +0.1956
    [39] SUMMON | コスト🔷, 配置コア🔷🔶 ⚠️ストラレイ・パッファー消滅, (支払:パッファー:🔷, 配置:ストラレイ:🔶, パッファー:🔷) -> eval: +0.0399
    [40] SUMMON | コスト🔶, 配置コア🔷🔷 ⚠️ストラレイ消滅, (支払:ストラレイ:🔶, 配置:R:🔷🔷) -> eval: +0.2203
    [41] SUMMON | コスト🔶, 配置コア🔷🔷 ⚠️ストラレイ消滅, (支払:ストラレイ:🔶, 配置:R:🔷, パッファー:🔷) -> eval: +0.2014
    [42] SUMMON | コスト🔶, 配置コア🔷🔷 ⚠️ストラレイ・パッファー消滅, (支払:ストラレイ:🔶, 配置:パッファー:🔷🔷) -> eval: +0.0538
    [43] SUMMON | コスト🔷, 配置コア🔷🔷🔷, (支払:R:🔷, 配置:R:🔷🔷🔷) -> eval: +0.4464
    [44] SUMMON | コスト🔷, 配置コア🔷🔷🔷, (支払:パッファー:🔷, 配置:R:🔷🔷🔷) -> eval: +0.4319
    [45] SUMMON | コスト🔷, 配置コア🔷🔷🔷 ⚠️パッファー消滅, (支払:パッファー:🔷, 配置:R:🔷🔷, パッファー:🔷) -> eval: +0.2071
    [46] SUMMON | コスト🔷, 配置コア🔷🔷🔶 ⚠️ストラレイ消滅, (支払:R:🔷, 配置:R:🔷🔷, ストラレイ:🔶) -> eval: +0.2268
    [47] SUMMON | コスト🔷, 配置コア🔷🔷🔶 ⚠️ストラレイ消滅, (支払:パッファー:🔷, 配置:R:🔷🔷, ストラレイ:🔶) -> eval: +0.2088
    [48] SUMMON | コスト🔷, 配置コア🔷🔷🔶 ⚠️ストラレイ・パッファー消滅, (支払:パッファー:🔷, 配置:R:🔷, ストラレイ:🔶, パッファー:🔷) -> eval: +0.0510
    [49] SUMMON | コスト🔶, 配置コア🔷🔷🔷 ⚠️ストラレイ消滅, (支払:ストラレイ:🔶, 配置:R:🔷🔷🔷) -> eval: +0.2352
    [50] SUMMON | コスト🔶, 配置コア🔷🔷🔷 ⚠️ストラレイ消滅, (支払:ストラレイ:🔶, 配置:R:🔷🔷, パッファー:🔷) -> eval: +0.2154
    [51] SUMMON | コスト🔶, 配置コア🔷🔷🔷 ⚠️ストラレイ・パッファー消滅, (支払:ストラレイ:🔶, 配置:R:🔷, パッファー:🔷🔷) -> eval: +0.0654
    [52] SUMMON | コスト🔷, 配置コア🔷🔷🔷🔷, (支払:R:🔷, 配置:R:🔷🔷🔷🔷) -> eval: +0.4584
    [53] SUMMON | コスト🔷, 配置コア🔷🔷🔷🔷, (支払:パッファー:🔷, 配置:R:🔷🔷🔷🔷) -> eval: +0.4430
    [54] SUMMON | コスト🔷, 配置コア🔷🔷🔷🔷 ⚠️パッファー消滅, (支払:パッファー:🔷, 配置:R:🔷🔷🔷, パッファー:🔷) -> eval: +0.2217
    [55] SUMMON | コスト🔷, 配置コア🔷🔷🔷🔶 ⚠️ストラレイ消滅, (支払:R:🔷, 配置:R:🔷🔷🔷, ストラレイ:🔶) -> eval: +0.2421
    [56] SUMMON | コスト🔷, 配置コア🔷🔷🔷🔶 ⚠️ストラレイ消滅, (支払:パッファー:🔷, 配置:R:🔷🔷🔷, ストラレイ:🔶) -> eval: +0.2233
    [57] SUMMON | コスト🔷, 配置コア🔷🔷🔷🔶 ⚠️ストラレイ・パッファー消滅, (支払:パッファー:🔷, 配置:R:🔷🔷, ストラレイ:🔶, パッファー:🔷) -> eval: +0.0635
    [58] SUMMON | コスト🔶, 配置コア🔷🔷🔷🔷 ⚠️ストラレイ消滅, (支払:ストラレイ:🔶, 配置:R:🔷🔷🔷🔷) -> eval: +0.2511
    [59] SUMMON | コスト🔶, 配置コア🔷🔷🔷🔷 ⚠️ストラレイ消滅, (支払:ストラレイ:🔶, 配置:R:🔷🔷🔷, パッファー:🔷) -> eval: +0.2305
    [60] SUMMON | コスト🔶, 配置コア🔷🔷🔷🔷 ⚠️ストラレイ・パッファー消滅, (支払:ストラレイ:🔶, 配置:R:🔷🔷, パッファー:🔷🔷) -> eval: +0.0784
    [61] SUMMON | コスト🔷, 配置コア🔷🔷🔷🔷🔷, (支払:パッファー:🔷, 配置:R:🔷🔷🔷🔷🔷) -> eval: +0.4552
    [62] SUMMON | コスト🔷, 配置コア🔷🔷🔷🔷🔷 ⚠️パッファー消滅, (支払:パッファー:🔷, 配置:R:🔷🔷🔷🔷, パッファー:🔷) -> eval: +0.2374
    [63] SUMMON | コスト🔷, 配置コア🔷🔷🔷🔷🔶 ⚠️ストラレイ消滅, (支払:R:🔷, 配置:R:🔷🔷🔷🔷, ストラレイ:🔶) -> eval: +0.2585
    [64] SUMMON | コスト🔷, 配置コア🔷🔷🔷🔷🔶 ⚠️ストラレイ消滅, (支払:パッファー:🔷, 配置:R:🔷🔷🔷🔷, ストラレイ:🔶) -> eval: +0.2389
    [65] SUMMON | コスト🔷, 配置コア🔷🔷🔷🔷🔶 ⚠️ストラレイ・パッファー消滅, (支払:パッファー:🔷, 配置:R:🔷🔷🔷, ストラレイ:🔶, パッファー:🔷) -> eval: +0.0773
    [66] SUMMON | コスト🔶, 配置コア🔷🔷🔷🔷🔷 ⚠️ストラレイ消滅, (支払:ストラレイ:🔶, 配置:R:🔷🔷🔷🔷🔷) -> eval: +0.2680
    [67] SUMMON | コスト🔶, 配置コア🔷🔷🔷🔷🔷 ⚠️ストラレイ消滅, (支払:ストラレイ:🔶, 配置:R:🔷🔷🔷🔷, パッファー:🔷) -> eval: +0.2468
    [68] SUMMON | コスト🔶, 配置コア🔷🔷🔷🔷🔷 ⚠️ストラレイ・パッファー消滅, (支払:ストラレイ:🔶, 配置:R:🔷🔷🔷, パッファー:🔷🔷) -> eval: +0.0925
    [69] SUMMON | コスト🔷, 配置コア🔷🔷🔷🔷🔷🔷 ⚠️パッファー消滅, (支払:パッファー:🔷, 配置:R:🔷🔷🔷🔷🔷, パッファー:🔷) -> eval: +0.2542
    [70] SUMMON | コスト🔷, 配置コア🔷🔷🔷🔷🔷🔶 ⚠️ストラレイ消滅, (支払:パッファー:🔷, 配置:R:🔷🔷🔷🔷🔷, ストラレイ:🔶) -> eval: +0.2556
    [71] SUMMON | コスト🔷, 配置コア🔷🔷🔷🔷🔷🔶 ⚠️ストラレイ・パッファー消滅, (支払:パッファー:🔷, 配置:R:🔷🔷🔷🔷, ストラレイ:🔶, パッファー:🔷) -> eval: +0.0924
    [72] SUMMON | コスト🔶, 配置コア🔷🔷🔷🔷🔷🔷 ⚠️ストラレイ消滅, (支払:ストラレイ:🔶, 配置:R:🔷🔷🔷🔷🔷, パッファー:🔷) -> eval: +0.2640
    [73] SUMMON | コスト🔶, 配置コア🔷🔷🔷🔷🔷🔷 ⚠️ストラレイ・パッファー消滅, (支払:ストラレイ:🔶, 配置:R:🔷🔷🔷🔷, パッファー:🔷🔷) -> eval: +0.1079
    [74] SUMMON | コスト🔷, 配置コア🔷🔷🔷🔷🔷🔷🔶 ⚠️ストラレイ・パッファー消滅, (支払:パッファー:🔷, 配置:R:🔷🔷🔷🔷🔷, ストラレイ:🔶, パッファー:🔷) -> eval: +0.1086
    [75] SUMMON | コスト🔶, 配置コア🔷🔷🔷🔷🔷🔷🔷 ⚠️ストラレイ・パッファー消滅, (支払:ストラレイ:🔶, 配置:R:🔷🔷🔷🔷🔷, パッファー:🔷🔷) -> eval: +0.1243
    [76] SUMMON | コスト🔷🔷🔷🔷, 配置コア🔷, (支払:R:🔷🔷🔷🔷, 配置:R:🔷) -> eval: +0.4773
    [77] SUMMON | コスト🔷🔷🔷🔷, 配置コア🔷, (支払:R:🔷🔷🔷, パッファー:🔷, 配置:R:🔷) -> eval: +0.4634
    [78] SUMMON | コスト🔷🔷🔷🔷, 配置コア🔷 ⚠️パッファー消滅, (支払:R:🔷🔷, パッファー:🔷🔷, 配置:R:🔷) -> eval: +0.2441
    [79] SUMMON | コスト🔷🔷🔷🔷, 配置コア🔶 ⚠️ストラレイ消滅, (支払:R:🔷🔷🔷🔷, 配置:ストラレイ:🔶) -> eval: +0.2532
    [80] SUMMON | コスト🔷🔷🔷🔷, 配置コア🔶 ⚠️ストラレイ消滅, (支払:R:🔷🔷🔷, パッファー:🔷, 配置:ストラレイ:🔶) -> eval: +0.2351
    [81] SUMMON | コスト🔷🔷🔷🔷, 配置コア🔶 ⚠️ストラレイ・パッファー消滅, (支払:R:🔷🔷, パッファー:🔷🔷, 配置:ストラレイ:🔶) -> eval: +0.0793
    [82] SUMMON | コスト🔷🔷🔷🔶, 配置コア🔷 ⚠️ストラレイ消滅, (支払:R:🔷🔷🔷, ストラレイ:🔶, 配置:R:🔷) -> eval: +0.2752
    [83] SUMMON | コスト🔷🔷🔷🔶, 配置コア🔷 ⚠️ストラレイ消滅, (支払:R:🔷🔷, ストラレイ:🔶, パッファー:🔷, 配置:R:🔷) -> eval: +0.2562
    [84] SUMMON | コスト🔷🔷🔷🔶, 配置コア🔷 ⚠️ストラレイ・パッファー消滅, (支払:R:🔷, ストラレイ:🔶, パッファー:🔷🔷, 配置:R:🔷) -> eval: +0.1061
    [85] SUMMON | コスト🔷🔷🔷🔷, 配置コア🔷🔷, (支払:R:🔷🔷🔷, パッファー:🔷, 配置:R:🔷🔷) -> eval: +0.4878
    [86] SUMMON | コスト🔷🔷🔷🔷, 配置コア🔷🔷 ⚠️パッファー消滅, (支払:R:🔷🔷, パッファー:🔷🔷, 配置:R:🔷🔷) -> eval: +0.2686
    [87] SUMMON | コスト🔷🔷🔷🔷, 配置コア🔷🔶 ⚠️ストラレイ消滅, (支払:R:🔷🔷🔷🔷, 配置:R:🔷, ストラレイ:🔶) -> eval: +0.2721
    [88] SUMMON | コスト🔷🔷🔷🔷, 配置コア🔷🔶 ⚠️ストラレイ消滅, (支払:R:🔷🔷🔷, パッファー:🔷, 配置:R:🔷, ストラレイ:🔶) -> eval: +0.2534
    [89] SUMMON | コスト🔷🔷🔷🔷, 配置コア🔷🔶 ⚠️ストラレイ・パッファー消滅, (支払:R:🔷🔷, パッファー:🔷🔷, 配置:R:🔷, ストラレイ:🔶) -> eval: +0.0937
    [90] SUMMON | コスト🔷🔷🔷🔶, 配置コア🔷🔷 ⚠️ストラレイ消滅, (支払:R:🔷🔷🔷, ストラレイ:🔶, 配置:R:🔷🔷) -> eval: +0.3019
    [91] SUMMON | コスト🔷🔷🔷🔶, 配置コア🔷🔷 ⚠️ストラレイ消滅, (支払:R:🔷🔷, ストラレイ:🔶, パッファー:🔷, 配置:R:🔷🔷) -> eval: +0.2828
    [92] SUMMON | コスト🔷🔷🔷🔶, 配置コア🔷🔷 ⚠️ストラレイ・パッファー消滅, (支払:R:🔷, ストラレイ:🔶, パッファー:🔷🔷, 配置:R:🔷🔷) -> eval: +0.1278
    [93] SUMMON | コスト🔷🔷🔷🔷, 配置コア🔷🔷🔷 ⚠️パッファー消滅, (支払:R:🔷🔷, パッファー:🔷🔷, 配置:R:🔷🔷🔷) -> eval: +0.2848
    [94] SUMMON | コスト🔷🔷🔷🔷, 配置コア🔷🔷🔶 ⚠️ストラレイ消滅, (支払:R:🔷🔷🔷, パッファー:🔷, 配置:R:🔷🔷, ストラレイ:🔶) -> eval: +0.2687
    [95] SUMMON | コスト🔷🔷🔷🔷, 配置コア🔷🔷🔶 ⚠️ストラレイ・パッファー消滅, (支払:R:🔷🔷, パッファー:🔷🔷, 配置:R:🔷🔷, ストラレイ:🔶) -> eval: +0.1076
    [96] SUMMON | コスト🔷🔷🔷🔶, 配置コア🔷🔷🔷 ⚠️ストラレイ消滅, (支払:R:🔷🔷, ストラレイ:🔶, パッファー:🔷, 配置:R:🔷🔷🔷) -> eval: +0.2992
    [97] SUMMON | コスト🔷🔷🔷🔶, 配置コア🔷🔷🔷 ⚠️ストラレイ・パッファー消滅, (支払:R:🔷, ストラレイ:🔶, パッファー:🔷🔷, 配置:R:🔷🔷🔷) -> eval: +0.1428
    [98] SUMMON | コスト🔷🔷🔷🔷, 配置コア🔷🔷🔷🔶 ⚠️ストラレイ・パッファー消滅, (支払:R:🔷🔷, パッファー:🔷🔷, 配置:R:🔷🔷🔷, ストラレイ:🔶) -> eval: +0.1225
    [99] SUMMON | コスト🔷🔷🔷🔶, 配置コア🔷🔷🔷🔷 ⚠️ストラレイ・パッファー消滅, (支払:R:🔷, ストラレイ:🔶, パッファー:🔷🔷, 配置:R:🔷🔷🔷🔷) -> eval: +0.1587
    [100] SUMMON | コスト🔷🔷, 配置コアなし, (支払:R:🔷🔷, 配置:なし) -> eval: +0.4174
    [101] SUMMON | コスト🔷🔷, 配置コアなし, (支払:R:🔷, パッファー:🔷, 配置:なし) -> eval: +0.4049
    [102] SUMMON | コスト🔷🔷, 配置コアなし ⚠️パッファー消滅, (支払:パッファー:🔷🔷, 配置:なし) -> eval: +0.1736
    [103] SUMMON | コスト🔷🔶, 配置コアなし ⚠️ストラレイ消滅, (支払:R:🔷, ストラレイ:🔶, 配置:なし) -> eval: +0.1970
    [104] SUMMON | コスト🔷🔶, 配置コアなし ⚠️ストラレイ消滅, (支払:ストラレイ:🔶, パッファー:🔷, 配置:なし) -> eval: +0.1796
    [105] SUMMON | コスト🔷🔷, 配置コア🔷, (支払:R:🔷🔷, 配置:R:🔷) -> eval: +0.4270
    [106] SUMMON | コスト🔷🔷, 配置コア🔷, (支払:R:🔷, パッファー:🔷, 配置:R:🔷) -> eval: +0.4135
    [107] SUMMON | コスト🔷🔷, 配置コア🔷 ⚠️パッファー消滅, (支払:パッファー:🔷🔷, 配置:R:🔷) -> eval: +0.1851
    [108] SUMMON | コスト🔷🔷, 配置コア🔶 ⚠️ストラレイ消滅, (支払:R:🔷🔷, 配置:ストラレイ:🔶) -> eval: +0.2045
    [109] SUMMON | コスト🔷🔷, 配置コア🔶 ⚠️ストラレイ消滅, (支払:R:🔷, パッファー:🔷, 配置:ストラレイ:🔶) -> eval: +0.1877
    [110] SUMMON | コスト🔷🔷, 配置コア🔶 ⚠️ストラレイ・パッファー消滅, (支払:パッファー:🔷🔷, 配置:ストラレイ:🔶) -> eval: +0.0353
    [111] SUMMON | コスト🔷🔶, 配置コア🔷 ⚠️ストラレイ消滅, (支払:R:🔷, ストラレイ:🔶, 配置:R:🔷) -> eval: +0.2103
    [112] SUMMON | コスト🔷🔶, 配置コア🔷 ⚠️ストラレイ消滅, (支払:ストラレイ:🔶, パッファー:🔷, 配置:R:🔷) -> eval: +0.1918
    [113] SUMMON | コスト🔷🔶, 配置コア🔷 ⚠️ストラレイ・パッファー消滅, (支払:ストラレイ:🔶, パッファー:🔷, 配置:パッファー:🔷) -> eval: +0.0461
    [114] SUMMON | コスト🔷🔷, 配置コア🔷🔷, (支払:R:🔷🔷, 配置:R:🔷🔷) -> eval: +0.4462
    [115] SUMMON | コスト🔷🔷, 配置コア🔷🔷, (支払:R:🔷, パッファー:🔷, 配置:R:🔷🔷) -> eval: +0.4324
    [116] SUMMON | コスト🔷🔷, 配置コア🔷🔷 ⚠️パッファー消滅, (支払:パッファー:🔷🔷, 配置:R:🔷🔷) -> eval: +0.2034
    [117] SUMMON | コスト🔷🔷, 配置コア🔷🔶 ⚠️ストラレイ消滅, (支払:R:🔷🔷, 配置:R:🔷, ストラレイ:🔶) -> eval: +0.2179
    [118] SUMMON | コスト🔷🔷, 配置コア🔷🔶 ⚠️ストラレイ消滅, (支払:R:🔷, パッファー:🔷, 配置:R:🔷, ストラレイ:🔶) -> eval: +0.2003
    [119] SUMMON | コスト🔷🔷, 配置コア🔷🔶 ⚠️ストラレイ・パッファー消滅, (支払:パッファー:🔷🔷, 配置:R:🔷, ストラレイ:🔶) -> eval: +0.0435
    [120] SUMMON | コスト🔷🔶, 配置コア🔷🔷 ⚠️ストラレイ消滅, (支払:R:🔷, ストラレイ:🔶, 配置:R:🔷🔷) -> eval: +0.2312
    [121] SUMMON | コスト🔷🔶, 配置コア🔷🔷 ⚠️ストラレイ消滅, (支払:ストラレイ:🔶, パッファー:🔷, 配置:R:🔷🔷) -> eval: +0.2122
    [122] SUMMON | コスト🔷🔶, 配置コア🔷🔷 ⚠️ストラレイ・パッファー消滅, (支払:ストラレイ:🔶, パッファー:🔷, 配置:R:🔷, パッファー:🔷) -> eval: +0.0602
    [123] SUMMON | コスト🔷🔷, 配置コア🔷🔷🔷, (支払:R:🔷🔷, 配置:R:🔷🔷🔷) -> eval: +0.4585
    [124] SUMMON | コスト🔷🔷, 配置コア🔷🔷🔷, (支払:R:🔷, パッファー:🔷, 配置:R:🔷🔷🔷) -> eval: +0.4438
    [125] SUMMON | コスト🔷🔷, 配置コア🔷🔷🔷 ⚠️パッファー消滅, (支払:パッファー:🔷🔷, 配置:R:🔷🔷🔷) -> eval: +0.2184
    [126] SUMMON | コスト🔷🔷, 配置コア🔷🔷🔶 ⚠️ストラレイ消滅, (支払:R:🔷🔷, 配置:R:🔷🔷, ストラレイ:🔶) -> eval: +0.2329
    [127] SUMMON | コスト🔷🔷, 配置コア🔷🔷🔶 ⚠️ストラレイ消滅, (支払:R:🔷, パッファー:🔷, 配置:R:🔷🔷, ストラレイ:🔶) -> eval: +0.2143
    [128] SUMMON | コスト🔷🔷, 配置コア🔷🔷🔶 ⚠️ストラレイ・パッファー消滅, (支払:パッファー:🔷🔷, 配置:R:🔷🔷, ストラレイ:🔶) -> eval: +0.0554
    [129] SUMMON | コスト🔷🔶, 配置コア🔷🔷🔷 ⚠️ストラレイ消滅, (支払:R:🔷, ストラレイ:🔶, 配置:R:🔷🔷🔷) -> eval: +0.2476
    [130] SUMMON | コスト🔷🔶, 配置コア🔷🔷🔷 ⚠️ストラレイ消滅, (支払:ストラレイ:🔶, パッファー:🔷, 配置:R:🔷🔷🔷) -> eval: +0.2278
    [131] SUMMON | コスト🔷🔶, 配置コア🔷🔷🔷 ⚠️ストラレイ・パッファー消滅, (支払:ストラレイ:🔶, パッファー:🔷, 配置:R:🔷🔷, パッファー:🔷) -> eval: +0.0735
    [132] SUMMON | コスト🔷🔷, 配置コア🔷🔷🔷🔷, (支払:R:🔷, パッファー:🔷, 配置:R:🔷🔷🔷🔷) -> eval: +0.4562
    [133] SUMMON | コスト🔷🔷, 配置コア🔷🔷🔷🔷 ⚠️パッファー消滅, (支払:パッファー:🔷🔷, 配置:R:🔷🔷🔷🔷) -> eval: +0.2345
    [134] SUMMON | コスト🔷🔷, 配置コア🔷🔷🔷🔶 ⚠️ストラレイ消滅, (支払:R:🔷🔷, 配置:R:🔷🔷🔷, ストラレイ:🔶) -> eval: +0.2489
    [135] SUMMON | コスト🔷🔷, 配置コア🔷🔷🔷🔶 ⚠️ストラレイ消滅, (支払:R:🔷, パッファー:🔷, 配置:R:🔷🔷🔷, ストラレイ:🔶) -> eval: +0.2295
    [136] SUMMON | コスト🔷🔷, 配置コア🔷🔷🔷🔶 ⚠️ストラレイ・パッファー消滅, (支払:パッファー:🔷🔷, 配置:R:🔷🔷🔷, ストラレイ:🔶) -> eval: +0.0686
    [137] SUMMON | コスト🔷🔶, 配置コア🔷🔷🔷🔷 ⚠️ストラレイ消滅, (支払:R:🔷, ストラレイ:🔶, 配置:R:🔷🔷🔷🔷) -> eval: +0.2650
    [138] SUMMON | コスト🔷🔶, 配置コア🔷🔷🔷🔷 ⚠️ストラレイ消滅, (支払:ストラレイ:🔶, パッファー:🔷, 配置:R:🔷🔷🔷🔷) -> eval: +0.2446
    [139] SUMMON | コスト🔷🔶, 配置コア🔷🔷🔷🔷 ⚠️ストラレイ・パッファー消滅, (支払:ストラレイ:🔶, パッファー:🔷, 配置:R:🔷🔷🔷, パッファー:🔷) -> eval: +0.0881
    [140] SUMMON | コスト🔷🔷, 配置コア🔷🔷🔷🔷🔷 ⚠️パッファー消滅, (支払:パッファー:🔷🔷, 配置:R:🔷🔷🔷🔷🔷) -> eval: +0.2518
    [141] SUMMON | コスト🔷🔷, 配置コア🔷🔷🔷🔷🔶 ⚠️ストラレイ消滅, (支払:R:🔷, パッファー:🔷, 配置:R:🔷🔷🔷🔷, ストラレイ:🔶) -> eval: +0.2459
    [142] SUMMON | コスト🔷🔷, 配置コア🔷🔷🔷🔷🔶 ⚠️ストラレイ・パッファー消滅, (支払:パッファー:🔷🔷, 配置:R:🔷🔷🔷🔷, ストラレイ:🔶) -> eval: +0.0831
    [143] SUMMON | コスト🔷🔶, 配置コア🔷🔷🔷🔷🔷 ⚠️ストラレイ消滅, (支払:ストラレイ:🔶, パッファー:🔷, 配置:R:🔷🔷🔷🔷🔷) -> eval: +0.2623
    [144] SUMMON | コスト🔷🔶, 配置コア🔷🔷🔷🔷🔷 ⚠️ストラレイ・パッファー消滅, (支払:ストラレイ:🔶, パッファー:🔷, 配置:R:🔷🔷🔷🔷, パッファー:🔷) -> eval: +0.1039
    [145] SUMMON | コスト🔷🔷, 配置コア🔷🔷🔷🔷🔷🔶 ⚠️ストラレイ・パッファー消滅, (支払:パッファー:🔷🔷, 配置:R:🔷🔷🔷🔷🔷, ストラレイ:🔶) -> eval: +0.0988
    [146] SUMMON | コスト🔷🔶, 配置コア🔷🔷🔷🔷🔷🔷 ⚠️ストラレイ・パッファー消滅, (支払:ストラレイ:🔶, パッファー:🔷, 配置:R:🔷🔷🔷🔷🔷, パッファー:🔷) -> eval: +0.1208
    [147] SUMMON | コスト🔷🔷, 配置コア🔷, (支払:R:🔷🔷, 配置:R:🔷) -> eval: +0.4404
    [148] SUMMON | コスト🔷🔷, 配置コア🔷, (支払:R:🔷, パッファー:🔷, 配置:R:🔷) -> eval: +0.4275
    [149] SUMMON | コスト🔷🔷, 配置コア🔷 ⚠️パッファー消滅, (支払:パッファー:🔷🔷, 配置:R:🔷) -> eval: +0.1980
    [150] SUMMON | コスト🔷🔷, 配置コア🔶 ⚠️ストラレイ消滅, (支払:R:🔷🔷, 配置:ストラレイ:🔶) -> eval: +0.2165
    [151] SUMMON | コスト🔷🔷, 配置コア🔶 ⚠️ストラレイ消滅, (支払:R:🔷, パッファー:🔷, 配置:ストラレイ:🔶) -> eval: +0.1997
    [152] SUMMON | コスト🔷🔷, 配置コア🔶 ⚠️ストラレイ・パッファー消滅, (支払:パッファー:🔷🔷, 配置:ストラレイ:🔶) -> eval: +0.0411
    [153] SUMMON | コスト🔷🔶, 配置コア🔷 ⚠️ストラレイ消滅, (支払:R:🔷, ストラレイ:🔶, 配置:R:🔷) -> eval: +0.2246
    [154] SUMMON | コスト🔷🔶, 配置コア🔷 ⚠️ストラレイ消滅, (支払:ストラレイ:🔶, パッファー:🔷, 配置:R:🔷) -> eval: +0.2062
    [155] SUMMON | コスト🔷🔶, 配置コア🔷 ⚠️ストラレイ・パッファー消滅, (支払:ストラレイ:🔶, パッファー:🔷, 配置:パッファー:🔷) -> eval: +0.0566
    [156] SUMMON | コスト🔷🔷, 配置コア🔷🔷, (支払:R:🔷🔷, 配置:R:🔷🔷) -> eval: +0.4508
    [157] SUMMON | コスト🔷🔷, 配置コア🔷🔷, (支払:R:🔷, パッファー:🔷, 配置:R:🔷🔷) -> eval: +0.4369
    [158] SUMMON | コスト🔷🔷, 配置コア🔷🔷 ⚠️パッファー消滅, (支払:パッファー:🔷🔷, 配置:R:🔷🔷) -> eval: +0.2107
    [159] SUMMON | コスト🔷🔷, 配置コア🔷🔶 ⚠️ストラレイ消滅, (支払:R:🔷🔷, 配置:R:🔷, ストラレイ:🔶) -> eval: +0.2302
    [160] SUMMON | コスト🔷🔷, 配置コア🔷🔶 ⚠️ストラレイ消滅, (支払:R:🔷, パッファー:🔷, 配置:R:🔷, ストラレイ:🔶) -> eval: +0.2124
    [161] SUMMON | コスト🔷🔷, 配置コア🔷🔶 ⚠️ストラレイ・パッファー消滅, (支払:パッファー:🔷🔷, 配置:R:🔷, ストラレイ:🔶) -> eval: +0.0517
    [162] SUMMON | コスト🔷🔶, 配置コア🔷🔷 ⚠️ストラレイ消滅, (支払:R:🔷, ストラレイ:🔶, 配置:R:🔷🔷) -> eval: +0.2389
    [163] SUMMON | コスト🔷🔶, 配置コア🔷🔷 ⚠️ストラレイ消滅, (支払:ストラレイ:🔶, パッファー:🔷, 配置:R:🔷🔷) -> eval: +0.2195
    [164] SUMMON | コスト🔷🔶, 配置コア🔷🔷 ⚠️ストラレイ・パッファー消滅, (支払:ストラレイ:🔶, パッファー:🔷, 配置:R:🔷, パッファー:🔷) -> eval: +0.0676
    [165] SUMMON | コスト🔷🔷, 配置コア🔷🔷🔷, (支払:R:🔷🔷, 配置:R:🔷🔷🔷) -> eval: +0.4622
    [166] SUMMON | コスト🔷🔷, 配置コア🔷🔷🔷, (支払:R:🔷, パッファー:🔷, 配置:R:🔷🔷🔷) -> eval: +0.4475
    [167] SUMMON | コスト🔷🔷, 配置コア🔷🔷🔷 ⚠️パッファー消滅, (支払:パッファー:🔷🔷, 配置:R:🔷🔷🔷) -> eval: +0.2246
    [168] SUMMON | コスト🔷🔷, 配置コア🔷🔷🔶 ⚠️ストラレイ消滅, (支払:R:🔷🔷, 配置:R:🔷🔷, ストラレイ:🔶) -> eval: +0.2450
    [169] SUMMON | コスト🔷🔷, 配置コア🔷🔷🔶 ⚠️ストラレイ消滅, (支払:R:🔷, パッファー:🔷, 配置:R:🔷🔷, ストラレイ:🔶) -> eval: +0.2264
    [170] SUMMON | コスト🔷🔷, 配置コア🔷🔷🔶 ⚠️ストラレイ・パッファー消滅, (支払:パッファー:🔷🔷, 配置:R:🔷🔷, ストラレイ:🔶) -> eval: +0.0636
    [171] SUMMON | コスト🔷🔶, 配置コア🔷🔷🔷 ⚠️ストラレイ消滅, (支払:R:🔷, ストラレイ:🔶, 配置:R:🔷🔷🔷) -> eval: +0.2542
    [172] SUMMON | コスト🔷🔶, 配置コア🔷🔷🔷 ⚠️ストラレイ消滅, (支払:ストラレイ:🔶, パッファー:🔷, 配置:R:🔷🔷🔷) -> eval: +0.2340
    [173] SUMMON | コスト🔷🔶, 配置コア🔷🔷🔷 ⚠️ストラレイ・パッファー消滅, (支払:ストラレイ:🔶, パッファー:🔷, 配置:R:🔷🔷, パッファー:🔷) -> eval: +0.0798
    [174] SUMMON | コスト🔷🔷, 配置コア🔷🔷🔷🔷, (支払:R:🔷, パッファー:🔷, 配置:R:🔷🔷🔷🔷) -> eval: +0.4589
    [175] SUMMON | コスト🔷🔷, 配置コア🔷🔷🔷🔷 ⚠️パッファー消滅, (支払:パッファー:🔷🔷, 配置:R:🔷🔷🔷🔷) -> eval: +0.2397
    [176] SUMMON | コスト🔷🔷, 配置コア🔷🔷🔷🔶 ⚠️ストラレイ消滅, (支払:R:🔷🔷, 配置:R:🔷🔷🔷, ストラレイ:🔶) -> eval: +0.2608
    [177] SUMMON | コスト🔷🔷, 配置コア🔷🔷🔷🔶 ⚠️ストラレイ消滅, (支払:R:🔷, パッファー:🔷, 配置:R:🔷🔷🔷, ストラレイ:🔶) -> eval: +0.2414
    [178] SUMMON | コスト🔷🔷, 配置コア🔷🔷🔷🔶 ⚠️ストラレイ・パッファー消滅, (支払:パッファー:🔷🔷, 配置:R:🔷🔷🔷, ストラレイ:🔶) -> eval: +0.0769
    [179] SUMMON | コスト🔷🔶, 配置コア🔷🔷🔷🔷 ⚠️ストラレイ消滅, (支払:R:🔷, ストラレイ:🔶, 配置:R:🔷🔷🔷🔷) -> eval: +0.2704
    [180] SUMMON | コスト🔷🔶, 配置コア🔷🔷🔷🔷 ⚠️ストラレイ消滅, (支払:ストラレイ:🔶, パッファー:🔷, 配置:R:🔷🔷🔷🔷) -> eval: +0.2495
    [181] SUMMON | コスト🔷🔶, 配置コア🔷🔷🔷🔷 ⚠️ストラレイ・パッファー消滅, (支払:ストラレイ:🔶, パッファー:🔷, 配置:R:🔷🔷🔷, パッファー:🔷) -> eval: +0.0933
    [182] SUMMON | コスト🔷🔷, 配置コア🔷🔷🔷🔷🔷 ⚠️パッファー消滅, (支払:パッファー:🔷🔷, 配置:R:🔷🔷🔷🔷🔷) -> eval: +0.2559
    [183] SUMMON | コスト🔷🔷, 配置コア🔷🔷🔷🔷🔶 ⚠️ストラレイ消滅, (支払:R:🔷, パッファー:🔷, 配置:R:🔷🔷🔷🔷, ストラレイ:🔶) -> eval: +0.2575
    [184] SUMMON | コスト🔷🔷, 配置コア🔷🔷🔷🔷🔶 ⚠️ストラレイ・パッファー消滅, (支払:パッファー:🔷🔷, 配置:R:🔷🔷🔷🔷, ストラレイ:🔶) -> eval: +0.0914
    [185] SUMMON | コスト🔷🔶, 配置コア🔷🔷🔷🔷🔷 ⚠️ストラレイ消滅, (支払:ストラレイ:🔶, パッファー:🔷, 配置:R:🔷🔷🔷🔷🔷) -> eval: +0.2660
    [186] SUMMON | コスト🔷🔶, 配置コア🔷🔷🔷🔷🔷 ⚠️ストラレイ・パッファー消滅, (支払:ストラレイ:🔶, パッファー:🔷, 配置:R:🔷🔷🔷🔷, パッファー:🔷) -> eval: +0.1079
    [187] SUMMON | コスト🔷🔷, 配置コア🔷🔷🔷🔷🔷🔶 ⚠️ストラレイ・パッファー消滅, (支払:パッファー:🔷🔷, 配置:R:🔷🔷🔷🔷🔷, ストラレイ:🔶) -> eval: +0.1071
    [188] SUMMON | コスト🔷🔶, 配置コア🔷🔷🔷🔷🔷🔷 ⚠️ストラレイ・パッファー消滅, (支払:ストラレイ:🔶, パッファー:🔷, 配置:R:🔷🔷🔷🔷🔷, パッファー:🔷) -> eval: +0.1236
    [189] MOVE_CORE | 🔷を移動 -> eval: +0.4144
    [190] MOVE_CORE | 🔷🔷を移動 -> eval: +0.4265
    [191] MOVE_CORE | 🔷🔷🔷を移動 -> eval: +0.4344
    [192] MOVE_CORE | 🔷🔷🔷🔷を移動 -> eval: +0.4433
    [193] MOVE_CORE | 🔷🔷🔷🔷🔷を移動 -> eval: +0.4531
    [194] MOVE_CORE | 🔷を移動 -> eval: +0.4175
    [195] MOVE_CORE | 🔷🔷を移動 -> eval: +0.4266
    [196] MOVE_CORE | 🔷🔷🔷を移動 -> eval: +0.4368
    [197] MOVE_CORE | 🔷🔷🔷🔷を移動 -> eval: +0.4481
    [198] MOVE_CORE | 🔷🔷🔷🔷🔷を移動 -> eval: +0.4603
    [199] MOVE_CORE | 🔶を移動 ⚠️ストラレイ消滅 -> eval: +0.1662
    [200] MOVE_CORE | 🔶 ⇄ 🔷 を交換 -> eval: +0.4178
    [201] MOVE_CORE | 🔶を移動 ⚠️ストラレイ消滅 -> eval: +0.1555
    [202] MOVE_CORE | 🔶 ⇄ 🔷 を交換 -> eval: +0.4063
    [203] MOVE_CORE | 🔷を移動 -> eval: +0.3880
    [204] MOVE_CORE | 🔷🔷を移動 ⚠️パッファー消滅 -> eval: +0.1388
    [205] MOVE_CORE | 🔷を移動 -> eval: +0.3917
    [206] MOVE_CORE | 🔷🔷を移動 ⚠️パッファー消滅 -> eval: +0.1697
  ステップ終了評価: +0.4096
  => 選択: SUMMON | コスト🔷🔷🔷🔷, 配置コア🔷🔷, (支払:R:🔷🔷🔷, パッファー:🔷, 配置:R:🔷🔷) (eval: +0.4878 > 終了評価 +0.4096)
     効果/結果: 🎴 「透笠オリンディアス」を召喚 (コスト4をトラッシュへ) ※パッファーから1個

Turn 5 | 手数 28 | 手番: P1(run2_run3.kann.weight) | メインステップ
  盤面:
    P1: Life:3, Reserve:0, Hand:4枚, Field:[ストラレイ(Lv1,コア1s), パッファー(Lv1,コア1), 透笠オリンディアス(Lv2,コア2)]
    P2: Life:3, Reserve:0, Hand:4枚, Field:[ラスヘッド(Lv1,コア1), 透笠オリンディアス(Lv2,コア2)]
  候補行動 (50件):
    [0] SUMMON | コスト🔷🔷🔷, 配置コア🔶 ⚠️ストラレイ・パッファー・透笠オリンディアス消滅, (支払:パッファー:🔷, 透笠オリンディアス:🔷🔷, 配置:ストラレイ:🔶) -> eval: +0.0798
    [1] SUMMON | コスト🔷🔷🔶, 配置コア🔷 ⚠️ストラレイ・パッファー・透笠オリンディアス消滅, (支払:ストラレイ:🔶, 透笠オリンディアス:🔷🔷, 配置:パッファー:🔷) -> eval: +0.1020
    [2] SUMMON | コスト🔷, 配置コアなし ⚠️パッファー消滅, (支払:パッファー:🔷, 配置:なし) -> eval: +0.2862
    [3] SUMMON | コスト🔷, 配置コアなし, (支払:透笠オリンディアス:🔷, 配置:なし) -> eval: +0.4759
    [4] SUMMON | コスト🔶, 配置コアなし ⚠️ストラレイ消滅, (支払:ストラレイ:🔶, 配置:なし) -> eval: +0.3021
    [5] SUMMON | コスト🔷, 配置コア🔷 ⚠️パッファー消滅, (支払:透笠オリンディアス:🔷, 配置:パッファー:🔷) -> eval: +0.2831
    [6] SUMMON | コスト🔷, 配置コア🔷 ⚠️透笠オリンディアス消滅, (支払:透笠オリンディアス:🔷, 配置:透笠オリンディアス:🔷) -> eval: +0.2661
    [7] SUMMON | コスト🔷, 配置コア🔶 ⚠️ストラレイ・パッファー消滅, (支払:パッファー:🔷, 配置:ストラレイ:🔶) -> eval: +0.1557
    [8] SUMMON | コスト🔷, 配置コア🔶 ⚠️ストラレイ消滅, (支払:透笠オリンディアス:🔷, 配置:ストラレイ:🔶) -> eval: +0.2872
    [9] SUMMON | コスト🔶, 配置コア🔷 ⚠️ストラレイ・パッファー消滅, (支払:ストラレイ:🔶, 配置:パッファー:🔷) -> eval: +0.1710
    [10] SUMMON | コスト🔶, 配置コア🔷 ⚠️ストラレイ消滅, (支払:ストラレイ:🔶, 配置:透笠オリンディアス:🔷) -> eval: +0.2974
    [11] SUMMON | コスト🔷, 配置コア🔷🔷 ⚠️パッファー・透笠オリンディアス消滅, (支払:透笠オリンディアス:🔷, 配置:パッファー:🔷, 透笠オリンディアス:🔷) -> eval: +0.1339
    [12] SUMMON | コスト🔷, 配置コア🔷🔶 ⚠️ストラレイ・パッファー消滅, (支払:透笠オリンディアス:🔷, 配置:ストラレイ:🔶, パッファー:🔷) -> eval: +0.1526
    [13] SUMMON | コスト🔷, 配置コア🔷🔶 ⚠️ストラレイ・透笠オリンディアス消滅, (支払:透笠オリンディアス:🔷, 配置:ストラレイ:🔶, 透笠オリンディアス:🔷) -> eval: +0.1344
    [14] SUMMON | コスト🔶, 配置コア🔷🔷 ⚠️ストラレイ・パッファー消滅, (支払:ストラレイ:🔶, 配置:パッファー:🔷, 透笠オリンディアス:🔷) -> eval: +0.1677
    [15] SUMMON | コスト🔶, 配置コア🔷🔷 ⚠️ストラレイ・透笠オリンディアス消滅, (支払:ストラレイ:🔶, 配置:透笠オリンディアス:🔷🔷) -> eval: +0.1490
    [16] SUMMON | コスト🔷, 配置コア🔷🔷🔶 ⚠️ストラレイ・パッファー・透笠オリンディアス消滅, (支払:透笠オリンディアス:🔷, 配置:ストラレイ:🔶, パッファー:🔷, 透笠オリンディアス:🔷) -> eval: +0.0534
    [17] SUMMON | コスト🔶, 配置コア🔷🔷🔷 ⚠️ストラレイ・パッファー・透笠オリンディアス消滅, (支払:ストラレイ:🔶, 配置:パッファー:🔷, 透笠オリンディアス:🔷🔷) -> eval: +0.0745
    [18] SUMMON | コスト🔷🔷, 配置コアなし ⚠️パッファー消滅, (支払:パッファー:🔷, 透笠オリンディアス:🔷, 配置:なし) -> eval: +0.2771
    [19] SUMMON | コスト🔷🔷, 配置コアなし ⚠️透笠オリンディアス消滅, (支払:透笠オリンディアス:🔷🔷, 配置:なし) -> eval: +0.2600
    [20] SUMMON | コスト🔷🔶, 配置コアなし ⚠️ストラレイ・パッファー消滅, (支払:ストラレイ:🔶, パッファー:🔷, 配置:なし) -> eval: +0.1663
    [21] SUMMON | コスト🔷🔶, 配置コアなし ⚠️ストラレイ消滅, (支払:ストラレイ:🔶, 透笠オリンディアス:🔷, 配置:なし) -> eval: +0.2914
    [22] SUMMON | コスト🔷🔷, 配置コア🔷 ⚠️パッファー・透笠オリンディアス消滅, (支払:透笠オリンディアス:🔷🔷, 配置:パッファー:🔷) -> eval: +0.1291
    [23] SUMMON | コスト🔷🔷, 配置コア🔶 ⚠️ストラレイ・パッファー消滅, (支払:パッファー:🔷, 透笠オリンディアス:🔷, 配置:ストラレイ:🔶) -> eval: +0.1494
    [24] SUMMON | コスト🔷🔷, 配置コア🔶 ⚠️ストラレイ・透笠オリンディアス消滅, (支払:透笠オリンディアス:🔷🔷, 配置:ストラレイ:🔶) -> eval: +0.1312
    [25] SUMMON | コスト🔷🔶, 配置コア🔷 ⚠️ストラレイ・パッファー消滅, (支払:ストラレイ:🔶, 透笠オリンディアス:🔷, 配置:パッファー:🔷) -> eval: +0.1626
    [26] SUMMON | コスト🔷🔶, 配置コア🔷 ⚠️ストラレイ・透笠オリンディアス消滅, (支払:ストラレイ:🔶, 透笠オリンディアス:🔷, 配置:透笠オリンディアス:🔷) -> eval: +0.1439
    [27] SUMMON | コスト🔷🔷, 配置コア🔷🔶 ⚠️ストラレイ・パッファー・透笠オリンディアス消滅, (支払:透笠オリンディアス:🔷🔷, 配置:ストラレイ:🔶, パッファー:🔷) -> eval: +0.0502
    [28] SUMMON | コスト🔷🔶, 配置コア🔷🔷 ⚠️ストラレイ・パッファー・透笠オリンディアス消滅, (支払:ストラレイ:🔶, 透笠オリンディアス:🔷, 配置:パッファー:🔷, 透笠オリンディアス:🔷) -> eval: +0.0723
    [29] SUMMON | コスト🔷🔷, 配置コア🔷 ⚠️パッファー・透笠オリンディアス消滅, (支払:透笠オリンディアス:🔷🔷, 配置:パッファー:🔷) -> eval: +0.1406
    [30] SUMMON | コスト🔷🔷, 配置コア🔶 ⚠️ストラレイ・パッファー消滅, (支払:パッファー:🔷, 透笠オリンディアス:🔷, 配置:ストラレイ:🔶) -> eval: +0.1586
    [31] SUMMON | コスト🔷🔷, 配置コア🔶 ⚠️ストラレイ・透笠オリンディアス消滅, (支払:透笠オリンディアス:🔷🔷, 配置:ストラレイ:🔶) -> eval: +0.1405
    [32] SUMMON | コスト🔷🔶, 配置コア🔷 ⚠️ストラレイ・パッファー消滅, (支払:ストラレイ:🔶, 透笠オリンディアス:🔷, 配置:パッファー:🔷) -> eval: +0.1748
    [33] SUMMON | コスト🔷🔶, 配置コア🔷 ⚠️ストラレイ・透笠オリンディアス消滅, (支払:ストラレイ:🔶, 透笠オリンディアス:🔷, 配置:透笠オリンディアス:🔷) -> eval: +0.1569
    [34] SUMMON | コスト🔷🔷, 配置コア🔷🔶 ⚠️ストラレイ・パッファー・透笠オリンディアス消滅, (支払:透笠オリンディアス:🔷🔷, 配置:ストラレイ:🔶, パッファー:🔷) -> eval: +0.0577
    [35] SUMMON | コスト🔷🔶, 配置コア🔷🔷 ⚠️ストラレイ・パッファー・透笠オリンディアス消滅, (支払:ストラレイ:🔶, 透笠オリンディアス:🔷, 配置:パッファー:🔷, 透笠オリンディアス:🔷) -> eval: +0.0794
    [36] MOVE_CORE | 🔶を移動 ⚠️ストラレイ消滅 -> eval: +0.2828
    [37] MOVE_CORE | 🔶を移動 ⚠️ストラレイ消滅 -> eval: +0.2754
    [38] MOVE_CORE | 🔶 ⇄ 🔷 を交換 -> eval: +0.4944
    [39] MOVE_CORE | 🔶を移動 ⚠️ストラレイ消滅 -> eval: +0.2687
    [40] MOVE_CORE | 🔶 ⇄ 🔷 を交換 -> eval: +0.4822
    [41] MOVE_CORE | 🔷を移動 ⚠️パッファー消滅 -> eval: +0.2686
    [42] MOVE_CORE | 🔷を移動 ⚠️パッファー消滅 -> eval: +0.2814
    [43] MOVE_CORE | 🔷を移動 ⚠️パッファー消滅 -> eval: +0.2848
    [44] MOVE_CORE | 🔷を移動 -> eval: +0.4634
    [45] MOVE_CORE | 🔷🔷を移動 ⚠️透笠オリンディアス消滅 -> eval: +0.2260
    [46] MOVE_CORE | 🔷を移動 -> eval: +0.4713
    [47] MOVE_CORE | 🔷🔷を移動 ⚠️透笠オリンディアス消滅 -> eval: +0.2585
    [48] MOVE_CORE | 🔷を移動 -> eval: +0.4773
    [49] MOVE_CORE | 🔷🔷を移動 ⚠️透笠オリンディアス消滅 -> eval: +0.2674
  ステップ終了評価: +0.4878
  => 選択: MOVE_CORE | 🔶 ⇄ 🔷 を交換 (eval: +0.4944 > 終了評価 +0.4878)
     効果/結果: 🔷 「ストラレイ」➔「パッファー」 ソウルコア1個 / 「パッファー」➔「ストラレイ」 通常コア1個

Turn 5 | 手数 29 | 手番: P1(run2_run3.kann.weight) | メインステップ
  盤面:
    P1: Life:3, Reserve:0, Hand:4枚, Field:[ストラレイ(Lv1,コア1), パッファー(Lv1,コア1s), 透笠オリンディアス(Lv2,コア2)]
    P2: Life:3, Reserve:0, Hand:4枚, Field:[ラスヘッド(Lv1,コア1), 透笠オリンディアス(Lv2,コア2)]
  候補行動 (49件):
    [0] SUMMON | コスト🔷🔷🔷, 配置コア🔶 ⚠️ストラレイ・パッファー・透笠オリンディアス消滅, (支払:ストラレイ:🔷, 透笠オリンディアス:🔷🔷, 配置:パッファー:🔶) -> eval: +0.0798
    [1] SUMMON | コスト🔷🔷🔶, 配置コア🔷 ⚠️ストラレイ・パッファー・透笠オリンディアス消滅, (支払:パッファー:🔶, 透笠オリンディアス:🔷🔷, 配置:ストラレイ:🔷) -> eval: +0.1020
    [2] SUMMON | コスト🔷, 配置コアなし ⚠️ストラレイ消滅, (支払:ストラレイ:🔷, 配置:なし) -> eval: +0.2805
    [3] SUMMON | コスト🔷, 配置コアなし, (支払:透笠オリンディアス:🔷, 配置:なし) -> eval: +0.4817
    [4] SUMMON | コスト🔶, 配置コアなし ⚠️パッファー消滅, (支払:パッファー:🔶, 配置:なし) -> eval: +0.3101
    [5] SUMMON | コスト🔷, 配置コア🔷 ⚠️ストラレイ消滅, (支払:透笠オリンディアス:🔷, 配置:ストラレイ:🔷) -> eval: +0.2774
    [6] SUMMON | コスト🔷, 配置コア🔷 ⚠️透笠オリンディアス消滅, (支払:透笠オリンディアス:🔷, 配置:透笠オリンディアス:🔷) -> eval: +0.2737
    [7] SUMMON | コスト🔷, 配置コア🔶 ⚠️ストラレイ・パッファー消滅, (支払:ストラレイ:🔷, 配置:パッファー:🔶) -> eval: +0.1557
    [8] SUMMON | コスト🔷, 配置コア🔶 ⚠️パッファー消滅, (支払:透笠オリンディアス:🔷, 配置:パッファー:🔶) -> eval: +0.2950
    [9] SUMMON | コスト🔶, 配置コア🔷 ⚠️ストラレイ・パッファー消滅, (支払:パッファー:🔶, 配置:ストラレイ:🔷) -> eval: +0.1710
    [10] SUMMON | コスト🔶, 配置コア🔷 ⚠️パッファー消滅, (支払:パッファー:🔶, 配置:透笠オリンディアス:🔷) -> eval: +0.3057
    [11] SUMMON | コスト🔷, 配置コア🔷🔷 ⚠️ストラレイ・透笠オリンディアス消滅, (支払:透笠オリンディアス:🔷, 配置:ストラレイ:🔷, 透笠オリンディアス:🔷) -> eval: +0.1273
    [12] SUMMON | コスト🔷, 配置コア🔷🔶 ⚠️ストラレイ・パッファー消滅, (支払:透笠オリンディアス:🔷, 配置:ストラレイ:🔷, パッファー:🔶) -> eval: +0.1526
    [13] SUMMON | コスト🔷, 配置コア🔷🔶 ⚠️パッファー・透笠オリンディアス消滅, (支払:透笠オリンディアス:🔷, 配置:パッファー:🔶, 透笠オリンディアス:🔷) -> eval: +0.1438
    [14] SUMMON | コスト🔶, 配置コア🔷🔷 ⚠️ストラレイ・パッファー消滅, (支払:パッファー:🔶, 配置:ストラレイ:🔷, 透笠オリンディアス:🔷) -> eval: +0.1677
    [15] SUMMON | コスト🔶, 配置コア🔷🔷 ⚠️パッファー・透笠オリンディアス消滅, (支払:パッファー:🔶, 配置:透笠オリンディアス:🔷🔷) -> eval: +0.1587
    [16] SUMMON | コスト🔷, 配置コア🔷🔷🔶 ⚠️ストラレイ・パッファー・透笠オリンディアス消滅, (支払:透笠オリンディアス:🔷, 配置:ストラレイ:🔷, パッファー:🔶, 透笠オリンディアス:🔷) -> eval: +0.0534
    [17] SUMMON | コスト🔶, 配置コア🔷🔷🔷 ⚠️ストラレイ・パッファー・透笠オリンディアス消滅, (支払:パッファー:🔶, 配置:ストラレイ:🔷, 透笠オリンディアス:🔷🔷) -> eval: +0.0745
    [18] SUMMON | コスト🔷🔷, 配置コアなし ⚠️ストラレイ消滅, (支払:ストラレイ:🔷, 透笠オリンディアス:🔷, 配置:なし) -> eval: +0.2713
    [19] SUMMON | コスト🔷🔷, 配置コアなし ⚠️透笠オリンディアス消滅, (支払:透笠オリンディアス:🔷🔷, 配置:なし) -> eval: +0.2678
    [20] SUMMON | コスト🔷🔶, 配置コアなし ⚠️ストラレイ・パッファー消滅, (支払:ストラレイ:🔷, パッファー:🔶, 配置:なし) -> eval: +0.1663
    [21] SUMMON | コスト🔷🔶, 配置コアなし ⚠️パッファー消滅, (支払:パッファー:🔶, 透笠オリンディアス:🔷, 配置:なし) -> eval: +0.2998
    [22] SUMMON | コスト🔷🔷, 配置コア🔷 ⚠️ストラレイ・透笠オリンディアス消滅, (支払:透笠オリンディアス:🔷🔷, 配置:ストラレイ:🔷) -> eval: +0.1225
    [23] SUMMON | コスト🔷🔷, 配置コア🔶 ⚠️ストラレイ・パッファー消滅, (支払:ストラレイ:🔷, 透笠オリンディアス:🔷, 配置:パッファー:🔶) -> eval: +0.1494
    [24] SUMMON | コスト🔷🔷, 配置コア🔶 ⚠️パッファー・透笠オリンディアス消滅, (支払:透笠オリンディアス:🔷🔷, 配置:パッファー:🔶) -> eval: +0.1406
    [25] SUMMON | コスト🔷🔶, 配置コア🔷 ⚠️ストラレイ・パッファー消滅, (支払:パッファー:🔶, 透笠オリンディアス:🔷, 配置:ストラレイ:🔷) -> eval: +0.1626
    [26] SUMMON | コスト🔷🔶, 配置コア🔷 ⚠️パッファー・透笠オリンディアス消滅, (支払:パッファー:🔶, 透笠オリンディアス:🔷, 配置:透笠オリンディアス:🔷) -> eval: +0.1537
    [27] SUMMON | コスト🔷🔷, 配置コア🔷🔶 ⚠️ストラレイ・パッファー・透笠オリンディアス消滅, (支払:透笠オリンディアス:🔷🔷, 配置:ストラレイ:🔷, パッファー:🔶) -> eval: +0.0502
    [28] SUMMON | コスト🔷🔶, 配置コア🔷🔷 ⚠️ストラレイ・パッファー・透笠オリンディアス消滅, (支払:パッファー:🔶, 透笠オリンディアス:🔷, 配置:ストラレイ:🔷, 透笠オリンディアス:🔷) -> eval: +0.0723
    [29] SUMMON | コスト🔷🔷, 配置コア🔷 ⚠️ストラレイ・透笠オリンディアス消滅, (支払:透笠オリンディアス:🔷🔷, 配置:ストラレイ:🔷) -> eval: +0.1340
    [30] SUMMON | コスト🔷🔷, 配置コア🔶 ⚠️ストラレイ・パッファー消滅, (支払:ストラレイ:🔷, 透笠オリンディアス:🔷, 配置:パッファー:🔶) -> eval: +0.1586
    [31] SUMMON | コスト🔷🔷, 配置コア🔶 ⚠️パッファー・透笠オリンディアス消滅, (支払:透笠オリンディアス:🔷🔷, 配置:パッファー:🔶) -> eval: +0.1500
    [32] SUMMON | コスト🔷🔶, 配置コア🔷 ⚠️ストラレイ・パッファー消滅, (支払:パッファー:🔶, 透笠オリンディアス:🔷, 配置:ストラレイ:🔷) -> eval: +0.1748
    [33] SUMMON | コスト🔷🔶, 配置コア🔷 ⚠️パッファー・透笠オリンディアス消滅, (支払:パッファー:🔶, 透笠オリンディアス:🔷, 配置:透笠オリンディアス:🔷) -> eval: +0.1662
    [34] SUMMON | コスト🔷🔷, 配置コア🔷🔶 ⚠️ストラレイ・パッファー・透笠オリンディアス消滅, (支払:透笠オリンディアス:🔷🔷, 配置:ストラレイ:🔷, パッファー:🔶) -> eval: +0.0577
    [35] SUMMON | コスト🔷🔶, 配置コア🔷🔷 ⚠️ストラレイ・パッファー・透笠オリンディアス消滅, (支払:パッファー:🔶, 透笠オリンディアス:🔷, 配置:ストラレイ:🔷, 透笠オリンディアス:🔷) -> eval: +0.0794
    [36] MOVE_CORE | 🔷を移動 ⚠️ストラレイ消滅 -> eval: +0.2623
    [37] MOVE_CORE | 🔷を移動 ⚠️ストラレイ消滅 -> eval: +0.2754
    [38] MOVE_CORE | 🔷を移動 ⚠️ストラレイ消滅 -> eval: +0.2784
    [39] MOVE_CORE | 🔶を移動 ⚠️パッファー消滅 -> eval: +0.2921
    [40] MOVE_CORE | 🔶を移動 ⚠️パッファー消滅 -> eval: +0.2814
    [41] MOVE_CORE | 🔶を移動 ⚠️パッファー消滅 -> eval: +0.2790
    [42] MOVE_CORE | 🔶 ⇄ 🔷 を交換 -> eval: +0.4822
    [43] MOVE_CORE | 🔷を移動 -> eval: +0.4716
    [44] MOVE_CORE | 🔷🔷を移動 ⚠️透笠オリンディアス消滅 -> eval: +0.2321
    [45] MOVE_CORE | 🔷を移動 -> eval: +0.4796
    [46] MOVE_CORE | 🔷🔷を移動 ⚠️透笠オリンディアス消滅 -> eval: +0.2743
    [47] MOVE_CORE | 🔷を移動 -> eval: +0.4799
    [48] MOVE_CORE | 🔷🔷を移動 ⚠️透笠オリンディアス消滅 -> eval: +0.2654
  ステップ終了評価: +0.4944
  => 選択: ステップ終了 (候補最大 +0.4822 <= 終了評価 +0.4944)

Turn 5 | 手数 30 | 手番: P1(run2_run3.kann.weight) | アタック宣言
  盤面:
    P1: Life:3, Reserve:0, Hand:4枚, Field:[ストラレイ(Lv1,コア1), パッファー(Lv1,コア1s), 透笠オリンディアス(Lv2,コア2)]
    P2: Life:3, Reserve:0, Hand:4枚, Field:[ラスヘッド(Lv1,コア1), 透笠オリンディアス(Lv2,コア2)]
  候補行動 (3件):
    [0] ATTACK | ストラレイ でアタック宣言 (Lv1, BP4000, 通ればライフ-🔷) -> eval: +0.5226
    [1] ATTACK | パッファー でアタック宣言 (Lv1, BP2000, 通ればライフ-🔷) -> eval: +0.5246
    [2] ATTACK | 透笠オリンディアス でアタック宣言 (Lv2, BP7000, 通ればライフ-🔷) -> eval: +0.5249
  ステップ終了評価: +0.4944
  => 選択: ATTACK | 透笠オリンディアス でアタック宣言 (Lv2, BP7000, 通ればライフ-🔷) (eval: +0.5249 > 終了評価 +0.4944)
     効果/結果: 🗡️ 「透笠オリンディアス」がアタック宣言 (BP7000)

Turn 5 | 手数 31 | 手番: P2(run3_run4.kann.weight) | ブロック宣言
  盤面:
    P1: Life:3, Reserve:0, Hand:4枚, Field:[ストラレイ(Lv1,コア1), パッファー(Lv1,コア1s), 透笠オリンディアス(Lv2,コア2)]
    P2: Life:3, Reserve:0, Hand:4枚, Field:[ラスヘッド(Lv1,コア1), 透笠オリンディアス(Lv2,コア2)]
  候補行動 (1件):
    [0] PASS_BLOCK | ライフでアタックを受ける (ライフ-🔷) -> eval: +0.2857
  => 選択: PASS_BLOCK | ライフでアタックを受ける (ライフ-🔷) (eval: +0.2857)
     効果/結果: 💔 ブロックせず: プレイヤー2 のライフ-1 (コアはリザーブへ)

Turn 5 | 手数 32 | 手番: P1(run2_run3.kann.weight) | アタック宣言
  盤面:
    P1: Life:3, Reserve:0, Hand:4枚, Field:[ストラレイ(Lv1,コア1), パッファー(Lv1,コア1s), 透笠オリンディアス(Lv2,コア2)]
    P2: Life:2, Reserve:1, Hand:4枚, Field:[ラスヘッド(Lv1,コア1), 透笠オリンディアス(Lv2,コア2)]
  候補行動 (2件):
    [0] ATTACK | ストラレイ でアタック宣言 (Lv1, BP4000, 通ればライフ-🔷) -> eval: +0.5478
    [1] ATTACK | パッファー でアタック宣言 (Lv1, BP2000, 通ればライフ-🔷) -> eval: +0.5491
  ステップ終了評価: +0.5304
  => 選択: ATTACK | パッファー でアタック宣言 (Lv1, BP2000, 通ればライフ-🔷) (eval: +0.5491 > 終了評価 +0.5304)
     効果/結果: 🗡️ 「パッファー」がアタック宣言 (BP2000)

Turn 5 | 手数 33 | 手番: P2(run3_run4.kann.weight) | ブロック宣言
  盤面:
    P1: Life:3, Reserve:0, Hand:4枚, Field:[ストラレイ(Lv1,コア1), パッファー(Lv1,コア1s), 透笠オリンディアス(Lv2,コア2)]
    P2: Life:2, Reserve:1, Hand:4枚, Field:[ラスヘッド(Lv1,コア1), 透笠オリンディアス(Lv2,コア2)]
  候補行動 (1件):
    [0] PASS_BLOCK | ライフでアタックを受ける (ライフ-🔷) -> eval: +0.3048
  => 選択: PASS_BLOCK | ライフでアタックを受ける (ライフ-🔷) (eval: +0.3048)
     効果/結果: 💔 ブロックせず: プレイヤー2 のライフ-1 (コアはリザーブへ)

Turn 5 | 手数 34 | 手番: P1(run2_run3.kann.weight) | アタック宣言
  盤面:
    P1: Life:3, Reserve:0, Hand:4枚, Field:[ストラレイ(Lv1,コア1), パッファー(Lv1,コア1s), 透笠オリンディアス(Lv2,コア2)]
    P2: Life:1, Reserve:2, Hand:4枚, Field:[ラスヘッド(Lv1,コア1), 透笠オリンディアス(Lv2,コア2)]
  候補行動 (1件):
    [0] ATTACK | ストラレイ でアタック宣言 (Lv1, BP4000, 通ればライフ-🔷) -> eval: +0.5646
  ステップ終了評価: +0.5540
  => 選択: ATTACK | ストラレイ でアタック宣言 (Lv1, BP4000, 通ればライフ-🔷) (eval: +0.5646 > 終了評価 +0.5540)
     効果/結果: 🗡️ 「ストラレイ」がアタック宣言 (BP4000)

Turn 5 | 手数 35 | 手番: P2(run3_run4.kann.weight) | ブロック宣言
  盤面:
    P1: Life:3, Reserve:0, Hand:4枚, Field:[ストラレイ(Lv1,コア1), パッファー(Lv1,コア1s), 透笠オリンディアス(Lv2,コア2)]
    P2: Life:1, Reserve:2, Hand:4枚, Field:[ラスヘッド(Lv1,コア1), 透笠オリンディアス(Lv2,コア2)]
  候補行動 (1件):
    [0] PASS_BLOCK | ライフでアタックを受ける (ライフ-🔷) -> eval: +0.3293
  => 選択: PASS_BLOCK | ライフでアタックを受ける (ライフ-🔷) (eval: +0.3293)
     効果/結果: 💔 ブロックせず: プレイヤー2 のライフ-1 (コアはリザーブへ)
     効果/結果: 🏁 プレイヤー2 のライフが0になりました

  【決着】 勝者: P1(run2_run3.kann.weight) (5ターン / 36 手)
-----------------------------------------------------------------
対戦 3/10 [シード: -2325464506032184193]
  先手(P1): run3_run4.kann.weight
  後手(P2): run2_run3.kann.weight
-----------------------------------------------------------------
Turn 1 | 手数 0 | 手番: P1(run3_run4.kann.weight) | メインステップ
  盤面:
    P1: Life:5, Reserve:4s, Hand:5枚, Field:[空]
    P2: Life:5, Reserve:4s, Hand:4枚, Field:[空]
  候補行動 (9件):
    [0] SUMMON | コスト🔷🔷🔷, 配置コア🔶, (支払:R:🔷🔷🔷, 配置:R:🔶) -> eval: +0.0679
    [1] SUMMON | コスト🔷🔷🔶, 配置コア🔷, (支払:R:🔷🔷🔶, 配置:R:🔷) -> eval: +0.0152
    [2] SUMMON | コスト🔷🔷🔷, 配置コア🔶, (支払:R:🔷🔷🔷, 配置:R:🔶) -> eval: +0.0800
    [3] SUMMON | コスト🔷🔷🔶, 配置コア🔷, (支払:R:🔷🔷🔶, 配置:R:🔷) -> eval: +0.0253
    [4] SUMMON | コスト🔷🔷, 配置コア🔷, (支払:R:🔷🔷, 配置:R:🔷) -> eval: -0.0060
    [5] SUMMON | コスト🔷🔷, 配置コア🔶, (支払:R:🔷🔷, 配置:R:🔶) -> eval: +0.0411
    [6] SUMMON | コスト🔷🔶, 配置コア🔷, (支払:R:🔷🔶, 配置:R:🔷) -> eval: -0.0060
    [7] SUMMON | コスト🔷🔷, 配置コア🔷🔶, (支払:R:🔷🔷, 配置:R:🔷🔶) -> eval: +0.0631
    [8] SUMMON | コスト🔷🔶, 配置コア🔷🔷, (支払:R:🔷🔶, 配置:R:🔷🔷) -> eval: +0.0101
  ステップ終了評価: -0.1037
  => 選択: SUMMON | コスト🔷🔷🔷, 配置コア🔶, (支払:R:🔷🔷🔷, 配置:R:🔶) (eval: +0.0800 > 終了評価 -0.1037)
     効果/結果: 🎴 「ストラレイ」を召喚 (コスト3をトラッシュへ)

Turn 1 | 手数 1 | 手番: P1(run3_run4.kann.weight) | メインステップ
  盤面:
    P1: Life:5, Reserve:0, Hand:4枚, Field:[ストラレイ(Lv1,コア1s)]
    P2: Life:5, Reserve:4s, Hand:4枚, Field:[空]
  候補行動 (1件):
    [0] MOVE_CORE | 🔶を移動 ⚠️ストラレイ消滅 -> eval: -0.0862
  ステップ終了評価: +0.0800
  => 選択: ステップ終了 (候補最大 -0.0862 <= 終了評価 +0.0800)

Turn 1 | 手数 2 | 手番: P1(run3_run4.kann.weight) | エンドステップ
  盤面:
    P1: Life:5, Reserve:0, Hand:4枚, Field:[ストラレイ(Lv1,コア1s)]
    P2: Life:5, Reserve:4s, Hand:4枚, Field:[空]
  候補行動 (0件):
  ステップ終了評価: +0.0663
  => 選択: ステップ終了
     効果/結果: 【ターン 2】 手番: プレイヤー2
     効果/結果: 🔷 コアステップ: ボイドからリザーブへコア1個
     効果/結果: 🃏 ドローステップ: 「最奥：緑淵深」をドロー (残り35枚)

Turn 2 | 手数 3 | 手番: P2(run2_run3.kann.weight) | メインステップ
  盤面:
    P1: Life:5, Reserve:0, Hand:4枚, Field:[ストラレイ(Lv1,コア1s)]
    P2: Life:5, Reserve:5s, Hand:5枚, Field:[空]
  候補行動 (18件):
    [0] USE_MAGIC | コスト🔷🔷🔷🔷, コアは置かない, (支払:R:🔷🔷🔷🔷, 配置:なし) -> eval: -0.0510
    [1] USE_MAGIC | コスト🔷🔷🔷🔶, コアは置かない, (支払:R:🔷🔷🔷🔶, 配置:なし) -> eval: -0.0510
    [2] SUMMON | コスト🔷🔷🔷, 配置コア🔷, (支払:R:🔷🔷🔷, 配置:R:🔷) -> eval: +0.0183
    [3] SUMMON | コスト🔷🔷🔷, 配置コア🔶, (支払:R:🔷🔷🔷, 配置:R:🔶) -> eval: +0.0281
    [4] SUMMON | コスト🔷🔷🔶, 配置コア🔷, (支払:R:🔷🔷🔶, 配置:R:🔷) -> eval: +0.0183
    [5] SUMMON | コスト🔷🔷🔷, 配置コア🔷🔶, (支払:R:🔷🔷🔷, 配置:R:🔷🔶) -> eval: +0.0362
    [6] SUMMON | コスト🔷🔷🔶, 配置コア🔷🔷, (支払:R:🔷🔷🔶, 配置:R:🔷🔷) -> eval: +0.0298
    [7] SUMMON | コスト🔷🔷🔷🔷, 配置コアなし, (支払:R:🔷🔷🔷🔷, 配置:なし) -> eval: -0.0457
    [8] SUMMON | コスト🔷🔷🔷🔶, 配置コアなし, (支払:R:🔷🔷🔷🔶, 配置:なし) -> eval: -0.0457
    [9] SUMMON | コスト🔷🔷🔷🔷, 配置コア🔶, (支払:R:🔷🔷🔷🔷, 配置:R:🔶) -> eval: -0.0168
    [10] SUMMON | コスト🔷🔷🔷🔶, 配置コア🔷, (支払:R:🔷🔷🔷🔶, 配置:R:🔷) -> eval: -0.0344
    [11] SUMMON | コスト🔷🔷🔷, 配置コアなし, (支払:R:🔷🔷🔷, 配置:なし) -> eval: -0.0542
    [12] SUMMON | コスト🔷🔷🔶, 配置コアなし, (支払:R:🔷🔷🔶, 配置:なし) -> eval: -0.0542
    [13] SUMMON | コスト🔷🔷🔷, 配置コア🔷, (支払:R:🔷🔷🔷, 配置:R:🔷) -> eval: -0.0437
    [14] SUMMON | コスト🔷🔷🔷, 配置コア🔶, (支払:R:🔷🔷🔷, 配置:R:🔶) -> eval: -0.0076
    [15] SUMMON | コスト🔷🔷🔶, 配置コア🔷, (支払:R:🔷🔷🔶, 配置:R:🔷) -> eval: -0.0437
    [16] SUMMON | コスト🔷🔷🔷, 配置コア🔷🔶, (支払:R:🔷🔷🔷, 配置:R:🔷🔶) -> eval: +0.0017
    [17] SUMMON | コスト🔷🔷🔶, 配置コア🔷🔷, (支払:R:🔷🔷🔶, 配置:R:🔷🔷) -> eval: -0.0319
  ステップ終了評価: -0.1644
  => 選択: SUMMON | コスト🔷🔷🔷, 配置コア🔷🔶, (支払:R:🔷🔷🔷, 配置:R:🔷🔶) (eval: +0.0362 > 終了評価 -0.1644)
     効果/結果: 🎴 「ストラレイ」を召喚 (コスト3をトラッシュへ)

Turn 2 | 手数 4 | 手番: P2(run2_run3.kann.weight) | メインステップ
  盤面:
    P1: Life:5, Reserve:0, Hand:4枚, Field:[ストラレイ(Lv1,コア1s)]
    P2: Life:5, Reserve:0, Hand:4枚, Field:[ストラレイ(Lv1,コア2s)]
  候補行動 (4件):
    [0] SUMMON | コスト🔷🔶, 配置コアなし ⚠️ストラレイ消滅, (支払:ストラレイ:🔷🔶, 配置:なし) -> eval: +0.0146
    [1] MOVE_CORE | 🔷を移動 -> eval: +0.0281
    [2] MOVE_CORE | 🔶を移動 -> eval: +0.0183
    [3] MOVE_CORE | 🔷🔶を移動 ⚠️ストラレイ消滅 -> eval: -0.0637
  ステップ終了評価: +0.0362
  => 選択: ステップ終了 (候補最大 +0.0281 <= 終了評価 +0.0362)

Turn 2 | 手数 5 | 手番: P2(run2_run3.kann.weight) | アタック宣言
  盤面:
    P1: Life:5, Reserve:0, Hand:4枚, Field:[ストラレイ(Lv1,コア1s)]
    P2: Life:5, Reserve:0, Hand:4枚, Field:[ストラレイ(Lv1,コア2s)]
  候補行動 (1件):
    [0] ATTACK | ストラレイ でアタック宣言 (Lv1, BP4000, 通ればライフ-🔷) -> eval: +0.1177
  ステップ終了評価: +0.0362
  => 選択: ATTACK | ストラレイ でアタック宣言 (Lv1, BP4000, 通ればライフ-🔷) (eval: +0.1177 > 終了評価 +0.0362)
     効果/結果: 🗡️ 「ストラレイ」がアタック宣言 (BP4000)

Turn 2 | 手数 6 | 手番: P1(run3_run4.kann.weight) | ブロック宣言
  盤面:
    P1: Life:5, Reserve:0, Hand:4枚, Field:[ストラレイ(Lv1,コア1s)]
    P2: Life:5, Reserve:0, Hand:4枚, Field:[ストラレイ(Lv1,コア2s)]
  候補行動 (2件):
    [0] BLOCK | ストラレイ でブロック (BP4000 vs BP4000 → 相打ち) -> eval: -0.2276
    [1] PASS_BLOCK | ライフでアタックを受ける (ライフ-🔷) -> eval: +0.1070
  => 選択: PASS_BLOCK | ライフでアタックを受ける (ライフ-🔷) (eval: +0.1070)
     効果/結果: 💔 ブロックせず: プレイヤー1 のライフ-1 (コアはリザーブへ)

Turn 2 | 手数 7 | 手番: P2(run2_run3.kann.weight) | アタック宣言
  盤面:
    P1: Life:4, Reserve:1, Hand:4枚, Field:[ストラレイ(Lv1,コア1s)]
    P2: Life:5, Reserve:0, Hand:4枚, Field:[ストラレイ(Lv1,コア2s)]
  候補行動 (0件):
  ステップ終了評価: +0.1229
  => 選択: ステップ終了

Turn 2 | 手数 8 | 手番: P2(run2_run3.kann.weight) | 第2メインステップ
  盤面:
    P1: Life:4, Reserve:1, Hand:4枚, Field:[ストラレイ(Lv1,コア1s)]
    P2: Life:5, Reserve:0, Hand:4枚, Field:[ストラレイ(Lv1,コア2s)]
  候補行動 (4件):
    [0] SUMMON | コスト🔷🔶, 配置コアなし ⚠️ストラレイ消滅, (支払:ストラレイ:🔷🔶, 配置:なし) -> eval: +0.0200
    [1] MOVE_CORE | 🔷を移動 -> eval: +0.1160
    [2] MOVE_CORE | 🔶を移動 -> eval: +0.1173
    [3] MOVE_CORE | 🔷🔶を移動 ⚠️ストラレイ消滅 -> eval: -0.0581
  ステップ終了評価: +0.1229
  => 選択: ステップ終了 (候補最大 +0.1173 <= 終了評価 +0.1229)

Turn 2 | 手数 9 | 手番: P2(run2_run3.kann.weight) | エンドステップ
  盤面:
    P1: Life:4, Reserve:1, Hand:4枚, Field:[ストラレイ(Lv1,コア1s)]
    P2: Life:5, Reserve:0, Hand:4枚, Field:[ストラレイ(Lv1,コア2s)]
  候補行動 (0件):
  ステップ終了評価: +0.1429
  => 選択: ステップ終了
     効果/結果: 【ターン 3】 手番: プレイヤー1
     効果/結果: 🔷 コアステップ: ボイドからリザーブへコア1個
     効果/結果: 🃏 ドローステップ: 「ガリザロト」をドロー (残り34枚)
     効果/結果: ♻️ リフレッシュステップ: トラッシュのコア3個をリザーブへ

Turn 3 | 手数 10 | 手番: P1(run3_run4.kann.weight) | メインステップ
  盤面:
    P1: Life:4, Reserve:5, Hand:5枚, Field:[ストラレイ(Lv1,コア1s)]
    P2: Life:5, Reserve:0, Hand:4枚, Field:[ストラレイ(Lv1,コア2s)]
  候補行動 (37件):
    [0] SUMMON | コスト🔷🔷, 配置コア🔷, (支払:R:🔷🔷, 配置:R:🔷) -> eval: +0.0520
    [1] SUMMON | コスト🔷🔷, 配置コア🔶 ⚠️ストラレイ消滅, (支払:R:🔷🔷, 配置:ストラレイ:🔶) -> eval: -0.1226
    [2] SUMMON | コスト🔷🔶, 配置コア🔷 ⚠️ストラレイ消滅, (支払:R:🔷, ストラレイ:🔶, 配置:R:🔷) -> eval: -0.1173
    [3] SUMMON | コスト🔷🔷, 配置コア🔷🔷, (支払:R:🔷🔷, 配置:R:🔷🔷) -> eval: +0.0991
    [4] SUMMON | コスト🔷🔷, 配置コア🔷🔶 ⚠️ストラレイ消滅, (支払:R:🔷🔷, 配置:R:🔷, ストラレイ:🔶) -> eval: -0.1034
    [5] SUMMON | コスト🔷🔶, 配置コア🔷🔷 ⚠️ストラレイ消滅, (支払:R:🔷, ストラレイ:🔶, 配置:R:🔷🔷) -> eval: -0.0846
    [6] SUMMON | コスト🔷🔷, 配置コア🔷🔷🔷, (支払:R:🔷🔷, 配置:R:🔷🔷🔷) -> eval: +0.1085
    [7] SUMMON | コスト🔷🔷, 配置コア🔷🔷🔶 ⚠️ストラレイ消滅, (支払:R:🔷🔷, 配置:R:🔷🔷, ストラレイ:🔶) -> eval: -0.0943
    [8] SUMMON | コスト🔷🔶, 配置コア🔷🔷🔷 ⚠️ストラレイ消滅, (支払:R:🔷, ストラレイ:🔶, 配置:R:🔷🔷🔷) -> eval: -0.0756
    [9] SUMMON | コスト🔷🔷, 配置コア🔷🔷🔷🔶 ⚠️ストラレイ消滅, (支払:R:🔷🔷, 配置:R:🔷🔷🔷, ストラレイ:🔶) -> eval: -0.0844
    [10] SUMMON | コスト🔷🔶, 配置コア🔷🔷🔷🔷 ⚠️ストラレイ消滅, (支払:R:🔷, ストラレイ:🔶, 配置:R:🔷🔷🔷🔷) -> eval: -0.0658
    [11] SUMMON | コスト🔷, 配置コア🔷, (支払:R:🔷, 配置:R:🔷) -> eval: +0.0357
    [12] SUMMON | コスト🔷, 配置コア🔶 ⚠️ストラレイ消滅, (支払:R:🔷, 配置:ストラレイ:🔶) -> eval: -0.1371
    [13] SUMMON | コスト🔶, 配置コア🔷 ⚠️ストラレイ消滅, (支払:ストラレイ:🔶, 配置:R:🔷) -> eval: -0.1346
    [14] SUMMON | コスト🔷, 配置コア🔷🔷, (支払:R:🔷, 配置:R:🔷🔷) -> eval: +0.0438
    [15] SUMMON | コスト🔷, 配置コア🔷🔶 ⚠️ストラレイ消滅, (支払:R:🔷, 配置:R:🔷, ストラレイ:🔶) -> eval: -0.1291
    [16] SUMMON | コスト🔶, 配置コア🔷🔷 ⚠️ストラレイ消滅, (支払:ストラレイ:🔶, 配置:R:🔷🔷) -> eval: -0.1277
    [17] SUMMON | コスト🔷, 配置コア🔷🔷🔷, (支払:R:🔷, 配置:R:🔷🔷🔷) -> eval: +0.0969
    [18] SUMMON | コスト🔷, 配置コア🔷🔷🔶 ⚠️ストラレイ消滅, (支払:R:🔷, 配置:R:🔷🔷, ストラレイ:🔶) -> eval: -0.1050
    [19] SUMMON | コスト🔶, 配置コア🔷🔷🔷 ⚠️ストラレイ消滅, (支払:ストラレイ:🔶, 配置:R:🔷🔷🔷) -> eval: -0.0858
    [20] SUMMON | コスト🔷, 配置コア🔷🔷🔷🔷, (支払:R:🔷, 配置:R:🔷🔷🔷🔷) -> eval: +0.1067
    [21] SUMMON | コスト🔷, 配置コア🔷🔷🔷🔶 ⚠️ストラレイ消滅, (支払:R:🔷, 配置:R:🔷🔷🔷, ストラレイ:🔶) -> eval: -0.0956
    [22] SUMMON | コスト🔶, 配置コア🔷🔷🔷🔷 ⚠️ストラレイ消滅, (支払:ストラレイ:🔶, 配置:R:🔷🔷🔷🔷) -> eval: -0.0765
    [23] SUMMON | コスト🔷, 配置コア🔷🔷🔷🔷🔶 ⚠️ストラレイ消滅, (支払:R:🔷, 配置:R:🔷🔷🔷🔷, ストラレイ:🔶) -> eval: -0.0854
    [24] SUMMON | コスト🔶, 配置コア🔷🔷🔷🔷🔷 ⚠️ストラレイ消滅, (支払:ストラレイ:🔶, 配置:R:🔷🔷🔷🔷🔷) -> eval: -0.0664
    [25] SUMMON | コスト🔷🔷🔷🔷, 配置コア🔷, (支払:R:🔷🔷🔷🔷, 配置:R:🔷) -> eval: +0.0974
    [26] SUMMON | コスト🔷🔷🔷🔷, 配置コア🔶 ⚠️ストラレイ消滅, (支払:R:🔷🔷🔷🔷, 配置:ストラレイ:🔶) -> eval: -0.0733
    [27] SUMMON | コスト🔷🔷🔷🔶, 配置コア🔷 ⚠️ストラレイ消滅, (支払:R:🔷🔷🔷, ストラレイ:🔶, 配置:R:🔷) -> eval: -0.0681
    [28] SUMMON | コスト🔷🔷🔷🔷, 配置コア🔷🔶 ⚠️ストラレイ消滅, (支払:R:🔷🔷🔷🔷, 配置:R:🔷, ストラレイ:🔶) -> eval: -0.0641
    [29] SUMMON | コスト🔷🔷🔷🔶, 配置コア🔷🔷 ⚠️ストラレイ消滅, (支払:R:🔷🔷🔷, ストラレイ:🔶, 配置:R:🔷🔷) -> eval: -0.0591
    [30] MOVE_CORE | 🔷を移動 -> eval: -0.0355
    [31] MOVE_CORE | 🔷🔷を移動 -> eval: +0.0060
    [32] MOVE_CORE | 🔷🔷🔷を移動 -> eval: +0.0176
    [33] MOVE_CORE | 🔷🔷🔷🔷を移動 -> eval: +0.0301
    [34] MOVE_CORE | 🔷🔷🔷🔷🔷を移動 -> eval: +0.0434
    [35] MOVE_CORE | 🔶を移動 ⚠️ストラレイ消滅 -> eval: -0.2286
    [36] MOVE_CORE | 🔶 ⇄ 🔷 を交換 -> eval: -0.0795
  ステップ終了評価: -0.0453
  => 選択: SUMMON | コスト🔷🔷, 配置コア🔷🔷🔷, (支払:R:🔷🔷, 配置:R:🔷🔷🔷) (eval: +0.1085 > 終了評価 -0.0453)
     効果/結果: 🎴 「パッファー」を召喚 (コスト2をトラッシュへ)

Turn 3 | 手数 11 | 手番: P1(run3_run4.kann.weight) | メインステップ
  盤面:
    P1: Life:4, Reserve:0, Hand:4枚, Field:[ストラレイ(Lv1,コア1s), パッファー(Lv2,コア3)]
    P2: Life:5, Reserve:0, Hand:4枚, Field:[ストラレイ(Lv1,コア2s)]
  候補行動 (24件):
    [0] SUMMON | コスト🔷, 配置コア🔷, (支払:パッファー:🔷, 配置:パッファー:🔷) -> eval: +0.1077
    [1] SUMMON | コスト🔷, 配置コア🔶 ⚠️ストラレイ消滅, (支払:パッファー:🔷, 配置:ストラレイ:🔶) -> eval: -0.0101
    [2] SUMMON | コスト🔶, 配置コア🔷 ⚠️ストラレイ消滅, (支払:ストラレイ:🔶, 配置:パッファー:🔷) -> eval: -0.0083
    [3] SUMMON | コスト🔷, 配置コア🔷🔷 ⚠️パッファー消滅, (支払:パッファー:🔷, 配置:パッファー:🔷🔷) -> eval: -0.0478
    [4] SUMMON | コスト🔷, 配置コア🔷🔶 ⚠️ストラレイ消滅, (支払:パッファー:🔷, 配置:ストラレイ:🔶, パッファー:🔷) -> eval: -0.0261
    [5] SUMMON | コスト🔶, 配置コア🔷🔷 ⚠️ストラレイ消滅, (支払:ストラレイ:🔶, 配置:パッファー:🔷🔷) -> eval: -0.0277
    [6] SUMMON | コスト🔷, 配置コア🔷🔷🔶 ⚠️ストラレイ・パッファー消滅, (支払:パッファー:🔷, 配置:ストラレイ:🔶, パッファー:🔷🔷) -> eval: -0.1114
    [7] SUMMON | コスト🔶, 配置コア🔷🔷🔷 ⚠️ストラレイ・パッファー消滅, (支払:ストラレイ:🔶, 配置:パッファー:🔷🔷🔷) -> eval: -0.0767
    [8] SUMMON | コスト🔷🔷, 配置コア🔷 ⚠️パッファー消滅, (支払:パッファー:🔷🔷, 配置:パッファー:🔷) -> eval: -0.0368
    [9] SUMMON | コスト🔷🔷, 配置コア🔶 ⚠️ストラレイ消滅, (支払:パッファー:🔷🔷, 配置:ストラレイ:🔶) -> eval: -0.0203
    [10] SUMMON | コスト🔷🔶, 配置コア🔷 ⚠️ストラレイ消滅, (支払:ストラレイ:🔶, パッファー:🔷, 配置:パッファー:🔷) -> eval: -0.0176
    [11] SUMMON | コスト🔷🔷, 配置コア🔷🔶 ⚠️ストラレイ・パッファー消滅, (支払:パッファー:🔷🔷, 配置:ストラレイ:🔶, パッファー:🔷) -> eval: -0.1102
    [12] SUMMON | コスト🔷🔶, 配置コア🔷🔷 ⚠️ストラレイ・パッファー消滅, (支払:ストラレイ:🔶, パッファー:🔷, 配置:パッファー:🔷🔷) -> eval: -0.0754
    [13] SUMMON | コスト🔷🔷🔷, 配置コア🔶 ⚠️ストラレイ・パッファー消滅, (支払:パッファー:🔷🔷🔷, 配置:ストラレイ:🔶) -> eval: -0.0961
    [14] SUMMON | コスト🔷🔷🔶, 配置コア🔷 ⚠️ストラレイ・パッファー消滅, (支払:ストラレイ:🔶, パッファー:🔷🔷, 配置:パッファー:🔷) -> eval: -0.0718
    [15] MOVE_CORE | 🔶を移動 ⚠️ストラレイ消滅 -> eval: -0.0756
    [16] MOVE_CORE | 🔶を移動 ⚠️ストラレイ消滅 -> eval: -0.0844
    [17] MOVE_CORE | 🔶 ⇄ 🔷 を交換 -> eval: +0.1344
    [18] MOVE_CORE | 🔷を移動 -> eval: +0.0991
    [19] MOVE_CORE | 🔷🔷を移動 -> eval: +0.0520
    [20] MOVE_CORE | 🔷🔷🔷を移動 ⚠️パッファー消滅 -> eval: -0.1123
    [21] MOVE_CORE | 🔷を移動 -> eval: +0.1051
    [22] MOVE_CORE | 🔷🔷を移動 -> eval: +0.0806
    [23] MOVE_CORE | 🔷🔷🔷を移動 ⚠️パッファー消滅 -> eval: -0.0641
  ステップ終了評価: +0.1085
  => 選択: MOVE_CORE | 🔶 ⇄ 🔷 を交換 (eval: +0.1344 > 終了評価 +0.1085)
     効果/結果: 🔷 「ストラレイ」➔「パッファー」 ソウルコア1個 / 「パッファー」➔「ストラレイ」 通常コア1個

Turn 3 | 手数 12 | 手番: P1(run3_run4.kann.weight) | メインステップ
  盤面:
    P1: Life:4, Reserve:0, Hand:4枚, Field:[ストラレイ(Lv1,コア1), パッファー(Lv2,コア3s)]
    P2: Life:5, Reserve:0, Hand:4枚, Field:[ストラレイ(Lv1,コア2s)]
  候補行動 (34件):
    [0] SUMMON | コスト🔷, 配置コア🔷 ⚠️ストラレイ消滅, (支払:パッファー:🔷, 配置:ストラレイ:🔷) -> eval: -0.0508
    [1] SUMMON | コスト🔷, 配置コア🔷, (支払:パッファー:🔷, 配置:パッファー:🔷) -> eval: +0.1529
    [2] SUMMON | コスト🔷, 配置コア🔶 ⚠️ストラレイ消滅, (支払:ストラレイ:🔷, 配置:パッファー:🔶) -> eval: -0.0101
    [3] SUMMON | コスト🔷, 配置コア🔶, (支払:パッファー:🔷, 配置:パッファー:🔶) -> eval: +0.1856
    [4] SUMMON | コスト🔶, 配置コア🔷 ⚠️ストラレイ消滅, (支払:パッファー:🔶, 配置:ストラレイ:🔷) -> eval: -0.0083
    [5] SUMMON | コスト🔶, 配置コア🔷, (支払:パッファー:🔶, 配置:パッファー:🔷) -> eval: +0.1403
    [6] SUMMON | コスト🔷, 配置コア🔷🔷 ⚠️ストラレイ消滅, (支払:パッファー:🔷, 配置:ストラレイ:🔷, パッファー:🔷) -> eval: -0.0605
    [7] SUMMON | コスト🔷, 配置コア🔷🔶 ⚠️ストラレイ消滅, (支払:パッファー:🔷, 配置:ストラレイ:🔷, パッファー:🔶) -> eval: -0.0261
    [8] SUMMON | コスト🔷, 配置コア🔷🔶 ⚠️パッファー消滅, (支払:パッファー:🔷, 配置:パッファー:🔷🔶) -> eval: -0.0070
    [9] SUMMON | コスト🔶, 配置コア🔷🔷 ⚠️ストラレイ消滅, (支払:パッファー:🔶, 配置:ストラレイ:🔷, パッファー:🔷) -> eval: -0.0277
    [10] SUMMON | コスト🔶, 配置コア🔷🔷 ⚠️パッファー消滅, (支払:パッファー:🔶, 配置:パッファー:🔷🔷) -> eval: -0.0082
    [11] SUMMON | コスト🔷, 配置コア🔷🔷🔶 ⚠️ストラレイ・パッファー消滅, (支払:パッファー:🔷, 配置:ストラレイ:🔷, パッファー:🔷🔶) -> eval: -0.1114
    [12] SUMMON | コスト🔶, 配置コア🔷🔷🔷 ⚠️ストラレイ・パッファー消滅, (支払:パッファー:🔶, 配置:ストラレイ:🔷, パッファー:🔷🔷) -> eval: -0.0767
    [13] SUMMON | コスト🔷🔷, 配置コア🔷 ⚠️ストラレイ消滅, (支払:パッファー:🔷🔷, 配置:ストラレイ:🔷) -> eval: -0.0495
    [14] SUMMON | コスト🔷🔷, 配置コア🔶 ⚠️ストラレイ消滅, (支払:ストラレイ:🔷, パッファー:🔷, 配置:パッファー:🔶) -> eval: -0.0203
    [15] SUMMON | コスト🔷🔷, 配置コア🔶 ⚠️パッファー消滅, (支払:パッファー:🔷🔷, 配置:パッファー:🔶) -> eval: -0.0015
    [16] SUMMON | コスト🔷🔶, 配置コア🔷 ⚠️ストラレイ消滅, (支払:パッファー:🔷🔶, 配置:ストラレイ:🔷) -> eval: -0.0176
    [17] SUMMON | コスト🔷🔶, 配置コア🔷 ⚠️パッファー消滅, (支払:パッファー:🔷🔶, 配置:パッファー:🔷) -> eval: +0.0016
    [18] SUMMON | コスト🔷🔷, 配置コア🔷🔶 ⚠️ストラレイ・パッファー消滅, (支払:パッファー:🔷🔷, 配置:ストラレイ:🔷, パッファー:🔶) -> eval: -0.1102
    [19] SUMMON | コスト🔷🔶, 配置コア🔷🔷 ⚠️ストラレイ・パッファー消滅, (支払:パッファー:🔷🔶, 配置:ストラレイ:🔷, パッファー:🔷) -> eval: -0.0754
    [20] SUMMON | コスト🔷🔷🔷, 配置コア🔶 ⚠️ストラレイ・パッファー消滅, (支払:ストラレイ:🔷, パッファー:🔷🔷, 配置:パッファー:🔶) -> eval: -0.0961
    [21] SUMMON | コスト🔷🔷🔶, 配置コア🔷 ⚠️ストラレイ・パッファー消滅, (支払:パッファー:🔷🔷🔶, 配置:ストラレイ:🔷) -> eval: -0.0718
    [22] MOVE_CORE | 🔷を移動 ⚠️ストラレイ消滅 -> eval: -0.0943
    [23] MOVE_CORE | 🔷を移動 ⚠️ストラレイ消滅 -> eval: -0.0844
    [24] MOVE_CORE | 🔷を移動 -> eval: +0.1212
    [25] MOVE_CORE | 🔶を移動 -> eval: +0.1033
    [26] MOVE_CORE | 🔷🔷を移動 -> eval: +0.0867
    [27] MOVE_CORE | 🔷🔶を移動 -> eval: +0.0508
    [28] MOVE_CORE | 🔷🔷🔶を移動 ⚠️パッファー消滅 -> eval: -0.1008
    [29] MOVE_CORE | 🔷を移動 -> eval: +0.1277
    [30] MOVE_CORE | 🔶を移動 -> eval: +0.1051
    [31] MOVE_CORE | 🔷🔷を移動 -> eval: +0.1338
    [32] MOVE_CORE | 🔷🔶を移動 -> eval: +0.0806
    [33] MOVE_CORE | 🔷🔷🔶を移動 ⚠️パッファー消滅 -> eval: -0.0641
  ステップ終了評価: +0.1344
  => 選択: SUMMON | コスト🔷, 配置コア🔶, (支払:パッファー:🔷, 配置:パッファー:🔶) (eval: +0.1856 > 終了評価 +0.1344)
     効果/結果: 🎴 「フラッティ」を召喚 (コスト1をトラッシュへ) ※パッファーから1個, パッファーから1個

Turn 3 | 手数 13 | 手番: P1(run3_run4.kann.weight) | メインステップ
  盤面:
    P1: Life:4, Reserve:0, Hand:3枚, Field:[ストラレイ(Lv1,コア1), パッファー(Lv1,コア1), フラッティ(Lv1,コア1s)]
    P2: Life:5, Reserve:0, Hand:4枚, Field:[ストラレイ(Lv1,コア2s)]
  候補行動 (22件):
    [0] SUMMON | コスト🔷, 配置コア🔷 ⚠️ストラレイ・パッファー消滅, (支払:パッファー:🔷, 配置:ストラレイ:🔷) -> eval: -0.0969
    [1] SUMMON | コスト🔷, 配置コア🔶 ⚠️ストラレイ・フラッティ消滅, (支払:ストラレイ:🔷, 配置:フラッティ:🔶) -> eval: -0.0708
    [2] SUMMON | コスト🔷, 配置コア🔶 ⚠️パッファー・フラッティ消滅, (支払:パッファー:🔷, 配置:フラッティ:🔶) -> eval: -0.0505
    [3] SUMMON | コスト🔶, 配置コア🔷 ⚠️ストラレイ・フラッティ消滅, (支払:フラッティ:🔶, 配置:ストラレイ:🔷) -> eval: -0.0523
    [4] SUMMON | コスト🔶, 配置コア🔷 ⚠️パッファー・フラッティ消滅, (支払:フラッティ:🔶, 配置:パッファー:🔷) -> eval: -0.0336
    [5] SUMMON | コスト🔷, 配置コア🔷🔶 ⚠️ストラレイ・パッファー・フラッティ消滅, (支払:パッファー:🔷, 配置:ストラレイ:🔷, フラッティ:🔶) -> eval: -0.1269
    [6] SUMMON | コスト🔶, 配置コア🔷🔷 ⚠️ストラレイ・パッファー・フラッティ消滅, (支払:フラッティ:🔶, 配置:ストラレイ:🔷, パッファー:🔷) -> eval: -0.1002
    [7] SUMMON | コスト🔷🔷, 配置コア🔶 ⚠️ストラレイ・パッファー・フラッティ消滅, (支払:ストラレイ:🔷, パッファー:🔷, 配置:フラッティ:🔶) -> eval: -0.1209
    [8] SUMMON | コスト🔷🔶, 配置コア🔷 ⚠️ストラレイ・パッファー・フラッティ消滅, (支払:パッファー:🔷, フラッティ:🔶, 配置:ストラレイ:🔷) -> eval: -0.0905
    [9] SUMMON | コスト🔷🔷, 配置コア🔶 ⚠️ストラレイ・パッファー・フラッティ消滅, (支払:ストラレイ:🔷, パッファー:🔷, 配置:フラッティ:🔶) -> eval: -0.0894
    [10] SUMMON | コスト🔷🔶, 配置コア🔷 ⚠️ストラレイ・パッファー・フラッティ消滅, (支払:パッファー:🔷, フラッティ:🔶, 配置:ストラレイ:🔷) -> eval: -0.0637
    [11] MOVE_CORE | 🔷を移動 ⚠️ストラレイ消滅 -> eval: -0.0354
    [12] MOVE_CORE | 🔷を移動 ⚠️ストラレイ消滅 -> eval: -0.0101
    [13] MOVE_CORE | 🔷を移動 ⚠️ストラレイ消滅 -> eval: -0.0261
    [14] MOVE_CORE | 🔷を移動 ⚠️パッファー消滅 -> eval: -0.0167
    [15] MOVE_CORE | 🔷を移動 ⚠️パッファー消滅 -> eval: -0.0085
    [16] MOVE_CORE | 🔷を移動 ⚠️パッファー消滅 -> eval: -0.0070
    [17] MOVE_CORE | 🔶を移動 ⚠️フラッティ消滅 -> eval: -0.0091
    [18] MOVE_CORE | 🔶を移動 ⚠️フラッティ消滅 -> eval: -0.0388
    [19] MOVE_CORE | 🔶 ⇄ 🔷 を交換 -> eval: +0.1077
    [20] MOVE_CORE | 🔶を移動 ⚠️フラッティ消滅 -> eval: +0.0096
    [21] MOVE_CORE | 🔶 ⇄ 🔷 を交換 -> eval: +0.1529
  ステップ終了評価: +0.1856
  => 選択: ステップ終了 (候補最大 +0.1529 <= 終了評価 +0.1856)

Turn 3 | 手数 14 | 手番: P1(run3_run4.kann.weight) | アタック宣言
  盤面:
    P1: Life:4, Reserve:0, Hand:3枚, Field:[ストラレイ(Lv1,コア1), パッファー(Lv1,コア1), フラッティ(Lv1,コア1s)]
    P2: Life:5, Reserve:0, Hand:4枚, Field:[ストラレイ(Lv1,コア2s)]
  候補行動 (3件):
    [0] ATTACK | ストラレイ でアタック宣言 (Lv1, BP4000, 通ればライフ-🔷) -> eval: +0.2515
    [1] ATTACK | パッファー でアタック宣言 (Lv1, BP2000, 通ればライフ-🔷) -> eval: +0.2231
    [2] ATTACK | フラッティ でアタック宣言 (Lv1, BP1000, 通ればライフ-🔷) -> eval: +0.2223
  ステップ終了評価: +0.1856
  => 選択: ATTACK | ストラレイ でアタック宣言 (Lv1, BP4000, 通ればライフ-🔷) (eval: +0.2515 > 終了評価 +0.1856)
     効果/結果: 🗡️ 「ストラレイ」がアタック宣言 (BP4000)

Turn 3 | 手数 15 | 手番: P2(run2_run3.kann.weight) | ブロック宣言
  盤面:
    P1: Life:4, Reserve:0, Hand:3枚, Field:[ストラレイ(Lv1,コア1), パッファー(Lv1,コア1), フラッティ(Lv1,コア1s)]
    P2: Life:5, Reserve:0, Hand:4枚, Field:[ストラレイ(Lv1,コア2s)]
  候補行動 (1件):
    [0] PASS_BLOCK | ライフでアタックを受ける (ライフ-🔷) -> eval: +0.1866
  => 選択: PASS_BLOCK | ライフでアタックを受ける (ライフ-🔷) (eval: +0.1866)
     効果/結果: 💔 ブロックせず: プレイヤー2 のライフ-1 (コアはリザーブへ)

Turn 3 | 手数 16 | 手番: P1(run3_run4.kann.weight) | アタック宣言
  盤面:
    P1: Life:4, Reserve:0, Hand:3枚, Field:[ストラレイ(Lv1,コア1), パッファー(Lv1,コア1), フラッティ(Lv1,コア1s)]
    P2: Life:4, Reserve:1, Hand:4枚, Field:[ストラレイ(Lv1,コア2s)]
  候補行動 (2件):
    [0] ATTACK | パッファー でアタック宣言 (Lv1, BP2000, 通ればライフ-🔷) -> eval: +0.2887
    [1] ATTACK | フラッティ でアタック宣言 (Lv1, BP1000, 通ればライフ-🔷) -> eval: +0.2959
  ステップ終了評価: +0.2579
  => 選択: ATTACK | フラッティ でアタック宣言 (Lv1, BP1000, 通ればライフ-🔷) (eval: +0.2959 > 終了評価 +0.2579)
     効果/結果: 🗡️ 「フラッティ」がアタック宣言 (BP1000)

Turn 3 | 手数 17 | 手番: P2(run2_run3.kann.weight) | ブロック宣言
  盤面:
    P1: Life:4, Reserve:0, Hand:3枚, Field:[ストラレイ(Lv1,コア1), パッファー(Lv1,コア1), フラッティ(Lv1,コア1s)]
    P2: Life:4, Reserve:1, Hand:4枚, Field:[ストラレイ(Lv1,コア2s)]
  候補行動 (1件):
    [0] PASS_BLOCK | ライフでアタックを受ける (ライフ-🔷) -> eval: +0.3412
  => 選択: PASS_BLOCK | ライフでアタックを受ける (ライフ-🔷) (eval: +0.3412)
     効果/結果: 💔 ブロックせず: プレイヤー2 のライフ-1 (コアはリザーブへ)

Turn 3 | 手数 18 | 手番: P1(run3_run4.kann.weight) | アタック宣言
  盤面:
    P1: Life:4, Reserve:0, Hand:3枚, Field:[ストラレイ(Lv1,コア1), パッファー(Lv1,コア1), フラッティ(Lv1,コア1s)]
    P2: Life:3, Reserve:2, Hand:4枚, Field:[ストラレイ(Lv1,コア2s)]
  候補行動 (1件):
    [0] ATTACK | パッファー でアタック宣言 (Lv1, BP2000, 通ればライフ-🔷) -> eval: +0.3253
  ステップ終了評価: +0.3022
  => 選択: ATTACK | パッファー でアタック宣言 (Lv1, BP2000, 通ればライフ-🔷) (eval: +0.3253 > 終了評価 +0.3022)
     効果/結果: 🗡️ 「パッファー」がアタック宣言 (BP2000)

Turn 3 | 手数 19 | 手番: P2(run2_run3.kann.weight) | ブロック宣言
  盤面:
    P1: Life:4, Reserve:0, Hand:3枚, Field:[ストラレイ(Lv1,コア1), パッファー(Lv1,コア1), フラッティ(Lv1,コア1s)]
    P2: Life:3, Reserve:2, Hand:4枚, Field:[ストラレイ(Lv1,コア2s)]
  候補行動 (1件):
    [0] PASS_BLOCK | ライフでアタックを受ける (ライフ-🔷) -> eval: +0.4149
  => 選択: PASS_BLOCK | ライフでアタックを受ける (ライフ-🔷) (eval: +0.4149)
     効果/結果: 💔 ブロックせず: プレイヤー2 のライフ-1 (コアはリザーブへ)

Turn 3 | 手数 20 | 手番: P1(run3_run4.kann.weight) | アタック宣言
  盤面:
    P1: Life:4, Reserve:0, Hand:3枚, Field:[ストラレイ(Lv1,コア1), パッファー(Lv1,コア1), フラッティ(Lv1,コア1s)]
    P2: Life:2, Reserve:3, Hand:4枚, Field:[ストラレイ(Lv1,コア2s)]
  候補行動 (0件):
  ステップ終了評価: +0.3308
  => 選択: ステップ終了

Turn 3 | 手数 21 | 手番: P1(run3_run4.kann.weight) | 第2メインステップ
  盤面:
    P1: Life:4, Reserve:0, Hand:3枚, Field:[ストラレイ(Lv1,コア1), パッファー(Lv1,コア1), フラッティ(Lv1,コア1s)]
    P2: Life:2, Reserve:3, Hand:4枚, Field:[ストラレイ(Lv1,コア2s)]
  候補行動 (22件):
    [0] SUMMON | コスト🔷, 配置コア🔷 ⚠️ストラレイ・パッファー消滅, (支払:パッファー:🔷, 配置:ストラレイ:🔷) -> eval: +0.0253
    [1] SUMMON | コスト🔷, 配置コア🔶 ⚠️ストラレイ・フラッティ消滅, (支払:ストラレイ:🔷, 配置:フラッティ:🔶) -> eval: +0.0585
    [2] SUMMON | コスト🔷, 配置コア🔶 ⚠️パッファー・フラッティ消滅, (支払:パッファー:🔷, 配置:フラッティ:🔶) -> eval: +0.0786
    [3] SUMMON | コスト🔶, 配置コア🔷 ⚠️ストラレイ・フラッティ消滅, (支払:フラッティ:🔶, 配置:ストラレイ:🔷) -> eval: +0.0838
    [4] SUMMON | コスト🔶, 配置コア🔷 ⚠️パッファー・フラッティ消滅, (支払:フラッティ:🔶, 配置:パッファー:🔷) -> eval: +0.1021
    [5] SUMMON | コスト🔷, 配置コア🔷🔶 ⚠️ストラレイ・パッファー・フラッティ消滅, (支払:パッファー:🔷, 配置:ストラレイ:🔷, フラッティ:🔶) -> eval: -0.0805
    [6] SUMMON | コスト🔶, 配置コア🔷🔷 ⚠️ストラレイ・パッファー・フラッティ消滅, (支払:フラッティ:🔶, 配置:ストラレイ:🔷, パッファー:🔷) -> eval: -0.0521
    [7] SUMMON | コスト🔷🔷, 配置コア🔶 ⚠️ストラレイ・パッファー・フラッティ消滅, (支払:ストラレイ:🔷, パッファー:🔷, 配置:フラッティ:🔶) -> eval: -0.0758
    [8] SUMMON | コスト🔷🔶, 配置コア🔷 ⚠️ストラレイ・パッファー・フラッティ消滅, (支払:パッファー:🔷, フラッティ:🔶, 配置:ストラレイ:🔷) -> eval: -0.0439
    [9] SUMMON | コスト🔷🔷, 配置コア🔶 ⚠️ストラレイ・パッファー・フラッティ消滅, (支払:ストラレイ:🔷, パッファー:🔷, 配置:フラッティ:🔶) -> eval: -0.0440
    [10] SUMMON | コスト🔷🔶, 配置コア🔷 ⚠️ストラレイ・パッファー・フラッティ消滅, (支払:パッファー:🔷, フラッティ:🔶, 配置:ストラレイ:🔷) -> eval: -0.0173
    [11] MOVE_CORE | 🔷を移動 ⚠️ストラレイ消滅 -> eval: +0.1326
    [12] MOVE_CORE | 🔷を移動 ⚠️ストラレイ消滅 -> eval: +0.1565
    [13] MOVE_CORE | 🔷を移動 ⚠️ストラレイ消滅 -> eval: +0.1452
    [14] MOVE_CORE | 🔷を移動 ⚠️パッファー消滅 -> eval: +0.1453
    [15] MOVE_CORE | 🔷を移動 ⚠️パッファー消滅 -> eval: +0.1570
    [16] MOVE_CORE | 🔷を移動 ⚠️パッファー消滅 -> eval: +0.1581
    [17] MOVE_CORE | 🔶を移動 ⚠️フラッティ消滅 -> eval: +0.1633
    [18] MOVE_CORE | 🔶を移動 ⚠️フラッティ消滅 -> eval: +0.1483
    [19] MOVE_CORE | 🔶 ⇄ 🔷 を交換 -> eval: +0.2940
    [20] MOVE_CORE | 🔶を移動 ⚠️フラッティ消滅 -> eval: +0.1817
    [21] MOVE_CORE | 🔶 ⇄ 🔷 を交換 -> eval: +0.3069
  ステップ終了評価: +0.3308
  => 選択: ステップ終了 (候補最大 +0.3069 <= 終了評価 +0.3308)

Turn 3 | 手数 22 | 手番: P1(run3_run4.kann.weight) | エンドステップ
  盤面:
    P1: Life:4, Reserve:0, Hand:3枚, Field:[ストラレイ(Lv1,コア1), パッファー(Lv1,コア1), フラッティ(Lv1,コア1s)]
    P2: Life:2, Reserve:3, Hand:4枚, Field:[ストラレイ(Lv1,コア2s)]
  候補行動 (0件):
  ステップ終了評価: +0.3655
  => 選択: ステップ終了
     効果/結果: 【ターン 4】 手番: プレイヤー2
     効果/結果: 🔷 コアステップ: ボイドからリザーブへコア1個
     効果/結果: 🃏 ドローステップ: 「水泡群域」をドロー (残り33枚)
     効果/結果: ♻️ リフレッシュステップ: トラッシュのコア3個をリザーブへ
     効果/結果: ♻️ リフレッシュステップ: 1体を回復

Turn 4 | 手数 23 | 手番: P2(run2_run3.kann.weight) | メインステップ
  盤面:
    P1: Life:4, Reserve:0, Hand:3枚, Field:[ストラレイ(Lv1,コア1), パッファー(Lv1,コア1), フラッティ(Lv1,コア1s)]
    P2: Life:2, Reserve:7, Hand:5枚, Field:[ストラレイ(Lv1,コア2s)]
  候補行動 (116件):
    [0] SUMMON | コスト🔷🔷🔷🔷, 配置コア🔷, (支払:R:🔷🔷🔷🔷, 配置:R:🔷) -> eval: +0.4105
    [1] SUMMON | コスト🔷🔷🔷🔷, 配置コア🔷, (支払:R:🔷🔷🔷, ストラレイ:🔷, 配置:R:🔷) -> eval: +0.4078
    [2] SUMMON | コスト🔷🔷🔷🔷, 配置コア🔶, (支払:R:🔷🔷🔷🔷, 配置:ストラレイ:🔶) -> eval: +0.4150
    [3] SUMMON | コスト🔷🔷🔷🔷, 配置コア🔶 ⚠️ストラレイ消滅, (支払:R:🔷🔷🔷, ストラレイ:🔷, 配置:ストラレイ:🔶) -> eval: +0.2604
    [4] SUMMON | コスト🔷🔷🔷🔶, 配置コア🔷, (支払:R:🔷🔷🔷, ストラレイ:🔶, 配置:R:🔷) -> eval: +0.4293
    [5] SUMMON | コスト🔷🔷🔷🔶, 配置コア🔷 ⚠️ストラレイ消滅, (支払:R:🔷🔷, ストラレイ:🔷🔶, 配置:R:🔷) -> eval: +0.2839
    [6] SUMMON | コスト🔷🔷🔷🔷, 配置コア🔷🔷, (支払:R:🔷🔷🔷🔷, 配置:R:🔷🔷) -> eval: +0.4162
    [7] SUMMON | コスト🔷🔷🔷🔷, 配置コア🔷🔷, (支払:R:🔷🔷🔷, ストラレイ:🔷, 配置:R:🔷🔷) -> eval: +0.4127
    [8] SUMMON | コスト🔷🔷🔷🔷, 配置コア🔷🔶, (支払:R:🔷🔷🔷🔷, 配置:R:🔷, ストラレイ:🔶) -> eval: +0.4198
    [9] SUMMON | コスト🔷🔷🔷🔷, 配置コア🔷🔶 ⚠️ストラレイ消滅, (支払:R:🔷🔷🔷, ストラレイ:🔷, 配置:R:🔷, ストラレイ:🔶) -> eval: +0.2689
    [10] SUMMON | コスト🔷🔷🔷🔶, 配置コア🔷🔷, (支払:R:🔷🔷🔷, ストラレイ:🔶, 配置:R:🔷🔷) -> eval: +0.4350
    [11] SUMMON | コスト🔷🔷🔷🔶, 配置コア🔷🔷 ⚠️ストラレイ消滅, (支払:R:🔷🔷, ストラレイ:🔷🔶, 配置:R:🔷🔷) -> eval: +0.2929
    [12] SUMMON | コスト🔷🔷🔷🔷, 配置コア🔷🔷🔷, (支払:R:🔷🔷🔷🔷, 配置:R:🔷🔷🔷) -> eval: +0.4231
    [13] SUMMON | コスト🔷🔷🔷🔷, 配置コア🔷🔷🔷, (支払:R:🔷🔷🔷, ストラレイ:🔷, 配置:R:🔷🔷🔷) -> eval: +0.4188
    [14] SUMMON | コスト🔷🔷🔷🔷, 配置コア🔷🔷🔶, (支払:R:🔷🔷🔷🔷, 配置:R:🔷🔷, ストラレイ:🔶) -> eval: +0.4256
    [15] SUMMON | コスト🔷🔷🔷🔷, 配置コア🔷🔷🔶 ⚠️ストラレイ消滅, (支払:R:🔷🔷🔷, ストラレイ:🔷, 配置:R:🔷🔷, ストラレイ:🔶) -> eval: +0.2786
    [16] SUMMON | コスト🔷🔷🔷🔶, 配置コア🔷🔷🔷, (支払:R:🔷🔷🔷, ストラレイ:🔶, 配置:R:🔷🔷🔷) -> eval: +0.4417
    [17] SUMMON | コスト🔷🔷🔷🔶, 配置コア🔷🔷🔷 ⚠️ストラレイ消滅, (支払:R:🔷🔷, ストラレイ:🔷🔶, 配置:R:🔷🔷🔷) -> eval: +0.3030
    [18] SUMMON | コスト🔷🔷🔷🔷, 配置コア🔷🔷🔷🔷, (支払:R:🔷🔷🔷, ストラレイ:🔷, 配置:R:🔷🔷🔷🔷) -> eval: +0.4259
    [19] SUMMON | コスト🔷🔷🔷🔷, 配置コア🔷🔷🔷🔶, (支払:R:🔷🔷🔷🔷, 配置:R:🔷🔷🔷, ストラレイ:🔶) -> eval: +0.4324
    [20] SUMMON | コスト🔷🔷🔷🔷, 配置コア🔷🔷🔷🔶 ⚠️ストラレイ消滅, (支払:R:🔷🔷🔷, ストラレイ:🔷, 配置:R:🔷🔷🔷, ストラレイ:🔶) -> eval: +0.2894
    [21] SUMMON | コスト🔷🔷🔷🔶, 配置コア🔷🔷🔷🔷, (支払:R:🔷🔷🔷, ストラレイ:🔶, 配置:R:🔷🔷🔷🔷) -> eval: +0.4492
    [22] SUMMON | コスト🔷🔷🔷🔶, 配置コア🔷🔷🔷🔷 ⚠️ストラレイ消滅, (支払:R:🔷🔷, ストラレイ:🔷🔶, 配置:R:🔷🔷🔷🔷) -> eval: +0.3142
    [23] SUMMON | コスト🔷🔷🔷🔷, 配置コア🔷🔷🔷🔷🔶 ⚠️ストラレイ消滅, (支払:R:🔷🔷🔷, ストラレイ:🔷, 配置:R:🔷🔷🔷🔷, ストラレイ:🔶) -> eval: +0.3013
    [24] SUMMON | コスト🔷🔷🔷🔶, 配置コア🔷🔷🔷🔷🔷 ⚠️ストラレイ消滅, (支払:R:🔷🔷, ストラレイ:🔷🔶, 配置:R:🔷🔷🔷🔷🔷) -> eval: +0.3262
    [25] USE_MAGIC | コスト🔷🔷🔷, コアは置かない, (支払:R:🔷🔷🔷, 配置:なし) -> eval: +0.2477
    [26] USE_MAGIC | コスト🔷🔷🔷, コアは置かない, (支払:R:🔷🔷, ストラレイ:🔷, 配置:なし) -> eval: +0.2402
    [27] USE_MAGIC | コスト🔷🔷🔶, コアは置かない, (支払:R:🔷🔷, ストラレイ:🔶, 配置:なし) -> eval: +0.2531
    [28] USE_MAGIC | コスト🔷🔷🔶, コアは置かない ⚠️ストラレイ消滅, (支払:R:🔷, ストラレイ:🔷🔶, 配置:なし) -> eval: +0.1041
    [29] SUMMON | コスト🔷🔷🔷, 配置コアなし, (支払:R:🔷🔷🔷, 配置:なし) -> eval: +0.3689
    [30] SUMMON | コスト🔷🔷🔷, 配置コアなし, (支払:R:🔷🔷, ストラレイ:🔷, 配置:なし) -> eval: +0.3679
    [31] SUMMON | コスト🔷🔷🔶, 配置コアなし, (支払:R:🔷🔷, ストラレイ:🔶, 配置:なし) -> eval: +0.3879
    [32] SUMMON | コスト🔷🔷🔶, 配置コアなし ⚠️ストラレイ消滅, (支払:R:🔷, ストラレイ:🔷🔶, 配置:なし) -> eval: +0.2344
    [33] SUMMON | コスト🔷🔷🔷, 配置コア🔷, (支払:R:🔷🔷🔷, 配置:R:🔷) -> eval: +0.3728
    [34] SUMMON | コスト🔷🔷🔷, 配置コア🔷, (支払:R:🔷🔷, ストラレイ:🔷, 配置:R:🔷) -> eval: +0.3710
    [35] SUMMON | コスト🔷🔷🔷, 配置コア🔶, (支払:R:🔷🔷🔷, 配置:ストラレイ:🔶) -> eval: +0.3847
    [36] SUMMON | コスト🔷🔷🔷, 配置コア🔶 ⚠️ストラレイ消滅, (支払:R:🔷🔷, ストラレイ:🔷, 配置:ストラレイ:🔶) -> eval: +0.2261
    [37] SUMMON | コスト🔷🔷🔶, 配置コア🔷, (支払:R:🔷🔷, ストラレイ:🔶, 配置:R:🔷) -> eval: +0.3922
    [38] SUMMON | コスト🔷🔷🔶, 配置コア🔷 ⚠️ストラレイ消滅, (支払:R:🔷, ストラレイ:🔷🔶, 配置:R:🔷) -> eval: +0.2416
    [39] SUMMON | コスト🔷🔷🔷, 配置コア🔷🔷, (支払:R:🔷🔷🔷, 配置:R:🔷🔷) -> eval: +0.3816
    [40] SUMMON | コスト🔷🔷🔷, 配置コア🔷🔷, (支払:R:🔷🔷, ストラレイ:🔷, 配置:R:🔷🔷) -> eval: +0.3789
    [41] SUMMON | コスト🔷🔷🔷, 配置コア🔷🔶, (支払:R:🔷🔷🔷, 配置:R:🔷, ストラレイ:🔶) -> eval: +0.3852
    [42] SUMMON | コスト🔷🔷🔷, 配置コア🔷🔶 ⚠️ストラレイ消滅, (支払:R:🔷🔷, ストラレイ:🔷, 配置:R:🔷, ストラレイ:🔶) -> eval: +0.2299
    [43] SUMMON | コスト🔷🔷🔶, 配置コア🔷🔷, (支払:R:🔷🔷, ストラレイ:🔶, 配置:R:🔷🔷) -> eval: +0.4020
    [44] SUMMON | コスト🔷🔷🔶, 配置コア🔷🔷 ⚠️ストラレイ消滅, (支払:R:🔷, ストラレイ:🔷🔶, 配置:R:🔷🔷) -> eval: +0.2526
    [45] SUMMON | コスト🔷🔷🔷, 配置コア🔷🔷🔷, (支払:R:🔷🔷🔷, 配置:R:🔷🔷🔷) -> eval: +0.3888
    [46] SUMMON | コスト🔷🔷🔷, 配置コア🔷🔷🔷, (支払:R:🔷🔷, ストラレイ:🔷, 配置:R:🔷🔷🔷) -> eval: +0.3852
    [47] SUMMON | コスト🔷🔷🔷, 配置コア🔷🔷🔶, (支払:R:🔷🔷🔷, 配置:R:🔷🔷, ストラレイ:🔶) -> eval: +0.3905
    [48] SUMMON | コスト🔷🔷🔷, 配置コア🔷🔷🔶 ⚠️ストラレイ消滅, (支払:R:🔷🔷, ストラレイ:🔷, 配置:R:🔷🔷, ストラレイ:🔶) -> eval: +0.2390
    [49] SUMMON | コスト🔷🔷🔶, 配置コア🔷🔷🔷, (支払:R:🔷🔷, ストラレイ:🔶, 配置:R:🔷🔷🔷) -> eval: +0.4092
    [50] SUMMON | コスト🔷🔷🔶, 配置コア🔷🔷🔷 ⚠️ストラレイ消滅, (支払:R:🔷, ストラレイ:🔷🔶, 配置:R:🔷🔷🔷) -> eval: +0.2631
    [51] SUMMON | コスト🔷🔷🔷, 配置コア🔷🔷🔷🔷, (支払:R:🔷🔷🔷, 配置:R:🔷🔷🔷🔷) -> eval: +0.3971
    [52] SUMMON | コスト🔷🔷🔷, 配置コア🔷🔷🔷🔷, (支払:R:🔷🔷, ストラレイ:🔷, 配置:R:🔷🔷🔷🔷) -> eval: +0.3927
    [53] SUMMON | コスト🔷🔷🔷, 配置コア🔷🔷🔷🔶, (支払:R:🔷🔷🔷, 配置:R:🔷🔷🔷, ストラレイ:🔶) -> eval: +0.3969
    [54] SUMMON | コスト🔷🔷🔷, 配置コア🔷🔷🔷🔶 ⚠️ストラレイ消滅, (支払:R:🔷🔷, ストラレイ:🔷, 配置:R:🔷🔷🔷, ストラレイ:🔶) -> eval: +0.2493
    [55] SUMMON | コスト🔷🔷🔶, 配置コア🔷🔷🔷🔷, (支払:R:🔷🔷, ストラレイ:🔶, 配置:R:🔷🔷🔷🔷) -> eval: +0.4174
    [56] SUMMON | コスト🔷🔷🔶, 配置コア🔷🔷🔷🔷 ⚠️ストラレイ消滅, (支払:R:🔷, ストラレイ:🔷🔶, 配置:R:🔷🔷🔷🔷) -> eval: +0.2749
    [57] SUMMON | コスト🔷🔷🔷, 配置コア🔷🔷🔷🔷🔷, (支払:R:🔷🔷, ストラレイ:🔷, 配置:R:🔷🔷🔷🔷🔷) -> eval: +0.4013
    [58] SUMMON | コスト🔷🔷🔷, 配置コア🔷🔷🔷🔷🔶, (支払:R:🔷🔷🔷, 配置:R:🔷🔷🔷🔷, ストラレイ:🔶) -> eval: +0.4044
    [59] SUMMON | コスト🔷🔷🔷, 配置コア🔷🔷🔷🔷🔶 ⚠️ストラレイ消滅, (支払:R:🔷🔷, ストラレイ:🔷, 配置:R:🔷🔷🔷🔷, ストラレイ:🔶) -> eval: +0.2609
    [60] SUMMON | コスト🔷🔷🔶, 配置コア🔷🔷🔷🔷🔷, (支払:R:🔷🔷, ストラレイ:🔶, 配置:R:🔷🔷🔷🔷🔷) -> eval: +0.4266
    [61] SUMMON | コスト🔷🔷🔶, 配置コア🔷🔷🔷🔷🔷 ⚠️ストラレイ消滅, (支払:R:🔷, ストラレイ:🔷🔶, 配置:R:🔷🔷🔷🔷🔷) -> eval: +0.2877
    [62] SUMMON | コスト🔷🔷🔷, 配置コア🔷🔷🔷🔷🔷🔶 ⚠️ストラレイ消滅, (支払:R:🔷🔷, ストラレイ:🔷, 配置:R:🔷🔷🔷🔷🔷, ストラレイ:🔶) -> eval: +0.2737
    [63] SUMMON | コスト🔷🔷🔶, 配置コア🔷🔷🔷🔷🔷🔷 ⚠️ストラレイ消滅, (支払:R:🔷, ストラレイ:🔷🔶, 配置:R:🔷🔷🔷🔷🔷🔷) -> eval: +0.3015
    [64] SUMMON | コスト🔷🔷, 配置コアなし, (支払:R:🔷🔷, 配置:なし) -> eval: +0.3667
    [65] SUMMON | コスト🔷🔷, 配置コアなし, (支払:R:🔷, ストラレイ:🔷, 配置:なし) -> eval: +0.3663
    [66] SUMMON | コスト🔷🔶, 配置コアなし, (支払:R:🔷, ストラレイ:🔶, 配置:なし) -> eval: +0.3856
    [67] SUMMON | コスト🔷🔶, 配置コアなし ⚠️ストラレイ消滅, (支払:ストラレイ:🔷🔶, 配置:なし) -> eval: +0.2312
    [68] SUMMON | コスト🔷🔷, 配置コア🔷, (支払:R:🔷🔷, 配置:R:🔷) -> eval: +0.3698
    [69] SUMMON | コスト🔷🔷, 配置コア🔷, (支払:R:🔷, ストラレイ:🔷, 配置:R:🔷) -> eval: +0.3688
    [70] SUMMON | コスト🔷🔷, 配置コア🔶, (支払:R:🔷🔷, 配置:ストラレイ:🔶) -> eval: +0.3789
    [71] SUMMON | コスト🔷🔷, 配置コア🔶 ⚠️ストラレイ消滅, (支払:R:🔷, ストラレイ:🔷, 配置:ストラレイ:🔶) -> eval: +0.2184
    [72] SUMMON | コスト🔷🔶, 配置コア🔷, (支払:R:🔷, ストラレイ:🔶, 配置:R:🔷) -> eval: +0.3893
    [73] SUMMON | コスト🔷🔶, 配置コア🔷 ⚠️ストラレイ消滅, (支払:ストラレイ:🔷🔶, 配置:R:🔷) -> eval: +0.2375
    [74] SUMMON | コスト🔷🔷, 配置コア🔷🔷, (支払:R:🔷🔷, 配置:R:🔷🔷) -> eval: +0.3742
    [75] SUMMON | コスト🔷🔷, 配置コア🔷🔷, (支払:R:🔷, ストラレイ:🔷, 配置:R:🔷🔷) -> eval: +0.3723
    [76] SUMMON | コスト🔷🔷, 配置コア🔷🔶, (支払:R:🔷🔷, 配置:R:🔷, ストラレイ:🔶) -> eval: +0.3823
    [77] SUMMON | コスト🔷🔷, 配置コア🔷🔶 ⚠️ストラレイ消滅, (支払:R:🔷, ストラレイ:🔷, 配置:R:🔷, ストラレイ:🔶) -> eval: +0.2253
    [78] SUMMON | コスト🔷🔶, 配置コア🔷🔷, (支払:R:🔷, ストラレイ:🔶, 配置:R:🔷🔷) -> eval: +0.3940
    [79] SUMMON | コスト🔷🔶, 配置コア🔷🔷 ⚠️ストラレイ消滅, (支払:ストラレイ:🔷🔶, 配置:R:🔷🔷) -> eval: +0.2450
    [80] SUMMON | コスト🔷🔷, 配置コア🔷🔷🔷, (支払:R:🔷🔷, 配置:R:🔷🔷🔷) -> eval: +0.3797
    [81] SUMMON | コスト🔷🔷, 配置コア🔷🔷🔷, (支払:R:🔷, ストラレイ:🔷, 配置:R:🔷🔷🔷) -> eval: +0.3770
    [82] SUMMON | コスト🔷🔷, 配置コア🔷🔷🔶, (支払:R:🔷🔷, 配置:R:🔷🔷, ストラレイ:🔶) -> eval: +0.3869
    [83] SUMMON | コスト🔷🔷, 配置コア🔷🔷🔶 ⚠️ストラレイ消滅, (支払:R:🔷, ストラレイ:🔷, 配置:R:🔷🔷, ストラレイ:🔶) -> eval: +0.2334
    [84] SUMMON | コスト🔷🔶, 配置コア🔷🔷🔷, (支払:R:🔷, ストラレイ:🔶, 配置:R:🔷🔷🔷) -> eval: +0.3997
    [85] SUMMON | コスト🔷🔶, 配置コア🔷🔷🔷 ⚠️ストラレイ消滅, (支払:ストラレイ:🔷🔶, 配置:R:🔷🔷🔷) -> eval: +0.2539
    [86] SUMMON | コスト🔷🔷, 配置コア🔷🔷🔷🔷, (支払:R:🔷🔷, 配置:R:🔷🔷🔷🔷) -> eval: +0.3865
    [87] SUMMON | コスト🔷🔷, 配置コア🔷🔷🔷🔷, (支払:R:🔷, ストラレイ:🔷, 配置:R:🔷🔷🔷🔷) -> eval: +0.3829
    [88] SUMMON | コスト🔷🔷, 配置コア🔷🔷🔷🔶, (支払:R:🔷🔷, 配置:R:🔷🔷🔷, ストラレイ:🔶) -> eval: +0.3926
    [89] SUMMON | コスト🔷🔷, 配置コア🔷🔷🔷🔶 ⚠️ストラレイ消滅, (支払:R:🔷, ストラレイ:🔷, 配置:R:🔷🔷🔷, ストラレイ:🔶) -> eval: +0.2430
    [90] SUMMON | コスト🔷🔶, 配置コア🔷🔷🔷🔷, (支払:R:🔷, ストラレイ:🔶, 配置:R:🔷🔷🔷🔷) -> eval: +0.4065
    [91] SUMMON | コスト🔷🔶, 配置コア🔷🔷🔷🔷 ⚠️ストラレイ消滅, (支払:ストラレイ:🔷🔶, 配置:R:🔷🔷🔷🔷) -> eval: +0.2639
    [92] SUMMON | コスト🔷🔷, 配置コア🔷🔷🔷🔷🔷, (支払:R:🔷🔷, 配置:R:🔷🔷🔷🔷🔷) -> eval: +0.3944
    [93] SUMMON | コスト🔷🔷, 配置コア🔷🔷🔷🔷🔷, (支払:R:🔷, ストラレイ:🔷, 配置:R:🔷🔷🔷🔷🔷) -> eval: +0.3900
    [94] SUMMON | コスト🔷🔷, 配置コア🔷🔷🔷🔷🔶, (支払:R:🔷🔷, 配置:R:🔷🔷🔷🔷, ストラレイ:🔶) -> eval: +0.3994
    [95] SUMMON | コスト🔷🔷, 配置コア🔷🔷🔷🔷🔶 ⚠️ストラレイ消滅, (支払:R:🔷, ストラレイ:🔷, 配置:R:🔷🔷🔷🔷, ストラレイ:🔶) -> eval: +0.2538
    [96] SUMMON | コスト🔷🔶, 配置コア🔷🔷🔷🔷🔷, (支払:R:🔷, ストラレイ:🔶, 配置:R:🔷🔷🔷🔷🔷) -> eval: +0.4143
    [97] SUMMON | コスト🔷🔶, 配置コア🔷🔷🔷🔷🔷 ⚠️ストラレイ消滅, (支払:ストラレイ:🔷🔶, 配置:R:🔷🔷🔷🔷🔷) -> eval: +0.2751
    [98] SUMMON | コスト🔷🔷, 配置コア🔷🔷🔷🔷🔷🔷, (支払:R:🔷, ストラレイ:🔷, 配置:R:🔷🔷🔷🔷🔷🔷) -> eval: +0.3983
    [99] SUMMON | コスト🔷🔷, 配置コア🔷🔷🔷🔷🔷🔶, (支払:R:🔷🔷, 配置:R:🔷🔷🔷🔷🔷, ストラレイ:🔶) -> eval: +0.4074
    [100] SUMMON | コスト🔷🔷, 配置コア🔷🔷🔷🔷🔷🔶 ⚠️ストラレイ消滅, (支払:R:🔷, ストラレイ:🔷, 配置:R:🔷🔷🔷🔷🔷, ストラレイ:🔶) -> eval: +0.2658
    [101] SUMMON | コスト🔷🔶, 配置コア🔷🔷🔷🔷🔷🔷, (支払:R:🔷, ストラレイ:🔶, 配置:R:🔷🔷🔷🔷🔷🔷) -> eval: +0.4232
    [102] SUMMON | コスト🔷🔶, 配置コア🔷🔷🔷🔷🔷🔷 ⚠️ストラレイ消滅, (支払:ストラレイ:🔷🔶, 配置:R:🔷🔷🔷🔷🔷🔷) -> eval: +0.2875
    [103] SUMMON | コスト🔷🔷, 配置コア🔷🔷🔷🔷🔷🔷🔶 ⚠️ストラレイ消滅, (支払:R:🔷, ストラレイ:🔷, 配置:R:🔷🔷🔷🔷🔷🔷, ストラレイ:🔶) -> eval: +0.2790
    [104] SUMMON | コスト🔷🔶, 配置コア🔷🔷🔷🔷🔷🔷🔷 ⚠️ストラレイ消滅, (支払:ストラレイ:🔷🔶, 配置:R:🔷🔷🔷🔷🔷🔷🔷) -> eval: +0.3008
    [105] MOVE_CORE | 🔷を移動 -> eval: +0.3559
    [106] MOVE_CORE | 🔷🔷を移動 -> eval: +0.3585
    [107] MOVE_CORE | 🔷🔷🔷を移動 -> eval: +0.3622
    [108] MOVE_CORE | 🔷🔷🔷🔷を移動 -> eval: +0.3672
    [109] MOVE_CORE | 🔷🔷🔷🔷🔷を移動 -> eval: +0.3733
    [110] MOVE_CORE | 🔷🔷🔷🔷🔷🔷を移動 -> eval: +0.3806
    [111] MOVE_CORE | 🔷🔷🔷🔷🔷🔷🔷を移動 -> eval: +0.3890
    [112] MOVE_CORE | 🔷を移動 -> eval: +0.3417
    [113] MOVE_CORE | 🔶を移動 -> eval: +0.3579
    [114] MOVE_CORE | 🔷🔶を移動 ⚠️ストラレイ消滅 -> eval: +0.1956
    [115] MOVE_CORE | 🔶 ⇄ 🔷 を交換 -> eval: +0.3596
  ステップ終了評価: +0.3410
  => 選択: SUMMON | コスト🔷🔷🔷🔶, 配置コア🔷🔷🔷🔷, (支払:R:🔷🔷🔷, ストラレイ:🔶, 配置:R:🔷🔷🔷🔷) (eval: +0.4492 > 終了評価 +0.3410)
     効果/結果: 🎴 「ガリザロト」を召喚 (コスト4をトラッシュへ) ※ストラレイから1個

Turn 4 | 手数 24 | 手番: P2(run2_run3.kann.weight) | メインステップ
  盤面:
    P1: Life:4, Reserve:0, Hand:3枚, Field:[ストラレイ(Lv1,コア1), パッファー(Lv1,コア1), フラッティ(Lv1,コア1s)]
    P2: Life:2, Reserve:0, Hand:4枚, Field:[ストラレイ(Lv1,コア1), ガリザロト(Lv1,コア4)]
  候補行動 (28件):
    [0] USE_MAGIC | コスト🔷🔷, コアは置かない ⚠️ストラレイ消滅, (支払:ストラレイ:🔷, ガリザロト:🔷, 配置:なし) -> eval: +0.2167
    [1] USE_MAGIC | コスト🔷🔷, コアは置かない, (支払:ガリザロト:🔷🔷, 配置:なし) -> eval: +0.3486
    [2] SUMMON | コスト🔷🔷, 配置コアなし ⚠️ストラレイ消滅, (支払:ストラレイ:🔷, ガリザロト:🔷, 配置:なし) -> eval: +0.3386
    [3] SUMMON | コスト🔷🔷, 配置コアなし, (支払:ガリザロト:🔷🔷, 配置:なし) -> eval: +0.4590
    [4] SUMMON | コスト🔷🔷, 配置コア🔷 ⚠️ストラレイ消滅, (支払:ガリザロト:🔷🔷, 配置:ストラレイ:🔷) -> eval: +0.3394
    [5] SUMMON | コスト🔷🔷, 配置コア🔷, (支払:ガリザロト:🔷🔷, 配置:ガリザロト:🔷) -> eval: +0.4599
    [6] SUMMON | コスト🔷🔷, 配置コア🔷🔷 ⚠️ストラレイ消滅, (支払:ガリザロト:🔷🔷, 配置:ストラレイ:🔷, ガリザロト:🔷) -> eval: +0.3421
    [7] SUMMON | コスト🔷🔷, 配置コア🔷🔷 ⚠️ガリザロト消滅, (支払:ガリザロト:🔷🔷, 配置:ガリザロト:🔷🔷) -> eval: +0.3376
    [8] SUMMON | コスト🔷🔷, 配置コア🔷🔷🔷 ⚠️ストラレイ・ガリザロト消滅, (支払:ガリザロト:🔷🔷, 配置:ストラレイ:🔷, ガリザロト:🔷🔷) -> eval: +0.2535
    [9] SUMMON | コスト🔷, 配置コアなし ⚠️ストラレイ消滅, (支払:ストラレイ:🔷, 配置:なし) -> eval: +0.3423
    [10] SUMMON | コスト🔷, 配置コアなし, (支払:ガリザロト:🔷, 配置:なし) -> eval: +0.4606
    [11] SUMMON | コスト🔷, 配置コア🔷 ⚠️ストラレイ消滅, (支払:ガリザロト:🔷, 配置:ストラレイ:🔷) -> eval: +0.3429
    [12] SUMMON | コスト🔷, 配置コア🔷, (支払:ガリザロト:🔷, 配置:ガリザロト:🔷) -> eval: +0.4614
    [13] SUMMON | コスト🔷, 配置コア🔷🔷 ⚠️ストラレイ消滅, (支払:ガリザロト:🔷, 配置:ストラレイ:🔷, ガリザロト:🔷) -> eval: +0.3439
    [14] SUMMON | コスト🔷, 配置コア🔷🔷, (支払:ガリザロト:🔷, 配置:ガリザロト:🔷🔷) -> eval: +0.4626
    [15] SUMMON | コスト🔷, 配置コア🔷🔷🔷 ⚠️ストラレイ消滅, (支払:ガリザロト:🔷, 配置:ストラレイ:🔷, ガリザロト:🔷🔷) -> eval: +0.3453
    [16] SUMMON | コスト🔷, 配置コア🔷🔷🔷 ⚠️ガリザロト消滅, (支払:ガリザロト:🔷, 配置:ガリザロト:🔷🔷🔷) -> eval: +0.3407
    [17] SUMMON | コスト🔷, 配置コア🔷🔷🔷🔷 ⚠️ストラレイ・ガリザロト消滅, (支払:ガリザロト:🔷, 配置:ストラレイ:🔷, ガリザロト:🔷🔷🔷) -> eval: +0.2565
    [18] MOVE_CORE | 🔷を移動 ⚠️ストラレイ消滅 -> eval: +0.3142
    [19] MOVE_CORE | 🔷を移動 ⚠️ストラレイ消滅 -> eval: +0.3262
    [20] MOVE_CORE | 🔷を移動 -> eval: +0.4417
    [21] MOVE_CORE | 🔷🔷を移動 -> eval: +0.4350
    [22] MOVE_CORE | 🔷🔷🔷を移動 -> eval: +0.4293
    [23] MOVE_CORE | 🔷🔷🔷🔷を移動 ⚠️ガリザロト消滅 -> eval: +0.2790
    [24] MOVE_CORE | 🔷を移動 -> eval: +0.4476
    [25] MOVE_CORE | 🔷🔷を移動 -> eval: +0.4591
    [26] MOVE_CORE | 🔷🔷🔷を移動 -> eval: +0.4588
    [27] MOVE_CORE | 🔷🔷🔷🔷を移動 ⚠️ガリザロト消滅 -> eval: +0.3409
  ステップ終了評価: +0.4492
  => 選択: SUMMON | コスト🔷, 配置コア🔷🔷, (支払:ガリザロト:🔷, 配置:ガリザロト:🔷🔷) (eval: +0.4626 > 終了評価 +0.4492)
     効果/結果: 🎴 「最奥：緑淵深」を召喚 (コスト1をトラッシュへ) ※ガリザロトから1個, ガリザロトから2個

Turn 4 | 手数 25 | 手番: P2(run2_run3.kann.weight) | メインステップ
  盤面:
    P1: Life:4, Reserve:0, Hand:3枚, Field:[ストラレイ(Lv1,コア1), パッファー(Lv1,コア1), フラッティ(Lv1,コア1s)]
    P2: Life:2, Reserve:0, Hand:3枚, Field:[ストラレイ(Lv1,コア1), ガリザロト(Lv1,コア1), 最奥：緑淵深(Lv1,コア2)]
  候補行動 (23件):
    [0] USE_MAGIC | コスト🔷, コアは置かない ⚠️ストラレイ消滅, (支払:ストラレイ:🔷, 配置:なし) -> eval: +0.2414
    [1] USE_MAGIC | コスト🔷, コアは置かない ⚠️ガリザロト消滅, (支払:ガリザロト:🔷, 配置:なし) -> eval: +0.2378
    [2] USE_MAGIC | コスト🔷, コアは置かない, (支払:最奥：緑淵深:🔷, 配置:なし) -> eval: +0.3645
    [3] SUMMON | コスト🔷🔷, 配置コアなし ⚠️ストラレイ・ガリザロト消滅, (支払:ストラレイ:🔷, ガリザロト:🔷, 配置:なし) -> eval: +0.2742
    [4] SUMMON | コスト🔷🔷, 配置コアなし ⚠️ストラレイ消滅, (支払:ストラレイ:🔷, 最奥：緑淵深:🔷, 配置:なし) -> eval: +0.3567
    [5] SUMMON | コスト🔷🔷, 配置コアなし ⚠️ガリザロト消滅, (支払:ガリザロト:🔷, 最奥：緑淵深:🔷, 配置:なし) -> eval: +0.3529
    [6] SUMMON | コスト🔷🔷, 配置コアなし, (支払:最奥：緑淵深:🔷🔷, 配置:なし) -> eval: +0.4734
    [7] SUMMON | コスト🔷🔷, 配置コア🔷 ⚠️ストラレイ・ガリザロト消滅, (支払:ガリザロト:🔷, 最奥：緑淵深:🔷, 配置:ストラレイ:🔷) -> eval: +0.2748
    [8] SUMMON | コスト🔷🔷, 配置コア🔷 ⚠️ストラレイ消滅, (支払:最奥：緑淵深:🔷🔷, 配置:ストラレイ:🔷) -> eval: +0.3572
    [9] SUMMON | コスト🔷🔷, 配置コア🔷 ⚠️ガリザロト消滅, (支払:最奥：緑淵深:🔷🔷, 配置:ガリザロト:🔷) -> eval: +0.3535
    [10] SUMMON | コスト🔷🔷, 配置コア🔷🔷 ⚠️ストラレイ・ガリザロト消滅, (支払:最奥：緑淵深:🔷🔷, 配置:ストラレイ:🔷, ガリザロト:🔷) -> eval: +0.2770
    [11] MOVE_CORE | 🔷を移動 ⚠️ストラレイ消滅 -> eval: +0.3330
    [12] MOVE_CORE | 🔷を移動 ⚠️ストラレイ消滅 -> eval: +0.3439
    [13] MOVE_CORE | 🔷を移動 ⚠️ストラレイ消滅 -> eval: +0.3453
    [14] MOVE_CORE | 🔷を移動 ⚠️ガリザロト消滅 -> eval: +0.3284
    [15] MOVE_CORE | 🔷を移動 ⚠️ガリザロト消滅 -> eval: +0.3393
    [16] MOVE_CORE | 🔷を移動 ⚠️ガリザロト消滅 -> eval: +0.3407
    [17] MOVE_CORE | 🔷を移動 -> eval: +0.4550
    [18] MOVE_CORE | 🔷🔷を移動 -> eval: +0.4483
    [19] MOVE_CORE | 🔷を移動 -> eval: +0.4609
    [20] MOVE_CORE | 🔷🔷を移動 -> eval: +0.4691
    [21] MOVE_CORE | 🔷を移動 -> eval: +0.4614
    [22] MOVE_CORE | 🔷🔷を移動 -> eval: +0.4606
  ステップ終了評価: +0.4626
  => 選択: SUMMON | コスト🔷🔷, 配置コアなし, (支払:最奥：緑淵深:🔷🔷, 配置:なし) (eval: +0.4734 > 終了評価 +0.4626)
     効果/結果: 🎴 「水泡群域」を召喚 (コスト2をトラッシュへ) ※最奥：緑淵深から2個

Turn 4 | 手数 26 | 手番: P2(run2_run3.kann.weight) | メインステップ
  盤面:
    P1: Life:4, Reserve:0, Hand:3枚, Field:[ストラレイ(Lv1,コア1), パッファー(Lv1,コア1), フラッティ(Lv1,コア1s)]
    P2: Life:2, Reserve:0, Hand:2枚, Field:[ストラレイ(Lv1,コア1), ガリザロト(Lv1,コア1), 最奥：緑淵深(Lv1,コア0), 水泡群域(Lv1,コア0)]
  候補行動 (11件):
    [0] USE_MAGIC | コスト🔷, コアは置かない ⚠️ストラレイ消滅, (支払:ストラレイ:🔷, 配置:なし) -> eval: +0.2516
    [1] USE_MAGIC | コスト🔷, コアは置かない ⚠️ガリザロト消滅, (支払:ガリザロト:🔷, 配置:なし) -> eval: +0.2488
    [2] SUMMON | コスト🔷🔷, 配置コアなし ⚠️ストラレイ・ガリザロト消滅, (支払:ストラレイ:🔷, ガリザロト:🔷, 配置:なし) -> eval: +0.2898
    [3] MOVE_CORE | 🔷を移動 ⚠️ストラレイ消滅 -> eval: +0.3455
    [4] MOVE_CORE | 🔷を移動 ⚠️ストラレイ消滅 -> eval: +0.3563
    [5] MOVE_CORE | 🔷を移動 ⚠️ストラレイ消滅 -> eval: +0.3567
    [6] MOVE_CORE | 🔷を移動 ⚠️ストラレイ消滅 -> eval: +0.3572
    [7] MOVE_CORE | 🔷を移動 ⚠️ガリザロト消滅 -> eval: +0.3417
    [8] MOVE_CORE | 🔷を移動 ⚠️ガリザロト消滅 -> eval: +0.3525
    [9] MOVE_CORE | 🔷を移動 ⚠️ガリザロト消滅 -> eval: +0.3529
    [10] MOVE_CORE | 🔷を移動 ⚠️ガリザロト消滅 -> eval: +0.3535
  ステップ終了評価: +0.4734
  => 選択: ステップ終了 (候補最大 +0.3572 <= 終了評価 +0.4734)

Turn 4 | 手数 27 | 手番: P2(run2_run3.kann.weight) | アタック宣言
  盤面:
    P1: Life:4, Reserve:0, Hand:3枚, Field:[ストラレイ(Lv1,コア1), パッファー(Lv1,コア1), フラッティ(Lv1,コア1s)]
    P2: Life:2, Reserve:0, Hand:2枚, Field:[ストラレイ(Lv1,コア1), ガリザロト(Lv1,コア1), 最奥：緑淵深(Lv1,コア0), 水泡群域(Lv1,コア0)]
  候補行動 (2件):
    [0] ATTACK | ストラレイ でアタック宣言 (Lv1, BP4000, 通ればライフ-🔷) -> eval: +0.5047
    [1] ATTACK | ガリザロト でアタック宣言 (Lv1, BP5000, 通ればライフ-🔷) -> eval: +0.5066
  ステップ終了評価: +0.4734
  => 選択: ATTACK | ガリザロト でアタック宣言 (Lv1, BP5000, 通ればライフ-🔷) (eval: +0.5066 > 終了評価 +0.4734)
     効果/結果: 🗡️ 「ガリザロト」がアタック宣言 (BP5000)

Turn 4 | 手数 28 | 手番: P1(run3_run4.kann.weight) | ブロック宣言
  盤面:
    P1: Life:4, Reserve:0, Hand:3枚, Field:[ストラレイ(Lv1,コア1), パッファー(Lv1,コア1), フラッティ(Lv1,コア1s)]
    P2: Life:2, Reserve:0, Hand:2枚, Field:[ストラレイ(Lv1,コア1), ガリザロト(Lv1,コア1), 最奥：緑淵深(Lv1,コア0), 水泡群域(Lv1,コア0)]
  候補行動 (1件):
    [0] PASS_BLOCK | ライフでアタックを受ける (ライフ-🔷) -> eval: +0.1043
  => 選択: PASS_BLOCK | ライフでアタックを受ける (ライフ-🔷) (eval: +0.1043)
     効果/結果: 💔 ブロックせず: プレイヤー1 のライフ-1 (コアはリザーブへ)

Turn 4 | 手数 29 | 手番: P2(run2_run3.kann.weight) | アタック宣言
  盤面:
    P1: Life:3, Reserve:1, Hand:3枚, Field:[ストラレイ(Lv1,コア1), パッファー(Lv1,コア1), フラッティ(Lv1,コア1s)]
    P2: Life:2, Reserve:0, Hand:2枚, Field:[ストラレイ(Lv1,コア1), ガリザロト(Lv1,コア1), 最奥：緑淵深(Lv1,コア0), 水泡群域(Lv1,コア0)]
  候補行動 (1件):
    [0] ATTACK | ストラレイ でアタック宣言 (Lv1, BP4000, 通ればライフ-🔷) -> eval: +0.5303
  ステップ終了評価: +0.5104
  => 選択: ATTACK | ストラレイ でアタック宣言 (Lv1, BP4000, 通ればライフ-🔷) (eval: +0.5303 > 終了評価 +0.5104)
     効果/結果: 🗡️ 「ストラレイ」がアタック宣言 (BP4000)

Turn 4 | 手数 30 | 手番: P1(run3_run4.kann.weight) | ブロック宣言
  盤面:
    P1: Life:3, Reserve:1, Hand:3枚, Field:[ストラレイ(Lv1,コア1), パッファー(Lv1,コア1), フラッティ(Lv1,コア1s)]
    P2: Life:2, Reserve:0, Hand:2枚, Field:[ストラレイ(Lv1,コア1), ガリザロト(Lv1,コア1), 最奥：緑淵深(Lv1,コア0), 水泡群域(Lv1,コア0)]
  候補行動 (1件):
    [0] PASS_BLOCK | ライフでアタックを受ける (ライフ-🔷) -> eval: +0.1671
  => 選択: PASS_BLOCK | ライフでアタックを受ける (ライフ-🔷) (eval: +0.1671)
     効果/結果: 💔 ブロックせず: プレイヤー1 のライフ-1 (コアはリザーブへ)

Turn 4 | 手数 31 | 手番: P2(run2_run3.kann.weight) | アタック宣言
  盤面:
    P1: Life:2, Reserve:2, Hand:3枚, Field:[ストラレイ(Lv1,コア1), パッファー(Lv1,コア1), フラッティ(Lv1,コア1s)]
    P2: Life:2, Reserve:0, Hand:2枚, Field:[ストラレイ(Lv1,コア1), ガリザロト(Lv1,コア1), 最奥：緑淵深(Lv1,コア0), 水泡群域(Lv1,コア0)]
  候補行動 (0件):
  ステップ終了評価: +0.5333
  => 選択: ステップ終了

Turn 4 | 手数 32 | 手番: P2(run2_run3.kann.weight) | 第2メインステップ
  盤面:
    P1: Life:2, Reserve:2, Hand:3枚, Field:[ストラレイ(Lv1,コア1), パッファー(Lv1,コア1), フラッティ(Lv1,コア1s)]
    P2: Life:2, Reserve:0, Hand:2枚, Field:[ストラレイ(Lv1,コア1), ガリザロト(Lv1,コア1), 最奥：緑淵深(Lv1,コア0), 水泡群域(Lv1,コア0)]
  候補行動 (11件):
    [0] USE_MAGIC | コスト🔷, コアは置かない ⚠️ストラレイ消滅, (支払:ストラレイ:🔷, 配置:なし) -> eval: +0.2981
    [1] USE_MAGIC | コスト🔷, コアは置かない ⚠️ガリザロト消滅, (支払:ガリザロト:🔷, 配置:なし) -> eval: +0.2965
    [2] SUMMON | コスト🔷🔷, 配置コアなし ⚠️ストラレイ・ガリザロト消滅, (支払:ストラレイ:🔷, ガリザロト:🔷, 配置:なし) -> eval: +0.3028
    [3] MOVE_CORE | 🔷を移動 ⚠️ストラレイ消滅 -> eval: +0.3939
    [4] MOVE_CORE | 🔷を移動 ⚠️ストラレイ消滅 -> eval: +0.4053
    [5] MOVE_CORE | 🔷を移動 ⚠️ストラレイ消滅 -> eval: +0.4055
    [6] MOVE_CORE | 🔷を移動 ⚠️ストラレイ消滅 -> eval: +0.4059
    [7] MOVE_CORE | 🔷を移動 ⚠️ガリザロト消滅 -> eval: +0.3917
    [8] MOVE_CORE | 🔷を移動 ⚠️ガリザロト消滅 -> eval: +0.4030
    [9] MOVE_CORE | 🔷を移動 ⚠️ガリザロト消滅 -> eval: +0.4033
    [10] MOVE_CORE | 🔷を移動 ⚠️ガリザロト消滅 -> eval: +0.4037
  ステップ終了評価: +0.5333
  => 選択: ステップ終了 (候補最大 +0.4059 <= 終了評価 +0.5333)

Turn 4 | 手数 33 | 手番: P2(run2_run3.kann.weight) | エンドステップ
  盤面:
    P1: Life:2, Reserve:2, Hand:3枚, Field:[ストラレイ(Lv1,コア1), パッファー(Lv1,コア1), フラッティ(Lv1,コア1s)]
    P2: Life:2, Reserve:0, Hand:2枚, Field:[ストラレイ(Lv1,コア1), ガリザロト(Lv1,コア1), 最奥：緑淵深(Lv1,コア0), 水泡群域(Lv1,コア0)]
  候補行動 (0件):
  ステップ終了評価: +0.3040
  => 選択: ステップ終了
     効果/結果: 【ターン 5】 手番: プレイヤー1
     効果/結果: 🔷 コアステップ: ボイドからリザーブへコア1個
     効果/結果: 🃏 ドローステップ: 「ラスヘッド」をドロー (残り32枚)
     効果/結果: ♻️ リフレッシュステップ: トラッシュのコア3個をリザーブへ
     効果/結果: ♻️ リフレッシュステップ: 3体を回復

Turn 5 | 手数 34 | 手番: P1(run3_run4.kann.weight) | メインステップ
  盤面:
    P1: Life:2, Reserve:6, Hand:4枚, Field:[ストラレイ(Lv1,コア1), パッファー(Lv1,コア1), フラッティ(Lv1,コア1s)]
    P2: Life:2, Reserve:0, Hand:2枚, Field:[ストラレイ(Lv1,コア1), ガリザロト(Lv1,コア1), 最奥：緑淵深(Lv1,コア0), 水泡群域(Lv1,コア0)]
  候補行動 (312件):
    [0] SUMMON | コスト🔷, 配置コア🔷, (支払:R:🔷, 配置:R:🔷) -> eval: -0.0608
    [1] SUMMON | コスト🔷, 配置コア🔷 ⚠️ストラレイ消滅, (支払:ストラレイ:🔷, 配置:R:🔷) -> eval: -0.0949
    [2] SUMMON | コスト🔷, 配置コア🔷 ⚠️パッファー消滅, (支払:パッファー:🔷, 配置:R:🔷) -> eval: -0.0831
    [3] SUMMON | コスト🔷, 配置コア🔷 ⚠️ストラレイ・パッファー消滅, (支払:パッファー:🔷, 配置:ストラレイ:🔷) -> eval: -0.1491
    [4] SUMMON | コスト🔷, 配置コア🔶 ⚠️フラッティ消滅, (支払:R:🔷, 配置:フラッティ:🔶) -> eval: -0.0832
    [5] SUMMON | コスト🔷, 配置コア🔶 ⚠️ストラレイ・フラッティ消滅, (支払:ストラレイ:🔷, 配置:フラッティ:🔶) -> eval: -0.1460
    [6] SUMMON | コスト🔷, 配置コア🔶 ⚠️パッファー・フラッティ消滅, (支払:パッファー:🔷, 配置:フラッティ:🔶) -> eval: -0.1360
    [7] SUMMON | コスト🔶, 配置コア🔷 ⚠️フラッティ消滅, (支払:フラッティ:🔶, 配置:R:🔷) -> eval: -0.0604
    [8] SUMMON | コスト🔶, 配置コア🔷 ⚠️ストラレイ・フラッティ消滅, (支払:フラッティ:🔶, 配置:ストラレイ:🔷) -> eval: -0.1293
    [9] SUMMON | コスト🔶, 配置コア🔷 ⚠️パッファー・フラッティ消滅, (支払:フラッティ:🔶, 配置:パッファー:🔷) -> eval: -0.1195
    [10] SUMMON | コスト🔷, 配置コア🔷🔷, (支払:R:🔷, 配置:R:🔷🔷) -> eval: -0.0486
    [11] SUMMON | コスト🔷, 配置コア🔷🔷 ⚠️ストラレイ消滅, (支払:ストラレイ:🔷, 配置:R:🔷🔷) -> eval: -0.0831
    [12] SUMMON | コスト🔷, 配置コア🔷🔷 ⚠️パッファー消滅, (支払:パッファー:🔷, 配置:R:🔷🔷) -> eval: -0.0711
    [13] SUMMON | コスト🔷, 配置コア🔷🔷 ⚠️ストラレイ・パッファー消滅, (支払:パッファー:🔷, 配置:R:🔷, ストラレイ:🔷) -> eval: -0.1380
    [14] SUMMON | コスト🔷, 配置コア🔷🔶 ⚠️フラッティ消滅, (支払:R:🔷, 配置:R:🔷, フラッティ:🔶) -> eval: -0.0707
    [15] SUMMON | コスト🔷, 配置コア🔷🔶 ⚠️ストラレイ・フラッティ消滅, (支払:ストラレイ:🔷, 配置:R:🔷, フラッティ:🔶) -> eval: -0.1344
    [16] SUMMON | コスト🔷, 配置コア🔷🔶 ⚠️パッファー・フラッティ消滅, (支払:パッファー:🔷, 配置:R:🔷, フラッティ:🔶) -> eval: -0.1241
    [17] SUMMON | コスト🔷, 配置コア🔷🔶 ⚠️ストラレイ・パッファー・フラッティ消滅, (支払:パッファー:🔷, 配置:ストラレイ:🔷, フラッティ:🔶) -> eval: -0.1960
    [18] SUMMON | コスト🔶, 配置コア🔷🔷 ⚠️フラッティ消滅, (支払:フラッティ:🔶, 配置:R:🔷🔷) -> eval: -0.0486
    [19] SUMMON | コスト🔶, 配置コア🔷🔷 ⚠️ストラレイ・フラッティ消滅, (支払:フラッティ:🔶, 配置:R:🔷, ストラレイ:🔷) -> eval: -0.1181
    [20] SUMMON | コスト🔶, 配置コア🔷🔷 ⚠️パッファー・フラッティ消滅, (支払:フラッティ:🔶, 配置:R:🔷, パッファー:🔷) -> eval: -0.1082
    [21] SUMMON | コスト🔶, 配置コア🔷🔷 ⚠️ストラレイ・パッファー・フラッティ消滅, (支払:フラッティ:🔶, 配置:ストラレイ:🔷, パッファー:🔷) -> eval: -0.1840
    [22] SUMMON | コスト🔷, 配置コア🔷🔷🔷, (支払:R:🔷, 配置:R:🔷🔷🔷) -> eval: -0.0055
    [23] SUMMON | コスト🔷, 配置コア🔷🔷🔷 ⚠️ストラレイ消滅, (支払:ストラレイ:🔷, 配置:R:🔷🔷🔷) -> eval: -0.0441
    [24] SUMMON | コスト🔷, 配置コア🔷🔷🔷 ⚠️パッファー消滅, (支払:パッファー:🔷, 配置:R:🔷🔷🔷) -> eval: -0.0324
    [25] SUMMON | コスト🔷, 配置コア🔷🔷🔷 ⚠️ストラレイ・パッファー消滅, (支払:パッファー:🔷, 配置:R:🔷🔷, ストラレイ:🔷) -> eval: -0.1036
    [26] SUMMON | コスト🔷, 配置コア🔷🔷🔶 ⚠️フラッティ消滅, (支払:R:🔷, 配置:R:🔷🔷, フラッティ:🔶) -> eval: -0.0414
    [27] SUMMON | コスト🔷, 配置コア🔷🔷🔶 ⚠️ストラレイ・フラッティ消滅, (支払:ストラレイ:🔷, 配置:R:🔷🔷, フラッティ:🔶) -> eval: -0.1079
    [28] SUMMON | コスト🔷, 配置コア🔷🔷🔶 ⚠️パッファー・フラッティ消滅, (支払:パッファー:🔷, 配置:R:🔷🔷, フラッティ:🔶) -> eval: -0.0973
    [29] SUMMON | コスト🔷, 配置コア🔷🔷🔶 ⚠️ストラレイ・パッファー・フラッティ消滅, (支払:パッファー:🔷, 配置:R:🔷, ストラレイ:🔷, フラッティ:🔶) -> eval: -0.1734
    [30] SUMMON | コスト🔶, 配置コア🔷🔷🔷 ⚠️フラッティ消滅, (支払:フラッティ:🔶, 配置:R:🔷🔷🔷) -> eval: -0.0087
    [31] SUMMON | コスト🔶, 配置コア🔷🔷🔷 ⚠️ストラレイ・フラッティ消滅, (支払:フラッティ:🔶, 配置:R:🔷🔷, ストラレイ:🔷) -> eval: -0.0827
    [32] SUMMON | コスト🔶, 配置コア🔷🔷🔷 ⚠️パッファー・フラッティ消滅, (支払:フラッティ:🔶, 配置:R:🔷🔷, パッファー:🔷) -> eval: -0.0729
    [33] SUMMON | コスト🔶, 配置コア🔷🔷🔷 ⚠️ストラレイ・パッファー・フラッティ消滅, (支払:フラッティ:🔶, 配置:R:🔷, ストラレイ:🔷, パッファー:🔷) -> eval: -0.1549
    [34] SUMMON | コスト🔷, 配置コア🔷🔷🔷🔷, (支払:R:🔷, 配置:R:🔷🔷🔷🔷) -> eval: +0.0100
    [35] SUMMON | コスト🔷, 配置コア🔷🔷🔷🔷 ⚠️ストラレイ消滅, (支払:ストラレイ:🔷, 配置:R:🔷🔷🔷🔷) -> eval: -0.0294
    [36] SUMMON | コスト🔷, 配置コア🔷🔷🔷🔷 ⚠️パッファー消滅, (支払:パッファー:🔷, 配置:R:🔷🔷🔷🔷) -> eval: -0.0177
    [37] SUMMON | コスト🔷, 配置コア🔷🔷🔷🔷 ⚠️ストラレイ・パッファー消滅, (支払:パッファー:🔷, 配置:R:🔷🔷🔷, ストラレイ:🔷) -> eval: -0.0899
    [38] SUMMON | コスト🔷, 配置コア🔷🔷🔷🔶 ⚠️フラッティ消滅, (支払:R:🔷, 配置:R:🔷🔷🔷, フラッティ:🔶) -> eval: -0.0261
    [39] SUMMON | コスト🔷, 配置コア🔷🔷🔷🔶 ⚠️ストラレイ・フラッティ消滅, (支払:ストラレイ:🔷, 配置:R:🔷🔷🔷, フラッティ:🔶) -> eval: -0.0936
    [40] SUMMON | コスト🔷, 配置コア🔷🔷🔷🔶 ⚠️パッファー・フラッティ消滅, (支払:パッファー:🔷, 配置:R:🔷🔷🔷, フラッティ:🔶) -> eval: -0.0828
    [41] SUMMON | コスト🔷, 配置コア🔷🔷🔷🔶 ⚠️ストラレイ・パッファー・フラッティ消滅, (支払:パッファー:🔷, 配置:R:🔷🔷, ストラレイ:🔷, フラッティ:🔶) -> eval: -0.1607
    [42] SUMMON | コスト🔶, 配置コア🔷🔷🔷🔷 ⚠️フラッティ消滅, (支払:フラッティ:🔶, 配置:R:🔷🔷🔷🔷) -> eval: +0.0057
    [43] SUMMON | コスト🔶, 配置コア🔷🔷🔷🔷 ⚠️ストラレイ・フラッティ消滅, (支払:フラッティ:🔶, 配置:R:🔷🔷🔷, ストラレイ:🔷) -> eval: -0.0690
    [44] SUMMON | コスト🔶, 配置コア🔷🔷🔷🔷 ⚠️パッファー・フラッティ消滅, (支払:フラッティ:🔶, 配置:R:🔷🔷🔷, パッファー:🔷) -> eval: -0.0591
    [45] SUMMON | コスト🔶, 配置コア🔷🔷🔷🔷 ⚠️ストラレイ・パッファー・フラッティ消滅, (支払:フラッティ:🔶, 配置:R:🔷🔷, ストラレイ:🔷, パッファー:🔷) -> eval: -0.1426
    [46] SUMMON | コスト🔷, 配置コア🔷🔷🔷🔷🔷, (支払:R:🔷, 配置:R:🔷🔷🔷🔷🔷) -> eval: +0.0264
    [47] SUMMON | コスト🔷, 配置コア🔷🔷🔷🔷🔷 ⚠️ストラレイ消滅, (支払:ストラレイ:🔷, 配置:R:🔷🔷🔷🔷🔷) -> eval: -0.0138
    [48] SUMMON | コスト🔷, 配置コア🔷🔷🔷🔷🔷 ⚠️パッファー消滅, (支払:パッファー:🔷, 配置:R:🔷🔷🔷🔷🔷) -> eval: -0.0022
    [49] SUMMON | コスト🔷, 配置コア🔷🔷🔷🔷🔷 ⚠️ストラレイ・パッファー消滅, (支払:パッファー:🔷, 配置:R:🔷🔷🔷🔷, ストラレイ:🔷) -> eval: -0.0753
    [50] SUMMON | コスト🔷, 配置コア🔷🔷🔷🔷🔶 ⚠️フラッティ消滅, (支払:R:🔷, 配置:R:🔷🔷🔷🔷, フラッティ:🔶) -> eval: -0.0099
    [51] SUMMON | コスト🔷, 配置コア🔷🔷🔷🔷🔶 ⚠️ストラレイ・フラッティ消滅, (支払:ストラレイ:🔷, 配置:R:🔷🔷🔷🔷, フラッティ:🔶) -> eval: -0.0784
    [52] SUMMON | コスト🔷, 配置コア🔷🔷🔷🔷🔶 ⚠️パッファー・フラッティ消滅, (支払:パッファー:🔷, 配置:R:🔷🔷🔷🔷, フラッティ:🔶) -> eval: -0.0675
    [53] SUMMON | コスト🔷, 配置コア🔷🔷🔷🔷🔶 ⚠️ストラレイ・パッファー・フラッティ消滅, (支払:パッファー:🔷, 配置:R:🔷🔷🔷, ストラレイ:🔷, フラッティ:🔶) -> eval: -0.1471
    [54] SUMMON | コスト🔶, 配置コア🔷🔷🔷🔷🔷 ⚠️フラッティ消滅, (支払:フラッティ:🔶, 配置:R:🔷🔷🔷🔷🔷) -> eval: +0.0209
    [55] SUMMON | コスト🔶, 配置コア🔷🔷🔷🔷🔷 ⚠️ストラレイ・フラッティ消滅, (支払:フラッティ:🔶, 配置:R:🔷🔷🔷🔷, ストラレイ:🔷) -> eval: -0.0545
    [56] SUMMON | コスト🔶, 配置コア🔷🔷🔷🔷🔷 ⚠️パッファー・フラッティ消滅, (支払:フラッティ:🔶, 配置:R:🔷🔷🔷🔷, パッファー:🔷) -> eval: -0.0446
    [57] SUMMON | コスト🔶, 配置コア🔷🔷🔷🔷🔷 ⚠️ストラレイ・パッファー・フラッティ消滅, (支払:フラッティ:🔶, 配置:R:🔷🔷🔷, ストラレイ:🔷, パッファー:🔷) -> eval: -0.1295
    [58] SUMMON | コスト🔷, 配置コア🔷🔷🔷🔷🔷🔷 ⚠️ストラレイ消滅, (支払:ストラレイ:🔷, 配置:R:🔷🔷🔷🔷🔷🔷) -> eval: +0.0023
    [59] SUMMON | コスト🔷, 配置コア🔷🔷🔷🔷🔷🔷 ⚠️パッファー消滅, (支払:パッファー:🔷, 配置:R:🔷🔷🔷🔷🔷🔷) -> eval: +0.0139
    [60] SUMMON | コスト🔷, 配置コア🔷🔷🔷🔷🔷🔷 ⚠️ストラレイ・パッファー消滅, (支払:パッファー:🔷, 配置:R:🔷🔷🔷🔷🔷, ストラレイ:🔷) -> eval: -0.0601
    [61] SUMMON | コスト🔷, 配置コア🔷🔷🔷🔷🔷🔶 ⚠️フラッティ消滅, (支払:R:🔷, 配置:R:🔷🔷🔷🔷🔷, フラッティ:🔶) -> eval: +0.0070
    [62] SUMMON | コスト🔷, 配置コア🔷🔷🔷🔷🔷🔶 ⚠️ストラレイ・フラッティ消滅, (支払:ストラレイ:🔷, 配置:R:🔷🔷🔷🔷🔷, フラッティ:🔶) -> eval: -0.0625
    [63] SUMMON | コスト🔷, 配置コア🔷🔷🔷🔷🔷🔶 ⚠️パッファー・フラッティ消滅, (支払:パッファー:🔷, 配置:R:🔷🔷🔷🔷🔷, フラッティ:🔶) -> eval: -0.0515
    [64] SUMMON | コスト🔷, 配置コア🔷🔷🔷🔷🔷🔶 ⚠️ストラレイ・パッファー・フラッティ消滅, (支払:パッファー:🔷, 配置:R:🔷🔷🔷🔷, ストラレイ:🔷, フラッティ:🔶) -> eval: -0.1328
    [65] SUMMON | コスト🔶, 配置コア🔷🔷🔷🔷🔷🔷 ⚠️フラッティ消滅, (支払:フラッティ:🔶, 配置:R:🔷🔷🔷🔷🔷🔷) -> eval: +0.0368
    [66] SUMMON | コスト🔶, 配置コア🔷🔷🔷🔷🔷🔷 ⚠️ストラレイ・フラッティ消滅, (支払:フラッティ:🔶, 配置:R:🔷🔷🔷🔷🔷, ストラレイ:🔷) -> eval: -0.0394
    [67] SUMMON | コスト🔶, 配置コア🔷🔷🔷🔷🔷🔷 ⚠️パッファー・フラッティ消滅, (支払:フラッティ:🔶, 配置:R:🔷🔷🔷🔷🔷, パッファー:🔷) -> eval: -0.0295
    [68] SUMMON | コスト🔶, 配置コア🔷🔷🔷🔷🔷🔷 ⚠️ストラレイ・パッファー・フラッティ消滅, (支払:フラッティ:🔶, 配置:R:🔷🔷🔷🔷, ストラレイ:🔷, パッファー:🔷) -> eval: -0.1156
    [69] SUMMON | コスト🔷, 配置コア🔷🔷🔷🔷🔷🔷🔷 ⚠️ストラレイ・パッファー消滅, (支払:パッファー:🔷, 配置:R:🔷🔷🔷🔷🔷🔷, ストラレイ:🔷) -> eval: -0.0444
    [70] SUMMON | コスト🔷, 配置コア🔷🔷🔷🔷🔷🔷🔶 ⚠️ストラレイ・フラッティ消滅, (支払:ストラレイ:🔷, 配置:R:🔷🔷🔷🔷🔷🔷, フラッティ:🔶) -> eval: -0.0459
    [71] SUMMON | コスト🔷, 配置コア🔷🔷🔷🔷🔷🔷🔶 ⚠️パッファー・フラッティ消滅, (支払:パッファー:🔷, 配置:R:🔷🔷🔷🔷🔷🔷, フラッティ:🔶) -> eval: -0.0348
    [72] SUMMON | コスト🔷, 配置コア🔷🔷🔷🔷🔷🔷🔶 ⚠️ストラレイ・パッファー・フラッティ消滅, (支払:パッファー:🔷, 配置:R:🔷🔷🔷🔷🔷, ストラレイ:🔷, フラッティ:🔶) -> eval: -0.1177
    [73] SUMMON | コスト🔶, 配置コア🔷🔷🔷🔷🔷🔷🔷 ⚠️ストラレイ・フラッティ消滅, (支払:フラッティ:🔶, 配置:R:🔷🔷🔷🔷🔷🔷, ストラレイ:🔷) -> eval: -0.0237
    [74] SUMMON | コスト🔶, 配置コア🔷🔷🔷🔷🔷🔷🔷 ⚠️パッファー・フラッティ消滅, (支払:フラッティ:🔶, 配置:R:🔷🔷🔷🔷🔷🔷, パッファー:🔷) -> eval: -0.0138
    [75] SUMMON | コスト🔶, 配置コア🔷🔷🔷🔷🔷🔷🔷 ⚠️ストラレイ・パッファー・フラッティ消滅, (支払:フラッティ:🔶, 配置:R:🔷🔷🔷🔷🔷, ストラレイ:🔷, パッファー:🔷) -> eval: -0.1012
    [76] SUMMON | コスト🔷, 配置コア🔷🔷🔷🔷🔷🔷🔷🔶 ⚠️ストラレイ・パッファー・フラッティ消滅, (支払:パッファー:🔷, 配置:R:🔷🔷🔷🔷🔷🔷, ストラレイ:🔷, フラッティ:🔶) -> eval: -0.1021
    [77] SUMMON | コスト🔶, 配置コア🔷🔷🔷🔷🔷🔷🔷🔷 ⚠️ストラレイ・パッファー・フラッティ消滅, (支払:フラッティ:🔶, 配置:R:🔷🔷🔷🔷🔷🔷, ストラレイ:🔷, パッファー:🔷) -> eval: -0.0862
    [78] SUMMON | コスト🔷🔷, 配置コア🔷, (支払:R:🔷🔷, 配置:R:🔷) -> eval: -0.0486
    [79] SUMMON | コスト🔷🔷, 配置コア🔷 ⚠️ストラレイ消滅, (支払:R:🔷, ストラレイ:🔷, 配置:R:🔷) -> eval: -0.0835
    [80] SUMMON | コスト🔷🔷, 配置コア🔷 ⚠️パッファー消滅, (支払:R:🔷, パッファー:🔷, 配置:R:🔷) -> eval: -0.0714
    [81] SUMMON | コスト🔷🔷, 配置コア🔷 ⚠️ストラレイ・パッファー消滅, (支払:ストラレイ:🔷, パッファー:🔷, 配置:R:🔷) -> eval: -0.1384
    [82] SUMMON | コスト🔷🔷, 配置コア🔶 ⚠️フラッティ消滅, (支払:R:🔷🔷, 配置:フラッティ:🔶) -> eval: -0.0740
    [83] SUMMON | コスト🔷🔷, 配置コア🔶 ⚠️ストラレイ・フラッティ消滅, (支払:R:🔷, ストラレイ:🔷, 配置:フラッティ:🔶) -> eval: -0.1375
    [84] SUMMON | コスト🔷🔷, 配置コア🔶 ⚠️パッファー・フラッティ消滅, (支払:R:🔷, パッファー:🔷, 配置:フラッティ:🔶) -> eval: -0.1272
    [85] SUMMON | コスト🔷🔷, 配置コア🔶 ⚠️ストラレイ・パッファー・フラッティ消滅, (支払:ストラレイ:🔷, パッファー:🔷, 配置:フラッティ:🔶) -> eval: -0.1978
    [86] SUMMON | コスト🔷🔶, 配置コア🔷 ⚠️フラッティ消滅, (支払:R:🔷, フラッティ:🔶, 配置:R:🔷) -> eval: -0.0485
    [87] SUMMON | コスト🔷🔶, 配置コア🔷 ⚠️ストラレイ・フラッティ消滅, (支払:ストラレイ:🔷, フラッティ:🔶, 配置:R:🔷) -> eval: -0.1184
    [88] SUMMON | コスト🔷🔶, 配置コア🔷 ⚠️パッファー・フラッティ消滅, (支払:パッファー:🔷, フラッティ:🔶, 配置:R:🔷) -> eval: -0.1084
    [89] SUMMON | コスト🔷🔶, 配置コア🔷 ⚠️ストラレイ・パッファー・フラッティ消滅, (支払:パッファー:🔷, フラッティ:🔶, 配置:ストラレイ:🔷) -> eval: -0.1837
    [90] SUMMON | コスト🔷🔷, 配置コア🔷🔷, (支払:R:🔷🔷, 配置:R:🔷🔷) -> eval: -0.0124
    [91] SUMMON | コスト🔷🔷, 配置コア🔷🔷 ⚠️ストラレイ消滅, (支払:R:🔷, ストラレイ:🔷, 配置:R:🔷🔷) -> eval: -0.0501
    [92] SUMMON | コスト🔷🔷, 配置コア🔷🔷 ⚠️パッファー消滅, (支払:R:🔷, パッファー:🔷, 配置:R:🔷🔷) -> eval: -0.0382
    [93] SUMMON | コスト🔷🔷, 配置コア🔷🔷 ⚠️ストラレイ・パッファー消滅, (支払:ストラレイ:🔷, パッファー:🔷, 配置:R:🔷🔷) -> eval: -0.1087
    [94] SUMMON | コスト🔷🔷, 配置コア🔷🔶 ⚠️フラッティ消滅, (支払:R:🔷🔷, 配置:R:🔷, フラッティ:🔶) -> eval: -0.0475
    [95] SUMMON | コスト🔷🔷, 配置コア🔷🔶 ⚠️ストラレイ・フラッティ消滅, (支払:R:🔷, ストラレイ:🔷, 配置:R:🔷, フラッティ:🔶) -> eval: -0.1133
    [96] SUMMON | コスト🔷🔷, 配置コア🔷🔶 ⚠️パッファー・フラッティ消滅, (支払:R:🔷, パッファー:🔷, 配置:R:🔷, フラッティ:🔶) -> eval: -0.1027
    [97] SUMMON | コスト🔷🔷, 配置コア🔷🔶 ⚠️ストラレイ・パッファー・フラッティ消滅, (支払:ストラレイ:🔷, パッファー:🔷, 配置:R:🔷, フラッティ:🔶) -> eval: -0.1776
    [98] SUMMON | コスト🔷🔶, 配置コア🔷🔷 ⚠️フラッティ消滅, (支払:R:🔷, フラッティ:🔶, 配置:R:🔷🔷) -> eval: -0.0142
    [99] SUMMON | コスト🔷🔶, 配置コア🔷🔷 ⚠️ストラレイ・フラッティ消滅, (支払:ストラレイ:🔷, フラッティ:🔶, 配置:R:🔷🔷) -> eval: -0.0877
    [100] SUMMON | コスト🔷🔶, 配置コア🔷🔷 ⚠️パッファー・フラッティ消滅, (支払:パッファー:🔷, フラッティ:🔶, 配置:R:🔷🔷) -> eval: -0.0777
    [101] SUMMON | コスト🔷🔶, 配置コア🔷🔷 ⚠️ストラレイ・パッファー・フラッティ消滅, (支払:パッファー:🔷, フラッティ:🔶, 配置:R:🔷, ストラレイ:🔷) -> eval: -0.1588
    [102] SUMMON | コスト🔷🔷, 配置コア🔷🔷🔷, (支払:R:🔷🔷, 配置:R:🔷🔷🔷) -> eval: +0.0030
    [103] SUMMON | コスト🔷🔷, 配置コア🔷🔷🔷 ⚠️ストラレイ消滅, (支払:R:🔷, ストラレイ:🔷, 配置:R:🔷🔷🔷) -> eval: -0.0355
    [104] SUMMON | コスト🔷🔷, 配置コア🔷🔷🔷 ⚠️パッファー消滅, (支払:R:🔷, パッファー:🔷, 配置:R:🔷🔷🔷) -> eval: -0.0236
    [105] SUMMON | コスト🔷🔷, 配置コア🔷🔷🔷 ⚠️ストラレイ・パッファー消滅, (支払:ストラレイ:🔷, パッファー:🔷, 配置:R:🔷🔷🔷) -> eval: -0.0951
    [106] SUMMON | コスト🔷🔷, 配置コア🔷🔷🔶 ⚠️フラッティ消滅, (支払:R:🔷🔷, 配置:R:🔷🔷, フラッティ:🔶) -> eval: -0.0323
    [107] SUMMON | コスト🔷🔷, 配置コア🔷🔷🔶 ⚠️ストラレイ・フラッティ消滅, (支払:R:🔷, ストラレイ:🔷, 配置:R:🔷🔷, フラッティ:🔶) -> eval: -0.0992
    [108] SUMMON | コスト🔷🔷, 配置コア🔷🔷🔶 ⚠️パッファー・フラッティ消滅, (支払:R:🔷, パッファー:🔷, 配置:R:🔷🔷, フラッティ:🔶) -> eval: -0.0884
    [109] SUMMON | コスト🔷🔷, 配置コア🔷🔷🔶 ⚠️ストラレイ・パッファー・フラッティ消滅, (支払:ストラレイ:🔷, パッファー:🔷, 配置:R:🔷🔷, フラッティ:🔶) -> eval: -0.1652
    [110] SUMMON | コスト🔷🔶, 配置コア🔷🔷🔷 ⚠️フラッティ消滅, (支払:R:🔷, フラッティ:🔶, 配置:R:🔷🔷🔷) -> eval:  0.0000
    [111] SUMMON | コスト🔷🔶, 配置コア🔷🔷🔷 ⚠️ストラレイ・フラッティ消滅, (支払:ストラレイ:🔷, フラッティ:🔶, 配置:R:🔷🔷🔷) -> eval: -0.0741
    [112] SUMMON | コスト🔷🔶, 配置コア🔷🔷🔷 ⚠️パッファー・フラッティ消滅, (支払:パッファー:🔷, フラッティ:🔶, 配置:R:🔷🔷🔷) -> eval: -0.0640
    [113] SUMMON | コスト🔷🔶, 配置コア🔷🔷🔷 ⚠️ストラレイ・パッファー・フラッティ消滅, (支払:パッファー:🔷, フラッティ:🔶, 配置:R:🔷🔷, ストラレイ:🔷) -> eval: -0.1466
    [114] SUMMON | コスト🔷🔷, 配置コア🔷🔷🔷🔷, (支払:R:🔷🔷, 配置:R:🔷🔷🔷🔷) -> eval: +0.0193
    [115] SUMMON | コスト🔷🔷, 配置コア🔷🔷🔷🔷 ⚠️ストラレイ消滅, (支払:R:🔷, ストラレイ:🔷, 配置:R:🔷🔷🔷🔷) -> eval: -0.0201
    [116] SUMMON | コスト🔷🔷, 配置コア🔷🔷🔷🔷 ⚠️パッファー消滅, (支払:R:🔷, パッファー:🔷, 配置:R:🔷🔷🔷🔷) -> eval: -0.0082
    [117] SUMMON | コスト🔷🔷, 配置コア🔷🔷🔷🔷 ⚠️ストラレイ・パッファー消滅, (支払:ストラレイ:🔷, パッファー:🔷, 配置:R:🔷🔷🔷🔷) -> eval: -0.0807
    [118] SUMMON | コスト🔷🔷, 配置コア🔷🔷🔷🔶 ⚠️フラッティ消滅, (支払:R:🔷🔷, 配置:R:🔷🔷🔷, フラッティ:🔶) -> eval: -0.0163
    [119] SUMMON | コスト🔷🔷, 配置コア🔷🔷🔷🔶 ⚠️ストラレイ・フラッティ消滅, (支払:R:🔷, ストラレイ:🔷, 配置:R:🔷🔷🔷, フラッティ:🔶) -> eval: -0.0842
    [120] SUMMON | コスト🔷🔷, 配置コア🔷🔷🔷🔶 ⚠️パッファー・フラッティ消滅, (支払:R:🔷, パッファー:🔷, 配置:R:🔷🔷🔷, フラッティ:🔶) -> eval: -0.0732
    [121] SUMMON | コスト🔷🔷, 配置コア🔷🔷🔷🔶 ⚠️ストラレイ・パッファー・フラッティ消滅, (支払:ストラレイ:🔷, パッファー:🔷, 配置:R:🔷🔷🔷, フラッティ:🔶) -> eval: -0.1518
    [122] SUMMON | コスト🔷🔶, 配置コア🔷🔷🔷🔷 ⚠️フラッティ消滅, (支払:R:🔷, フラッティ:🔶, 配置:R:🔷🔷🔷🔷) -> eval: +0.0152
    [123] SUMMON | コスト🔷🔶, 配置コア🔷🔷🔷🔷 ⚠️ストラレイ・フラッティ消滅, (支払:ストラレイ:🔷, フラッティ:🔶, 配置:R:🔷🔷🔷🔷) -> eval: -0.0597
    [124] SUMMON | コスト🔷🔶, 配置コア🔷🔷🔷🔷 ⚠️パッファー・フラッティ消滅, (支払:パッファー:🔷, フラッティ:🔶, 配置:R:🔷🔷🔷🔷) -> eval: -0.0496
    [125] SUMMON | コスト🔷🔶, 配置コア🔷🔷🔷🔷 ⚠️ストラレイ・パッファー・フラッティ消滅, (支払:パッファー:🔷, フラッティ:🔶, 配置:R:🔷🔷🔷, ストラレイ:🔷) -> eval: -0.1337
    [126] SUMMON | コスト🔷🔷, 配置コア🔷🔷🔷🔷🔷 ⚠️ストラレイ消滅, (支払:R:🔷, ストラレイ:🔷, 配置:R:🔷🔷🔷🔷🔷) -> eval: -0.0039
    [127] SUMMON | コスト🔷🔷, 配置コア🔷🔷🔷🔷🔷 ⚠️パッファー消滅, (支払:R:🔷, パッファー:🔷, 配置:R:🔷🔷🔷🔷🔷) -> eval: +0.0078
    [128] SUMMON | コスト🔷🔷, 配置コア🔷🔷🔷🔷🔷 ⚠️ストラレイ・パッファー消滅, (支払:ストラレイ:🔷, パッファー:🔷, 配置:R:🔷🔷🔷🔷🔷) -> eval: -0.0656
    [129] SUMMON | コスト🔷🔷, 配置コア🔷🔷🔷🔷🔶 ⚠️フラッティ消滅, (支払:R:🔷🔷, 配置:R:🔷🔷🔷🔷, フラッティ:🔶) -> eval: +0.0004
    [130] SUMMON | コスト🔷🔷, 配置コア🔷🔷🔷🔷🔶 ⚠️ストラレイ・フラッティ消滅, (支払:R:🔷, ストラレイ:🔷, 配置:R:🔷🔷🔷🔷, フラッティ:🔶) -> eval: -0.0684
    [131] SUMMON | コスト🔷🔷, 配置コア🔷🔷🔷🔷🔶 ⚠️パッファー・フラッティ消滅, (支払:R:🔷, パッファー:🔷, 配置:R:🔷🔷🔷🔷, フラッティ:🔶) -> eval: -0.0574
    [132] SUMMON | コスト🔷🔷, 配置コア🔷🔷🔷🔷🔶 ⚠️ストラレイ・パッファー・フラッティ消滅, (支払:ストラレイ:🔷, パッファー:🔷, 配置:R:🔷🔷🔷🔷, フラッティ:🔶) -> eval: -0.1376
    [133] SUMMON | コスト🔷🔶, 配置コア🔷🔷🔷🔷🔷 ⚠️フラッティ消滅, (支払:R:🔷, フラッティ:🔶, 配置:R:🔷🔷🔷🔷🔷) -> eval: +0.0310
    [134] SUMMON | コスト🔷🔶, 配置コア🔷🔷🔷🔷🔷 ⚠️ストラレイ・フラッティ消滅, (支払:ストラレイ:🔷, フラッティ:🔶, 配置:R:🔷🔷🔷🔷🔷) -> eval: -0.0447
    [135] SUMMON | コスト🔷🔶, 配置コア🔷🔷🔷🔷🔷 ⚠️パッファー・フラッティ消滅, (支払:パッファー:🔷, フラッティ:🔶, 配置:R:🔷🔷🔷🔷🔷) -> eval: -0.0346
    [136] SUMMON | コスト🔷🔶, 配置コア🔷🔷🔷🔷🔷 ⚠️ストラレイ・パッファー・フラッティ消滅, (支払:パッファー:🔷, フラッティ:🔶, 配置:R:🔷🔷🔷🔷, ストラレイ:🔷) -> eval: -0.1200
    [137] SUMMON | コスト🔷🔷, 配置コア🔷🔷🔷🔷🔷🔷 ⚠️ストラレイ・パッファー消滅, (支払:ストラレイ:🔷, パッファー:🔷, 配置:R:🔷🔷🔷🔷🔷🔷) -> eval: -0.0500
    [138] SUMMON | コスト🔷🔷, 配置コア🔷🔷🔷🔷🔷🔶 ⚠️ストラレイ・フラッティ消滅, (支払:R:🔷, ストラレイ:🔷, 配置:R:🔷🔷🔷🔷🔷, フラッティ:🔶) -> eval: -0.0520
    [139] SUMMON | コスト🔷🔷, 配置コア🔷🔷🔷🔷🔷🔶 ⚠️パッファー・フラッティ消滅, (支払:R:🔷, パッファー:🔷, 配置:R:🔷🔷🔷🔷🔷, フラッティ:🔶) -> eval: -0.0409
    [140] SUMMON | コスト🔷🔷, 配置コア🔷🔷🔷🔷🔷🔶 ⚠️ストラレイ・パッファー・フラッティ消滅, (支払:ストラレイ:🔷, パッファー:🔷, 配置:R:🔷🔷🔷🔷🔷, フラッティ:🔶) -> eval: -0.1227
    [141] SUMMON | コスト🔷🔶, 配置コア🔷🔷🔷🔷🔷🔷 ⚠️ストラレイ・フラッティ消滅, (支払:ストラレイ:🔷, フラッティ:🔶, 配置:R:🔷🔷🔷🔷🔷🔷) -> eval: -0.0292
    [142] SUMMON | コスト🔷🔶, 配置コア🔷🔷🔷🔷🔷🔷 ⚠️パッファー・フラッティ消滅, (支払:パッファー:🔷, フラッティ:🔶, 配置:R:🔷🔷🔷🔷🔷🔷) -> eval: -0.0191
    [143] SUMMON | コスト🔷🔶, 配置コア🔷🔷🔷🔷🔷🔷 ⚠️ストラレイ・パッファー・フラッティ消滅, (支払:パッファー:🔷, フラッティ:🔶, 配置:R:🔷🔷🔷🔷🔷, ストラレイ:🔷) -> eval: -0.1057
    [144] SUMMON | コスト🔷🔷, 配置コア🔷🔷🔷🔷🔷🔷🔶 ⚠️ストラレイ・パッファー・フラッティ消滅, (支払:ストラレイ:🔷, パッファー:🔷, 配置:R:🔷🔷🔷🔷🔷🔷, フラッティ:🔶) -> eval: -0.1072
    [145] SUMMON | コスト🔷🔶, 配置コア🔷🔷🔷🔷🔷🔷🔷 ⚠️ストラレイ・パッファー・フラッティ消滅, (支払:パッファー:🔷, フラッティ:🔶, 配置:R:🔷🔷🔷🔷🔷🔷, ストラレイ:🔷) -> eval: -0.0908
    [146] SUMMON | コスト🔷🔷, 配置コア🔷, (支払:R:🔷🔷, 配置:R:🔷) -> eval: -0.0257
    [147] SUMMON | コスト🔷🔷, 配置コア🔷 ⚠️ストラレイ消滅, (支払:R:🔷, ストラレイ:🔷, 配置:R:🔷) -> eval: -0.0636
    [148] SUMMON | コスト🔷🔷, 配置コア🔷 ⚠️パッファー消滅, (支払:R:🔷, パッファー:🔷, 配置:R:🔷) -> eval: -0.0512
    [149] SUMMON | コスト🔷🔷, 配置コア🔷 ⚠️ストラレイ・パッファー消滅, (支払:ストラレイ:🔷, パッファー:🔷, 配置:R:🔷) -> eval: -0.1204
    [150] SUMMON | コスト🔷🔷, 配置コア🔶 ⚠️フラッティ消滅, (支払:R:🔷🔷, 配置:フラッティ:🔶) -> eval: -0.0459
    [151] SUMMON | コスト🔷🔷, 配置コア🔶 ⚠️ストラレイ・フラッティ消滅, (支払:R:🔷, ストラレイ:🔷, 配置:フラッティ:🔶) -> eval: -0.1123
    [152] SUMMON | コスト🔷🔷, 配置コア🔶 ⚠️パッファー・フラッティ消滅, (支払:R:🔷, パッファー:🔷, 配置:フラッティ:🔶) -> eval: -0.1017
    [153] SUMMON | コスト🔷🔷, 配置コア🔶 ⚠️ストラレイ・パッファー・フラッティ消滅, (支払:ストラレイ:🔷, パッファー:🔷, 配置:フラッティ:🔶) -> eval: -0.1757
    [154] SUMMON | コスト🔷🔶, 配置コア🔷 ⚠️フラッティ消滅, (支払:R:🔷, フラッティ:🔶, 配置:R:🔷) -> eval: -0.0254
    [155] SUMMON | コスト🔷🔶, 配置コア🔷 ⚠️ストラレイ・フラッティ消滅, (支払:ストラレイ:🔷, フラッティ:🔶, 配置:R:🔷) -> eval: -0.0979
    [156] SUMMON | コスト🔷🔶, 配置コア🔷 ⚠️パッファー・フラッティ消滅, (支払:パッファー:🔷, フラッティ:🔶, 配置:R:🔷) -> eval: -0.0879
    [157] SUMMON | コスト🔷🔶, 配置コア🔷 ⚠️ストラレイ・パッファー・フラッティ消滅, (支払:パッファー:🔷, フラッティ:🔶, 配置:ストラレイ:🔷) -> eval: -0.1656
    [158] SUMMON | コスト🔷🔷, 配置コア🔷🔷, (支払:R:🔷🔷, 配置:R:🔷🔷) -> eval: -0.0114
    [159] SUMMON | コスト🔷🔷, 配置コア🔷🔷 ⚠️ストラレイ消滅, (支払:R:🔷, ストラレイ:🔷, 配置:R:🔷🔷) -> eval: -0.0500
    [160] SUMMON | コスト🔷🔷, 配置コア🔷🔷 ⚠️パッファー消滅, (支払:R:🔷, パッファー:🔷, 配置:R:🔷🔷) -> eval: -0.0376
    [161] SUMMON | コスト🔷🔷, 配置コア🔷🔷 ⚠️ストラレイ・パッファー消滅, (支払:ストラレイ:🔷, パッファー:🔷, 配置:R:🔷🔷) -> eval: -0.1077
    [162] SUMMON | コスト🔷🔷, 配置コア🔷🔶 ⚠️フラッティ消滅, (支払:R:🔷🔷, 配置:R:🔷, フラッティ:🔶) -> eval: -0.0314
    [163] SUMMON | コスト🔷🔷, 配置コア🔷🔶 ⚠️ストラレイ・フラッティ消滅, (支払:R:🔷, ストラレイ:🔷, 配置:R:🔷, フラッティ:🔶) -> eval: -0.0989
    [164] SUMMON | コスト🔷🔷, 配置コア🔷🔶 ⚠️パッファー・フラッティ消滅, (支払:R:🔷, パッファー:🔷, 配置:R:🔷, フラッティ:🔶) -> eval: -0.0881
    [165] SUMMON | コスト🔷🔷, 配置コア🔷🔶 ⚠️ストラレイ・パッファー・フラッティ消滅, (支払:ストラレイ:🔷, パッファー:🔷, 配置:R:🔷, フラッティ:🔶) -> eval: -0.1639
    [166] SUMMON | コスト🔷🔶, 配置コア🔷🔷 ⚠️フラッティ消滅, (支払:R:🔷, フラッティ:🔶, 配置:R:🔷🔷) -> eval: -0.0122
    [167] SUMMON | コスト🔷🔶, 配置コア🔷🔷 ⚠️ストラレイ・フラッティ消滅, (支払:ストラレイ:🔷, フラッティ:🔶, 配置:R:🔷🔷) -> eval: -0.0854
    [168] SUMMON | コスト🔷🔶, 配置コア🔷🔷 ⚠️パッファー・フラッティ消滅, (支払:パッファー:🔷, フラッティ:🔶, 配置:R:🔷🔷) -> eval: -0.0753
    [169] SUMMON | コスト🔷🔶, 配置コア🔷🔷 ⚠️ストラレイ・パッファー・フラッティ消滅, (支払:パッファー:🔷, フラッティ:🔶, 配置:R:🔷, ストラレイ:🔷) -> eval: -0.1544
    [170] SUMMON | コスト🔷🔷, 配置コア🔷🔷🔷, (支払:R:🔷🔷, 配置:R:🔷🔷🔷) -> eval: +0.0037
    [171] SUMMON | コスト🔷🔷, 配置コア🔷🔷🔷 ⚠️ストラレイ消滅, (支払:R:🔷, ストラレイ:🔷, 配置:R:🔷🔷🔷) -> eval: -0.0355
    [172] SUMMON | コスト🔷🔷, 配置コア🔷🔷🔷 ⚠️パッファー消滅, (支払:R:🔷, パッファー:🔷, 配置:R:🔷🔷🔷) -> eval: -0.0231
    [173] SUMMON | コスト🔷🔷, 配置コア🔷🔷🔷 ⚠️ストラレイ・パッファー消滅, (支払:ストラレイ:🔷, パッファー:🔷, 配置:R:🔷🔷🔷) -> eval: -0.0941
    [174] SUMMON | コスト🔷🔷, 配置コア🔷🔷🔶 ⚠️フラッティ消滅, (支払:R:🔷🔷, 配置:R:🔷🔷, フラッティ:🔶) -> eval: -0.0160
    [175] SUMMON | コスト🔷🔷, 配置コア🔷🔷🔶 ⚠️ストラレイ・フラッティ消滅, (支払:R:🔷, ストラレイ:🔷, 配置:R:🔷🔷, フラッティ:🔶) -> eval: -0.0845
    [176] SUMMON | コスト🔷🔷, 配置コア🔷🔷🔶 ⚠️パッファー・フラッティ消滅, (支払:R:🔷, パッファー:🔷, 配置:R:🔷🔷, フラッティ:🔶) -> eval: -0.0736
    [177] SUMMON | コスト🔷🔷, 配置コア🔷🔷🔶 ⚠️ストラレイ・パッファー・フラッティ消滅, (支払:ストラレイ:🔷, パッファー:🔷, 配置:R:🔷🔷, フラッティ:🔶) -> eval: -0.1511
    [178] SUMMON | コスト🔷🔶, 配置コア🔷🔷🔷 ⚠️フラッティ消滅, (支払:R:🔷, フラッティ:🔶, 配置:R:🔷🔷🔷) -> eval: +0.0017
    [179] SUMMON | コスト🔷🔶, 配置コア🔷🔷🔷 ⚠️ストラレイ・フラッティ消滅, (支払:ストラレイ:🔷, フラッティ:🔶, 配置:R:🔷🔷🔷) -> eval: -0.0721
    [180] SUMMON | コスト🔷🔶, 配置コア🔷🔷🔷 ⚠️パッファー・フラッティ消滅, (支払:パッファー:🔷, フラッティ:🔶, 配置:R:🔷🔷🔷) -> eval: -0.0619
    [181] SUMMON | コスト🔷🔶, 配置コア🔷🔷🔷 ⚠️ストラレイ・パッファー・フラッティ消滅, (支払:パッファー:🔷, フラッティ:🔶, 配置:R:🔷🔷, ストラレイ:🔷) -> eval: -0.1424
    [182] SUMMON | コスト🔷🔷, 配置コア🔷🔷🔷🔷, (支払:R:🔷🔷, 配置:R:🔷🔷🔷🔷) -> eval: +0.0199
    [183] SUMMON | コスト🔷🔷, 配置コア🔷🔷🔷🔷 ⚠️ストラレイ消滅, (支払:R:🔷, ストラレイ:🔷, 配置:R:🔷🔷🔷🔷) -> eval: -0.0202
    [184] SUMMON | コスト🔷🔷, 配置コア🔷🔷🔷🔷 ⚠️パッファー消滅, (支払:R:🔷, パッファー:🔷, 配置:R:🔷🔷🔷🔷) -> eval: -0.0078
    [185] SUMMON | コスト🔷🔷, 配置コア🔷🔷🔷🔷 ⚠️ストラレイ・パッファー消滅, (支払:ストラレイ:🔷, パッファー:🔷, 配置:R:🔷🔷🔷🔷) -> eval: -0.0797
    [186] SUMMON | コスト🔷🔷, 配置コア🔷🔷🔷🔶 ⚠️フラッティ消滅, (支払:R:🔷🔷, 配置:R:🔷🔷🔷, フラッティ:🔶) -> eval: +0.0002
    [187] SUMMON | コスト🔷🔷, 配置コア🔷🔷🔷🔶 ⚠️ストラレイ・フラッティ消滅, (支払:R:🔷, ストラレイ:🔷, 配置:R:🔷🔷🔷, フラッティ:🔶) -> eval: -0.0693
    [188] SUMMON | コスト🔷🔷, 配置コア🔷🔷🔷🔶 ⚠️パッファー・フラッティ消滅, (支払:R:🔷, パッファー:🔷, 配置:R:🔷🔷🔷, フラッティ:🔶) -> eval: -0.0584
    [189] SUMMON | コスト🔷🔷, 配置コア🔷🔷🔷🔶 ⚠️ストラレイ・パッファー・フラッティ消滅, (支払:ストラレイ:🔷, パッファー:🔷, 配置:R:🔷🔷🔷, フラッティ:🔶) -> eval: -0.1375
    [190] SUMMON | コスト🔷🔶, 配置コア🔷🔷🔷🔷 ⚠️フラッティ消滅, (支払:R:🔷, フラッティ:🔶, 配置:R:🔷🔷🔷🔷) -> eval: +0.0166
    [191] SUMMON | コスト🔷🔶, 配置コア🔷🔷🔷🔷 ⚠️ストラレイ・フラッティ消滅, (支払:ストラレイ:🔷, フラッティ:🔶, 配置:R:🔷🔷🔷🔷) -> eval: -0.0580
    [192] SUMMON | コスト🔷🔶, 配置コア🔷🔷🔷🔷 ⚠️パッファー・フラッティ消滅, (支払:パッファー:🔷, フラッティ:🔶, 配置:R:🔷🔷🔷🔷) -> eval: -0.0478
    [193] SUMMON | コスト🔷🔶, 配置コア🔷🔷🔷🔷 ⚠️ストラレイ・パッファー・フラッティ消滅, (支払:パッファー:🔷, フラッティ:🔶, 配置:R:🔷🔷🔷, ストラレイ:🔷) -> eval: -0.1295
    [194] SUMMON | コスト🔷🔷, 配置コア🔷🔷🔷🔷🔷 ⚠️ストラレイ消滅, (支払:R:🔷, ストラレイ:🔷, 配置:R:🔷🔷🔷🔷🔷) -> eval: -0.0041
    [195] SUMMON | コスト🔷🔷, 配置コア🔷🔷🔷🔷🔷 ⚠️パッファー消滅, (支払:R:🔷, パッファー:🔷, 配置:R:🔷🔷🔷🔷🔷) -> eval: +0.0081
    [196] SUMMON | コスト🔷🔷, 配置コア🔷🔷🔷🔷🔷 ⚠️ストラレイ・パッファー消滅, (支払:ストラレイ:🔷, パッファー:🔷, 配置:R:🔷🔷🔷🔷🔷) -> eval: -0.0646
    [197] SUMMON | コスト🔷🔷, 配置コア🔷🔷🔷🔷🔶 ⚠️フラッティ消滅, (支払:R:🔷🔷, 配置:R:🔷🔷🔷🔷, フラッティ:🔶) -> eval: +0.0172
    [198] SUMMON | コスト🔷🔷, 配置コア🔷🔷🔷🔷🔶 ⚠️ストラレイ・フラッティ消滅, (支払:R:🔷, ストラレイ:🔷, 配置:R:🔷🔷🔷🔷, フラッティ:🔶) -> eval: -0.0535
    [199] SUMMON | コスト🔷🔷, 配置コア🔷🔷🔷🔷🔶 ⚠️パッファー・フラッティ消滅, (支払:R:🔷, パッファー:🔷, 配置:R:🔷🔷🔷🔷, フラッティ:🔶) -> eval: -0.0424
    [200] SUMMON | コスト🔷🔷, 配置コア🔷🔷🔷🔷🔶 ⚠️ストラレイ・パッファー・フラッティ消滅, (支払:ストラレイ:🔷, パッファー:🔷, 配置:R:🔷🔷🔷🔷, フラッティ:🔶) -> eval: -0.1232
    [201] SUMMON | コスト🔷🔶, 配置コア🔷🔷🔷🔷🔷 ⚠️フラッティ消滅, (支払:R:🔷, フラッティ:🔶, 配置:R:🔷🔷🔷🔷🔷) -> eval: +0.0321
    [202] SUMMON | コスト🔷🔶, 配置コア🔷🔷🔷🔷🔷 ⚠️ストラレイ・フラッティ消滅, (支払:ストラレイ:🔷, フラッティ:🔶, 配置:R:🔷🔷🔷🔷🔷) -> eval: -0.0432
    [203] SUMMON | コスト🔷🔶, 配置コア🔷🔷🔷🔷🔷 ⚠️パッファー・フラッティ消滅, (支払:パッファー:🔷, フラッティ:🔶, 配置:R:🔷🔷🔷🔷🔷) -> eval: -0.0330
    [204] SUMMON | コスト🔷🔶, 配置コア🔷🔷🔷🔷🔷 ⚠️ストラレイ・パッファー・フラッティ消滅, (支払:パッファー:🔷, フラッティ:🔶, 配置:R:🔷🔷🔷🔷, ストラレイ:🔷) -> eval: -0.1160
    [205] SUMMON | コスト🔷🔷, 配置コア🔷🔷🔷🔷🔷🔷 ⚠️ストラレイ・パッファー消滅, (支払:ストラレイ:🔷, パッファー:🔷, 配置:R:🔷🔷🔷🔷🔷🔷) -> eval: -0.0490
    [206] SUMMON | コスト🔷🔷, 配置コア🔷🔷🔷🔷🔷🔶 ⚠️ストラレイ・フラッティ消滅, (支払:R:🔷, ストラレイ:🔷, 配置:R:🔷🔷🔷🔷🔷, フラッティ:🔶) -> eval: -0.0370
    [207] SUMMON | コスト🔷🔷, 配置コア🔷🔷🔷🔷🔷🔶 ⚠️パッファー・フラッティ消滅, (支払:R:🔷, パッファー:🔷, 配置:R:🔷🔷🔷🔷🔷, フラッティ:🔶) -> eval: -0.0259
    [208] SUMMON | コスト🔷🔷, 配置コア🔷🔷🔷🔷🔷🔶 ⚠️ストラレイ・パッファー・フラッティ消滅, (支払:ストラレイ:🔷, パッファー:🔷, 配置:R:🔷🔷🔷🔷🔷, フラッティ:🔶) -> eval: -0.1081
    [209] SUMMON | コスト🔷🔶, 配置コア🔷🔷🔷🔷🔷🔷 ⚠️ストラレイ・フラッティ消滅, (支払:ストラレイ:🔷, フラッティ:🔶, 配置:R:🔷🔷🔷🔷🔷🔷) -> eval: -0.0279
    [210] SUMMON | コスト🔷🔶, 配置コア🔷🔷🔷🔷🔷🔷 ⚠️パッファー・フラッティ消滅, (支払:パッファー:🔷, フラッティ:🔶, 配置:R:🔷🔷🔷🔷🔷🔷) -> eval: -0.0177
    [211] SUMMON | コスト🔷🔶, 配置コア🔷🔷🔷🔷🔷🔷 ⚠️ストラレイ・パッファー・フラッティ消滅, (支払:パッファー:🔷, フラッティ:🔶, 配置:R:🔷🔷🔷🔷🔷, ストラレイ:🔷) -> eval: -0.1018
    [212] SUMMON | コスト🔷🔷, 配置コア🔷🔷🔷🔷🔷🔷🔶 ⚠️ストラレイ・パッファー・フラッティ消滅, (支払:ストラレイ:🔷, パッファー:🔷, 配置:R:🔷🔷🔷🔷🔷🔷, フラッティ:🔶) -> eval: -0.0926
    [213] SUMMON | コスト🔷🔶, 配置コア🔷🔷🔷🔷🔷🔷🔷 ⚠️ストラレイ・パッファー・フラッティ消滅, (支払:パッファー:🔷, フラッティ:🔶, 配置:R:🔷🔷🔷🔷🔷🔷, ストラレイ:🔷) -> eval: -0.0870
    [214] SUMMON | コスト🔷🔷, 配置コア🔷, (支払:R:🔷🔷, 配置:R:🔷) -> eval: -0.0397
    [215] SUMMON | コスト🔷🔷, 配置コア🔷 ⚠️ストラレイ消滅, (支払:R:🔷, ストラレイ:🔷, 配置:R:🔷) -> eval: -0.0770
    [216] SUMMON | コスト🔷🔷, 配置コア🔷 ⚠️パッファー消滅, (支払:R:🔷, パッファー:🔷, 配置:R:🔷) -> eval: -0.0644
    [217] SUMMON | コスト🔷🔷, 配置コア🔷 ⚠️ストラレイ・パッファー消滅, (支払:ストラレイ:🔷, パッファー:🔷, 配置:R:🔷) -> eval: -0.1334
    [218] SUMMON | コスト🔷🔷, 配置コア🔶 ⚠️フラッティ消滅, (支払:R:🔷🔷, 配置:フラッティ:🔶) -> eval: -0.0546
    [219] SUMMON | コスト🔷🔷, 配置コア🔶 ⚠️ストラレイ・フラッティ消滅, (支払:R:🔷, ストラレイ:🔷, 配置:フラッティ:🔶) -> eval: -0.1209
    [220] SUMMON | コスト🔷🔷, 配置コア🔶 ⚠️パッファー・フラッティ消滅, (支払:R:🔷, パッファー:🔷, 配置:フラッティ:🔶) -> eval: -0.1100
    [221] SUMMON | コスト🔷🔷, 配置コア🔶 ⚠️ストラレイ・パッファー・フラッティ消滅, (支払:ストラレイ:🔷, パッファー:🔷, 配置:フラッティ:🔶) -> eval: -0.1820
    [222] SUMMON | コスト🔷🔶, 配置コア🔷 ⚠️フラッティ消滅, (支払:R:🔷, フラッティ:🔶, 配置:R:🔷) -> eval: -0.0416
    [223] SUMMON | コスト🔷🔶, 配置コア🔷 ⚠️ストラレイ・フラッティ消滅, (支払:ストラレイ:🔷, フラッティ:🔶, 配置:R:🔷) -> eval: -0.1129
    [224] SUMMON | コスト🔷🔶, 配置コア🔷 ⚠️パッファー・フラッティ消滅, (支払:パッファー:🔷, フラッティ:🔶, 配置:R:🔷) -> eval: -0.1027
    [225] SUMMON | コスト🔷🔶, 配置コア🔷 ⚠️ストラレイ・パッファー・フラッティ消滅, (支払:パッファー:🔷, フラッティ:🔶, 配置:ストラレイ:🔷) -> eval: -0.1775
    [226] SUMMON | コスト🔷🔷, 配置コア🔷🔷, (支払:R:🔷🔷, 配置:R:🔷🔷) -> eval: -0.0260
    [227] SUMMON | コスト🔷🔷, 配置コア🔷🔷 ⚠️ストラレイ消滅, (支払:R:🔷, ストラレイ:🔷, 配置:R:🔷🔷) -> eval: -0.0639
    [228] SUMMON | コスト🔷🔷, 配置コア🔷🔷 ⚠️パッファー消滅, (支払:R:🔷, パッファー:🔷, 配置:R:🔷🔷) -> eval: -0.0512
    [229] SUMMON | コスト🔷🔷, 配置コア🔷🔷 ⚠️ストラレイ・パッファー消滅, (支払:ストラレイ:🔷, パッファー:🔷, 配置:R:🔷🔷) -> eval: -0.1213
    [230] SUMMON | コスト🔷🔷, 配置コア🔷🔶 ⚠️フラッティ消滅, (支払:R:🔷🔷, 配置:R:🔷, フラッティ:🔶) -> eval: -0.0403
    [231] SUMMON | コスト🔷🔷, 配置コア🔷🔶 ⚠️ストラレイ・フラッティ消滅, (支払:R:🔷, ストラレイ:🔷, 配置:R:🔷, フラッティ:🔶) -> eval: -0.1075
    [232] SUMMON | コスト🔷🔷, 配置コア🔷🔶 ⚠️パッファー・フラッティ消滅, (支払:R:🔷, パッファー:🔷, 配置:R:🔷, フラッティ:🔶) -> eval: -0.0965
    [233] SUMMON | コスト🔷🔷, 配置コア🔷🔶 ⚠️ストラレイ・パッファー・フラッティ消滅, (支払:ストラレイ:🔷, パッファー:🔷, 配置:R:🔷, フラッティ:🔶) -> eval: -0.1705
    [234] SUMMON | コスト🔷🔶, 配置コア🔷🔷 ⚠️フラッティ消滅, (支払:R:🔷, フラッティ:🔶, 配置:R:🔷🔷) -> eval: -0.0287
    [235] SUMMON | コスト🔷🔶, 配置コア🔷🔷 ⚠️ストラレイ・フラッティ消滅, (支払:ストラレイ:🔷, フラッティ:🔶, 配置:R:🔷🔷) -> eval: -0.1008
    [236] SUMMON | コスト🔷🔶, 配置コア🔷🔷 ⚠️パッファー・フラッティ消滅, (支払:パッファー:🔷, フラッティ:🔶, 配置:R:🔷🔷) -> eval: -0.0904
    [237] SUMMON | コスト🔷🔶, 配置コア🔷🔷 ⚠️ストラレイ・パッファー・フラッティ消滅, (支払:パッファー:🔷, フラッティ:🔶, 配置:R:🔷, ストラレイ:🔷) -> eval: -0.1670
    [238] SUMMON | コスト🔷🔷, 配置コア🔷🔷🔷, (支払:R:🔷🔷, 配置:R:🔷🔷🔷) -> eval: -0.0113
    [239] SUMMON | コスト🔷🔷, 配置コア🔷🔷🔷 ⚠️ストラレイ消滅, (支払:R:🔷, ストラレイ:🔷, 配置:R:🔷🔷🔷) -> eval: -0.0498
    [240] SUMMON | コスト🔷🔷, 配置コア🔷🔷🔷 ⚠️パッファー消滅, (支払:R:🔷, パッファー:🔷, 配置:R:🔷🔷🔷) -> eval: -0.0371
    [241] SUMMON | コスト🔷🔷, 配置コア🔷🔷🔷 ⚠️ストラレイ・パッファー消滅, (支払:ストラレイ:🔷, パッファー:🔷, 配置:R:🔷🔷🔷) -> eval: -0.1082
    [242] SUMMON | コスト🔷🔷, 配置コア🔷🔷🔶 ⚠️フラッティ消滅, (支払:R:🔷🔷, 配置:R:🔷🔷, フラッティ:🔶) -> eval: -0.0249
    [243] SUMMON | コスト🔷🔷, 配置コア🔷🔷🔶 ⚠️ストラレイ・フラッティ消滅, (支払:R:🔷, ストラレイ:🔷, 配置:R:🔷🔷, フラッティ:🔶) -> eval: -0.0932
    [244] SUMMON | コスト🔷🔷, 配置コア🔷🔷🔶 ⚠️パッファー・フラッティ消滅, (支払:R:🔷, パッファー:🔷, 配置:R:🔷🔷, フラッティ:🔶) -> eval: -0.0821
    [245] SUMMON | コスト🔷🔷, 配置コア🔷🔷🔶 ⚠️ストラレイ・パッファー・フラッティ消滅, (支払:ストラレイ:🔷, パッファー:🔷, 配置:R:🔷🔷, フラッティ:🔶) -> eval: -0.1580
    [246] SUMMON | コスト🔷🔶, 配置コア🔷🔷🔷 ⚠️フラッティ消滅, (支払:R:🔷, フラッティ:🔶, 配置:R:🔷🔷🔷) -> eval: -0.0149
    [247] SUMMON | コスト🔷🔶, 配置コア🔷🔷🔷 ⚠️ストラレイ・フラッティ消滅, (支払:ストラレイ:🔷, フラッティ:🔶, 配置:R:🔷🔷🔷) -> eval: -0.0877
    [248] SUMMON | コスト🔷🔶, 配置コア🔷🔷🔷 ⚠️パッファー・フラッティ消滅, (支払:パッファー:🔷, フラッティ:🔶, 配置:R:🔷🔷🔷) -> eval: -0.0772
    [249] SUMMON | コスト🔷🔶, 配置コア🔷🔷🔷 ⚠️ストラレイ・パッファー・フラッティ消滅, (支払:パッファー:🔷, フラッティ:🔶, 配置:R:🔷🔷, ストラレイ:🔷) -> eval: -0.1556
    [250] SUMMON | コスト🔷🔷, 配置コア🔷🔷🔷🔷, (支払:R:🔷🔷, 配置:R:🔷🔷🔷🔷) -> eval: +0.0043
    [251] SUMMON | コスト🔷🔷, 配置コア🔷🔷🔷🔷 ⚠️ストラレイ消滅, (支払:R:🔷, ストラレイ:🔷, 配置:R:🔷🔷🔷🔷) -> eval: -0.0348
    [252] SUMMON | コスト🔷🔷, 配置コア🔷🔷🔷🔷 ⚠️パッファー消滅, (支払:R:🔷, パッファー:🔷, 配置:R:🔷🔷🔷🔷) -> eval: -0.0221
    [253] SUMMON | コスト🔷🔷, 配置コア🔷🔷🔷🔷 ⚠️ストラレイ・パッファー消滅, (支払:ストラレイ:🔷, パッファー:🔷, 配置:R:🔷🔷🔷🔷) -> eval: -0.0942
    [254] SUMMON | コスト🔷🔷, 配置コア🔷🔷🔷🔶 ⚠️フラッティ消滅, (支払:R:🔷🔷, 配置:R:🔷🔷🔷, フラッティ:🔶) -> eval: -0.0087
    [255] SUMMON | コスト🔷🔷, 配置コア🔷🔷🔷🔶 ⚠️ストラレイ・フラッティ消滅, (支払:R:🔷, ストラレイ:🔷, 配置:R:🔷🔷🔷, フラッティ:🔶) -> eval: -0.0781
    [256] SUMMON | コスト🔷🔷, 配置コア🔷🔷🔷🔶 ⚠️パッファー・フラッティ消滅, (支払:R:🔷, パッファー:🔷, 配置:R:🔷🔷🔷, フラッティ:🔶) -> eval: -0.0668
    [257] SUMMON | コスト🔷🔷, 配置コア🔷🔷🔷🔶 ⚠️ストラレイ・パッファー・フラッティ消滅, (支払:ストラレイ:🔷, パッファー:🔷, 配置:R:🔷🔷🔷, フラッティ:🔶) -> eval: -0.1447
    [258] SUMMON | コスト🔷🔶, 配置コア🔷🔷🔷🔷 ⚠️フラッティ消滅, (支払:R:🔷, フラッティ:🔶, 配置:R:🔷🔷🔷🔷) -> eval: -0.0003
    [259] SUMMON | コスト🔷🔶, 配置コア🔷🔷🔷🔷 ⚠️ストラレイ・フラッティ消滅, (支払:ストラレイ:🔷, フラッティ:🔶, 配置:R:🔷🔷🔷🔷) -> eval: -0.0738
    [260] SUMMON | コスト🔷🔶, 配置コア🔷🔷🔷🔷 ⚠️パッファー・フラッティ消滅, (支払:パッファー:🔷, フラッティ:🔶, 配置:R:🔷🔷🔷🔷) -> eval: -0.0632
    [261] SUMMON | コスト🔷🔶, 配置コア🔷🔷🔷🔷 ⚠️ストラレイ・パッファー・フラッティ消滅, (支払:パッファー:🔷, フラッティ:🔶, 配置:R:🔷🔷🔷, ストラレイ:🔷) -> eval: -0.1433
    [262] SUMMON | コスト🔷🔷, 配置コア🔷🔷🔷🔷🔷 ⚠️ストラレイ消滅, (支払:R:🔷, ストラレイ:🔷, 配置:R:🔷🔷🔷🔷🔷) -> eval: -0.0190
    [263] SUMMON | コスト🔷🔷, 配置コア🔷🔷🔷🔷🔷 ⚠️パッファー消滅, (支払:R:🔷, パッファー:🔷, 配置:R:🔷🔷🔷🔷🔷) -> eval: -0.0064
    [264] SUMMON | コスト🔷🔷, 配置コア🔷🔷🔷🔷🔷 ⚠️ストラレイ・パッファー消滅, (支払:ストラレイ:🔷, パッファー:🔷, 配置:R:🔷🔷🔷🔷🔷) -> eval: -0.0795
    [265] SUMMON | コスト🔷🔷, 配置コア🔷🔷🔷🔷🔶 ⚠️フラッティ消滅, (支払:R:🔷🔷, 配置:R:🔷🔷🔷🔷, フラッティ:🔶) -> eval: +0.0081
    [266] SUMMON | コスト🔷🔷, 配置コア🔷🔷🔷🔷🔶 ⚠️ストラレイ・フラッティ消滅, (支払:R:🔷, ストラレイ:🔷, 配置:R:🔷🔷🔷🔷, フラッティ:🔶) -> eval: -0.0622
    [267] SUMMON | コスト🔷🔷, 配置コア🔷🔷🔷🔷🔶 ⚠️パッファー・フラッティ消滅, (支払:R:🔷, パッファー:🔷, 配置:R:🔷🔷🔷🔷, フラッティ:🔶) -> eval: -0.0508
    [268] SUMMON | コスト🔷🔷, 配置コア🔷🔷🔷🔷🔶 ⚠️ストラレイ・パッファー・フラッティ消滅, (支払:ストラレイ:🔷, パッファー:🔷, 配置:R:🔷🔷🔷🔷, フラッティ:🔶) -> eval: -0.1306
    [269] SUMMON | コスト🔷🔶, 配置コア🔷🔷🔷🔷🔷 ⚠️フラッティ消滅, (支払:R:🔷, フラッティ:🔶, 配置:R:🔷🔷🔷🔷🔷) -> eval: +0.0150
    [270] SUMMON | コスト🔷🔶, 配置コア🔷🔷🔷🔷🔷 ⚠️ストラレイ・フラッティ消滅, (支払:ストラレイ:🔷, フラッティ:🔶, 配置:R:🔷🔷🔷🔷🔷) -> eval: -0.0592
    [271] SUMMON | コスト🔷🔶, 配置コア🔷🔷🔷🔷🔷 ⚠️パッファー・フラッティ消滅, (支払:パッファー:🔷, フラッティ:🔶, 配置:R:🔷🔷🔷🔷🔷) -> eval: -0.0486
    [272] SUMMON | コスト🔷🔶, 配置コア🔷🔷🔷🔷🔷 ⚠️ストラレイ・パッファー・フラッティ消滅, (支払:パッファー:🔷, フラッティ:🔶, 配置:R:🔷🔷🔷🔷, ストラレイ:🔷) -> eval: -0.1302
    [273] SUMMON | コスト🔷🔷, 配置コア🔷🔷🔷🔷🔷🔷 ⚠️ストラレイ・パッファー消滅, (支払:ストラレイ:🔷, パッファー:🔷, 配置:R:🔷🔷🔷🔷🔷🔷) -> eval: -0.0642
    [274] SUMMON | コスト🔷🔷, 配置コア🔷🔷🔷🔷🔷🔶 ⚠️ストラレイ・フラッティ消滅, (支払:R:🔷, ストラレイ:🔷, 配置:R:🔷🔷🔷🔷🔷, フラッティ:🔶) -> eval: -0.0456
    [275] SUMMON | コスト🔷🔷, 配置コア🔷🔷🔷🔷🔷🔶 ⚠️パッファー・フラッティ消滅, (支払:R:🔷, パッファー:🔷, 配置:R:🔷🔷🔷🔷🔷, フラッティ:🔶) -> eval: -0.0342
    [276] SUMMON | コスト🔷🔷, 配置コア🔷🔷🔷🔷🔷🔶 ⚠️ストラレイ・パッファー・フラッティ消滅, (支払:ストラレイ:🔷, パッファー:🔷, 配置:R:🔷🔷🔷🔷🔷, フラッティ:🔶) -> eval: -0.1158
    [277] SUMMON | コスト🔷🔶, 配置コア🔷🔷🔷🔷🔷🔷 ⚠️ストラレイ・フラッティ消滅, (支払:ストラレイ:🔷, フラッティ:🔶, 配置:R:🔷🔷🔷🔷🔷🔷) -> eval: -0.0440
    [278] SUMMON | コスト🔷🔶, 配置コア🔷🔷🔷🔷🔷🔷 ⚠️パッファー・フラッティ消滅, (支払:パッファー:🔷, フラッティ:🔶, 配置:R:🔷🔷🔷🔷🔷🔷) -> eval: -0.0333
    [279] SUMMON | コスト🔷🔶, 配置コア🔷🔷🔷🔷🔷🔷 ⚠️ストラレイ・パッファー・フラッティ消滅, (支払:パッファー:🔷, フラッティ:🔶, 配置:R:🔷🔷🔷🔷🔷, ストラレイ:🔷) -> eval: -0.1165
    [280] SUMMON | コスト🔷🔷, 配置コア🔷🔷🔷🔷🔷🔷🔶 ⚠️ストラレイ・パッファー・フラッティ消滅, (支払:ストラレイ:🔷, パッファー:🔷, 配置:R:🔷🔷🔷🔷🔷🔷, フラッティ:🔶) -> eval: -0.1004
    [281] SUMMON | コスト🔷🔶, 配置コア🔷🔷🔷🔷🔷🔷🔷 ⚠️ストラレイ・パッファー・フラッティ消滅, (支払:パッファー:🔷, フラッティ:🔶, 配置:R:🔷🔷🔷🔷🔷🔷, ストラレイ:🔷) -> eval: -0.1021
    [282] MOVE_CORE | 🔷を移動 -> eval: -0.0999
    [283] MOVE_CORE | 🔷🔷を移動 -> eval: -0.0636
    [284] MOVE_CORE | 🔷🔷🔷を移動 -> eval: -0.0502
    [285] MOVE_CORE | 🔷🔷🔷🔷を移動 -> eval: -0.0358
    [286] MOVE_CORE | 🔷🔷🔷🔷🔷を移動 -> eval: -0.0206
    [287] MOVE_CORE | 🔷🔷🔷🔷🔷🔷を移動 -> eval: -0.0045
    [288] MOVE_CORE | 🔷を移動 -> eval: -0.0820
    [289] MOVE_CORE | 🔷🔷を移動 -> eval: -0.0699
    [290] MOVE_CORE | 🔷🔷🔷を移動 -> eval: -0.0568
    [291] MOVE_CORE | 🔷🔷🔷🔷を移動 -> eval: -0.0427
    [292] MOVE_CORE | 🔷🔷🔷🔷🔷を移動 -> eval: -0.0276
    [293] MOVE_CORE | 🔷🔷🔷🔷🔷🔷を移動 -> eval: -0.0116
    [294] MOVE_CORE | 🔷を移動 -> eval: -0.0999
    [295] MOVE_CORE | 🔷🔷を移動 -> eval: -0.0736
    [296] MOVE_CORE | 🔷🔷🔷を移動 -> eval: -0.0595
    [297] MOVE_CORE | 🔷🔷🔷🔷を移動 -> eval: -0.0442
    [298] MOVE_CORE | 🔷🔷🔷🔷🔷を移動 -> eval: -0.0277
    [299] MOVE_CORE | 🔷🔷🔷🔷🔷🔷を移動 -> eval: -0.0100
    [300] MOVE_CORE | 🔷を移動 ⚠️ストラレイ消滅 -> eval: -0.1470
    [301] MOVE_CORE | 🔷を移動 ⚠️ストラレイ消滅 -> eval: -0.1231
    [302] MOVE_CORE | 🔷を移動 ⚠️ストラレイ消滅 -> eval: -0.1370
    [303] MOVE_CORE | 🔷を移動 ⚠️パッファー消滅 -> eval: -0.1359
    [304] MOVE_CORE | 🔷を移動 ⚠️パッファー消滅 -> eval: -0.1268
    [305] MOVE_CORE | 🔷を移動 ⚠️パッファー消滅 -> eval: -0.1255
    [306] MOVE_CORE | 🔶を移動 ⚠️フラッティ消滅 -> eval: -0.1127
    [307] MOVE_CORE | 🔶 ⇄ 🔷 を交換 -> eval: -0.0869
    [308] MOVE_CORE | 🔶を移動 ⚠️フラッティ消滅 -> eval: -0.1290
    [309] MOVE_CORE | 🔶 ⇄ 🔷 を交換 -> eval: -0.1149
    [310] MOVE_CORE | 🔶を移動 ⚠️フラッティ消滅 -> eval: -0.1129
    [311] MOVE_CORE | 🔶 ⇄ 🔷 を交換 -> eval: -0.1095
  ステップ終了評価: -0.1102
  => 選択: SUMMON | コスト🔶, 配置コア🔷🔷🔷🔷🔷🔷 ⚠️フラッティ消滅, (支払:フラッティ:🔶, 配置:R:🔷🔷🔷🔷🔷🔷) (eval: +0.0368 > 終了評価 -0.1102)
     効果/結果: 🎴 「フラッティ」を召喚 (コスト1をトラッシュへ) ※フラッティから1個
     効果/結果: 💥 「フラッティ」はコアがLv1未満になり消滅

Turn 5 | 手数 35 | 手番: P1(run3_run4.kann.weight) | メインステップ
  盤面:
    P1: Life:2, Reserve:0, Hand:3枚, Field:[ストラレイ(Lv1,コア1), パッファー(Lv1,コア1), フラッティ(Lv2,コア6)]
    P2: Life:2, Reserve:0, Hand:2枚, Field:[ストラレイ(Lv1,コア1), ガリザロト(Lv1,コア1), 最奥：緑淵深(Lv1,コア0), 水泡群域(Lv1,コア0)]
  候補行動 (84件):
    [0] SUMMON | コスト🔷🔷, 配置コア🔷 ⚠️ストラレイ・パッファー消滅, (支払:パッファー:🔷, フラッティ:🔷, 配置:ストラレイ:🔷) -> eval: -0.0672
    [1] SUMMON | コスト🔷🔷, 配置コア🔷 ⚠️ストラレイ消滅, (支払:フラッティ:🔷🔷, 配置:ストラレイ:🔷) -> eval: -0.0009
    [2] SUMMON | コスト🔷🔷, 配置コア🔷 ⚠️パッファー消滅, (支払:フラッティ:🔷🔷, 配置:パッファー:🔷) -> eval: +0.0091
    [3] SUMMON | コスト🔷🔷, 配置コア🔷, (支払:フラッティ:🔷🔷, 配置:フラッティ:🔷) -> eval: +0.0611
    [4] SUMMON | コスト🔷🔷, 配置コア🔷🔷 ⚠️ストラレイ・パッファー消滅, (支払:フラッティ:🔷🔷, 配置:ストラレイ:🔷, パッファー:🔷) -> eval: -0.0519
    [5] SUMMON | コスト🔷🔷, 配置コア🔷🔷 ⚠️ストラレイ消滅, (支払:フラッティ:🔷🔷, 配置:ストラレイ:🔷, フラッティ:🔷) -> eval: +0.0174
    [6] SUMMON | コスト🔷🔷, 配置コア🔷🔷 ⚠️パッファー消滅, (支払:フラッティ:🔷🔷, 配置:パッファー:🔷, フラッティ:🔷) -> eval: +0.0269
    [7] SUMMON | コスト🔷🔷, 配置コア🔷🔷, (支払:フラッティ:🔷🔷, 配置:フラッティ:🔷🔷) -> eval: +0.0571
    [8] SUMMON | コスト🔷🔷, 配置コア🔷🔷🔷 ⚠️ストラレイ・パッファー消滅, (支払:フラッティ:🔷🔷, 配置:ストラレイ:🔷, パッファー:🔷, フラッティ:🔷) -> eval: -0.0510
    [9] SUMMON | コスト🔷🔷, 配置コア🔷🔷🔷 ⚠️ストラレイ消滅, (支払:フラッティ:🔷🔷, 配置:ストラレイ:🔷, フラッティ:🔷🔷) -> eval: -0.0023
    [10] SUMMON | コスト🔷🔷, 配置コア🔷🔷🔷 ⚠️パッファー消滅, (支払:フラッティ:🔷🔷, 配置:パッファー:🔷, フラッティ:🔷🔷) -> eval: +0.0075
    [11] SUMMON | コスト🔷🔷, 配置コア🔷🔷🔷, (支払:フラッティ:🔷🔷, 配置:フラッティ:🔷🔷🔷) -> eval: +0.0586
    [12] SUMMON | コスト🔷🔷, 配置コア🔷🔷🔷🔷 ⚠️ストラレイ・パッファー消滅, (支払:フラッティ:🔷🔷, 配置:ストラレイ:🔷, パッファー:🔷, フラッティ:🔷🔷) -> eval: -0.0656
    [13] SUMMON | コスト🔷🔷, 配置コア🔷🔷🔷🔷 ⚠️ストラレイ消滅, (支払:フラッティ:🔷🔷, 配置:ストラレイ:🔷, フラッティ:🔷🔷🔷) -> eval: -0.0004
    [14] SUMMON | コスト🔷🔷, 配置コア🔷🔷🔷🔷 ⚠️パッファー消滅, (支払:フラッティ:🔷🔷, 配置:パッファー:🔷, フラッティ:🔷🔷🔷) -> eval: +0.0092
    [15] SUMMON | コスト🔷🔷, 配置コア🔷🔷🔷🔷 ⚠️フラッティ消滅, (支払:フラッティ:🔷🔷, 配置:フラッティ:🔷🔷🔷🔷) -> eval: +0.0141
    [16] SUMMON | コスト🔷🔷, 配置コア🔷🔷🔷🔷🔷 ⚠️ストラレイ・パッファー消滅, (支払:フラッティ:🔷🔷, 配置:ストラレイ:🔷, パッファー:🔷, フラッティ:🔷🔷🔷) -> eval: -0.0634
    [17] SUMMON | コスト🔷🔷, 配置コア🔷🔷🔷🔷🔷 ⚠️ストラレイ・フラッティ消滅, (支払:フラッティ:🔷🔷, 配置:ストラレイ:🔷, フラッティ:🔷🔷🔷🔷) -> eval: -0.0589
    [18] SUMMON | コスト🔷🔷, 配置コア🔷🔷🔷🔷🔷 ⚠️パッファー・フラッティ消滅, (支払:フラッティ:🔷🔷, 配置:パッファー:🔷, フラッティ:🔷🔷🔷🔷) -> eval: -0.0504
    [19] SUMMON | コスト🔷🔷, 配置コア🔷🔷🔷🔷🔷🔷 ⚠️ストラレイ・パッファー・フラッティ消滅, (支払:フラッティ:🔷🔷, 配置:ストラレイ:🔷, パッファー:🔷, フラッティ:🔷🔷🔷🔷) -> eval: -0.1222
    [20] SUMMON | コスト🔷🔷, 配置コア🔷 ⚠️ストラレイ・パッファー消滅, (支払:パッファー:🔷, フラッティ:🔷, 配置:ストラレイ:🔷) -> eval: -0.0462
    [21] SUMMON | コスト🔷🔷, 配置コア🔷 ⚠️ストラレイ消滅, (支払:フラッティ:🔷🔷, 配置:ストラレイ:🔷) -> eval: +0.0221
    [22] SUMMON | コスト🔷🔷, 配置コア🔷 ⚠️パッファー消滅, (支払:フラッティ:🔷🔷, 配置:パッファー:🔷) -> eval: +0.0321
    [23] SUMMON | コスト🔷🔷, 配置コア🔷, (支払:フラッティ:🔷🔷, 配置:フラッティ:🔷) -> eval: +0.0869
    [24] SUMMON | コスト🔷🔷, 配置コア🔷🔷 ⚠️ストラレイ・パッファー消滅, (支払:フラッティ:🔷🔷, 配置:ストラレイ:🔷, パッファー:🔷) -> eval: -0.0459
    [25] SUMMON | コスト🔷🔷, 配置コア🔷🔷 ⚠️ストラレイ消滅, (支払:フラッティ:🔷🔷, 配置:ストラレイ:🔷, フラッティ:🔷) -> eval: +0.0222
    [26] SUMMON | コスト🔷🔷, 配置コア🔷🔷 ⚠️パッファー消滅, (支払:フラッティ:🔷🔷, 配置:パッファー:🔷, フラッティ:🔷) -> eval: +0.0321
    [27] SUMMON | コスト🔷🔷, 配置コア🔷🔷, (支払:フラッティ:🔷🔷, 配置:フラッティ:🔷🔷) -> eval: +0.0618
    [28] SUMMON | コスト🔷🔷, 配置コア🔷🔷🔷 ⚠️ストラレイ・パッファー消滅, (支払:フラッティ:🔷🔷, 配置:ストラレイ:🔷, パッファー:🔷, フラッティ:🔷) -> eval: -0.0453
    [29] SUMMON | コスト🔷🔷, 配置コア🔷🔷🔷 ⚠️ストラレイ消滅, (支払:フラッティ:🔷🔷, 配置:ストラレイ:🔷, フラッティ:🔷🔷) -> eval: +0.0016
    [30] SUMMON | コスト🔷🔷, 配置コア🔷🔷🔷 ⚠️パッファー消滅, (支払:フラッティ:🔷🔷, 配置:パッファー:🔷, フラッティ:🔷🔷) -> eval: +0.0119
    [31] SUMMON | コスト🔷🔷, 配置コア🔷🔷🔷, (支払:フラッティ:🔷🔷, 配置:フラッティ:🔷🔷🔷) -> eval: +0.0630
    [32] SUMMON | コスト🔷🔷, 配置コア🔷🔷🔷🔷 ⚠️ストラレイ・パッファー消滅, (支払:フラッティ:🔷🔷, 配置:ストラレイ:🔷, パッファー:🔷, フラッティ:🔷🔷) -> eval: -0.0607
    [33] SUMMON | コスト🔷🔷, 配置コア🔷🔷🔷🔷 ⚠️ストラレイ消滅, (支払:フラッティ:🔷🔷, 配置:ストラレイ:🔷, フラッティ:🔷🔷🔷) -> eval: +0.0032
    [34] SUMMON | コスト🔷🔷, 配置コア🔷🔷🔷🔷 ⚠️パッファー消滅, (支払:フラッティ:🔷🔷, 配置:パッファー:🔷, フラッティ:🔷🔷🔷) -> eval: +0.0133
    [35] SUMMON | コスト🔷🔷, 配置コア🔷🔷🔷🔷 ⚠️フラッティ消滅, (支払:フラッティ:🔷🔷, 配置:フラッティ:🔷🔷🔷🔷) -> eval: +0.0183
    [36] SUMMON | コスト🔷🔷, 配置コア🔷🔷🔷🔷🔷 ⚠️ストラレイ・パッファー消滅, (支払:フラッティ:🔷🔷, 配置:ストラレイ:🔷, パッファー:🔷, フラッティ:🔷🔷🔷) -> eval: -0.0587
    [37] SUMMON | コスト🔷🔷, 配置コア🔷🔷🔷🔷🔷 ⚠️ストラレイ・フラッティ消滅, (支払:フラッティ:🔷🔷, 配置:ストラレイ:🔷, フラッティ:🔷🔷🔷🔷) -> eval: -0.0542
    [38] SUMMON | コスト🔷🔷, 配置コア🔷🔷🔷🔷🔷 ⚠️パッファー・フラッティ消滅, (支払:フラッティ:🔷🔷, 配置:パッファー:🔷, フラッティ:🔷🔷🔷🔷) -> eval: -0.0457
    [39] SUMMON | コスト🔷🔷, 配置コア🔷🔷🔷🔷🔷🔷 ⚠️ストラレイ・パッファー・フラッティ消滅, (支払:フラッティ:🔷🔷, 配置:ストラレイ:🔷, パッファー:🔷, フラッティ:🔷🔷🔷🔷) -> eval: -0.1156
    [40] SUMMON | コスト🔷🔷, 配置コア🔷 ⚠️ストラレイ・パッファー消滅, (支払:パッファー:🔷, フラッティ:🔷, 配置:ストラレイ:🔷) -> eval: -0.0645
    [41] SUMMON | コスト🔷🔷, 配置コア🔷 ⚠️ストラレイ消滅, (支払:フラッティ:🔷🔷, 配置:ストラレイ:🔷) -> eval: +0.0032
    [42] SUMMON | コスト🔷🔷, 配置コア🔷 ⚠️パッファー消滅, (支払:フラッティ:🔷🔷, 配置:パッファー:🔷) -> eval: +0.0136
    [43] SUMMON | コスト🔷🔷, 配置コア🔷, (支払:フラッティ:🔷🔷, 配置:フラッティ:🔷) -> eval: +0.0673
    [44] SUMMON | コスト🔷🔷, 配置コア🔷🔷 ⚠️ストラレイ・パッファー消滅, (支払:フラッティ:🔷🔷, 配置:ストラレイ:🔷, パッファー:🔷) -> eval: -0.0642
    [45] SUMMON | コスト🔷🔷, 配置コア🔷🔷 ⚠️ストラレイ消滅, (支払:フラッティ:🔷🔷, 配置:ストラレイ:🔷, フラッティ:🔷) -> eval: +0.0031
    [46] SUMMON | コスト🔷🔷, 配置コア🔷🔷 ⚠️パッファー消滅, (支払:フラッティ:🔷🔷, 配置:パッファー:🔷, フラッティ:🔷) -> eval: +0.0135
    [47] SUMMON | コスト🔷🔷, 配置コア🔷🔷, (支払:フラッティ:🔷🔷, 配置:フラッティ:🔷🔷) -> eval: +0.0417
    [48] SUMMON | コスト🔷🔷, 配置コア🔷🔷🔷 ⚠️ストラレイ・パッファー消滅, (支払:フラッティ:🔷🔷, 配置:ストラレイ:🔷, パッファー:🔷, フラッティ:🔷) -> eval: -0.0635
    [49] SUMMON | コスト🔷🔷, 配置コア🔷🔷🔷 ⚠️ストラレイ消滅, (支払:フラッティ:🔷🔷, 配置:ストラレイ:🔷, フラッティ:🔷🔷) -> eval: -0.0175
    [50] SUMMON | コスト🔷🔷, 配置コア🔷🔷🔷 ⚠️パッファー消滅, (支払:フラッティ:🔷🔷, 配置:パッファー:🔷, フラッティ:🔷🔷) -> eval: -0.0068
    [51] SUMMON | コスト🔷🔷, 配置コア🔷🔷🔷, (支払:フラッティ:🔷🔷, 配置:フラッティ:🔷🔷🔷) -> eval: +0.0425
    [52] SUMMON | コスト🔷🔷, 配置コア🔷🔷🔷🔷 ⚠️ストラレイ・パッファー消滅, (支払:フラッティ:🔷🔷, 配置:ストラレイ:🔷, パッファー:🔷, フラッティ:🔷🔷) -> eval: -0.0787
    [53] SUMMON | コスト🔷🔷, 配置コア🔷🔷🔷🔷 ⚠️ストラレイ消滅, (支払:フラッティ:🔷🔷, 配置:ストラレイ:🔷, フラッティ:🔷🔷🔷) -> eval: -0.0161
    [54] SUMMON | コスト🔷🔷, 配置コア🔷🔷🔷🔷 ⚠️パッファー消滅, (支払:フラッティ:🔷🔷, 配置:パッファー:🔷, フラッティ:🔷🔷🔷) -> eval: -0.0056
    [55] SUMMON | コスト🔷🔷, 配置コア🔷🔷🔷🔷 ⚠️フラッティ消滅, (支払:フラッティ:🔷🔷, 配置:フラッティ:🔷🔷🔷🔷) -> eval: -0.0006
    [56] SUMMON | コスト🔷🔷, 配置コア🔷🔷🔷🔷🔷 ⚠️ストラレイ・パッファー消滅, (支払:フラッティ:🔷🔷, 配置:ストラレイ:🔷, パッファー:🔷, フラッティ:🔷🔷🔷) -> eval: -0.0766
    [57] SUMMON | コスト🔷🔷, 配置コア🔷🔷🔷🔷🔷 ⚠️ストラレイ・フラッティ消滅, (支払:フラッティ:🔷🔷, 配置:ストラレイ:🔷, フラッティ:🔷🔷🔷🔷) -> eval: -0.0718
    [58] SUMMON | コスト🔷🔷, 配置コア🔷🔷🔷🔷🔷 ⚠️パッファー・フラッティ消滅, (支払:フラッティ:🔷🔷, 配置:パッファー:🔷, フラッティ:🔷🔷🔷🔷) -> eval: -0.0627
    [59] SUMMON | コスト🔷🔷, 配置コア🔷🔷🔷🔷🔷🔷 ⚠️ストラレイ・パッファー・フラッティ消滅, (支払:フラッティ:🔷🔷, 配置:ストラレイ:🔷, パッファー:🔷, フラッティ:🔷🔷🔷🔷) -> eval: -0.1311
    [60] MOVE_CORE | 🔷を移動 ⚠️ストラレイ消滅 -> eval: -0.0394
    [61] MOVE_CORE | 🔷を移動 ⚠️ストラレイ消滅 -> eval: -0.0134
    [62] MOVE_CORE | 🔷を移動 ⚠️ストラレイ消滅 -> eval: -0.0237
    [63] MOVE_CORE | 🔷を移動 ⚠️パッファー消滅 -> eval: -0.0295
    [64] MOVE_CORE | 🔷を移動 ⚠️パッファー消滅 -> eval: -0.0163
    [65] MOVE_CORE | 🔷を移動 ⚠️パッファー消滅 -> eval: -0.0138
    [66] MOVE_CORE | 🔷を移動 -> eval: +0.0209
    [67] MOVE_CORE | 🔷🔷を移動 -> eval: +0.0057
    [68] MOVE_CORE | 🔷🔷🔷を移動 -> eval: -0.0087
    [69] MOVE_CORE | 🔷🔷🔷🔷を移動 -> eval: -0.0486
    [70] MOVE_CORE | 🔷🔷🔷🔷🔷を移動 -> eval: -0.0604
    [71] MOVE_CORE | 🔷🔷🔷🔷🔷🔷を移動 ⚠️フラッティ消滅 -> eval: -0.1157
    [72] MOVE_CORE | 🔷を移動 -> eval: +0.0348
    [73] MOVE_CORE | 🔷🔷を移動 -> eval: +0.0556
    [74] MOVE_CORE | 🔷🔷🔷を移動 -> eval: +0.0550
    [75] MOVE_CORE | 🔷🔷🔷🔷を移動 -> eval: +0.0295
    [76] MOVE_CORE | 🔷🔷🔷🔷🔷を移動 -> eval: +0.0300
    [77] MOVE_CORE | 🔷🔷🔷🔷🔷🔷を移動 ⚠️フラッティ消滅 -> eval: -0.0163
    [78] MOVE_CORE | 🔷を移動 -> eval: +0.0517
    [79] MOVE_CORE | 🔷🔷を移動 -> eval: +0.0509
    [80] MOVE_CORE | 🔷🔷🔷を移動 -> eval: +0.0504
    [81] MOVE_CORE | 🔷🔷🔷🔷を移動 -> eval: +0.0255
    [82] MOVE_CORE | 🔷🔷🔷🔷🔷を移動 -> eval: +0.0266
    [83] MOVE_CORE | 🔷🔷🔷🔷🔷🔷を移動 ⚠️フラッティ消滅 -> eval: -0.0138
  ステップ終了評価: +0.0368
  => 選択: SUMMON | コスト🔷🔷, 配置コア🔷, (支払:フラッティ:🔷🔷, 配置:フラッティ:🔷) (eval: +0.0869 > 終了評価 +0.0368)
     効果/結果: 🎴 「ガリザロト」を召喚 (コスト2をトラッシュへ) ※フラッティから2個, フラッティから1個

Turn 5 | 手数 36 | 手番: P1(run3_run4.kann.weight) | メインステップ
  盤面:
    P1: Life:2, Reserve:0, Hand:2枚, Field:[ストラレイ(Lv1,コア1), パッファー(Lv1,コア1), フラッティ(Lv2,コア3), ガリザロト(Lv1,コア1)]
    P2: Life:2, Reserve:0, Hand:2枚, Field:[ストラレイ(Lv1,コア1), ガリザロト(Lv1,コア1), 最奥：緑淵深(Lv1,コア0), 水泡群域(Lv1,コア0)]
  候補行動 (64件):
    [0] SUMMON | コスト🔷🔷, 配置コア🔷 ⚠️ストラレイ・パッファー消滅, (支払:パッファー:🔷, フラッティ:🔷, 配置:ストラレイ:🔷) -> eval: -0.0301
    [1] SUMMON | コスト🔷🔷, 配置コア🔷 ⚠️ストラレイ・パッファー・ガリザロト消滅, (支払:パッファー:🔷, ガリザロト:🔷, 配置:ストラレイ:🔷) -> eval: -0.0921
    [2] SUMMON | コスト🔷🔷, 配置コア🔷 ⚠️ストラレイ消滅, (支払:フラッティ:🔷🔷, 配置:ストラレイ:🔷) -> eval: +0.0363
    [3] SUMMON | コスト🔷🔷, 配置コア🔷 ⚠️ストラレイ・ガリザロト消滅, (支払:フラッティ:🔷, ガリザロト:🔷, 配置:ストラレイ:🔷) -> eval: -0.0419
    [4] SUMMON | コスト🔷🔷, 配置コア🔷 ⚠️パッファー消滅, (支払:フラッティ:🔷🔷, 配置:パッファー:🔷) -> eval: +0.0453
    [5] SUMMON | コスト🔷🔷, 配置コア🔷 ⚠️パッファー・ガリザロト消滅, (支払:フラッティ:🔷, ガリザロト:🔷, 配置:パッファー:🔷) -> eval: -0.0333
    [6] SUMMON | コスト🔷🔷, 配置コア🔷 ⚠️フラッティ消滅, (支払:フラッティ:🔷🔷, 配置:フラッティ:🔷) -> eval: +0.0501
    [7] SUMMON | コスト🔷🔷, 配置コア🔷 ⚠️ガリザロト消滅, (支払:フラッティ:🔷, ガリザロト:🔷, 配置:フラッティ:🔷) -> eval: +0.0296
    [8] SUMMON | コスト🔷🔷, 配置コア🔷🔷 ⚠️ストラレイ・パッファー消滅, (支払:フラッティ:🔷🔷, 配置:ストラレイ:🔷, パッファー:🔷) -> eval: -0.0125
    [9] SUMMON | コスト🔷🔷, 配置コア🔷🔷 ⚠️ストラレイ・パッファー・ガリザロト消滅, (支払:フラッティ:🔷, ガリザロト:🔷, 配置:ストラレイ:🔷, パッファー:🔷) -> eval: -0.0920
    [10] SUMMON | コスト🔷🔷, 配置コア🔷🔷 ⚠️ストラレイ・フラッティ消滅, (支払:フラッティ:🔷🔷, 配置:ストラレイ:🔷, フラッティ:🔷) -> eval: -0.0084
    [11] SUMMON | コスト🔷🔷, 配置コア🔷🔷 ⚠️ストラレイ・ガリザロト消滅, (支払:フラッティ:🔷, ガリザロト:🔷, 配置:ストラレイ:🔷, フラッティ:🔷) -> eval: -0.0246
    [12] SUMMON | コスト🔷🔷, 配置コア🔷🔷 ⚠️パッファー・フラッティ消滅, (支払:フラッティ:🔷🔷, 配置:パッファー:🔷, フラッティ:🔷) -> eval: -0.0008
    [13] SUMMON | コスト🔷🔷, 配置コア🔷🔷 ⚠️パッファー・ガリザロト消滅, (支払:フラッティ:🔷, ガリザロト:🔷, 配置:パッファー:🔷, フラッティ:🔷) -> eval: -0.0165
    [14] SUMMON | コスト🔷🔷, 配置コア🔷🔷 ⚠️フラッティ・ガリザロト消滅, (支払:フラッティ:🔷, ガリザロト:🔷, 配置:フラッティ:🔷🔷) -> eval: -0.0122
    [15] SUMMON | コスト🔷🔷, 配置コア🔷🔷🔷 ⚠️ストラレイ・パッファー・フラッティ消滅, (支払:フラッティ:🔷🔷, 配置:ストラレイ:🔷, パッファー:🔷, フラッティ:🔷) -> eval: -0.0768
    [16] SUMMON | コスト🔷🔷, 配置コア🔷🔷🔷 ⚠️ストラレイ・パッファー・ガリザロト消滅, (支払:フラッティ:🔷, ガリザロト:🔷, 配置:ストラレイ:🔷, パッファー:🔷, フラッティ:🔷) -> eval: -0.0905
    [17] SUMMON | コスト🔷🔷, 配置コア🔷🔷🔷 ⚠️ストラレイ・フラッティ・ガリザロト消滅, (支払:フラッティ:🔷, ガリザロト:🔷, 配置:ストラレイ:🔷, フラッティ:🔷🔷) -> eval: -0.0867
    [18] SUMMON | コスト🔷🔷, 配置コア🔷🔷🔷 ⚠️パッファー・フラッティ・ガリザロト消滅, (支払:フラッティ:🔷, ガリザロト:🔷, 配置:パッファー:🔷, フラッティ:🔷🔷) -> eval: -0.0799
    [19] SUMMON | コスト🔷🔷, 配置コア🔷🔷🔷🔷 ⚠️ストラレイ・パッファー・フラッティ・ガリザロト消滅, (支払:フラッティ:🔷, ガリザロト:🔷, 配置:ストラレイ:🔷, パッファー:🔷, フラッティ:🔷🔷) -> eval: -0.1456
    [20] SUMMON | コスト🔷🔷, 配置コア🔷 ⚠️ストラレイ・パッファー消滅, (支払:パッファー:🔷, フラッティ:🔷, 配置:ストラレイ:🔷) -> eval: -0.0264
    [21] SUMMON | コスト🔷🔷, 配置コア🔷 ⚠️ストラレイ・パッファー・ガリザロト消滅, (支払:パッファー:🔷, ガリザロト:🔷, 配置:ストラレイ:🔷) -> eval: -0.0891
    [22] SUMMON | コスト🔷🔷, 配置コア🔷 ⚠️ストラレイ消滅, (支払:フラッティ:🔷🔷, 配置:ストラレイ:🔷) -> eval: +0.0407
    [23] SUMMON | コスト🔷🔷, 配置コア🔷 ⚠️ストラレイ・ガリザロト消滅, (支払:フラッティ:🔷, ガリザロト:🔷, 配置:ストラレイ:🔷) -> eval: -0.0381
    [24] SUMMON | コスト🔷🔷, 配置コア🔷 ⚠️パッファー消滅, (支払:フラッティ:🔷🔷, 配置:パッファー:🔷) -> eval: +0.0497
    [25] SUMMON | コスト🔷🔷, 配置コア🔷 ⚠️パッファー・ガリザロト消滅, (支払:フラッティ:🔷, ガリザロト:🔷, 配置:パッファー:🔷) -> eval: -0.0295
    [26] SUMMON | コスト🔷🔷, 配置コア🔷 ⚠️フラッティ消滅, (支払:フラッティ:🔷🔷, 配置:フラッティ:🔷) -> eval: +0.0544
    [27] SUMMON | コスト🔷🔷, 配置コア🔷 ⚠️ガリザロト消滅, (支払:フラッティ:🔷, ガリザロト:🔷, 配置:フラッティ:🔷) -> eval: +0.0342
    [28] SUMMON | コスト🔷🔷, 配置コア🔷🔷 ⚠️ストラレイ・パッファー消滅, (支払:フラッティ:🔷🔷, 配置:ストラレイ:🔷, パッファー:🔷) -> eval: -0.0246
    [29] SUMMON | コスト🔷🔷, 配置コア🔷🔷 ⚠️ストラレイ・パッファー・ガリザロト消滅, (支払:フラッティ:🔷, ガリザロト:🔷, 配置:ストラレイ:🔷, パッファー:🔷) -> eval: -0.1013
    [30] SUMMON | コスト🔷🔷, 配置コア🔷🔷 ⚠️ストラレイ・フラッティ消滅, (支払:フラッティ:🔷🔷, 配置:ストラレイ:🔷, フラッティ:🔷) -> eval: -0.0203
    [31] SUMMON | コスト🔷🔷, 配置コア🔷🔷 ⚠️ストラレイ・ガリザロト消滅, (支払:フラッティ:🔷, ガリザロト:🔷, 配置:ストラレイ:🔷, フラッティ:🔷) -> eval: -0.0370
    [32] SUMMON | コスト🔷🔷, 配置コア🔷🔷 ⚠️パッファー・フラッティ消滅, (支払:フラッティ:🔷🔷, 配置:パッファー:🔷, フラッティ:🔷) -> eval: -0.0123
    [33] SUMMON | コスト🔷🔷, 配置コア🔷🔷 ⚠️パッファー・ガリザロト消滅, (支払:フラッティ:🔷, ガリザロト:🔷, 配置:パッファー:🔷, フラッティ:🔷) -> eval: -0.0285
    [34] SUMMON | コスト🔷🔷, 配置コア🔷🔷 ⚠️フラッティ・ガリザロト消滅, (支払:フラッティ:🔷, ガリザロト:🔷, 配置:フラッティ:🔷🔷) -> eval: -0.0241
    [35] SUMMON | コスト🔷🔷, 配置コア🔷🔷🔷 ⚠️ストラレイ・パッファー・フラッティ消滅, (支払:フラッティ:🔷🔷, 配置:ストラレイ:🔷, パッファー:🔷, フラッティ:🔷) -> eval: -0.0858
    [36] SUMMON | コスト🔷🔷, 配置コア🔷🔷🔷 ⚠️ストラレイ・パッファー・ガリザロト消滅, (支払:フラッティ:🔷, ガリザロト:🔷, 配置:ストラレイ:🔷, パッファー:🔷, フラッティ:🔷) -> eval: -0.1000
    [37] SUMMON | コスト🔷🔷, 配置コア🔷🔷🔷 ⚠️ストラレイ・フラッティ・ガリザロト消滅, (支払:フラッティ:🔷, ガリザロト:🔷, 配置:ストラレイ:🔷, フラッティ:🔷🔷) -> eval: -0.0961
    [38] SUMMON | コスト🔷🔷, 配置コア🔷🔷🔷 ⚠️パッファー・フラッティ・ガリザロト消滅, (支払:フラッティ:🔷, ガリザロト:🔷, 配置:パッファー:🔷, フラッティ:🔷🔷) -> eval: -0.0890
    [39] SUMMON | コスト🔷🔷, 配置コア🔷🔷🔷🔷 ⚠️ストラレイ・パッファー・フラッティ・ガリザロト消滅, (支払:フラッティ:🔷, ガリザロト:🔷, 配置:ストラレイ:🔷, パッファー:🔷, フラッティ:🔷🔷) -> eval: -0.1518
    [40] MOVE_CORE | 🔷を移動 ⚠️ストラレイ消滅 -> eval: +0.0083
    [41] MOVE_CORE | 🔷を移動 ⚠️ストラレイ消滅 -> eval: +0.0326
    [42] MOVE_CORE | 🔷を移動 ⚠️ストラレイ消滅 -> eval: +0.0221
    [43] MOVE_CORE | 🔷を移動 ⚠️ストラレイ消滅 -> eval: +0.0222
    [44] MOVE_CORE | 🔷を移動 ⚠️パッファー消滅 -> eval: +0.0183
    [45] MOVE_CORE | 🔷を移動 ⚠️パッファー消滅 -> eval: +0.0309
    [46] MOVE_CORE | 🔷を移動 ⚠️パッファー消滅 -> eval: +0.0321
    [47] MOVE_CORE | 🔷を移動 ⚠️パッファー消滅 -> eval: +0.0321
    [48] MOVE_CORE | 🔷を移動 -> eval: +0.0471
    [49] MOVE_CORE | 🔷🔷を移動 -> eval: +0.0336
    [50] MOVE_CORE | 🔷🔷🔷を移動 ⚠️フラッティ消滅 -> eval: -0.0240
    [51] MOVE_CORE | 🔷を移動 -> eval: +0.0607
    [52] MOVE_CORE | 🔷🔷を移動 -> eval: +0.0813
    [53] MOVE_CORE | 🔷🔷🔷を移動 ⚠️フラッティ消滅 -> eval: +0.0343
    [54] MOVE_CORE | 🔷を移動 -> eval: +0.0772
    [55] MOVE_CORE | 🔷🔷を移動 -> eval: +0.0779
    [56] MOVE_CORE | 🔷🔷🔷を移動 ⚠️フラッティ消滅 -> eval: +0.0321
    [57] MOVE_CORE | 🔷を移動 -> eval: +0.0618
    [58] MOVE_CORE | 🔷🔷を移動 -> eval: +0.0630
    [59] MOVE_CORE | 🔷🔷🔷を移動 ⚠️フラッティ消滅 -> eval: +0.0183
    [60] MOVE_CORE | 🔷を移動 ⚠️ガリザロト消滅 -> eval: +0.0107
    [61] MOVE_CORE | 🔷を移動 ⚠️ガリザロト消滅 -> eval: +0.0236
    [62] MOVE_CORE | 🔷を移動 ⚠️ガリザロト消滅 -> eval: +0.0387
    [63] MOVE_CORE | 🔷を移動 ⚠️ガリザロト消滅 -> eval: +0.0255
  ステップ終了評価: +0.0869
  => 選択: ステップ終了 (候補最大 +0.0813 <= 終了評価 +0.0869)

Turn 5 | 手数 37 | 手番: P1(run3_run4.kann.weight) | アタック宣言
  盤面:
    P1: Life:2, Reserve:0, Hand:2枚, Field:[ストラレイ(Lv1,コア1), パッファー(Lv1,コア1), フラッティ(Lv2,コア3), ガリザロト(Lv1,コア1)]
    P2: Life:2, Reserve:0, Hand:2枚, Field:[ストラレイ(Lv1,コア1), ガリザロト(Lv1,コア1), 最奥：緑淵深(Lv1,コア0), 水泡群域(Lv1,コア0)]
  候補行動 (4件):
    [0] ATTACK | ストラレイ でアタック宣言 (Lv1, BP4000, 通ればライフ-🔷) -> eval: +0.1382
    [1] ATTACK | パッファー でアタック宣言 (Lv1, BP2000, 通ればライフ-🔷) -> eval: +0.1378
    [2] ATTACK | フラッティ でアタック宣言 (Lv2, BP3000, 通ればライフ-🔷) -> eval: +0.1414
    [3] ATTACK | ガリザロト でアタック宣言 (Lv1, BP5000, 通ればライフ-🔷) -> eval: +0.1523
  ステップ終了評価: +0.0869
  => 選択: ATTACK | ガリザロト でアタック宣言 (Lv1, BP5000, 通ればライフ-🔷) (eval: +0.1523 > 終了評価 +0.0869)
     効果/結果: 🗡️ 「ガリザロト」がアタック宣言 (BP5000)

Turn 5 | 手数 38 | 手番: P2(run2_run3.kann.weight) | ブロック宣言
  盤面:
    P1: Life:2, Reserve:0, Hand:2枚, Field:[ストラレイ(Lv1,コア1), パッファー(Lv1,コア1), フラッティ(Lv2,コア3), ガリザロト(Lv1,コア1)]
    P2: Life:2, Reserve:0, Hand:2枚, Field:[ストラレイ(Lv1,コア1), ガリザロト(Lv1,コア1), 最奥：緑淵深(Lv1,コア0), 水泡群域(Lv1,コア0)]
  候補行動 (1件):
    [0] PASS_BLOCK | ライフでアタックを受ける (ライフ-🔷) -> eval: +0.4372
  => 選択: PASS_BLOCK | ライフでアタックを受ける (ライフ-🔷) (eval: +0.4372)
     効果/結果: 💔 ブロックせず: プレイヤー2 のライフ-1 (コアはリザーブへ)

Turn 5 | 手数 39 | 手番: P1(run3_run4.kann.weight) | アタック宣言
  盤面:
    P1: Life:2, Reserve:0, Hand:2枚, Field:[ストラレイ(Lv1,コア1), パッファー(Lv1,コア1), フラッティ(Lv2,コア3), ガリザロト(Lv1,コア1)]
    P2: Life:1, Reserve:1, Hand:2枚, Field:[ストラレイ(Lv1,コア1), ガリザロト(Lv1,コア1), 最奥：緑淵深(Lv1,コア0), 水泡群域(Lv1,コア0)]
  候補行動 (3件):
    [0] ATTACK | ストラレイ でアタック宣言 (Lv1, BP4000, 通ればライフ-🔷) -> eval: +0.2115
    [1] ATTACK | パッファー でアタック宣言 (Lv1, BP2000, 通ればライフ-🔷) -> eval: +0.2099
    [2] ATTACK | フラッティ でアタック宣言 (Lv2, BP3000, 通ればライフ-🔷) -> eval: +0.2127
  ステップ終了評価: +0.1687
  => 選択: ATTACK | フラッティ でアタック宣言 (Lv2, BP3000, 通ればライフ-🔷) (eval: +0.2127 > 終了評価 +0.1687)
     効果/結果: 🗡️ 「フラッティ」がアタック宣言 (BP3000)

Turn 5 | 手数 40 | 手番: P2(run2_run3.kann.weight) | ブロック宣言
  盤面:
    P1: Life:2, Reserve:0, Hand:2枚, Field:[ストラレイ(Lv1,コア1), パッファー(Lv1,コア1), フラッティ(Lv2,コア3), ガリザロト(Lv1,コア1)]
    P2: Life:1, Reserve:1, Hand:2枚, Field:[ストラレイ(Lv1,コア1), ガリザロト(Lv1,コア1), 最奥：緑淵深(Lv1,コア0), 水泡群域(Lv1,コア0)]
  候補行動 (1件):
    [0] PASS_BLOCK | ライフでアタックを受ける (ライフ-🔷) -> eval: +0.4905
  => 選択: PASS_BLOCK | ライフでアタックを受ける (ライフ-🔷) (eval: +0.4905)
     効果/結果: 💔 ブロックせず: プレイヤー2 のライフ-1 (コアはリザーブへ)
     効果/結果: 🏁 プレイヤー2 のライフが0になりました

  【決着】 勝者: P1(run3_run4.kann.weight) (5ターン / 41 手)
-----------------------------------------------------------------
対戦 4/10 [シード: -716433588179092190]
  先手(P1): run2_run3.kann.weight
  後手(P2): run3_run4.kann.weight
-----------------------------------------------------------------
Turn 1 | 手数 0 | 手番: P1(run2_run3.kann.weight) | メインステップ
  盤面:
    P1: Life:5, Reserve:4s, Hand:5枚, Field:[空]
    P2: Life:5, Reserve:4s, Hand:4枚, Field:[空]
  候補行動 (7件):
    [0] SUMMON | コスト🔷🔷🔷, 配置コアなし, (支払:R:🔷🔷🔷, 配置:なし) -> eval: -0.0084
    [1] SUMMON | コスト🔷🔷🔶, 配置コアなし, (支払:R:🔷🔷🔶, 配置:なし) -> eval: -0.0084
    [2] SUMMON | コスト🔷🔷🔷, 配置コア🔶, (支払:R:🔷🔷🔷, 配置:R:🔶) -> eval: -0.0294
    [3] SUMMON | コスト🔷🔷🔶, 配置コア🔷, (支払:R:🔷🔷🔶, 配置:R:🔷) -> eval: +0.0186
    [4] SUMMON | コスト🔷🔷🔷🔶, 配置コアなし, (支払:R:🔷🔷🔷🔶, 配置:なし) -> eval: -0.0084
    [5] SUMMON | コスト🔷🔷🔷, 配置コア🔶, (支払:R:🔷🔷🔷, 配置:R:🔶) -> eval: -0.1423
    [6] SUMMON | コスト🔷🔷🔶, 配置コア🔷, (支払:R:🔷🔷🔶, 配置:R:🔷) -> eval: +0.0025
  ステップ終了評価: -0.2214
  => 選択: SUMMON | コスト🔷🔷🔶, 配置コア🔷, (支払:R:🔷🔷🔶, 配置:R:🔷) (eval: +0.0186 > 終了評価 -0.2214)
     効果/結果: 🎴 「最奥：緑淵深」を召喚 (コスト3をトラッシュへ)

Turn 1 | 手数 1 | 手番: P1(run2_run3.kann.weight) | メインステップ
  盤面:
    P1: Life:5, Reserve:0, Hand:4枚, Field:[最奥：緑淵深(Lv1,コア1)]
    P2: Life:5, Reserve:4s, Hand:4枚, Field:[空]
  候補行動 (1件):
    [0] MOVE_CORE | 🔷を移動 -> eval: -0.0084
  ステップ終了評価: +0.0186
  => 選択: ステップ終了 (候補最大 -0.0084 <= 終了評価 +0.0186)

Turn 1 | 手数 2 | 手番: P1(run2_run3.kann.weight) | エンドステップ
  盤面:
    P1: Life:5, Reserve:0, Hand:4枚, Field:[最奥：緑淵深(Lv1,コア1)]
    P2: Life:5, Reserve:4s, Hand:4枚, Field:[空]
  候補行動 (0件):
  ステップ終了評価: -0.0194
  => 選択: ステップ終了
     効果/結果: 【ターン 2】 手番: プレイヤー2
     効果/結果: 🔷 コアステップ: ボイドからリザーブへコア1個
     効果/結果: 🃏 ドローステップ: 「重顎ドロゴリアス」をドロー (残り35枚)

Turn 2 | 手数 3 | 手番: P2(run3_run4.kann.weight) | メインステップ
  盤面:
    P1: Life:5, Reserve:0, Hand:4枚, Field:[最奥：緑淵深(Lv1,コア1)]
    P2: Life:5, Reserve:5s, Hand:5枚, Field:[空]
  候補行動 (10件):
    [0] SUMMON | コスト🔷🔷, 配置コア🔷, (支払:R:🔷🔷, 配置:R:🔷) -> eval: -0.1380
    [1] SUMMON | コスト🔷🔷, 配置コア🔶, (支払:R:🔷🔷, 配置:R:🔶) -> eval: -0.0960
    [2] SUMMON | コスト🔷🔶, 配置コア🔷, (支払:R:🔷🔶, 配置:R:🔷) -> eval: -0.1380
    [3] SUMMON | コスト🔷🔷, 配置コア🔷🔷, (支払:R:🔷🔷, 配置:R:🔷🔷) -> eval: -0.1285
    [4] SUMMON | コスト🔷🔷, 配置コア🔷🔶, (支払:R:🔷🔷, 配置:R:🔷🔶) -> eval: -0.0864
    [5] SUMMON | コスト🔷🔶, 配置コア🔷🔷, (支払:R:🔷🔶, 配置:R:🔷🔷) -> eval: -0.1285
    [6] SUMMON | コスト🔷🔷, 配置コア🔷🔷🔶, (支払:R:🔷🔷, 配置:R:🔷🔷🔶) -> eval: -0.0488
    [7] SUMMON | コスト🔷🔶, 配置コア🔷🔷🔷, (支払:R:🔷🔶, 配置:R:🔷🔷🔷) -> eval: -0.0654
    [8] USE_MAGIC | コスト🔷🔷🔷🔷, コアは置かない, (支払:R:🔷🔷🔷🔷, 配置:なし) -> eval: -0.2431
    [9] USE_MAGIC | コスト🔷🔷🔷🔶, コアは置かない, (支払:R:🔷🔷🔷🔶, 配置:なし) -> eval: -0.2431
  ステップ終了評価: -0.2439
  => 選択: SUMMON | コスト🔷🔷, 配置コア🔷🔷🔶, (支払:R:🔷🔷, 配置:R:🔷🔷🔶) (eval: -0.0488 > 終了評価 -0.2439)
     効果/結果: 🎴 「フラッティ」を召喚 (コスト2をトラッシュへ)

Turn 2 | 手数 4 | 手番: P2(run3_run4.kann.weight) | メインステップ
  盤面:
    P1: Life:5, Reserve:0, Hand:4枚, Field:[最奥：緑淵深(Lv1,コア1)]
    P2: Life:5, Reserve:0, Hand:4枚, Field:[フラッティ(Lv2,コア3s)]
  候補行動 (6件):
    [0] USE_MAGIC | コスト🔷🔷🔶, コアは置かない ⚠️フラッティ消滅, (支払:フラッティ:🔷🔷🔶, 配置:なし) -> eval: -0.2026
    [1] MOVE_CORE | 🔷を移動 -> eval: -0.0864
    [2] MOVE_CORE | 🔶を移動 -> eval: -0.1285
    [3] MOVE_CORE | 🔷🔷を移動 -> eval: -0.0960
    [4] MOVE_CORE | 🔷🔶を移動 -> eval: -0.1380
    [5] MOVE_CORE | 🔷🔷🔶を移動 ⚠️フラッティ消滅 -> eval: -0.2034
  ステップ終了評価: -0.0488
  => 選択: ステップ終了 (候補最大 -0.0864 <= 終了評価 -0.0488)

Turn 2 | 手数 5 | 手番: P2(run3_run4.kann.weight) | アタック宣言
  盤面:
    P1: Life:5, Reserve:0, Hand:4枚, Field:[最奥：緑淵深(Lv1,コア1)]
    P2: Life:5, Reserve:0, Hand:4枚, Field:[フラッティ(Lv2,コア3s)]
  候補行動 (1件):
    [0] ATTACK | フラッティ でアタック宣言 (Lv2, BP3000, 通ればライフ-🔷) -> eval: -0.0394
  ステップ終了評価: -0.0488
  => 選択: ATTACK | フラッティ でアタック宣言 (Lv2, BP3000, 通ればライフ-🔷) (eval: -0.0394 > 終了評価 -0.0488)
     効果/結果: 🗡️ 「フラッティ」がアタック宣言 (BP3000)

Turn 2 | 手数 6 | 手番: P1(run2_run3.kann.weight) | ブロック宣言
  盤面:
    P1: Life:5, Reserve:0, Hand:4枚, Field:[最奥：緑淵深(Lv1,コア1)]
    P2: Life:5, Reserve:0, Hand:4枚, Field:[フラッティ(Lv2,コア3s)]
  候補行動 (1件):
    [0] PASS_BLOCK | ライフでアタックを受ける (ライフ-🔷) -> eval: +0.2297
  => 選択: PASS_BLOCK | ライフでアタックを受ける (ライフ-🔷) (eval: +0.2297)
     効果/結果: 💔 ブロックせず: プレイヤー1 のライフ-1 (コアはリザーブへ)

Turn 2 | 手数 7 | 手番: P2(run3_run4.kann.weight) | アタック宣言
  盤面:
    P1: Life:4, Reserve:1, Hand:4枚, Field:[最奥：緑淵深(Lv1,コア1)]
    P2: Life:5, Reserve:0, Hand:4枚, Field:[フラッティ(Lv2,コア3s)]
  候補行動 (0件):
  ステップ終了評価: -0.0217
  => 選択: ステップ終了

Turn 2 | 手数 8 | 手番: P2(run3_run4.kann.weight) | 第2メインステップ
  盤面:
    P1: Life:4, Reserve:1, Hand:4枚, Field:[最奥：緑淵深(Lv1,コア1)]
    P2: Life:5, Reserve:0, Hand:4枚, Field:[フラッティ(Lv2,コア3s)]
  候補行動 (6件):
    [0] USE_MAGIC | コスト🔷🔷🔶, コアは置かない ⚠️フラッティ消滅, (支払:フラッティ:🔷🔷🔶, 配置:なし) -> eval: -0.1830
    [1] MOVE_CORE | 🔷を移動 -> eval: -0.0577
    [2] MOVE_CORE | 🔶を移動 -> eval: -0.0698
    [3] MOVE_CORE | 🔷🔷を移動 -> eval: -0.0673
    [4] MOVE_CORE | 🔷🔶を移動 -> eval: -0.0802
    [5] MOVE_CORE | 🔷🔷🔶を移動 ⚠️フラッティ消滅 -> eval: -0.1858
  ステップ終了評価: -0.0217
  => 選択: ステップ終了 (候補最大 -0.0577 <= 終了評価 -0.0217)

Turn 2 | 手数 9 | 手番: P2(run3_run4.kann.weight) | エンドステップ
  盤面:
    P1: Life:4, Reserve:1, Hand:4枚, Field:[最奥：緑淵深(Lv1,コア1)]
    P2: Life:5, Reserve:0, Hand:4枚, Field:[フラッティ(Lv2,コア3s)]
  候補行動 (0件):
  ステップ終了評価: +0.0482
  => 選択: ステップ終了
     効果/結果: 【ターン 3】 手番: プレイヤー1
     効果/結果: 🔷 コアステップ: ボイドからリザーブへコア1個
     効果/結果: 🃏 ドローステップ: 「ラスヘッド」をドロー (残り34枚)
     効果/結果: ♻️ リフレッシュステップ: トラッシュのコア3個をリザーブへ

Turn 3 | 手数 10 | 手番: P1(run2_run3.kann.weight) | メインステップ
  盤面:
    P1: Life:4, Reserve:5s, Hand:5枚, Field:[最奥：緑淵深(Lv1,コア1)]
    P2: Life:5, Reserve:0, Hand:4枚, Field:[フラッティ(Lv2,コア3s)]
  候補行動 (73件):
    [0] SUMMON | コスト🔷🔷🔷🔷, 配置コア🔷, (支払:R:🔷🔷🔷, 最奥：緑淵深:🔷, 配置:R:🔷) -> eval: +0.3231
    [1] SUMMON | コスト🔷🔷🔷🔷, 配置コア🔶, (支払:R:🔷🔷🔷🔷, 配置:R:🔶) -> eval: +0.3541
    [2] SUMMON | コスト🔷🔷🔷🔷, 配置コア🔶, (支払:R:🔷🔷🔷, 最奥：緑淵深:🔷, 配置:R:🔶) -> eval: +0.3516
    [3] SUMMON | コスト🔷🔷🔷🔶, 配置コア🔷, (支払:R:🔷🔷🔷🔶, 配置:R:🔷) -> eval: +0.3278
    [4] SUMMON | コスト🔷🔷🔷🔶, 配置コア🔷, (支払:R:🔷🔷🔶, 最奥：緑淵深:🔷, 配置:R:🔷) -> eval: +0.3231
    [5] SUMMON | コスト🔷🔷🔷🔷, 配置コア🔷🔶, (支払:R:🔷🔷🔷, 最奥：緑淵深:🔷, 配置:R:🔷🔶) -> eval: +0.3590
    [6] SUMMON | コスト🔷🔷🔷🔶, 配置コア🔷🔷, (支払:R:🔷🔷🔶, 最奥：緑淵深:🔷, 配置:R:🔷🔷) -> eval: +0.3318
    [7] SUMMON | コスト🔷🔷🔷, 配置コアなし, (支払:R:🔷🔷🔷, 配置:なし) -> eval: +0.2498
    [8] SUMMON | コスト🔷🔷🔷, 配置コアなし, (支払:R:🔷🔷, 最奥：緑淵深:🔷, 配置:なし) -> eval: +0.2474
    [9] SUMMON | コスト🔷🔷🔶, 配置コアなし, (支払:R:🔷🔷🔶, 配置:なし) -> eval: +0.2498
    [10] SUMMON | コスト🔷🔷🔶, 配置コアなし, (支払:R:🔷🔶, 最奥：緑淵深:🔷, 配置:なし) -> eval: +0.2474
    [11] SUMMON | コスト🔷🔷🔷, 配置コア🔷, (支払:R:🔷🔷🔷, 配置:R:🔷) -> eval: +0.2577
    [12] SUMMON | コスト🔷🔷🔷, 配置コア🔷, (支払:R:🔷🔷, 最奥：緑淵深:🔷, 配置:R:🔷) -> eval: +0.2549
    [13] SUMMON | コスト🔷🔷🔷, 配置コア🔶, (支払:R:🔷🔷🔷, 配置:R:🔶) -> eval: +0.2835
    [14] SUMMON | コスト🔷🔷🔷, 配置コア🔶, (支払:R:🔷🔷, 最奥：緑淵深:🔷, 配置:R:🔶) -> eval: +0.2831
    [15] SUMMON | コスト🔷🔷🔶, 配置コア🔷, (支払:R:🔷🔷🔶, 配置:R:🔷) -> eval: +0.2577
    [16] SUMMON | コスト🔷🔷🔶, 配置コア🔷, (支払:R:🔷🔶, 最奥：緑淵深:🔷, 配置:R:🔷) -> eval: +0.2549
    [17] SUMMON | コスト🔷🔷🔷, 配置コア🔷🔷, (支払:R:🔷🔷, 最奥：緑淵深:🔷, 配置:R:🔷🔷) -> eval: +0.2896
    [18] SUMMON | コスト🔷🔷🔷, 配置コア🔷🔶, (支払:R:🔷🔷🔷, 配置:R:🔷🔶) -> eval: +0.3011
    [19] SUMMON | コスト🔷🔷🔷, 配置コア🔷🔶, (支払:R:🔷🔷, 最奥：緑淵深:🔷, 配置:R:🔷🔶) -> eval: +0.3000
    [20] SUMMON | コスト🔷🔷🔶, 配置コア🔷🔷, (支払:R:🔷🔷🔶, 配置:R:🔷🔷) -> eval: +0.2931
    [21] SUMMON | コスト🔷🔷🔶, 配置コア🔷🔷, (支払:R:🔷🔶, 最奥：緑淵深:🔷, 配置:R:🔷🔷) -> eval: +0.2896
    [22] SUMMON | コスト🔷🔷🔷, 配置コア🔷🔷🔶, (支払:R:🔷🔷, 最奥：緑淵深:🔷, 配置:R:🔷🔷🔶) -> eval: +0.3073
    [23] SUMMON | コスト🔷🔷🔶, 配置コア🔷🔷🔷, (支払:R:🔷🔶, 最奥：緑淵深:🔷, 配置:R:🔷🔷🔷) -> eval: +0.2997
    [24] SUMMON | コスト🔷🔷, 配置コア🔷, (支払:R:🔷🔷, 配置:R:🔷) -> eval: +0.2690
    [25] SUMMON | コスト🔷🔷, 配置コア🔷, (支払:R:🔷, 最奥：緑淵深:🔷, 配置:R:🔷) -> eval: +0.2662
    [26] SUMMON | コスト🔷🔷, 配置コア🔶, (支払:R:🔷🔷, 配置:R:🔶) -> eval: +0.2913
    [27] SUMMON | コスト🔷🔷, 配置コア🔶, (支払:R:🔷, 最奥：緑淵深:🔷, 配置:R:🔶) -> eval: +0.2907
    [28] SUMMON | コスト🔷🔶, 配置コア🔷, (支払:R:🔷🔶, 配置:R:🔷) -> eval: +0.2690
    [29] SUMMON | コスト🔷🔶, 配置コア🔷, (支払:R:🔶, 最奥：緑淵深:🔷, 配置:R:🔷) -> eval: +0.2662
    [30] SUMMON | コスト🔷🔷, 配置コア🔷🔷, (支払:R:🔷🔷, 配置:R:🔷🔷) -> eval: +0.3153
    [31] SUMMON | コスト🔷🔷, 配置コア🔷🔷, (支払:R:🔷, 最奥：緑淵深:🔷, 配置:R:🔷🔷) -> eval: +0.3118
    [32] SUMMON | コスト🔷🔷, 配置コア🔷🔶, (支払:R:🔷🔷, 配置:R:🔷🔶) -> eval: +0.3166
    [33] SUMMON | コスト🔷🔷, 配置コア🔷🔶, (支払:R:🔷, 最奥：緑淵深:🔷, 配置:R:🔷🔶) -> eval: +0.3153
    [34] SUMMON | コスト🔷🔶, 配置コア🔷🔷, (支払:R:🔷🔶, 配置:R:🔷🔷) -> eval: +0.3153
    [35] SUMMON | コスト🔷🔶, 配置コア🔷🔷, (支払:R:🔶, 最奥：緑淵深:🔷, 配置:R:🔷🔷) -> eval: +0.3118
    [36] SUMMON | コスト🔷🔷, 配置コア🔷🔷🔷, (支払:R:🔷, 最奥：緑淵深:🔷, 配置:R:🔷🔷🔷) -> eval: +0.3209
    [37] SUMMON | コスト🔷🔷, 配置コア🔷🔷🔶, (支払:R:🔷🔷, 配置:R:🔷🔷🔶) -> eval: +0.3240
    [38] SUMMON | コスト🔷🔷, 配置コア🔷🔷🔶, (支払:R:🔷, 最奥：緑淵深:🔷, 配置:R:🔷🔷🔶) -> eval: +0.3223
    [39] SUMMON | コスト🔷🔶, 配置コア🔷🔷🔷, (支払:R:🔷🔶, 配置:R:🔷🔷🔷) -> eval: +0.3250
    [40] SUMMON | コスト🔷🔶, 配置コア🔷🔷🔷, (支払:R:🔶, 最奥：緑淵深:🔷, 配置:R:🔷🔷🔷) -> eval: +0.3209
    [41] SUMMON | コスト🔷🔷, 配置コア🔷🔷🔷🔶, (支払:R:🔷, 最奥：緑淵深:🔷, 配置:R:🔷🔷🔷🔶) -> eval: +0.3300
    [42] SUMMON | コスト🔷🔶, 配置コア🔷🔷🔷🔷, (支払:R:🔶, 最奥：緑淵深:🔷, 配置:R:🔷🔷🔷🔷) -> eval: +0.3309
    [43] SUMMON | コスト🔷🔷, 配置コア🔷, (支払:R:🔷🔷, 配置:R:🔷) -> eval: +0.2795
    [44] SUMMON | コスト🔷🔷, 配置コア🔷, (支払:R:🔷, 最奥：緑淵深:🔷, 配置:R:🔷) -> eval: +0.2765
    [45] SUMMON | コスト🔷🔷, 配置コア🔶, (支払:R:🔷🔷, 配置:R:🔶) -> eval: +0.3229
    [46] SUMMON | コスト🔷🔷, 配置コア🔶, (支払:R:🔷, 最奥：緑淵深:🔷, 配置:R:🔶) -> eval: +0.3214
    [47] SUMMON | コスト🔷🔶, 配置コア🔷, (支払:R:🔷🔶, 配置:R:🔷) -> eval: +0.2795
    [48] SUMMON | コスト🔷🔶, 配置コア🔷, (支払:R:🔶, 最奥：緑淵深:🔷, 配置:R:🔷) -> eval: +0.2765
    [49] SUMMON | コスト🔷🔷, 配置コア🔷🔷, (支払:R:🔷🔷, 配置:R:🔷🔷) -> eval: +0.2876
    [50] SUMMON | コスト🔷🔷, 配置コア🔷🔷, (支払:R:🔷, 最奥：緑淵深:🔷, 配置:R:🔷🔷) -> eval: +0.2840
    [51] SUMMON | コスト🔷🔷, 配置コア🔷🔶, (支払:R:🔷🔷, 配置:R:🔷🔶) -> eval: +0.3299
    [52] SUMMON | コスト🔷🔷, 配置コア🔷🔶, (支払:R:🔷, 最奥：緑淵深:🔷, 配置:R:🔷🔶) -> eval: +0.3282
    [53] SUMMON | コスト🔷🔶, 配置コア🔷🔷, (支払:R:🔷🔶, 配置:R:🔷🔷) -> eval: +0.2876
    [54] SUMMON | コスト🔷🔶, 配置コア🔷🔷, (支払:R:🔶, 最奥：緑淵深:🔷, 配置:R:🔷🔷) -> eval: +0.2840
    [55] SUMMON | コスト🔷🔷, 配置コア🔷🔷🔷, (支払:R:🔷, 最奥：緑淵深:🔷, 配置:R:🔷🔷🔷) -> eval: +0.2925
    [56] SUMMON | コスト🔷🔷, 配置コア🔷🔷🔶, (支払:R:🔷🔷, 配置:R:🔷🔷🔶) -> eval: +0.3375
    [57] SUMMON | コスト🔷🔷, 配置コア🔷🔷🔶, (支払:R:🔷, 最奥：緑淵深:🔷, 配置:R:🔷🔷🔶) -> eval: +0.3354
    [58] SUMMON | コスト🔷🔶, 配置コア🔷🔷🔷, (支払:R:🔷🔶, 配置:R:🔷🔷🔷) -> eval: +0.2966
    [59] SUMMON | コスト🔷🔶, 配置コア🔷🔷🔷, (支払:R:🔶, 最奥：緑淵深:🔷, 配置:R:🔷🔷🔷) -> eval: +0.2925
    [60] SUMMON | コスト🔷🔷, 配置コア🔷🔷🔷🔶, (支払:R:🔷, 最奥：緑淵深:🔷, 配置:R:🔷🔷🔷🔶) -> eval: +0.3432
    [61] SUMMON | コスト🔷🔶, 配置コア🔷🔷🔷🔷, (支払:R:🔶, 最奥：緑淵深:🔷, 配置:R:🔷🔷🔷🔷) -> eval: +0.3018
    [62] MOVE_CORE | 🔷を移動 -> eval: +0.2077
    [63] MOVE_CORE | 🔶を移動 -> eval: +0.2537
    [64] MOVE_CORE | 🔷🔷を移動 -> eval: +0.2136
    [65] MOVE_CORE | 🔷🔶を移動 -> eval: +0.2585
    [66] MOVE_CORE | 🔷🔷🔷を移動 -> eval: +0.2204
    [67] MOVE_CORE | 🔷🔷🔶を移動 -> eval: +0.2638
    [68] MOVE_CORE | 🔷🔷🔷🔷を移動 -> eval: +0.2284
    [69] MOVE_CORE | 🔷🔷🔷🔶を移動 -> eval: +0.2700
    [70] MOVE_CORE | 🔷🔷🔷🔷🔶を移動 -> eval: +0.2769
    [71] MOVE_CORE | 🔶 ⇄ 🔷 を交換 -> eval: +0.2495
    [72] MOVE_CORE | 🔷を移動 -> eval: +0.1986
  ステップ終了評価: +0.2028
  => 選択: SUMMON | コスト🔷🔷🔷🔷, 配置コア🔷🔶, (支払:R:🔷🔷🔷, 最奥：緑淵深:🔷, 配置:R:🔷🔶) (eval: +0.3590 > 終了評価 +0.2028)
     効果/結果: 🎴 「ガリザロト」を召喚 (コスト4をトラッシュへ) ※最奥：緑淵深から1個

Turn 3 | 手数 11 | 手番: P1(run2_run3.kann.weight) | メインステップ
  盤面:
    P1: Life:4, Reserve:0, Hand:4枚, Field:[最奥：緑淵深(Lv1,コア0), ガリザロト(Lv2,コア2s)]
    P2: Life:5, Reserve:0, Hand:4枚, Field:[フラッティ(Lv2,コア3s)]
  候補行動 (7件):
    [0] SUMMON | コスト🔷🔶, 配置コアなし ⚠️ガリザロト消滅, (支払:ガリザロト:🔷🔶, 配置:なし) -> eval: +0.1756
    [1] MOVE_CORE | 🔷を移動 -> eval: +0.3516
    [2] MOVE_CORE | 🔶を移動 -> eval: +0.3231
    [3] MOVE_CORE | 🔷🔶を移動 ⚠️ガリザロト消滅 -> eval: +0.1291
    [4] MOVE_CORE | 🔷を移動 -> eval: +0.3541
    [5] MOVE_CORE | 🔶を移動 -> eval: +0.3455
    [6] MOVE_CORE | 🔷🔶を移動 ⚠️ガリザロト消滅 -> eval: +0.1510
  ステップ終了評価: +0.3590
  => 選択: ステップ終了 (候補最大 +0.3541 <= 終了評価 +0.3590)

Turn 3 | 手数 12 | 手番: P1(run2_run3.kann.weight) | アタック宣言
  盤面:
    P1: Life:4, Reserve:0, Hand:4枚, Field:[最奥：緑淵深(Lv1,コア0), ガリザロト(Lv2,コア2s)]
    P2: Life:5, Reserve:0, Hand:4枚, Field:[フラッティ(Lv2,コア3s)]
  候補行動 (1件):
    [0] ATTACK | ガリザロト でアタック宣言 (Lv2, BP6000, 通ればライフ-🔷) -> eval: +0.4248
  ステップ終了評価: +0.3590
  => 選択: ATTACK | ガリザロト でアタック宣言 (Lv2, BP6000, 通ればライフ-🔷) (eval: +0.4248 > 終了評価 +0.3590)
     効果/結果: 🗡️ 「ガリザロト」がアタック宣言 (BP6000)

Turn 3 | 手数 13 | 手番: P2(run3_run4.kann.weight) | ブロック宣言
  盤面:
    P1: Life:4, Reserve:0, Hand:4枚, Field:[最奥：緑淵深(Lv1,コア0), ガリザロト(Lv2,コア2s)]
    P2: Life:5, Reserve:0, Hand:4枚, Field:[フラッティ(Lv2,コア3s)]
  候補行動 (1件):
    [0] PASS_BLOCK | ライフでアタックを受ける (ライフ-🔷) -> eval: +0.1018
  => 選択: PASS_BLOCK | ライフでアタックを受ける (ライフ-🔷) (eval: +0.1018)
     効果/結果: 💔 ブロックせず: プレイヤー2 のライフ-1 (コアはリザーブへ)

Turn 3 | 手数 14 | 手番: P1(run2_run3.kann.weight) | アタック宣言
  盤面:
    P1: Life:4, Reserve:0, Hand:4枚, Field:[最奥：緑淵深(Lv1,コア0), ガリザロト(Lv2,コア2s)]
    P2: Life:4, Reserve:1, Hand:4枚, Field:[フラッティ(Lv2,コア3s)]
  候補行動 (0件):
  ステップ終了評価: +0.4295
  => 選択: ステップ終了

Turn 3 | 手数 15 | 手番: P1(run2_run3.kann.weight) | 第2メインステップ
  盤面:
    P1: Life:4, Reserve:0, Hand:4枚, Field:[最奥：緑淵深(Lv1,コア0), ガリザロト(Lv2,コア2s)]
    P2: Life:4, Reserve:1, Hand:4枚, Field:[フラッティ(Lv2,コア3s)]
  候補行動 (7件):
    [0] SUMMON | コスト🔷🔶, 配置コアなし ⚠️ガリザロト消滅, (支払:ガリザロト:🔷🔶, 配置:なし) -> eval: +0.1810
    [1] MOVE_CORE | 🔷を移動 -> eval: +0.4242
    [2] MOVE_CORE | 🔶を移動 -> eval: +0.4024
    [3] MOVE_CORE | 🔷🔶を移動 ⚠️ガリザロト消滅 -> eval: +0.1345
    [4] MOVE_CORE | 🔷を移動 -> eval: +0.4277
    [5] MOVE_CORE | 🔶を移動 -> eval: +0.4159
    [6] MOVE_CORE | 🔷🔶を移動 ⚠️ガリザロト消滅 -> eval: +0.1571
  ステップ終了評価: +0.4295
  => 選択: ステップ終了 (候補最大 +0.4277 <= 終了評価 +0.4295)

Turn 3 | 手数 16 | 手番: P1(run2_run3.kann.weight) | エンドステップ
  盤面:
    P1: Life:4, Reserve:0, Hand:4枚, Field:[最奥：緑淵深(Lv1,コア0), ガリザロト(Lv2,コア2s)]
    P2: Life:4, Reserve:1, Hand:4枚, Field:[フラッティ(Lv2,コア3s)]
  候補行動 (0件):
  ステップ終了評価: +0.3133
  => 選択: ステップ終了
     効果/結果: 【ターン 4】 手番: プレイヤー2
     効果/結果: 🔷 コアステップ: ボイドからリザーブへコア1個
     効果/結果: 🃏 ドローステップ: 「パッファー」をドロー (残り33枚)
     効果/結果: ♻️ リフレッシュステップ: トラッシュのコア2個をリザーブへ
     効果/結果: ♻️ リフレッシュステップ: 1体を回復

Turn 4 | 手数 17 | 手番: P2(run3_run4.kann.weight) | メインステップ
  盤面:
    P1: Life:4, Reserve:0, Hand:4枚, Field:[最奥：緑淵深(Lv1,コア0), ガリザロト(Lv2,コア2s)]
    P2: Life:4, Reserve:4, Hand:5枚, Field:[フラッティ(Lv2,コア3s)]
  候補行動 (86件):
    [0] SUMMON | コスト🔷🔷🔷🔷🔷, 配置コア🔷, (支払:R:🔷🔷🔷, フラッティ:🔷🔷, 配置:R:🔷) -> eval: +0.0701
    [1] SUMMON | コスト🔷🔷🔷🔷🔷, 配置コア🔶, (支払:R:🔷🔷🔷🔷, フラッティ:🔷, 配置:フラッティ:🔶) -> eval: +0.1153
    [2] SUMMON | コスト🔷🔷🔷🔷🔷, 配置コア🔶 ⚠️フラッティ消滅, (支払:R:🔷🔷🔷, フラッティ:🔷🔷, 配置:フラッティ:🔶) -> eval: -0.0787
    [3] SUMMON | コスト🔷🔷🔷🔷🔶, 配置コア🔷, (支払:R:🔷🔷🔷, フラッティ:🔷🔶, 配置:R:🔷) -> eval: +0.0827
    [4] SUMMON | コスト🔷🔷🔷🔷🔶, 配置コア🔷 ⚠️フラッティ消滅, (支払:R:🔷🔷, フラッティ:🔷🔷🔶, 配置:R:🔷) -> eval: -0.0538
    [5] SUMMON | コスト🔷🔷🔷🔷🔷, 配置コア🔷🔶 ⚠️フラッティ消滅, (支払:R:🔷🔷🔷, フラッティ:🔷🔷, 配置:R:🔷, フラッティ:🔶) -> eval: -0.0679
    [6] SUMMON | コスト🔷🔷🔷🔷🔶, 配置コア🔷🔷 ⚠️フラッティ消滅, (支払:R:🔷🔷, フラッティ:🔷🔷🔶, 配置:R:🔷🔷) -> eval: -0.0432
    [7] USE_MAGIC | コスト🔷🔷🔷, コアは置かない, (支払:R:🔷🔷🔷, 配置:なし) -> eval: -0.1310
    [8] USE_MAGIC | コスト🔷🔷🔷, コアは置かない, (支払:R:🔷🔷, フラッティ:🔷, 配置:なし) -> eval: -0.1551
    [9] USE_MAGIC | コスト🔷🔷🔷, コアは置かない, (支払:R:🔷, フラッティ:🔷🔷, 配置:なし) -> eval: -0.1653
    [10] USE_MAGIC | コスト🔷🔷🔶, コアは置かない, (支払:R:🔷🔷, フラッティ:🔶, 配置:なし) -> eval: -0.1423
    [11] USE_MAGIC | コスト🔷🔷🔶, コアは置かない, (支払:R:🔷, フラッティ:🔷🔶, 配置:なし) -> eval: -0.1521
    [12] USE_MAGIC | コスト🔷🔷🔶, コアは置かない ⚠️フラッティ消滅, (支払:フラッティ:🔷🔷🔶, 配置:なし) -> eval: -0.2276
    [13] SUMMON | コスト🔷🔷🔷🔷, 配置コア🔷, (支払:R:🔷🔷🔷, フラッティ:🔷, 配置:R:🔷) -> eval: +0.0611
    [14] SUMMON | コスト🔷🔷🔷🔷, 配置コア🔷, (支払:R:🔷🔷, フラッティ:🔷🔷, 配置:R:🔷) -> eval: +0.0543
    [15] SUMMON | コスト🔷🔷🔷🔷, 配置コア🔶, (支払:R:🔷🔷🔷🔷, 配置:フラッティ:🔶) -> eval: +0.0883
    [16] SUMMON | コスト🔷🔷🔷🔷, 配置コア🔶, (支払:R:🔷🔷🔷, フラッティ:🔷, 配置:フラッティ:🔶) -> eval: +0.0822
    [17] SUMMON | コスト🔷🔷🔷🔷, 配置コア🔶 ⚠️フラッティ消滅, (支払:R:🔷🔷, フラッティ:🔷🔷, 配置:フラッティ:🔶) -> eval: -0.1120
    [18] SUMMON | コスト🔷🔷🔷🔶, 配置コア🔷, (支払:R:🔷🔷🔷, フラッティ:🔶, 配置:R:🔷) -> eval: +0.0720
    [19] SUMMON | コスト🔷🔷🔷🔶, 配置コア🔷, (支払:R:🔷🔷, フラッティ:🔷🔶, 配置:R:🔷) -> eval: +0.0658
    [20] SUMMON | コスト🔷🔷🔷🔶, 配置コア🔷 ⚠️フラッティ消滅, (支払:R:🔷, フラッティ:🔷🔷🔶, 配置:R:🔷) -> eval: -0.0714
    [21] SUMMON | コスト🔷🔷🔷🔷, 配置コア🔷🔷, (支払:R:🔷🔷, フラッティ:🔷🔷, 配置:R:🔷🔷) -> eval: +0.0586
    [22] SUMMON | コスト🔷🔷🔷🔷, 配置コア🔷🔶, (支払:R:🔷🔷🔷, フラッティ:🔷, 配置:R:🔷, フラッティ:🔶) -> eval: +0.0880
    [23] SUMMON | コスト🔷🔷🔷🔷, 配置コア🔷🔶 ⚠️フラッティ消滅, (支払:R:🔷🔷, フラッティ:🔷🔷, 配置:R:🔷, フラッティ:🔶) -> eval: -0.1026
    [24] SUMMON | コスト🔷🔷🔷🔶, 配置コア🔷🔷, (支払:R:🔷🔷, フラッティ:🔷🔶, 配置:R:🔷🔷) -> eval: +0.0716
    [25] SUMMON | コスト🔷🔷🔷🔶, 配置コア🔷🔷 ⚠️フラッティ消滅, (支払:R:🔷, フラッティ:🔷🔷🔶, 配置:R:🔷🔷) -> eval: -0.0618
    [26] SUMMON | コスト🔷🔷🔷🔷, 配置コア🔷🔷🔶 ⚠️フラッティ消滅, (支払:R:🔷🔷, フラッティ:🔷🔷, 配置:R:🔷🔷, フラッティ:🔶) -> eval: -0.0755
    [27] SUMMON | コスト🔷🔷🔷🔶, 配置コア🔷🔷🔷 ⚠️フラッティ消滅, (支払:R:🔷, フラッティ:🔷🔷🔶, 配置:R:🔷🔷🔷) -> eval: -0.0186
    [28] SUMMON | コスト🔷🔷🔷🔷, 配置コア🔷, (支払:R:🔷🔷🔷, フラッティ:🔷, 配置:R:🔷) -> eval: +0.0634
    [29] SUMMON | コスト🔷🔷🔷🔷, 配置コア🔷, (支払:R:🔷🔷, フラッティ:🔷🔷, 配置:R:🔷) -> eval: +0.0568
    [30] SUMMON | コスト🔷🔷🔷🔷, 配置コア🔶, (支払:R:🔷🔷🔷🔷, 配置:フラッティ:🔶) -> eval: +0.0882
    [31] SUMMON | コスト🔷🔷🔷🔷, 配置コア🔶, (支払:R:🔷🔷🔷, フラッティ:🔷, 配置:フラッティ:🔶) -> eval: +0.0821
    [32] SUMMON | コスト🔷🔷🔷🔷, 配置コア🔶 ⚠️フラッティ消滅, (支払:R:🔷🔷, フラッティ:🔷🔷, 配置:フラッティ:🔶) -> eval: -0.1134
    [33] SUMMON | コスト🔷🔷🔷🔶, 配置コア🔷, (支払:R:🔷🔷🔷, フラッティ:🔶, 配置:R:🔷) -> eval: +0.0761
    [34] SUMMON | コスト🔷🔷🔷🔶, 配置コア🔷, (支払:R:🔷🔷, フラッティ:🔷🔶, 配置:R:🔷) -> eval: +0.0700
    [35] SUMMON | コスト🔷🔷🔷🔶, 配置コア🔷 ⚠️フラッティ消滅, (支払:R:🔷, フラッティ:🔷🔷🔶, 配置:R:🔷) -> eval: -0.0680
    [36] SUMMON | コスト🔷🔷🔷🔷, 配置コア🔷🔷, (支払:R:🔷🔷, フラッティ:🔷🔷, 配置:R:🔷🔷) -> eval: +0.0873
    [37] SUMMON | コスト🔷🔷🔷🔷, 配置コア🔷🔶, (支払:R:🔷🔷🔷, フラッティ:🔷, 配置:R:🔷, フラッティ:🔶) -> eval: +0.0969
    [38] SUMMON | コスト🔷🔷🔷🔷, 配置コア🔷🔶 ⚠️フラッティ消滅, (支払:R:🔷🔷, フラッティ:🔷🔷, 配置:R:🔷, フラッティ:🔶) -> eval: -0.0935
    [39] SUMMON | コスト🔷🔷🔷🔶, 配置コア🔷🔷, (支払:R:🔷🔷, フラッティ:🔷🔶, 配置:R:🔷🔷) -> eval: +0.1070
    [40] SUMMON | コスト🔷🔷🔷🔶, 配置コア🔷🔷 ⚠️フラッティ消滅, (支払:R:🔷, フラッティ:🔷🔷🔶, 配置:R:🔷🔷) -> eval: -0.0356
    [41] SUMMON | コスト🔷🔷🔷🔷, 配置コア🔷🔷🔶 ⚠️フラッティ消滅, (支払:R:🔷🔷, フラッティ:🔷🔷, 配置:R:🔷🔷, フラッティ:🔶) -> eval: -0.0826
    [42] SUMMON | コスト🔷🔷🔷🔶, 配置コア🔷🔷🔷 ⚠️フラッティ消滅, (支払:R:🔷, フラッティ:🔷🔷🔶, 配置:R:🔷🔷🔷) -> eval: -0.0243
    [43] SUMMON | コスト🔷🔷, 配置コア🔷, (支払:R:🔷🔷, 配置:R:🔷) -> eval: +0.0382
    [44] SUMMON | コスト🔷🔷, 配置コア🔷, (支払:R:🔷, フラッティ:🔷, 配置:R:🔷) -> eval: +0.0209
    [45] SUMMON | コスト🔷🔷, 配置コア🔷, (支払:フラッティ:🔷🔷, 配置:R:🔷) -> eval: +0.0161
    [46] SUMMON | コスト🔷🔷, 配置コア🔶, (支払:R:🔷🔷, 配置:フラッティ:🔶) -> eval: +0.0549
    [47] SUMMON | コスト🔷🔷, 配置コア🔶, (支払:R:🔷, フラッティ:🔷, 配置:フラッティ:🔶) -> eval: +0.0506
    [48] SUMMON | コスト🔷🔷, 配置コア🔶 ⚠️フラッティ消滅, (支払:フラッティ:🔷🔷, 配置:フラッティ:🔶) -> eval: -0.1388
    [49] SUMMON | コスト🔷🔶, 配置コア🔷, (支払:R:🔷, フラッティ:🔶, 配置:R:🔷) -> eval: +0.0323
    [50] SUMMON | コスト🔷🔶, 配置コア🔷, (支払:フラッティ:🔷🔶, 配置:R:🔷) -> eval: +0.0281
    [51] SUMMON | コスト🔷🔶, 配置コア🔷 ⚠️フラッティ消滅, (支払:フラッティ:🔷🔶, 配置:フラッティ:🔷) -> eval: -0.1065
    [52] SUMMON | コスト🔷🔷, 配置コア🔷🔷, (支払:R:🔷🔷, 配置:R:🔷🔷) -> eval: +0.0683
    [53] SUMMON | コスト🔷🔷, 配置コア🔷🔷, (支払:R:🔷, フラッティ:🔷, 配置:R:🔷🔷) -> eval: +0.0509
    [54] SUMMON | コスト🔷🔷, 配置コア🔷🔷, (支払:フラッティ:🔷🔷, 配置:R:🔷🔷) -> eval: +0.0448
    [55] SUMMON | コスト🔷🔷, 配置コア🔷🔶, (支払:R:🔷🔷, 配置:R:🔷, フラッティ:🔶) -> eval: +0.0718
    [56] SUMMON | コスト🔷🔷, 配置コア🔷🔶, (支払:R:🔷, フラッティ:🔷, 配置:R:🔷, フラッティ:🔶) -> eval: +0.0665
    [57] SUMMON | コスト🔷🔷, 配置コア🔷🔶 ⚠️フラッティ消滅, (支払:フラッティ:🔷🔷, 配置:R:🔷, フラッティ:🔶) -> eval: -0.1218
    [58] SUMMON | コスト🔷🔶, 配置コア🔷🔷, (支払:R:🔷, フラッティ:🔶, 配置:R:🔷🔷) -> eval: +0.0699
    [59] SUMMON | コスト🔷🔶, 配置コア🔷🔷, (支払:フラッティ:🔷🔶, 配置:R:🔷🔷) -> eval: +0.0647
    [60] SUMMON | コスト🔷🔶, 配置コア🔷🔷 ⚠️フラッティ消滅, (支払:フラッティ:🔷🔶, 配置:R:🔷, フラッティ:🔷) -> eval: -0.0780
    [61] SUMMON | コスト🔷🔷, 配置コア🔷🔷🔷, (支払:R:🔷, フラッティ:🔷, 配置:R:🔷🔷🔷) -> eval: +0.0562
    [62] SUMMON | コスト🔷🔷, 配置コア🔷🔷🔷, (支払:フラッティ:🔷🔷, 配置:R:🔷🔷🔷) -> eval: +0.0492
    [63] SUMMON | コスト🔷🔷, 配置コア🔷🔷🔶, (支払:R:🔷🔷, 配置:R:🔷🔷, フラッティ:🔶) -> eval: +0.0791
    [64] SUMMON | コスト🔷🔷, 配置コア🔷🔷🔶, (支払:R:🔷, フラッティ:🔷, 配置:R:🔷🔷, フラッティ:🔶) -> eval: +0.0730
    [65] SUMMON | コスト🔷🔷, 配置コア🔷🔷🔶 ⚠️フラッティ消滅, (支払:フラッティ:🔷🔷, 配置:R:🔷🔷, フラッティ:🔶) -> eval: -0.1127
    [66] SUMMON | コスト🔷🔶, 配置コア🔷🔷🔷, (支払:R:🔷, フラッティ:🔶, 配置:R:🔷🔷🔷) -> eval: +0.0771
    [67] SUMMON | コスト🔷🔶, 配置コア🔷🔷🔷, (支払:フラッティ:🔷🔶, 配置:R:🔷🔷🔷) -> eval: +0.0709
    [68] SUMMON | コスト🔷🔶, 配置コア🔷🔷🔷 ⚠️フラッティ消滅, (支払:フラッティ:🔷🔶, 配置:R:🔷🔷, フラッティ:🔷) -> eval: -0.0690
    [69] SUMMON | コスト🔷🔷, 配置コア🔷🔷🔷🔷, (支払:フラッティ:🔷🔷, 配置:R:🔷🔷🔷🔷) -> eval: +0.0548
    [70] SUMMON | コスト🔷🔷, 配置コア🔷🔷🔷🔶, (支払:R:🔷, フラッティ:🔷, 配置:R:🔷🔷🔷, フラッティ:🔶) -> eval: +0.0805
    [71] SUMMON | コスト🔷🔷, 配置コア🔷🔷🔷🔶 ⚠️フラッティ消滅, (支払:フラッティ:🔷🔷, 配置:R:🔷🔷🔷, フラッティ:🔶) -> eval: -0.1027
    [72] SUMMON | コスト🔷🔶, 配置コア🔷🔷🔷🔷, (支払:フラッティ:🔷🔶, 配置:R:🔷🔷🔷🔷) -> eval: +0.0783
    [73] SUMMON | コスト🔷🔶, 配置コア🔷🔷🔷🔷 ⚠️フラッティ消滅, (支払:フラッティ:🔷🔶, 配置:R:🔷🔷🔷, フラッティ:🔷) -> eval: -0.0591
    [74] SUMMON | コスト🔷🔷, 配置コア🔷🔷🔷🔷🔶 ⚠️フラッティ消滅, (支払:フラッティ:🔷🔷, 配置:R:🔷🔷🔷🔷, フラッティ:🔶) -> eval: -0.0917
    [75] SUMMON | コスト🔷🔶, 配置コア🔷🔷🔷🔷🔷 ⚠️フラッティ消滅, (支払:フラッティ:🔷🔶, 配置:R:🔷🔷🔷🔷, フラッティ:🔷) -> eval: -0.0484
    [76] MOVE_CORE | 🔷を移動 -> eval: -0.0103
    [77] MOVE_CORE | 🔷🔷を移動 -> eval: -0.0038
    [78] MOVE_CORE | 🔷🔷🔷を移動 -> eval: +0.0038
    [79] MOVE_CORE | 🔷🔷🔷🔷を移動 -> eval: +0.0127
    [80] MOVE_CORE | 🔷を移動 -> eval: -0.0368
    [81] MOVE_CORE | 🔶を移動 -> eval: -0.0570
    [82] MOVE_CORE | 🔷🔷を移動 -> eval: -0.0396
    [83] MOVE_CORE | 🔷🔶を移動 -> eval: -0.0585
    [84] MOVE_CORE | 🔷🔷🔶を移動 ⚠️フラッティ消滅 -> eval: -0.1886
    [85] MOVE_CORE | 🔶 ⇄ 🔷 を交換 -> eval: -0.0130
  ステップ終了評価: -0.0154
  => 選択: SUMMON | コスト🔷🔷🔷🔷🔷, 配置コア🔶, (支払:R:🔷🔷🔷🔷, フラッティ:🔷, 配置:フラッティ:🔶) (eval: +0.1153 > 終了評価 -0.0154)
     効果/結果: 🎴 「深巣ダンテクレオ」を召喚 (コスト5をトラッシュへ) ※フラッティから1個, フラッティから1個

Turn 4 | 手数 18 | 手番: P2(run3_run4.kann.weight) | メインステップ
  盤面:
    P1: Life:4, Reserve:0, Hand:4枚, Field:[最奥：緑淵深(Lv1,コア0), ガリザロト(Lv2,コア2s)]
    P2: Life:4, Reserve:0, Hand:4枚, Field:[フラッティ(Lv1,コア1), 深巣ダンテクレオ(Lv2,コア1s)]
  候補行動 (6件):
    [0] USE_MAGIC | コスト🔷🔶, コアは置かない ⚠️フラッティ・深巣ダンテクレオ消滅, (支払:フラッティ:🔷, 深巣ダンテクレオ:🔶, 配置:なし) -> eval: -0.1868
    [1] MOVE_CORE | 🔷を移動 ⚠️フラッティ消滅 -> eval: -0.0787
    [2] MOVE_CORE | 🔷を移動 ⚠️フラッティ消滅 -> eval: -0.0679
    [3] MOVE_CORE | 🔶を移動 ⚠️深巣ダンテクレオ消滅 -> eval: -0.0999
    [4] MOVE_CORE | 🔶を移動 ⚠️深巣ダンテクレオ消滅 -> eval: -0.1169
    [5] MOVE_CORE | 🔶 ⇄ 🔷 を交換 -> eval: +0.0701
  ステップ終了評価: +0.1153
  => 選択: ステップ終了 (候補最大 +0.0701 <= 終了評価 +0.1153)

Turn 4 | 手数 19 | 手番: P2(run3_run4.kann.weight) | アタック宣言
  盤面:
    P1: Life:4, Reserve:0, Hand:4枚, Field:[最奥：緑淵深(Lv1,コア0), ガリザロト(Lv2,コア2s)]
    P2: Life:4, Reserve:0, Hand:4枚, Field:[フラッティ(Lv1,コア1), 深巣ダンテクレオ(Lv2,コア1s)]
  候補行動 (2件):
    [0] ATTACK | フラッティ でアタック宣言 (Lv1, BP1000, 通ればライフ-🔷) -> eval: +0.2013
    [1] ATTACK | 深巣ダンテクレオ でアタック宣言 (Lv2, BP9000, 通ればライフ-🔷) -> eval: +0.1507
  ステップ終了評価: +0.1153
  => 選択: ATTACK | フラッティ でアタック宣言 (Lv1, BP1000, 通ればライフ-🔷) (eval: +0.2013 > 終了評価 +0.1153)
     効果/結果: 🗡️ 「フラッティ」がアタック宣言 (BP1000)

Turn 4 | 手数 20 | 手番: P1(run2_run3.kann.weight) | ブロック宣言
  盤面:
    P1: Life:4, Reserve:0, Hand:4枚, Field:[最奥：緑淵深(Lv1,コア0), ガリザロト(Lv2,コア2s)]
    P2: Life:4, Reserve:0, Hand:4枚, Field:[フラッティ(Lv1,コア1), 深巣ダンテクレオ(Lv2,コア1s)]
  候補行動 (1件):
    [0] PASS_BLOCK | ライフでアタックを受ける (ライフ-🔷) -> eval: +0.2788
  => 選択: PASS_BLOCK | ライフでアタックを受ける (ライフ-🔷) (eval: +0.2788)
     効果/結果: 💔 ブロックせず: プレイヤー1 のライフ-1 (コアはリザーブへ)

Turn 4 | 手数 21 | 手番: P2(run3_run4.kann.weight) | アタック宣言
  盤面:
    P1: Life:3, Reserve:1, Hand:4枚, Field:[最奥：緑淵深(Lv1,コア0), ガリザロト(Lv2,コア2s)]
    P2: Life:4, Reserve:0, Hand:4枚, Field:[フラッティ(Lv1,コア1), 深巣ダンテクレオ(Lv2,コア1s)]
  候補行動 (1件):
    [0] ATTACK | 深巣ダンテクレオ でアタック宣言 (Lv2, BP9000, 通ればライフ-🔷) -> eval: +0.2460
  ステップ終了評価: +0.2124
  => 選択: ATTACK | 深巣ダンテクレオ でアタック宣言 (Lv2, BP9000, 通ればライフ-🔷) (eval: +0.2460 > 終了評価 +0.2124)
     効果/結果: 🗡️ 「深巣ダンテクレオ」がアタック宣言 (BP9000)

Turn 4 | 手数 22 | 手番: P1(run2_run3.kann.weight) | ブロック宣言
  盤面:
    P1: Life:3, Reserve:1, Hand:4枚, Field:[最奥：緑淵深(Lv1,コア0), ガリザロト(Lv2,コア2s)]
    P2: Life:4, Reserve:0, Hand:4枚, Field:[フラッティ(Lv1,コア1), 深巣ダンテクレオ(Lv2,コア1s)]
  候補行動 (1件):
    [0] PASS_BLOCK | ライフでアタックを受ける (ライフ-🔷) -> eval: +0.4072
  => 選択: PASS_BLOCK | ライフでアタックを受ける (ライフ-🔷) (eval: +0.4072)
     効果/結果: 💔 ブロックせず: プレイヤー1 のライフ-1 (コアはリザーブへ)

Turn 4 | 手数 23 | 手番: P2(run3_run4.kann.weight) | アタック宣言
  盤面:
    P1: Life:2, Reserve:2, Hand:4枚, Field:[最奥：緑淵深(Lv1,コア0), ガリザロト(Lv2,コア2s)]
    P2: Life:4, Reserve:0, Hand:4枚, Field:[フラッティ(Lv1,コア1), 深巣ダンテクレオ(Lv2,コア1s)]
  候補行動 (0件):
  ステップ終了評価: +0.2563
  => 選択: ステップ終了

Turn 4 | 手数 24 | 手番: P2(run3_run4.kann.weight) | 第2メインステップ
  盤面:
    P1: Life:2, Reserve:2, Hand:4枚, Field:[最奥：緑淵深(Lv1,コア0), ガリザロト(Lv2,コア2s)]
    P2: Life:4, Reserve:0, Hand:4枚, Field:[フラッティ(Lv1,コア1), 深巣ダンテクレオ(Lv2,コア1s)]
  候補行動 (6件):
    [0] USE_MAGIC | コスト🔷🔶, コアは置かない ⚠️フラッティ・深巣ダンテクレオ消滅, (支払:フラッティ:🔷, 深巣ダンテクレオ:🔶, 配置:なし) -> eval: -0.1518
    [1] MOVE_CORE | 🔷を移動 ⚠️フラッティ消滅 -> eval: +0.0199
    [2] MOVE_CORE | 🔷を移動 ⚠️フラッティ消滅 -> eval: +0.0327
    [3] MOVE_CORE | 🔶を移動 ⚠️深巣ダンテクレオ消滅 -> eval: +0.0061
    [4] MOVE_CORE | 🔶を移動 ⚠️深巣ダンテクレオ消滅 -> eval: -0.0248
    [5] MOVE_CORE | 🔶 ⇄ 🔷 を交換 -> eval: +0.2121
  ステップ終了評価: +0.2563
  => 選択: ステップ終了 (候補最大 +0.2121 <= 終了評価 +0.2563)

Turn 4 | 手数 25 | 手番: P2(run3_run4.kann.weight) | エンドステップ
  盤面:
    P1: Life:2, Reserve:2, Hand:4枚, Field:[最奥：緑淵深(Lv1,コア0), ガリザロト(Lv2,コア2s)]
    P2: Life:4, Reserve:0, Hand:4枚, Field:[フラッティ(Lv1,コア1), 深巣ダンテクレオ(Lv2,コア1s)]
  候補行動 (0件):
  ステップ終了評価: +0.3065
  => 選択: ステップ終了
     効果/結果: 【ターン 5】 手番: プレイヤー1
     効果/結果: 🔷 コアステップ: ボイドからリザーブへコア1個
     効果/結果: 🃏 ドローステップ: 「透笠オリンディアス」をドロー (残り32枚)
     効果/結果: ♻️ リフレッシュステップ: トラッシュのコア4個をリザーブへ
     効果/結果: ♻️ リフレッシュステップ: 1体を回復

Turn 5 | 手数 26 | 手番: P1(run2_run3.kann.weight) | メインステップ
  盤面:
    P1: Life:2, Reserve:7, Hand:5枚, Field:[最奥：緑淵深(Lv1,コア0), ガリザロト(Lv2,コア2s)]
    P2: Life:4, Reserve:0, Hand:4枚, Field:[フラッティ(Lv1,コア1), 深巣ダンテクレオ(Lv2,コア1s)]
  候補行動 (192件):
    [0] SUMMON | コスト🔷🔷🔷, 配置コア🔷, (支払:R:🔷🔷🔷, 配置:R:🔷) -> eval: +0.3601
    [1] SUMMON | コスト🔷🔷🔷, 配置コア🔷, (支払:R:🔷🔷, ガリザロト:🔷, 配置:R:🔷) -> eval: +0.3570
    [2] SUMMON | コスト🔷🔷🔷, 配置コア🔶, (支払:R:🔷🔷🔷, 配置:ガリザロト:🔶) -> eval: +0.3734
    [3] SUMMON | コスト🔷🔷🔷, 配置コア🔶 ⚠️ガリザロト消滅, (支払:R:🔷🔷, ガリザロト:🔷, 配置:ガリザロト:🔶) -> eval: +0.1188
    [4] SUMMON | コスト🔷🔷🔶, 配置コア🔷, (支払:R:🔷🔷, ガリザロト:🔶, 配置:R:🔷) -> eval: +0.3664
    [5] SUMMON | コスト🔷🔷🔶, 配置コア🔷 ⚠️ガリザロト消滅, (支払:R:🔷, ガリザロト:🔷🔶, 配置:R:🔷) -> eval: +0.1367
    [6] SUMMON | コスト🔷🔷🔷, 配置コア🔷🔷, (支払:R:🔷🔷🔷, 配置:R:🔷🔷) -> eval: +0.3652
    [7] SUMMON | コスト🔷🔷🔷, 配置コア🔷🔷, (支払:R:🔷🔷, ガリザロト:🔷, 配置:R:🔷🔷) -> eval: +0.3613
    [8] SUMMON | コスト🔷🔷🔷, 配置コア🔷🔶, (支払:R:🔷🔷🔷, 配置:R:🔷, ガリザロト:🔶) -> eval: +0.3774
    [9] SUMMON | コスト🔷🔷🔷, 配置コア🔷🔶 ⚠️ガリザロト消滅, (支払:R:🔷🔷, ガリザロト:🔷, 配置:R:🔷, ガリザロト:🔶) -> eval: +0.1260
    [10] SUMMON | コスト🔷🔷🔶, 配置コア🔷🔷, (支払:R:🔷🔷, ガリザロト:🔶, 配置:R:🔷🔷) -> eval: +0.3720
    [11] SUMMON | コスト🔷🔷🔶, 配置コア🔷🔷 ⚠️ガリザロト消滅, (支払:R:🔷, ガリザロト:🔷🔶, 配置:R:🔷🔷) -> eval: +0.1450
    [12] SUMMON | コスト🔷🔷🔷, 配置コア🔷🔷🔷, (支払:R:🔷🔷🔷, 配置:R:🔷🔷🔷) -> eval: +0.3715
    [13] SUMMON | コスト🔷🔷🔷, 配置コア🔷🔷🔷, (支払:R:🔷🔷, ガリザロト:🔷, 配置:R:🔷🔷🔷) -> eval: +0.3668
    [14] SUMMON | コスト🔷🔷🔷, 配置コア🔷🔷🔶, (支払:R:🔷🔷🔷, 配置:R:🔷🔷, ガリザロト:🔶) -> eval: +0.3823
    [15] SUMMON | コスト🔷🔷🔷, 配置コア🔷🔷🔶 ⚠️ガリザロト消滅, (支払:R:🔷🔷, ガリザロト:🔷, 配置:R:🔷🔷, ガリザロト:🔶) -> eval: +0.1346
    [16] SUMMON | コスト🔷🔷🔶, 配置コア🔷🔷🔷, (支払:R:🔷🔷, ガリザロト:🔶, 配置:R:🔷🔷🔷) -> eval: +0.3787
    [17] SUMMON | コスト🔷🔷🔶, 配置コア🔷🔷🔷 ⚠️ガリザロト消滅, (支払:R:🔷, ガリザロト:🔷🔶, 配置:R:🔷🔷🔷) -> eval: +0.1547
    [18] SUMMON | コスト🔷🔷🔷, 配置コア🔷🔷🔷🔷, (支払:R:🔷🔷🔷, 配置:R:🔷🔷🔷🔷) -> eval: +0.3791
    [19] SUMMON | コスト🔷🔷🔷, 配置コア🔷🔷🔷🔷, (支払:R:🔷🔷, ガリザロト:🔷, 配置:R:🔷🔷🔷🔷) -> eval: +0.3735
    [20] SUMMON | コスト🔷🔷🔷, 配置コア🔷🔷🔷🔶, (支払:R:🔷🔷🔷, 配置:R:🔷🔷🔷, ガリザロト:🔶) -> eval: +0.3882
    [21] SUMMON | コスト🔷🔷🔷, 配置コア🔷🔷🔷🔶 ⚠️ガリザロト消滅, (支払:R:🔷🔷, ガリザロト:🔷, 配置:R:🔷🔷🔷, ガリザロト:🔶) -> eval: +0.1447
    [22] SUMMON | コスト🔷🔷🔶, 配置コア🔷🔷🔷🔷, (支払:R:🔷🔷, ガリザロト:🔶, 配置:R:🔷🔷🔷🔷) -> eval: +0.3865
    [23] SUMMON | コスト🔷🔷🔶, 配置コア🔷🔷🔷🔷 ⚠️ガリザロト消滅, (支払:R:🔷, ガリザロト:🔷🔶, 配置:R:🔷🔷🔷🔷) -> eval: +0.1657
    [24] SUMMON | コスト🔷🔷🔷, 配置コア🔷🔷🔷🔷🔷, (支払:R:🔷🔷, ガリザロト:🔷, 配置:R:🔷🔷🔷🔷🔷) -> eval: +0.3814
    [25] SUMMON | コスト🔷🔷🔷, 配置コア🔷🔷🔷🔷🔶, (支払:R:🔷🔷🔷, 配置:R:🔷🔷🔷🔷, ガリザロト:🔶) -> eval: +0.3953
    [26] SUMMON | コスト🔷🔷🔷, 配置コア🔷🔷🔷🔷🔶 ⚠️ガリザロト消滅, (支払:R:🔷🔷, ガリザロト:🔷, 配置:R:🔷🔷🔷🔷, ガリザロト:🔶) -> eval: +0.1562
    [27] SUMMON | コスト🔷🔷🔶, 配置コア🔷🔷🔷🔷🔷, (支払:R:🔷🔷, ガリザロト:🔶, 配置:R:🔷🔷🔷🔷🔷) -> eval: +0.3953
    [28] SUMMON | コスト🔷🔷🔶, 配置コア🔷🔷🔷🔷🔷 ⚠️ガリザロト消滅, (支払:R:🔷, ガリザロト:🔷🔶, 配置:R:🔷🔷🔷🔷🔷) -> eval: +0.1780
    [29] SUMMON | コスト🔷🔷🔷, 配置コア🔷🔷🔷🔷🔷🔶 ⚠️ガリザロト消滅, (支払:R:🔷🔷, ガリザロト:🔷, 配置:R:🔷🔷🔷🔷🔷, ガリザロト:🔶) -> eval: +0.1691
    [30] SUMMON | コスト🔷🔷🔶, 配置コア🔷🔷🔷🔷🔷🔷 ⚠️ガリザロト消滅, (支払:R:🔷, ガリザロト:🔷🔶, 配置:R:🔷🔷🔷🔷🔷🔷) -> eval: +0.1916
    [31] SUMMON | コスト🔷🔷, 配置コアなし, (支払:R:🔷🔷, 配置:なし) -> eval: +0.3134
    [32] SUMMON | コスト🔷🔷, 配置コアなし, (支払:R:🔷, ガリザロト:🔷, 配置:なし) -> eval: +0.3120
    [33] SUMMON | コスト🔷🔶, 配置コアなし, (支払:R:🔷, ガリザロト:🔶, 配置:なし) -> eval: +0.3169
    [34] SUMMON | コスト🔷🔶, 配置コアなし ⚠️ガリザロト消滅, (支払:ガリザロト:🔷🔶, 配置:なし) -> eval: +0.0844
    [35] SUMMON | コスト🔷🔷, 配置コア🔷, (支払:R:🔷🔷, 配置:R:🔷) -> eval: +0.3167
    [36] SUMMON | コスト🔷🔷, 配置コア🔷, (支払:R:🔷, ガリザロト:🔷, 配置:R:🔷) -> eval: +0.3147
    [37] SUMMON | コスト🔷🔷, 配置コア🔶, (支払:R:🔷🔷, 配置:ガリザロト:🔶) -> eval: +0.3370
    [38] SUMMON | コスト🔷🔷, 配置コア🔶 ⚠️ガリザロト消滅, (支払:R:🔷, ガリザロト:🔷, 配置:ガリザロト:🔶) -> eval: +0.0878
    [39] SUMMON | コスト🔷🔶, 配置コア🔷, (支払:R:🔷, ガリザロト:🔶, 配置:R:🔷) -> eval: +0.3213
    [40] SUMMON | コスト🔷🔶, 配置コア🔷 ⚠️ガリザロト消滅, (支払:ガリザロト:🔷🔶, 配置:R:🔷) -> eval: +0.0903
    [41] SUMMON | コスト🔷🔷, 配置コア🔷🔷, (支払:R:🔷🔷, 配置:R:🔷🔷) -> eval: +0.3284
    [42] SUMMON | コスト🔷🔷, 配置コア🔷🔷, (支払:R:🔷, ガリザロト:🔷, 配置:R:🔷🔷) -> eval: +0.3254
    [43] SUMMON | コスト🔷🔷, 配置コア🔷🔶, (支払:R:🔷🔷, 配置:R:🔷, ガリザロト:🔶) -> eval: +0.3364
    [44] SUMMON | コスト🔷🔷, 配置コア🔷🔶 ⚠️ガリザロト消滅, (支払:R:🔷, ガリザロト:🔷, 配置:R:🔷, ガリザロト:🔶) -> eval: +0.0877
    [45] SUMMON | コスト🔷🔶, 配置コア🔷🔷, (支払:R:🔷, ガリザロト:🔶, 配置:R:🔷🔷) -> eval: +0.3355
    [46] SUMMON | コスト🔷🔶, 配置コア🔷🔷 ⚠️ガリザロト消滅, (支払:ガリザロト:🔷🔶, 配置:R:🔷🔷) -> eval: +0.1013
    [47] SUMMON | コスト🔷🔷, 配置コア🔷🔷🔷, (支払:R:🔷🔷, 配置:R:🔷🔷🔷) -> eval: +0.3349
    [48] SUMMON | コスト🔷🔷, 配置コア🔷🔷🔷, (支払:R:🔷, ガリザロト:🔷, 配置:R:🔷🔷🔷) -> eval: +0.3311
    [49] SUMMON | コスト🔷🔷, 配置コア🔷🔷🔶, (支払:R:🔷🔷, 配置:R:🔷🔷, ガリザロト:🔶) -> eval: +0.3409
    [50] SUMMON | コスト🔷🔷, 配置コア🔷🔷🔶 ⚠️ガリザロト消滅, (支払:R:🔷, ガリザロト:🔷, 配置:R:🔷🔷, ガリザロト:🔶) -> eval: +0.0952
    [51] SUMMON | コスト🔷🔶, 配置コア🔷🔷🔷, (支払:R:🔷, ガリザロト:🔶, 配置:R:🔷🔷🔷) -> eval: +0.3429
    [52] SUMMON | コスト🔷🔶, 配置コア🔷🔷🔷 ⚠️ガリザロト消滅, (支払:ガリザロト:🔷🔶, 配置:R:🔷🔷🔷) -> eval: +0.1112
    [53] SUMMON | コスト🔷🔷, 配置コア🔷🔷🔷🔷, (支払:R:🔷🔷, 配置:R:🔷🔷🔷🔷) -> eval: +0.3427
    [54] SUMMON | コスト🔷🔷, 配置コア🔷🔷🔷🔷, (支払:R:🔷, ガリザロト:🔷, 配置:R:🔷🔷🔷🔷) -> eval: +0.3381
    [55] SUMMON | コスト🔷🔷, 配置コア🔷🔷🔷🔶, (支払:R:🔷🔷, 配置:R:🔷🔷🔷, ガリザロト:🔶) -> eval: +0.3464
    [56] SUMMON | コスト🔷🔷, 配置コア🔷🔷🔷🔶 ⚠️ガリザロト消滅, (支払:R:🔷, ガリザロト:🔷, 配置:R:🔷🔷🔷, ガリザロト:🔶) -> eval: +0.1044
    [57] SUMMON | コスト🔷🔶, 配置コア🔷🔷🔷🔷, (支払:R:🔷, ガリザロト:🔶, 配置:R:🔷🔷🔷🔷) -> eval: +0.3513
    [58] SUMMON | コスト🔷🔶, 配置コア🔷🔷🔷🔷 ⚠️ガリザロト消滅, (支払:ガリザロト:🔷🔶, 配置:R:🔷🔷🔷🔷) -> eval: +0.1226
    [59] SUMMON | コスト🔷🔷, 配置コア🔷🔷🔷🔷🔷, (支払:R:🔷🔷, 配置:R:🔷🔷🔷🔷🔷) -> eval: +0.3518
    [60] SUMMON | コスト🔷🔷, 配置コア🔷🔷🔷🔷🔷, (支払:R:🔷, ガリザロト:🔷, 配置:R:🔷🔷🔷🔷🔷) -> eval: +0.3463
    [61] SUMMON | コスト🔷🔷, 配置コア🔷🔷🔷🔷🔶, (支払:R:🔷🔷, 配置:R:🔷🔷🔷🔷, ガリザロト:🔶) -> eval: +0.3531
    [62] SUMMON | コスト🔷🔷, 配置コア🔷🔷🔷🔷🔶 ⚠️ガリザロト消滅, (支払:R:🔷, ガリザロト:🔷, 配置:R:🔷🔷🔷🔷, ガリザロト:🔶) -> eval: +0.1150
    [63] SUMMON | コスト🔷🔶, 配置コア🔷🔷🔷🔷🔷, (支払:R:🔷, ガリザロト:🔶, 配置:R:🔷🔷🔷🔷🔷) -> eval: +0.3609
    [64] SUMMON | コスト🔷🔶, 配置コア🔷🔷🔷🔷🔷 ⚠️ガリザロト消滅, (支払:ガリザロト:🔷🔶, 配置:R:🔷🔷🔷🔷🔷) -> eval: +0.1355
    [65] SUMMON | コスト🔷🔷, 配置コア🔷🔷🔷🔷🔷🔷, (支払:R:🔷, ガリザロト:🔷, 配置:R:🔷🔷🔷🔷🔷🔷) -> eval: +0.3557
    [66] SUMMON | コスト🔷🔷, 配置コア🔷🔷🔷🔷🔷🔶, (支払:R:🔷🔷, 配置:R:🔷🔷🔷🔷🔷, ガリザロト:🔶) -> eval: +0.3610
    [67] SUMMON | コスト🔷🔷, 配置コア🔷🔷🔷🔷🔷🔶 ⚠️ガリザロト消滅, (支払:R:🔷, ガリザロト:🔷, 配置:R:🔷🔷🔷🔷🔷, ガリザロト:🔶) -> eval: +0.1272
    [68] SUMMON | コスト🔷🔶, 配置コア🔷🔷🔷🔷🔷🔷, (支払:R:🔷, ガリザロト:🔶, 配置:R:🔷🔷🔷🔷🔷🔷) -> eval: +0.3715
    [69] SUMMON | コスト🔷🔶, 配置コア🔷🔷🔷🔷🔷🔷 ⚠️ガリザロト消滅, (支払:ガリザロト:🔷🔶, 配置:R:🔷🔷🔷🔷🔷🔷) -> eval: +0.1497
    [70] SUMMON | コスト🔷🔷, 配置コア🔷🔷🔷🔷🔷🔷🔶 ⚠️ガリザロト消滅, (支払:R:🔷, ガリザロト:🔷, 配置:R:🔷🔷🔷🔷🔷🔷, ガリザロト:🔶) -> eval: +0.1408
    [71] SUMMON | コスト🔷🔶, 配置コア🔷🔷🔷🔷🔷🔷🔷 ⚠️ガリザロト消滅, (支払:ガリザロト:🔷🔶, 配置:R:🔷🔷🔷🔷🔷🔷🔷) -> eval: +0.1653
    [72] SUMMON | コスト🔷🔷, 配置コア🔷, (支払:R:🔷🔷, 配置:R:🔷) -> eval: +0.3323
    [73] SUMMON | コスト🔷🔷, 配置コア🔷, (支払:R:🔷, ガリザロト:🔷, 配置:R:🔷) -> eval: +0.3302
    [74] SUMMON | コスト🔷🔷, 配置コア🔶, (支払:R:🔷🔷, 配置:ガリザロト:🔶) -> eval: +0.3484
    [75] SUMMON | コスト🔷🔷, 配置コア🔶 ⚠️ガリザロト消滅, (支払:R:🔷, ガリザロト:🔷, 配置:ガリザロト:🔶) -> eval: +0.0961
    [76] SUMMON | コスト🔷🔶, 配置コア🔷, (支払:R:🔷, ガリザロト:🔶, 配置:R:🔷) -> eval: +0.3359
    [77] SUMMON | コスト🔷🔶, 配置コア🔷 ⚠️ガリザロト消滅, (支払:ガリザロト:🔷🔶, 配置:R:🔷) -> eval: +0.1049
    [78] SUMMON | コスト🔷🔷, 配置コア🔷🔷, (支払:R:🔷🔷, 配置:R:🔷🔷) -> eval: +0.3514
    [79] SUMMON | コスト🔷🔷, 配置コア🔷🔷, (支払:R:🔷, ガリザロト:🔷, 配置:R:🔷🔷) -> eval: +0.3483
    [80] SUMMON | コスト🔷🔷, 配置コア🔷🔶, (支払:R:🔷🔷, 配置:R:🔷, ガリザロト:🔶) -> eval: +0.3533
    [81] SUMMON | コスト🔷🔷, 配置コア🔷🔶 ⚠️ガリザロト消滅, (支払:R:🔷, ガリザロト:🔷, 配置:R:🔷, ガリザロト:🔶) -> eval: +0.1005
    [82] SUMMON | コスト🔷🔶, 配置コア🔷🔷, (支払:R:🔷, ガリザロト:🔶, 配置:R:🔷🔷) -> eval: +0.3578
    [83] SUMMON | コスト🔷🔶, 配置コア🔷🔷 ⚠️ガリザロト消滅, (支払:ガリザロト:🔷🔶, 配置:R:🔷🔷) -> eval: +0.1231
    [84] SUMMON | コスト🔷🔷, 配置コア🔷🔷🔷, (支払:R:🔷🔷, 配置:R:🔷🔷🔷) -> eval: +0.3576
    [85] SUMMON | コスト🔷🔷, 配置コア🔷🔷🔷, (支払:R:🔷, ガリザロト:🔷, 配置:R:🔷🔷🔷) -> eval: +0.3537
    [86] SUMMON | コスト🔷🔷, 配置コア🔷🔷🔶, (支払:R:🔷🔷, 配置:R:🔷🔷, ガリザロト:🔶) -> eval: +0.3575
    [87] SUMMON | コスト🔷🔷, 配置コア🔷🔷🔶 ⚠️ガリザロト消滅, (支払:R:🔷, ガリザロト:🔷, 配置:R:🔷🔷, ガリザロト:🔶) -> eval: +0.1078
    [88] SUMMON | コスト🔷🔶, 配置コア🔷🔷🔷, (支払:R:🔷, ガリザロト:🔶, 配置:R:🔷🔷🔷) -> eval: +0.3646
    [89] SUMMON | コスト🔷🔶, 配置コア🔷🔷🔷 ⚠️ガリザロト消滅, (支払:ガリザロト:🔷🔶, 配置:R:🔷🔷🔷) -> eval: +0.1327
    [90] SUMMON | コスト🔷🔷, 配置コア🔷🔷🔷🔷, (支払:R:🔷🔷, 配置:R:🔷🔷🔷🔷) -> eval: +0.3651
    [91] SUMMON | コスト🔷🔷, 配置コア🔷🔷🔷🔷, (支払:R:🔷, ガリザロト:🔷, 配置:R:🔷🔷🔷🔷) -> eval: +0.3603
    [92] SUMMON | コスト🔷🔷, 配置コア🔷🔷🔷🔶, (支払:R:🔷🔷, 配置:R:🔷🔷🔷, ガリザロト:🔶) -> eval: +0.3626
    [93] SUMMON | コスト🔷🔷, 配置コア🔷🔷🔷🔶 ⚠️ガリザロト消滅, (支払:R:🔷, ガリザロト:🔷, 配置:R:🔷🔷🔷, ガリザロト:🔶) -> eval: +0.1167
    [94] SUMMON | コスト🔷🔶, 配置コア🔷🔷🔷🔷, (支払:R:🔷, ガリザロト:🔶, 配置:R:🔷🔷🔷🔷) -> eval: +0.3724
    [95] SUMMON | コスト🔷🔶, 配置コア🔷🔷🔷🔷 ⚠️ガリザロト消滅, (支払:ガリザロト:🔷🔶, 配置:R:🔷🔷🔷🔷) -> eval: +0.1437
    [96] SUMMON | コスト🔷🔷, 配置コア🔷🔷🔷🔷🔷, (支払:R:🔷🔷, 配置:R:🔷🔷🔷🔷🔷) -> eval: +0.3738
    [97] SUMMON | コスト🔷🔷, 配置コア🔷🔷🔷🔷🔷, (支払:R:🔷, ガリザロト:🔷, 配置:R:🔷🔷🔷🔷🔷) -> eval: +0.3681
    [98] SUMMON | コスト🔷🔷, 配置コア🔷🔷🔷🔷🔶, (支払:R:🔷🔷, 配置:R:🔷🔷🔷🔷, ガリザロト:🔶) -> eval: +0.3690
    [99] SUMMON | コスト🔷🔷, 配置コア🔷🔷🔷🔷🔶 ⚠️ガリザロト消滅, (支払:R:🔷, ガリザロト:🔷, 配置:R:🔷🔷🔷🔷, ガリザロト:🔶) -> eval: +0.1270
    [100] SUMMON | コスト🔷🔶, 配置コア🔷🔷🔷🔷🔷, (支払:R:🔷, ガリザロト:🔶, 配置:R:🔷🔷🔷🔷🔷) -> eval: +0.3813
    [101] SUMMON | コスト🔷🔶, 配置コア🔷🔷🔷🔷🔷 ⚠️ガリザロト消滅, (支払:ガリザロト:🔷🔶, 配置:R:🔷🔷🔷🔷🔷) -> eval: +0.1560
    [102] SUMMON | コスト🔷🔷, 配置コア🔷🔷🔷🔷🔷🔷, (支払:R:🔷, ガリザロト:🔷, 配置:R:🔷🔷🔷🔷🔷🔷) -> eval: +0.3772
    [103] SUMMON | コスト🔷🔷, 配置コア🔷🔷🔷🔷🔷🔶, (支払:R:🔷🔷, 配置:R:🔷🔷🔷🔷🔷, ガリザロト:🔶) -> eval: +0.3764
    [104] SUMMON | コスト🔷🔷, 配置コア🔷🔷🔷🔷🔷🔶 ⚠️ガリザロト消滅, (支払:R:🔷, ガリザロト:🔷, 配置:R:🔷🔷🔷🔷🔷, ガリザロト:🔶) -> eval: +0.1388
    [105] SUMMON | コスト🔷🔶, 配置コア🔷🔷🔷🔷🔷🔷, (支払:R:🔷, ガリザロト:🔶, 配置:R:🔷🔷🔷🔷🔷🔷) -> eval: +0.3913
    [106] SUMMON | コスト🔷🔶, 配置コア🔷🔷🔷🔷🔷🔷 ⚠️ガリザロト消滅, (支払:ガリザロト:🔷🔶, 配置:R:🔷🔷🔷🔷🔷🔷) -> eval: +0.1697
    [107] SUMMON | コスト🔷🔷, 配置コア🔷🔷🔷🔷🔷🔷🔶 ⚠️ガリザロト消滅, (支払:R:🔷, ガリザロト:🔷, 配置:R:🔷🔷🔷🔷🔷🔷, ガリザロト:🔶) -> eval: +0.1521
    [108] SUMMON | コスト🔷🔶, 配置コア🔷🔷🔷🔷🔷🔷🔷 ⚠️ガリザロト消滅, (支払:ガリザロト:🔷🔶, 配置:R:🔷🔷🔷🔷🔷🔷🔷) -> eval: +0.1846
    [109] SUMMON | コスト🔷🔷, 配置コア🔷, (支払:R:🔷🔷, 配置:R:🔷) -> eval: +0.3382
    [110] SUMMON | コスト🔷🔷, 配置コア🔷, (支払:R:🔷, ガリザロト:🔷, 配置:R:🔷) -> eval: +0.3360
    [111] SUMMON | コスト🔷🔷, 配置コア🔶, (支払:R:🔷🔷, 配置:ガリザロト:🔶) -> eval: +0.3593
    [112] SUMMON | コスト🔷🔷, 配置コア🔶 ⚠️ガリザロト消滅, (支払:R:🔷, ガリザロト:🔷, 配置:ガリザロト:🔶) -> eval: +0.1023
    [113] SUMMON | コスト🔷🔶, 配置コア🔷, (支払:R:🔷, ガリザロト:🔶, 配置:R:🔷) -> eval: +0.3427
    [114] SUMMON | コスト🔷🔶, 配置コア🔷 ⚠️ガリザロト消滅, (支払:ガリザロト:🔷🔶, 配置:R:🔷) -> eval: +0.1110
    [115] SUMMON | コスト🔷🔷, 配置コア🔷🔷, (支払:R:🔷🔷, 配置:R:🔷🔷) -> eval: +0.3424
    [116] SUMMON | コスト🔷🔷, 配置コア🔷🔷, (支払:R:🔷, ガリザロト:🔷, 配置:R:🔷🔷) -> eval: +0.3395
    [117] SUMMON | コスト🔷🔷, 配置コア🔷🔶, (支払:R:🔷🔷, 配置:R:🔷, ガリザロト:🔶) -> eval: +0.3627
    [118] SUMMON | コスト🔷🔷, 配置コア🔷🔶 ⚠️ガリザロト消滅, (支払:R:🔷, ガリザロト:🔷, 配置:R:🔷, ガリザロト:🔶) -> eval: +0.1082
    [119] SUMMON | コスト🔷🔶, 配置コア🔷🔷, (支払:R:🔷, ガリザロト:🔶, 配置:R:🔷🔷) -> eval: +0.3476
    [120] SUMMON | コスト🔷🔶, 配置コア🔷🔷 ⚠️ガリザロト消滅, (支払:ガリザロト:🔷🔶, 配置:R:🔷🔷) -> eval: +0.1180
    [121] SUMMON | コスト🔷🔷, 配置コア🔷🔷🔷, (支払:R:🔷🔷, 配置:R:🔷🔷🔷) -> eval: +0.3478
    [122] SUMMON | コスト🔷🔷, 配置コア🔷🔷🔷, (支払:R:🔷, ガリザロト:🔷, 配置:R:🔷🔷🔷) -> eval: +0.3440
    [123] SUMMON | コスト🔷🔷, 配置コア🔷🔷🔶, (支払:R:🔷🔷, 配置:R:🔷🔷, ガリザロト:🔶) -> eval: +0.3669
    [124] SUMMON | コスト🔷🔷, 配置コア🔷🔷🔶 ⚠️ガリザロト消滅, (支払:R:🔷, ガリザロト:🔷, 配置:R:🔷🔷, ガリザロト:🔶) -> eval: +0.1157
    [125] SUMMON | コスト🔷🔶, 配置コア🔷🔷🔷, (支払:R:🔷, ガリザロト:🔶, 配置:R:🔷🔷🔷) -> eval: +0.3536
    [126] SUMMON | コスト🔷🔶, 配置コア🔷🔷🔷 ⚠️ガリザロト消滅, (支払:ガリザロト:🔷🔶, 配置:R:🔷🔷🔷) -> eval: +0.1264
    [127] SUMMON | コスト🔷🔷, 配置コア🔷🔷🔷🔷, (支払:R:🔷🔷, 配置:R:🔷🔷🔷🔷) -> eval: +0.3544
    [128] SUMMON | コスト🔷🔷, 配置コア🔷🔷🔷🔷, (支払:R:🔷, ガリザロト:🔷, 配置:R:🔷🔷🔷🔷) -> eval: +0.3498
    [129] SUMMON | コスト🔷🔷, 配置コア🔷🔷🔷🔶, (支払:R:🔷🔷, 配置:R:🔷🔷🔷, ガリザロト:🔶) -> eval: +0.3721
    [130] SUMMON | コスト🔷🔷, 配置コア🔷🔷🔷🔶 ⚠️ガリザロト消滅, (支払:R:🔷, ガリザロト:🔷, 配置:R:🔷🔷🔷, ガリザロト:🔶) -> eval: +0.1246
    [131] SUMMON | コスト🔷🔶, 配置コア🔷🔷🔷🔷, (支払:R:🔷, ガリザロト:🔶, 配置:R:🔷🔷🔷🔷) -> eval: +0.3606
    [132] SUMMON | コスト🔷🔶, 配置コア🔷🔷🔷🔷 ⚠️ガリザロト消滅, (支払:ガリザロト:🔷🔶, 配置:R:🔷🔷🔷🔷) -> eval: +0.1363
    [133] SUMMON | コスト🔷🔷, 配置コア🔷🔷🔷🔷🔷, (支払:R:🔷🔷, 配置:R:🔷🔷🔷🔷🔷) -> eval: +0.3624
    [134] SUMMON | コスト🔷🔷, 配置コア🔷🔷🔷🔷🔷, (支払:R:🔷, ガリザロト:🔷, 配置:R:🔷🔷🔷🔷🔷) -> eval: +0.3569
    [135] SUMMON | コスト🔷🔷, 配置コア🔷🔷🔷🔷🔶, (支払:R:🔷🔷, 配置:R:🔷🔷🔷🔷, ガリザロト:🔶) -> eval: +0.3784
    [136] SUMMON | コスト🔷🔷, 配置コア🔷🔷🔷🔷🔶 ⚠️ガリザロト消滅, (支払:R:🔷, ガリザロト:🔷, 配置:R:🔷🔷🔷🔷, ガリザロト:🔶) -> eval: +0.1351
    [137] SUMMON | コスト🔷🔶, 配置コア🔷🔷🔷🔷🔷, (支払:R:🔷, ガリザロト:🔶, 配置:R:🔷🔷🔷🔷🔷) -> eval: +0.3688
    [138] SUMMON | コスト🔷🔶, 配置コア🔷🔷🔷🔷🔷 ⚠️ガリザロト消滅, (支払:ガリザロト:🔷🔶, 配置:R:🔷🔷🔷🔷🔷) -> eval: +0.1476
    [139] SUMMON | コスト🔷🔷, 配置コア🔷🔷🔷🔷🔷🔷, (支払:R:🔷, ガリザロト:🔷, 配置:R:🔷🔷🔷🔷🔷🔷) -> eval: +0.3652
    [140] SUMMON | コスト🔷🔷, 配置コア🔷🔷🔷🔷🔷🔶, (支払:R:🔷🔷, 配置:R:🔷🔷🔷🔷🔷, ガリザロト:🔶) -> eval: +0.3859
    [141] SUMMON | コスト🔷🔷, 配置コア🔷🔷🔷🔷🔷🔶 ⚠️ガリザロト消滅, (支払:R:🔷, ガリザロト:🔷, 配置:R:🔷🔷🔷🔷🔷, ガリザロト:🔶) -> eval: +0.1470
    [142] SUMMON | コスト🔷🔶, 配置コア🔷🔷🔷🔷🔷🔷, (支払:R:🔷, ガリザロト:🔶, 配置:R:🔷🔷🔷🔷🔷🔷) -> eval: +0.3782
    [143] SUMMON | コスト🔷🔶, 配置コア🔷🔷🔷🔷🔷🔷 ⚠️ガリザロト消滅, (支払:ガリザロト:🔷🔶, 配置:R:🔷🔷🔷🔷🔷🔷) -> eval: +0.1603
    [144] SUMMON | コスト🔷🔷, 配置コア🔷🔷🔷🔷🔷🔷🔶 ⚠️ガリザロト消滅, (支払:R:🔷, ガリザロト:🔷, 配置:R:🔷🔷🔷🔷🔷🔷, ガリザロト:🔶) -> eval: +0.1603
    [145] SUMMON | コスト🔷🔶, 配置コア🔷🔷🔷🔷🔷🔷🔷 ⚠️ガリザロト消滅, (支払:ガリザロト:🔷🔶, 配置:R:🔷🔷🔷🔷🔷🔷🔷) -> eval: +0.1743
    [146] SUMMON | コスト🔷🔷🔷🔷, 配置コア🔷, (支払:R:🔷🔷🔷🔷, 配置:R:🔷) -> eval: +0.3793
    [147] SUMMON | コスト🔷🔷🔷🔷, 配置コア🔷, (支払:R:🔷🔷🔷, ガリザロト:🔷, 配置:R:🔷) -> eval: +0.3753
    [148] SUMMON | コスト🔷🔷🔷🔷, 配置コア🔶, (支払:R:🔷🔷🔷🔷, 配置:ガリザロト:🔶) -> eval: +0.3875
    [149] SUMMON | コスト🔷🔷🔷🔷, 配置コア🔶 ⚠️ガリザロト消滅, (支払:R:🔷🔷🔷, ガリザロト:🔷, 配置:ガリザロト:🔶) -> eval: +0.1383
    [150] SUMMON | コスト🔷🔷🔷🔶, 配置コア🔷, (支払:R:🔷🔷🔷, ガリザロト:🔶, 配置:R:🔷) -> eval: +0.3861
    [151] SUMMON | コスト🔷🔷🔷🔶, 配置コア🔷 ⚠️ガリザロト消滅, (支払:R:🔷🔷, ガリザロト:🔷🔶, 配置:R:🔷) -> eval: +0.1592
    [152] SUMMON | コスト🔷🔷🔷🔷, 配置コア🔷🔷, (支払:R:🔷🔷🔷🔷, 配置:R:🔷🔷) -> eval: +0.3996
    [153] SUMMON | コスト🔷🔷🔷🔷, 配置コア🔷🔷, (支払:R:🔷🔷🔷, ガリザロト:🔷, 配置:R:🔷🔷) -> eval: +0.3947
    [154] SUMMON | コスト🔷🔷🔷🔷, 配置コア🔷🔶, (支払:R:🔷🔷🔷🔷, 配置:R:🔷, ガリザロト:🔶) -> eval: +0.3944
    [155] SUMMON | コスト🔷🔷🔷🔷, 配置コア🔷🔶 ⚠️ガリザロト消滅, (支払:R:🔷🔷🔷, ガリザロト:🔷, 配置:R:🔷, ガリザロト:🔶) -> eval: +0.1470
    [156] SUMMON | コスト🔷🔷🔷🔶, 配置コア🔷🔷, (支払:R:🔷🔷🔷, ガリザロト:🔶, 配置:R:🔷🔷) -> eval: +0.4077
    [157] SUMMON | コスト🔷🔷🔷🔶, 配置コア🔷🔷 ⚠️ガリザロト消滅, (支払:R:🔷🔷, ガリザロト:🔷🔶, 配置:R:🔷🔷) -> eval: +0.1805
    [158] SUMMON | コスト🔷🔷🔷🔷, 配置コア🔷🔷🔷, (支払:R:🔷🔷🔷🔷, 配置:R:🔷🔷🔷) -> eval: +0.4075
    [159] SUMMON | コスト🔷🔷🔷🔷, 配置コア🔷🔷🔷, (支払:R:🔷🔷🔷, ガリザロト:🔷, 配置:R:🔷🔷🔷) -> eval: +0.4017
    [160] SUMMON | コスト🔷🔷🔷🔷, 配置コア🔷🔷🔶, (支払:R:🔷🔷🔷🔷, 配置:R:🔷🔷, ガリザロト:🔶) -> eval: +0.4001
    [161] SUMMON | コスト🔷🔷🔷🔷, 配置コア🔷🔷🔶 ⚠️ガリザロト消滅, (支払:R:🔷🔷🔷, ガリザロト:🔷, 配置:R:🔷🔷, ガリザロト:🔶) -> eval: +0.1568
    [162] SUMMON | コスト🔷🔷🔷🔶, 配置コア🔷🔷🔷, (支払:R:🔷🔷🔷, ガリザロト:🔶, 配置:R:🔷🔷🔷) -> eval: +0.4156
    [163] SUMMON | コスト🔷🔷🔷🔶, 配置コア🔷🔷🔷 ⚠️ガリザロト消滅, (支払:R:🔷🔷, ガリザロト:🔷🔶, 配置:R:🔷🔷🔷) -> eval: +0.1922
    [164] SUMMON | コスト🔷🔷🔷🔷, 配置コア🔷🔷🔷🔷, (支払:R:🔷🔷🔷, ガリザロト:🔷, 配置:R:🔷🔷🔷🔷) -> eval: +0.4098
    [165] SUMMON | コスト🔷🔷🔷🔷, 配置コア🔷🔷🔷🔶, (支払:R:🔷🔷🔷🔷, 配置:R:🔷🔷🔷, ガリザロト:🔶) -> eval: +0.4068
    [166] SUMMON | コスト🔷🔷🔷🔷, 配置コア🔷🔷🔷🔶 ⚠️ガリザロト消滅, (支払:R:🔷🔷🔷, ガリザロト:🔷, 配置:R:🔷🔷🔷, ガリザロト:🔶) -> eval: +0.1680
    [167] SUMMON | コスト🔷🔷🔷🔶, 配置コア🔷🔷🔷🔷, (支払:R:🔷🔷🔷, ガリザロト:🔶, 配置:R:🔷🔷🔷🔷) -> eval: +0.4246
    [168] SUMMON | コスト🔷🔷🔷🔶, 配置コア🔷🔷🔷🔷 ⚠️ガリザロト消滅, (支払:R:🔷🔷, ガリザロト:🔷🔶, 配置:R:🔷🔷🔷🔷) -> eval: +0.2052
    [169] SUMMON | コスト🔷🔷🔷🔷, 配置コア🔷🔷🔷🔷🔶 ⚠️ガリザロト消滅, (支払:R:🔷🔷🔷, ガリザロト:🔷, 配置:R:🔷🔷🔷🔷, ガリザロト:🔶) -> eval: +0.1806
    [170] SUMMON | コスト🔷🔷🔷🔶, 配置コア🔷🔷🔷🔷🔷 ⚠️ガリザロト消滅, (支払:R:🔷🔷, ガリザロト:🔷🔶, 配置:R:🔷🔷🔷🔷🔷) -> eval: +0.2193
    [171] MOVE_CORE | 🔷を移動 -> eval: +0.3064
    [172] MOVE_CORE | 🔷🔷を移動 -> eval: +0.3061
    [173] MOVE_CORE | 🔷🔷🔷を移動 -> eval: +0.3068
    [174] MOVE_CORE | 🔷🔷🔷🔷を移動 -> eval: +0.3084
    [175] MOVE_CORE | 🔷🔷🔷🔷🔷を移動 -> eval: +0.3111
    [176] MOVE_CORE | 🔷🔷🔷🔷🔷🔷を移動 -> eval: +0.3150
    [177] MOVE_CORE | 🔷🔷🔷🔷🔷🔷🔷を移動 -> eval: +0.3200
    [178] MOVE_CORE | 🔷を移動 -> eval: +0.3091
    [179] MOVE_CORE | 🔷🔷を移動 -> eval: +0.3116
    [180] MOVE_CORE | 🔷🔷🔷を移動 -> eval: +0.3150
    [181] MOVE_CORE | 🔷🔷🔷🔷を移動 -> eval: +0.3196
    [182] MOVE_CORE | 🔷🔷🔷🔷🔷を移動 -> eval: +0.3254
    [183] MOVE_CORE | 🔷🔷🔷🔷🔷🔷を移動 -> eval: +0.3324
    [184] MOVE_CORE | 🔷🔷🔷🔷🔷🔷🔷を移動 -> eval: +0.3408
    [185] MOVE_CORE | 🔷を移動 -> eval: +0.3063
    [186] MOVE_CORE | 🔶を移動 -> eval: +0.2938
    [187] MOVE_CORE | 🔷🔶を移動 ⚠️ガリザロト消滅 -> eval: +0.0487
    [188] MOVE_CORE | 🔶 ⇄ 🔷 を交換 -> eval: +0.2963
    [189] MOVE_CORE | 🔷を移動 -> eval: +0.3049
    [190] MOVE_CORE | 🔶を移動 -> eval: +0.2897
    [191] MOVE_CORE | 🔷🔶を移動 ⚠️ガリザロト消滅 -> eval: +0.0434
  ステップ終了評価: +0.3074
  => 選択: SUMMON | コスト🔷🔷🔷🔶, 配置コア🔷🔷🔷🔷, (支払:R:🔷🔷🔷, ガリザロト:🔶, 配置:R:🔷🔷🔷🔷) (eval: +0.4246 > 終了評価 +0.3074)
     効果/結果: 🎴 「透笠オリンディアス」を召喚 (コスト4をトラッシュへ) ※ガリザロトから1個

Turn 5 | 手数 27 | 手番: P1(run2_run3.kann.weight) | メインステップ
  盤面:
    P1: Life:2, Reserve:0, Hand:4枚, Field:[最奥：緑淵深(Lv1,コア0), ガリザロト(Lv1,コア1), 透笠オリンディアス(Lv2,コア4)]
    P2: Life:4, Reserve:0, Hand:4枚, Field:[フラッティ(Lv1,コア1), 深巣ダンテクレオ(Lv2,コア1s)]
  候補行動 (37件):
    [0] SUMMON | コスト🔷🔷, 配置コア🔷 ⚠️ガリザロト消滅, (支払:透笠オリンディアス:🔷🔷, 配置:ガリザロト:🔷) -> eval: +0.2653
    [1] SUMMON | コスト🔷🔷, 配置コア🔷, (支払:透笠オリンディアス:🔷🔷, 配置:透笠オリンディアス:🔷) -> eval: +0.4512
    [2] SUMMON | コスト🔷🔷, 配置コア🔷🔷 ⚠️ガリザロト消滅, (支払:透笠オリンディアス:🔷🔷, 配置:ガリザロト:🔷, 透笠オリンディアス:🔷) -> eval: +0.2611
    [3] SUMMON | コスト🔷🔷, 配置コア🔷🔷 ⚠️透笠オリンディアス消滅, (支払:透笠オリンディアス:🔷🔷, 配置:透笠オリンディアス:🔷🔷) -> eval: +0.2564
    [4] SUMMON | コスト🔷🔷, 配置コア🔷🔷🔷 ⚠️ガリザロト・透笠オリンディアス消滅, (支払:透笠オリンディアス:🔷🔷, 配置:ガリザロト:🔷, 透笠オリンディアス:🔷🔷) -> eval: +0.1375
    [5] SUMMON | コスト🔷🔷, 配置コアなし ⚠️ガリザロト消滅, (支払:ガリザロト:🔷, 透笠オリンディアス:🔷, 配置:なし) -> eval: +0.2209
    [6] SUMMON | コスト🔷🔷, 配置コアなし, (支払:透笠オリンディアス:🔷🔷, 配置:なし) -> eval: +0.4122
    [7] SUMMON | コスト🔷🔷, 配置コア🔷 ⚠️ガリザロト消滅, (支払:透笠オリンディアス:🔷🔷, 配置:ガリザロト:🔷) -> eval: +0.2204
    [8] SUMMON | コスト🔷🔷, 配置コア🔷, (支払:透笠オリンディアス:🔷🔷, 配置:透笠オリンディアス:🔷) -> eval: +0.4080
    [9] SUMMON | コスト🔷🔷, 配置コア🔷🔷 ⚠️ガリザロト消滅, (支払:透笠オリンディアス:🔷🔷, 配置:ガリザロト:🔷, 透笠オリンディアス:🔷) -> eval: +0.2174
    [10] SUMMON | コスト🔷🔷, 配置コア🔷🔷 ⚠️透笠オリンディアス消滅, (支払:透笠オリンディアス:🔷🔷, 配置:透笠オリンディアス:🔷🔷) -> eval: +0.2120
    [11] SUMMON | コスト🔷🔷, 配置コア🔷🔷🔷 ⚠️ガリザロト・透笠オリンディアス消滅, (支払:透笠オリンディアス:🔷🔷, 配置:ガリザロト:🔷, 透笠オリンディアス:🔷🔷) -> eval: +0.0957
    [12] SUMMON | コスト🔷🔷, 配置コア🔷 ⚠️ガリザロト消滅, (支払:透笠オリンディアス:🔷🔷, 配置:ガリザロト:🔷) -> eval: +0.2334
    [13] SUMMON | コスト🔷🔷, 配置コア🔷, (支払:透笠オリンディアス:🔷🔷, 配置:透笠オリンディアス:🔷) -> eval: +0.4215
    [14] SUMMON | コスト🔷🔷, 配置コア🔷🔷 ⚠️ガリザロト消滅, (支払:透笠オリンディアス:🔷🔷, 配置:ガリザロト:🔷, 透笠オリンディアス:🔷) -> eval: +0.2380
    [15] SUMMON | コスト🔷🔷, 配置コア🔷🔷 ⚠️透笠オリンディアス消滅, (支払:透笠オリンディアス:🔷🔷, 配置:透笠オリンディアス:🔷🔷) -> eval: +0.2330
    [16] SUMMON | コスト🔷🔷, 配置コア🔷🔷🔷 ⚠️ガリザロト・透笠オリンディアス消滅, (支払:透笠オリンディアス:🔷🔷, 配置:ガリザロト:🔷, 透笠オリンディアス:🔷🔷) -> eval: +0.1135
    [17] SUMMON | コスト🔷🔷, 配置コア🔷 ⚠️ガリザロト消滅, (支払:透笠オリンディアス:🔷🔷, 配置:ガリザロト:🔷) -> eval: +0.2393
    [18] SUMMON | コスト🔷🔷, 配置コア🔷, (支払:透笠オリンディアス:🔷🔷, 配置:透笠オリンディアス:🔷) -> eval: +0.4278
    [19] SUMMON | コスト🔷🔷, 配置コア🔷🔷 ⚠️ガリザロト消滅, (支払:透笠オリンディアス:🔷🔷, 配置:ガリザロト:🔷, 透笠オリンディアス:🔷) -> eval: +0.2343
    [20] SUMMON | コスト🔷🔷, 配置コア🔷🔷 ⚠️透笠オリンディアス消滅, (支払:透笠オリンディアス:🔷🔷, 配置:透笠オリンディアス:🔷🔷) -> eval: +0.2291
    [21] SUMMON | コスト🔷🔷, 配置コア🔷🔷🔷 ⚠️ガリザロト・透笠オリンディアス消滅, (支払:透笠オリンディアス:🔷🔷, 配置:ガリザロト:🔷, 透笠オリンディアス:🔷🔷) -> eval: +0.1102
    [22] MOVE_CORE | 🔷を移動 ⚠️ガリザロト消滅 -> eval: +0.2052
    [23] MOVE_CORE | 🔷を移動 ⚠️ガリザロト消滅 -> eval: +0.2162
    [24] MOVE_CORE | 🔷を移動 ⚠️ガリザロト消滅 -> eval: +0.2193
    [25] MOVE_CORE | 🔷を移動 -> eval: +0.4156
    [26] MOVE_CORE | 🔷🔷を移動 -> eval: +0.4077
    [27] MOVE_CORE | 🔷🔷🔷を移動 -> eval: +0.3861
    [28] MOVE_CORE | 🔷🔷🔷🔷を移動 ⚠️透笠オリンディアス消滅 -> eval: +0.1533
    [29] MOVE_CORE | 🔷を移動 -> eval: +0.4215
    [30] MOVE_CORE | 🔷🔷を移動 -> eval: +0.4187
    [31] MOVE_CORE | 🔷🔷🔷を移動 -> eval: +0.4013
    [32] MOVE_CORE | 🔷🔷🔷🔷を移動 ⚠️透笠オリンディアス消滅 -> eval: +0.1924
    [33] MOVE_CORE | 🔷を移動 -> eval: +0.4227
    [34] MOVE_CORE | 🔷🔷を移動 -> eval: +0.4212
    [35] MOVE_CORE | 🔷🔷🔷を移動 -> eval: +0.4053
    [36] MOVE_CORE | 🔷🔷🔷🔷を移動 ⚠️透笠オリンディアス消滅 -> eval: +0.1990
  ステップ終了評価: +0.4246
  => 選択: SUMMON | コスト🔷🔷, 配置コア🔷, (支払:透笠オリンディアス:🔷🔷, 配置:透笠オリンディアス:🔷) (eval: +0.4512 > 終了評価 +0.4246)
     効果/結果: 🎴 「ガリザロト」を召喚 (コスト2をトラッシュへ) ※透笠オリンディアスから2個, 透笠オリンディアスから1個

Turn 5 | 手数 28 | 手番: P1(run2_run3.kann.weight) | メインステップ
  盤面:
    P1: Life:2, Reserve:0, Hand:3枚, Field:[最奥：緑淵深(Lv1,コア0), ガリザロト(Lv1,コア1), 透笠オリンディアス(Lv1,コア1), ガリザロト(Lv1,コア1)]
    P2: Life:4, Reserve:0, Hand:4枚, Field:[フラッティ(Lv1,コア1), 深巣ダンテクレオ(Lv2,コア1s)]
  候補行動 (18件):
    [0] SUMMON | コスト🔷🔷, 配置コアなし ⚠️ガリザロト・透笠オリンディアス消滅, (支払:ガリザロト:🔷, 透笠オリンディアス:🔷, 配置:なし) -> eval: +0.1501
    [1] SUMMON | コスト🔷🔷, 配置コアなし ⚠️ガリザロト・ガリザロト消滅, (支払:ガリザロト:🔷, ガリザロト:🔷, 配置:なし) -> eval: +0.1547
    [2] SUMMON | コスト🔷🔷, 配置コアなし ⚠️透笠オリンディアス・ガリザロト消滅, (支払:透笠オリンディアス:🔷, ガリザロト:🔷, 配置:なし) -> eval: +0.1501
    [3] SUMMON | コスト🔷🔷, 配置コア🔷 ⚠️ガリザロト・透笠オリンディアス・ガリザロト消滅, (支払:透笠オリンディアス:🔷, ガリザロト:🔷, 配置:ガリザロト:🔷) -> eval: +0.0742
    [4] SUMMON | コスト🔷🔷, 配置コア🔷 ⚠️ガリザロト・透笠オリンディアス・ガリザロト消滅, (支払:透笠オリンディアス:🔷, ガリザロト:🔷, 配置:ガリザロト:🔷) -> eval: +0.0828
    [5] SUMMON | コスト🔷🔷, 配置コア🔷 ⚠️ガリザロト・透笠オリンディアス・ガリザロト消滅, (支払:透笠オリンディアス:🔷, ガリザロト:🔷, 配置:ガリザロト:🔷) -> eval: +0.0874
    [6] MOVE_CORE | 🔷を移動 ⚠️ガリザロト消滅 -> eval: +0.2486
    [7] MOVE_CORE | 🔷を移動 ⚠️ガリザロト消滅 -> eval: +0.2597
    [8] MOVE_CORE | 🔷を移動 ⚠️ガリザロト消滅 -> eval: +0.2653
    [9] MOVE_CORE | 🔷を移動 ⚠️ガリザロト消滅 -> eval: +0.2611
    [10] MOVE_CORE | 🔷を移動 ⚠️透笠オリンディアス消滅 -> eval: +0.2439
    [11] MOVE_CORE | 🔷を移動 ⚠️透笠オリンディアス消滅 -> eval: +0.2550
    [12] MOVE_CORE | 🔷を移動 ⚠️透笠オリンディアス消滅 -> eval: +0.2561
    [13] MOVE_CORE | 🔷を移動 ⚠️透笠オリンディアス消滅 -> eval: +0.2564
    [14] MOVE_CORE | 🔷を移動 ⚠️ガリザロト消滅 -> eval: +0.2494
    [15] MOVE_CORE | 🔷を移動 ⚠️ガリザロト消滅 -> eval: +0.2605
    [16] MOVE_CORE | 🔷を移動 ⚠️ガリザロト消滅 -> eval: +0.2616
    [17] MOVE_CORE | 🔷を移動 ⚠️ガリザロト消滅 -> eval: +0.2715
  ステップ終了評価: +0.4512
  => 選択: ステップ終了 (候補最大 +0.2715 <= 終了評価 +0.4512)

Turn 5 | 手数 29 | 手番: P1(run2_run3.kann.weight) | アタック宣言
  盤面:
    P1: Life:2, Reserve:0, Hand:3枚, Field:[最奥：緑淵深(Lv1,コア0), ガリザロト(Lv1,コア1), 透笠オリンディアス(Lv1,コア1), ガリザロト(Lv1,コア1)]
    P2: Life:4, Reserve:0, Hand:4枚, Field:[フラッティ(Lv1,コア1), 深巣ダンテクレオ(Lv2,コア1s)]
  候補行動 (3件):
    [0] ATTACK | ガリザロト でアタック宣言 (Lv1, BP5000, 通ればライフ-🔷) -> eval: +0.4868
    [1] ATTACK | 透笠オリンディアス でアタック宣言 (Lv1, BP6000, 通ればライフ-🔷) -> eval: +0.4836
    [2] ATTACK | ガリザロト でアタック宣言 (Lv1, BP5000, 通ればライフ-🔷) -> eval: +0.4846
  ステップ終了評価: +0.4512
  => 選択: ATTACK | ガリザロト でアタック宣言 (Lv1, BP5000, 通ればライフ-🔷) (eval: +0.4868 > 終了評価 +0.4512)
     効果/結果: 🗡️ 「ガリザロト」がアタック宣言 (BP5000)

Turn 5 | 手数 30 | 手番: P2(run3_run4.kann.weight) | ブロック宣言
  盤面:
    P1: Life:2, Reserve:0, Hand:3枚, Field:[最奥：緑淵深(Lv1,コア0), ガリザロト(Lv1,コア1), 透笠オリンディアス(Lv1,コア1), ガリザロト(Lv1,コア1)]
    P2: Life:4, Reserve:0, Hand:4枚, Field:[フラッティ(Lv1,コア1), 深巣ダンテクレオ(Lv2,コア1s)]
  候補行動 (1件):
    [0] PASS_BLOCK | ライフでアタックを受ける (ライフ-🔷) -> eval: +0.1507
  => 選択: PASS_BLOCK | ライフでアタックを受ける (ライフ-🔷) (eval: +0.1507)
     効果/結果: 💔 ブロックせず: プレイヤー2 のライフ-1 (コアはリザーブへ)

Turn 5 | 手数 31 | 手番: P1(run2_run3.kann.weight) | アタック宣言
  盤面:
    P1: Life:2, Reserve:0, Hand:3枚, Field:[最奥：緑淵深(Lv1,コア0), ガリザロト(Lv1,コア1), 透笠オリンディアス(Lv1,コア1), ガリザロト(Lv1,コア1)]
    P2: Life:3, Reserve:1, Hand:4枚, Field:[フラッティ(Lv1,コア1), 深巣ダンテクレオ(Lv2,コア1s)]
  候補行動 (2件):
    [0] ATTACK | 透笠オリンディアス でアタック宣言 (Lv1, BP6000, 通ればライフ-🔷) -> eval: +0.5058
    [1] ATTACK | ガリザロト でアタック宣言 (Lv1, BP5000, 通ればライフ-🔷) -> eval: +0.5111
  ステップ終了評価: +0.4905
  => 選択: ATTACK | ガリザロト でアタック宣言 (Lv1, BP5000, 通ればライフ-🔷) (eval: +0.5111 > 終了評価 +0.4905)
     効果/結果: 🗡️ 「ガリザロト」がアタック宣言 (BP5000)

Turn 5 | 手数 32 | 手番: P2(run3_run4.kann.weight) | ブロック宣言
  盤面:
    P1: Life:2, Reserve:0, Hand:3枚, Field:[最奥：緑淵深(Lv1,コア0), ガリザロト(Lv1,コア1), 透笠オリンディアス(Lv1,コア1), ガリザロト(Lv1,コア1)]
    P2: Life:3, Reserve:1, Hand:4枚, Field:[フラッティ(Lv1,コア1), 深巣ダンテクレオ(Lv2,コア1s)]
  候補行動 (1件):
    [0] PASS_BLOCK | ライフでアタックを受ける (ライフ-🔷) -> eval: +0.1762
  => 選択: PASS_BLOCK | ライフでアタックを受ける (ライフ-🔷) (eval: +0.1762)
     効果/結果: 💔 ブロックせず: プレイヤー2 のライフ-1 (コアはリザーブへ)

Turn 5 | 手数 33 | 手番: P1(run2_run3.kann.weight) | アタック宣言
  盤面:
    P1: Life:2, Reserve:0, Hand:3枚, Field:[最奥：緑淵深(Lv1,コア0), ガリザロト(Lv1,コア1), 透笠オリンディアス(Lv1,コア1), ガリザロト(Lv1,コア1)]
    P2: Life:2, Reserve:2, Hand:4枚, Field:[フラッティ(Lv1,コア1), 深巣ダンテクレオ(Lv2,コア1s)]
  候補行動 (1件):
    [0] ATTACK | 透笠オリンディアス でアタック宣言 (Lv1, BP6000, 通ればライフ-🔷) -> eval: +0.5219
  ステップ終了評価: +0.5145
  => 選択: ATTACK | 透笠オリンディアス でアタック宣言 (Lv1, BP6000, 通ればライフ-🔷) (eval: +0.5219 > 終了評価 +0.5145)
     効果/結果: 🗡️ 「透笠オリンディアス」がアタック宣言 (BP6000)

Turn 5 | 手数 34 | 手番: P2(run3_run4.kann.weight) | ブロック宣言
  盤面:
    P1: Life:2, Reserve:0, Hand:3枚, Field:[最奥：緑淵深(Lv1,コア0), ガリザロト(Lv1,コア1), 透笠オリンディアス(Lv1,コア1), ガリザロト(Lv1,コア1)]
    P2: Life:2, Reserve:2, Hand:4枚, Field:[フラッティ(Lv1,コア1), 深巣ダンテクレオ(Lv2,コア1s)]
  候補行動 (1件):
    [0] PASS_BLOCK | ライフでアタックを受ける (ライフ-🔷) -> eval: +0.2262
  => 選択: PASS_BLOCK | ライフでアタックを受ける (ライフ-🔷) (eval: +0.2262)
     効果/結果: 💔 ブロックせず: プレイヤー2 のライフ-1 (コアはリザーブへ)

Turn 5 | 手数 35 | 手番: P1(run2_run3.kann.weight) | アタック宣言
  盤面:
    P1: Life:2, Reserve:0, Hand:3枚, Field:[最奥：緑淵深(Lv1,コア0), ガリザロト(Lv1,コア1), 透笠オリンディアス(Lv1,コア1), ガリザロト(Lv1,コア1)]
    P2: Life:1, Reserve:3, Hand:4枚, Field:[フラッティ(Lv1,コア1), 深巣ダンテクレオ(Lv2,コア1s)]
  候補行動 (0件):
  ステップ終了評価: +0.5248
  => 選択: ステップ終了

Turn 5 | 手数 36 | 手番: P1(run2_run3.kann.weight) | 第2メインステップ
  盤面:
    P1: Life:2, Reserve:0, Hand:3枚, Field:[最奥：緑淵深(Lv1,コア0), ガリザロト(Lv1,コア1), 透笠オリンディアス(Lv1,コア1), ガリザロト(Lv1,コア1)]
    P2: Life:1, Reserve:3, Hand:4枚, Field:[フラッティ(Lv1,コア1), 深巣ダンテクレオ(Lv2,コア1s)]
  候補行動 (18件):
    [0] SUMMON | コスト🔷🔷, 配置コアなし ⚠️ガリザロト・透笠オリンディアス消滅, (支払:ガリザロト:🔷, 透笠オリンディアス:🔷, 配置:なし) -> eval: +0.2208
    [1] SUMMON | コスト🔷🔷, 配置コアなし ⚠️ガリザロト・ガリザロト消滅, (支払:ガリザロト:🔷, ガリザロト:🔷, 配置:なし) -> eval: +0.2236
    [2] SUMMON | コスト🔷🔷, 配置コアなし ⚠️透笠オリンディアス・ガリザロト消滅, (支払:透笠オリンディアス:🔷, ガリザロト:🔷, 配置:なし) -> eval: +0.2208
    [3] SUMMON | コスト🔷🔷, 配置コア🔷 ⚠️ガリザロト・透笠オリンディアス・ガリザロト消滅, (支払:透笠オリンディアス:🔷, ガリザロト:🔷, 配置:ガリザロト:🔷) -> eval: +0.0950
    [4] SUMMON | コスト🔷🔷, 配置コア🔷 ⚠️ガリザロト・透笠オリンディアス・ガリザロト消滅, (支払:透笠オリンディアス:🔷, ガリザロト:🔷, 配置:ガリザロト:🔷) -> eval: +0.1037
    [5] SUMMON | コスト🔷🔷, 配置コア🔷 ⚠️ガリザロト・透笠オリンディアス・ガリザロト消滅, (支払:透笠オリンディアス:🔷, ガリザロト:🔷, 配置:ガリザロト:🔷) -> eval: +0.1084
    [6] MOVE_CORE | 🔷を移動 ⚠️ガリザロト消滅 -> eval: +0.3427
    [7] MOVE_CORE | 🔷を移動 ⚠️ガリザロト消滅 -> eval: +0.3559
    [8] MOVE_CORE | 🔷を移動 ⚠️ガリザロト消滅 -> eval: +0.3612
    [9] MOVE_CORE | 🔷を移動 ⚠️ガリザロト消滅 -> eval: +0.3559
    [10] MOVE_CORE | 🔷を移動 ⚠️透笠オリンディアス消滅 -> eval: +0.3407
    [11] MOVE_CORE | 🔷を移動 ⚠️透笠オリンディアス消滅 -> eval: +0.3539
    [12] MOVE_CORE | 🔷を移動 ⚠️透笠オリンディアス消滅 -> eval: +0.3542
    [13] MOVE_CORE | 🔷を移動 ⚠️透笠オリンディアス消滅 -> eval: +0.3539
    [14] MOVE_CORE | 🔷を移動 ⚠️ガリザロト消滅 -> eval: +0.3434
    [15] MOVE_CORE | 🔷を移動 ⚠️ガリザロト消滅 -> eval: +0.3566
    [16] MOVE_CORE | 🔷を移動 ⚠️ガリザロト消滅 -> eval: +0.3568
    [17] MOVE_CORE | 🔷を移動 ⚠️ガリザロト消滅 -> eval: +0.3645
  ステップ終了評価: +0.5248
  => 選択: ステップ終了 (候補最大 +0.3645 <= 終了評価 +0.5248)

Turn 5 | 手数 37 | 手番: P1(run2_run3.kann.weight) | エンドステップ
  盤面:
    P1: Life:2, Reserve:0, Hand:3枚, Field:[最奥：緑淵深(Lv1,コア0), ガリザロト(Lv1,コア1), 透笠オリンディアス(Lv1,コア1), ガリザロト(Lv1,コア1)]
    P2: Life:1, Reserve:3, Hand:4枚, Field:[フラッティ(Lv1,コア1), 深巣ダンテクレオ(Lv2,コア1s)]
  候補行動 (0件):
  ステップ終了評価: +0.4666
  => 選択: ステップ終了
     効果/結果: 【ターン 6】 手番: プレイヤー2
     効果/結果: 🔷 コアステップ: ボイドからリザーブへコア1個
     効果/結果: 🃏 ドローステップ: 「最奥：緑淵深」をドロー (残り31枚)
     効果/結果: ♻️ リフレッシュステップ: トラッシュのコア5個をリザーブへ
     効果/結果: ♻️ リフレッシュステップ: 2体を回復

Turn 6 | 手数 38 | 手番: P2(run3_run4.kann.weight) | メインステップ
  盤面:
    P1: Life:2, Reserve:0, Hand:3枚, Field:[最奥：緑淵深(Lv1,コア0), ガリザロト(Lv1,コア1), 透笠オリンディアス(Lv1,コア1), ガリザロト(Lv1,コア1)]
    P2: Life:1, Reserve:9, Hand:5枚, Field:[フラッティ(Lv1,コア1), 深巣ダンテクレオ(Lv2,コア1s)]
  候補行動 (221件):
    [0] USE_MAGIC | コスト🔷🔷, コアは置かない, (支払:R:🔷🔷, 配置:なし) -> eval: -0.0136
    [1] USE_MAGIC | コスト🔷🔷, コアは置かない ⚠️フラッティ消滅, (支払:R:🔷, フラッティ:🔷, 配置:なし) -> eval: -0.0730
    [2] USE_MAGIC | コスト🔷🔶, コアは置かない ⚠️深巣ダンテクレオ消滅, (支払:R:🔷, 深巣ダンテクレオ:🔶, 配置:なし) -> eval: -0.0885
    [3] USE_MAGIC | コスト🔷🔶, コアは置かない ⚠️フラッティ・深巣ダンテクレオ消滅, (支払:フラッティ:🔷, 深巣ダンテクレオ:🔶, 配置:なし) -> eval: -0.1407
    [4] SUMMON | コスト🔷🔷🔷, 配置コア🔷, (支払:R:🔷🔷🔷, 配置:R:🔷) -> eval: +0.1187
    [5] SUMMON | コスト🔷🔷🔷, 配置コア🔷 ⚠️フラッティ消滅, (支払:R:🔷🔷, フラッティ:🔷, 配置:R:🔷) -> eval: +0.0307
    [6] SUMMON | コスト🔷🔷🔷, 配置コア🔶 ⚠️深巣ダンテクレオ消滅, (支払:R:🔷🔷🔷, 配置:深巣ダンテクレオ:🔶) -> eval: -0.0183
    [7] SUMMON | コスト🔷🔷🔷, 配置コア🔶 ⚠️フラッティ・深巣ダンテクレオ消滅, (支払:R:🔷🔷, フラッティ:🔷, 配置:深巣ダンテクレオ:🔶) -> eval: -0.0730
    [8] SUMMON | コスト🔷🔷🔶, 配置コア🔷 ⚠️深巣ダンテクレオ消滅, (支払:R:🔷🔷, 深巣ダンテクレオ:🔶, 配置:R:🔷) -> eval: +0.0182
    [9] SUMMON | コスト🔷🔷🔶, 配置コア🔷 ⚠️フラッティ・深巣ダンテクレオ消滅, (支払:R:🔷, フラッティ:🔷, 深巣ダンテクレオ:🔶, 配置:R:🔷) -> eval: -0.0398
    [10] SUMMON | コスト🔷🔷🔷, 配置コア🔷🔷, (支払:R:🔷🔷🔷, 配置:R:🔷🔷) -> eval: +0.1240
    [11] SUMMON | コスト🔷🔷🔷, 配置コア🔷🔷 ⚠️フラッティ消滅, (支払:R:🔷🔷, フラッティ:🔷, 配置:R:🔷🔷) -> eval: +0.0384
    [12] SUMMON | コスト🔷🔷🔷, 配置コア🔷🔶 ⚠️深巣ダンテクレオ消滅, (支払:R:🔷🔷🔷, 配置:R:🔷, 深巣ダンテクレオ:🔶) -> eval: -0.0106
    [13] SUMMON | コスト🔷🔷🔷, 配置コア🔷🔶 ⚠️フラッティ・深巣ダンテクレオ消滅, (支払:R:🔷🔷, フラッティ:🔷, 配置:R:🔷, 深巣ダンテクレオ:🔶) -> eval: -0.0646
    [14] SUMMON | コスト🔷🔷🔶, 配置コア🔷🔷 ⚠️深巣ダンテクレオ消滅, (支払:R:🔷🔷, 深巣ダンテクレオ:🔶, 配置:R:🔷🔷) -> eval: +0.0256
    [15] SUMMON | コスト🔷🔷🔶, 配置コア🔷🔷 ⚠️フラッティ・深巣ダンテクレオ消滅, (支払:R:🔷, フラッティ:🔷, 深巣ダンテクレオ:🔶, 配置:R:🔷🔷) -> eval: -0.0319
    [16] SUMMON | コスト🔷🔷🔷, 配置コア🔷🔷🔷, (支払:R:🔷🔷🔷, 配置:R:🔷🔷🔷) -> eval: +0.1612
    [17] SUMMON | コスト🔷🔷🔷, 配置コア🔷🔷🔷 ⚠️フラッティ消滅, (支払:R:🔷🔷, フラッティ:🔷, 配置:R:🔷🔷🔷) -> eval: +0.0734
    [18] SUMMON | コスト🔷🔷🔷, 配置コア🔷🔷🔶 ⚠️深巣ダンテクレオ消滅, (支払:R:🔷🔷🔷, 配置:R:🔷🔷, 深巣ダンテクレオ:🔶) -> eval: +0.0159
    [19] SUMMON | コスト🔷🔷🔷, 配置コア🔷🔷🔶 ⚠️フラッティ・深巣ダンテクレオ消滅, (支払:R:🔷🔷, フラッティ:🔷, 配置:R:🔷🔷, 深巣ダンテクレオ:🔶) -> eval: -0.0402
    [20] SUMMON | コスト🔷🔷🔶, 配置コア🔷🔷🔷 ⚠️深巣ダンテクレオ消滅, (支払:R:🔷🔷, 深巣ダンテクレオ:🔶, 配置:R:🔷🔷🔷) -> eval: +0.0633
    [21] SUMMON | コスト🔷🔷🔶, 配置コア🔷🔷🔷 ⚠️フラッティ・深巣ダンテクレオ消滅, (支払:R:🔷, フラッティ:🔷, 深巣ダンテクレオ:🔶, 配置:R:🔷🔷🔷) -> eval: +0.0004
    [22] SUMMON | コスト🔷🔷🔷, 配置コア🔷🔷🔷🔷, (支払:R:🔷🔷🔷, 配置:R:🔷🔷🔷🔷) -> eval: +0.1693
    [23] SUMMON | コスト🔷🔷🔷, 配置コア🔷🔷🔷🔷 ⚠️フラッティ消滅, (支払:R:🔷🔷, フラッティ:🔷, 配置:R:🔷🔷🔷🔷) -> eval: +0.0836
    [24] SUMMON | コスト🔷🔷🔷, 配置コア🔷🔷🔷🔶 ⚠️深巣ダンテクレオ消滅, (支払:R:🔷🔷🔷, 配置:R:🔷🔷🔷, 深巣ダンテクレオ:🔶) -> eval: +0.0265
    [25] SUMMON | コスト🔷🔷🔷, 配置コア🔷🔷🔷🔶 ⚠️フラッティ・深巣ダンテクレオ消滅, (支払:R:🔷🔷, フラッティ:🔷, 配置:R:🔷🔷🔷, 深巣ダンテクレオ:🔶) -> eval: -0.0293
    [26] SUMMON | コスト🔷🔷🔶, 配置コア🔷🔷🔷🔷 ⚠️深巣ダンテクレオ消滅, (支払:R:🔷🔷, 深巣ダンテクレオ:🔶, 配置:R:🔷🔷🔷🔷) -> eval: +0.0734
    [27] SUMMON | コスト🔷🔷🔶, 配置コア🔷🔷🔷🔷 ⚠️フラッティ・深巣ダンテクレオ消滅, (支払:R:🔷, フラッティ:🔷, 深巣ダンテクレオ:🔶, 配置:R:🔷🔷🔷🔷) -> eval: +0.0107
    [28] SUMMON | コスト🔷🔷🔷, 配置コア🔷🔷🔷🔷🔷, (支払:R:🔷🔷🔷, 配置:R:🔷🔷🔷🔷🔷) -> eval: +0.1783
    [29] SUMMON | コスト🔷🔷🔷, 配置コア🔷🔷🔷🔷🔷 ⚠️フラッティ消滅, (支払:R:🔷🔷, フラッティ:🔷, 配置:R:🔷🔷🔷🔷🔷) -> eval: +0.0947
    [30] SUMMON | コスト🔷🔷🔷, 配置コア🔷🔷🔷🔷🔶 ⚠️深巣ダンテクレオ消滅, (支払:R:🔷🔷🔷, 配置:R:🔷🔷🔷🔷, 深巣ダンテクレオ:🔶) -> eval: +0.0382
    [31] SUMMON | コスト🔷🔷🔷, 配置コア🔷🔷🔷🔷🔶 ⚠️フラッティ・深巣ダンテクレオ消滅, (支払:R:🔷🔷, フラッティ:🔷, 配置:R:🔷🔷🔷🔷, 深巣ダンテクレオ:🔶) -> eval: -0.0175
    [32] SUMMON | コスト🔷🔷🔶, 配置コア🔷🔷🔷🔷🔷 ⚠️深巣ダンテクレオ消滅, (支払:R:🔷🔷, 深巣ダンテクレオ:🔶, 配置:R:🔷🔷🔷🔷🔷) -> eval: +0.0844
    [33] SUMMON | コスト🔷🔷🔶, 配置コア🔷🔷🔷🔷🔷 ⚠️フラッティ・深巣ダンテクレオ消滅, (支払:R:🔷, フラッティ:🔷, 深巣ダンテクレオ:🔶, 配置:R:🔷🔷🔷🔷🔷) -> eval: +0.0218
    [34] SUMMON | コスト🔷🔷🔷, 配置コア🔷🔷🔷🔷🔷🔷, (支払:R:🔷🔷🔷, 配置:R:🔷🔷🔷🔷🔷🔷) -> eval: +0.1882
    [35] SUMMON | コスト🔷🔷🔷, 配置コア🔷🔷🔷🔷🔷🔷 ⚠️フラッティ消滅, (支払:R:🔷🔷, フラッティ:🔷, 配置:R:🔷🔷🔷🔷🔷🔷) -> eval: +0.1066
    [36] SUMMON | コスト🔷🔷🔷, 配置コア🔷🔷🔷🔷🔷🔶 ⚠️深巣ダンテクレオ消滅, (支払:R:🔷🔷🔷, 配置:R:🔷🔷🔷🔷🔷, 深巣ダンテクレオ:🔶) -> eval: +0.0509
    [37] SUMMON | コスト🔷🔷🔷, 配置コア🔷🔷🔷🔷🔷🔶 ⚠️フラッティ・深巣ダンテクレオ消滅, (支払:R:🔷🔷, フラッティ:🔷, 配置:R:🔷🔷🔷🔷🔷, 深巣ダンテクレオ:🔶) -> eval: -0.0047
    [38] SUMMON | コスト🔷🔷🔶, 配置コア🔷🔷🔷🔷🔷🔷 ⚠️深巣ダンテクレオ消滅, (支払:R:🔷🔷, 深巣ダンテクレオ:🔶, 配置:R:🔷🔷🔷🔷🔷🔷) -> eval: +0.0963
    [39] SUMMON | コスト🔷🔷🔶, 配置コア🔷🔷🔷🔷🔷🔷 ⚠️フラッティ・深巣ダンテクレオ消滅, (支払:R:🔷, フラッティ:🔷, 深巣ダンテクレオ:🔶, 配置:R:🔷🔷🔷🔷🔷🔷) -> eval: +0.0335
    [40] SUMMON | コスト🔷🔷🔷, 配置コア🔷🔷🔷🔷🔷🔷🔷 ⚠️フラッティ消滅, (支払:R:🔷🔷, フラッティ:🔷, 配置:R:🔷🔷🔷🔷🔷🔷🔷) -> eval: +0.1192
    [41] SUMMON | コスト🔷🔷🔷, 配置コア🔷🔷🔷🔷🔷🔷🔶 ⚠️深巣ダンテクレオ消滅, (支払:R:🔷🔷🔷, 配置:R:🔷🔷🔷🔷🔷🔷, 深巣ダンテクレオ:🔶) -> eval: +0.0646
    [42] SUMMON | コスト🔷🔷🔷, 配置コア🔷🔷🔷🔷🔷🔷🔶 ⚠️フラッティ・深巣ダンテクレオ消滅, (支払:R:🔷🔷, フラッティ:🔷, 配置:R:🔷🔷🔷🔷🔷🔷, 深巣ダンテクレオ:🔶) -> eval: +0.0087
    [43] SUMMON | コスト🔷🔷🔶, 配置コア🔷🔷🔷🔷🔷🔷🔷 ⚠️深巣ダンテクレオ消滅, (支払:R:🔷🔷, 深巣ダンテクレオ:🔶, 配置:R:🔷🔷🔷🔷🔷🔷🔷) -> eval: +0.1089
    [44] SUMMON | コスト🔷🔷🔶, 配置コア🔷🔷🔷🔷🔷🔷🔷 ⚠️フラッティ・深巣ダンテクレオ消滅, (支払:R:🔷, フラッティ:🔷, 深巣ダンテクレオ:🔶, 配置:R:🔷🔷🔷🔷🔷🔷🔷) -> eval: +0.0460
    [45] SUMMON | コスト🔷🔷🔷, 配置コア🔷🔷🔷🔷🔷🔷🔷🔶 ⚠️フラッティ・深巣ダンテクレオ消滅, (支払:R:🔷🔷, フラッティ:🔷, 配置:R:🔷🔷🔷🔷🔷🔷🔷, 深巣ダンテクレオ:🔶) -> eval: +0.0230
    [46] SUMMON | コスト🔷🔷🔶, 配置コア🔷🔷🔷🔷🔷🔷🔷🔷 ⚠️フラッティ・深巣ダンテクレオ消滅, (支払:R:🔷, フラッティ:🔷, 深巣ダンテクレオ:🔶, 配置:R:🔷🔷🔷🔷🔷🔷🔷🔷) -> eval: +0.0590
    [47] SUMMON | コスト🔷🔷🔷, 配置コア🔷, (支払:R:🔷🔷🔷, 配置:R:🔷) -> eval: +0.1249
    [48] SUMMON | コスト🔷🔷🔷, 配置コア🔷 ⚠️フラッティ消滅, (支払:R:🔷🔷, フラッティ:🔷, 配置:R:🔷) -> eval: +0.0360
    [49] SUMMON | コスト🔷🔷🔷, 配置コア🔶 ⚠️深巣ダンテクレオ消滅, (支払:R:🔷🔷🔷, 配置:深巣ダンテクレオ:🔶) -> eval: -0.0153
    [50] SUMMON | コスト🔷🔷🔷, 配置コア🔶 ⚠️フラッティ・深巣ダンテクレオ消滅, (支払:R:🔷🔷, フラッティ:🔷, 配置:深巣ダンテクレオ:🔶) -> eval: -0.0702
    [51] SUMMON | コスト🔷🔷🔶, 配置コア🔷 ⚠️深巣ダンテクレオ消滅, (支払:R:🔷🔷, 深巣ダンテクレオ:🔶, 配置:R:🔷) -> eval: +0.0244
    [52] SUMMON | コスト🔷🔷🔶, 配置コア🔷 ⚠️フラッティ・深巣ダンテクレオ消滅, (支払:R:🔷, フラッティ:🔷, 深巣ダンテクレオ:🔶, 配置:R:🔷) -> eval: -0.0345
    [53] SUMMON | コスト🔷🔷🔷, 配置コア🔷🔷, (支払:R:🔷🔷🔷, 配置:R:🔷🔷) -> eval: +0.1534
    [54] SUMMON | コスト🔷🔷🔷, 配置コア🔷🔷 ⚠️フラッティ消滅, (支払:R:🔷🔷, フラッティ:🔷, 配置:R:🔷🔷) -> eval: +0.0632
    [55] SUMMON | コスト🔷🔷🔷, 配置コア🔷🔶 ⚠️深巣ダンテクレオ消滅, (支払:R:🔷🔷🔷, 配置:R:🔷, 深巣ダンテクレオ:🔶) -> eval: +0.0054
    [56] SUMMON | コスト🔷🔷🔷, 配置コア🔷🔶 ⚠️フラッティ・深巣ダンテクレオ消滅, (支払:R:🔷🔷, フラッティ:🔷, 配置:R:🔷, 深巣ダンテクレオ:🔶) -> eval: -0.0513
    [57] SUMMON | コスト🔷🔷🔶, 配置コア🔷🔷 ⚠️深巣ダンテクレオ消滅, (支払:R:🔷🔷, 深巣ダンテクレオ:🔶, 配置:R:🔷🔷) -> eval: +0.0535
    [58] SUMMON | コスト🔷🔷🔶, 配置コア🔷🔷 ⚠️フラッティ・深巣ダンテクレオ消滅, (支払:R:🔷, フラッティ:🔷, 深巣ダンテクレオ:🔶, 配置:R:🔷🔷) -> eval: -0.0096
    [59] SUMMON | コスト🔷🔷🔷, 配置コア🔷🔷🔷, (支払:R:🔷🔷🔷, 配置:R:🔷🔷🔷) -> eval: +0.1605
    [60] SUMMON | コスト🔷🔷🔷, 配置コア🔷🔷🔷 ⚠️フラッティ消滅, (支払:R:🔷🔷, フラッティ:🔷, 配置:R:🔷🔷🔷) -> eval: +0.0724
    [61] SUMMON | コスト🔷🔷🔷, 配置コア🔷🔷🔶 ⚠️深巣ダンテクレオ消滅, (支払:R:🔷🔷🔷, 配置:R:🔷🔷, 深巣ダンテクレオ:🔶) -> eval: +0.0148
    [62] SUMMON | コスト🔷🔷🔷, 配置コア🔷🔷🔶 ⚠️フラッティ・深巣ダンテクレオ消滅, (支払:R:🔷🔷, フラッティ:🔷, 配置:R:🔷🔷, 深巣ダンテクレオ:🔶) -> eval: -0.0414
    [63] SUMMON | コスト🔷🔷🔶, 配置コア🔷🔷🔷 ⚠️深巣ダンテクレオ消滅, (支払:R:🔷🔷, 深巣ダンテクレオ:🔶, 配置:R:🔷🔷🔷) -> eval: +0.0626
    [64] SUMMON | コスト🔷🔷🔶, 配置コア🔷🔷🔷 ⚠️フラッティ・深巣ダンテクレオ消滅, (支払:R:🔷, フラッティ:🔷, 深巣ダンテクレオ:🔶, 配置:R:🔷🔷🔷) -> eval: -0.0001
    [65] SUMMON | コスト🔷🔷🔷, 配置コア🔷🔷🔷🔷, (支払:R:🔷🔷🔷, 配置:R:🔷🔷🔷🔷) -> eval: +0.1685
    [66] SUMMON | コスト🔷🔷🔷, 配置コア🔷🔷🔷🔷 ⚠️フラッティ消滅, (支払:R:🔷🔷, フラッティ:🔷, 配置:R:🔷🔷🔷🔷) -> eval: +0.0826
    [67] SUMMON | コスト🔷🔷🔷, 配置コア🔷🔷🔷🔶 ⚠️深巣ダンテクレオ消滅, (支払:R:🔷🔷🔷, 配置:R:🔷🔷🔷, 深巣ダンテクレオ:🔶) -> eval: +0.0254
    [68] SUMMON | コスト🔷🔷🔷, 配置コア🔷🔷🔷🔶 ⚠️フラッティ・深巣ダンテクレオ消滅, (支払:R:🔷🔷, フラッティ:🔷, 配置:R:🔷🔷🔷, 深巣ダンテクレオ:🔶) -> eval: -0.0305
    [69] SUMMON | コスト🔷🔷🔶, 配置コア🔷🔷🔷🔷 ⚠️深巣ダンテクレオ消滅, (支払:R:🔷🔷, 深巣ダンテクレオ:🔶, 配置:R:🔷🔷🔷🔷) -> eval: +0.0727
    [70] SUMMON | コスト🔷🔷🔶, 配置コア🔷🔷🔷🔷 ⚠️フラッティ・深巣ダンテクレオ消滅, (支払:R:🔷, フラッティ:🔷, 深巣ダンテクレオ:🔶, 配置:R:🔷🔷🔷🔷) -> eval: +0.0100
    [71] SUMMON | コスト🔷🔷🔷, 配置コア🔷🔷🔷🔷🔷, (支払:R:🔷🔷🔷, 配置:R:🔷🔷🔷🔷🔷) -> eval: +0.1776
    [72] SUMMON | コスト🔷🔷🔷, 配置コア🔷🔷🔷🔷🔷 ⚠️フラッティ消滅, (支払:R:🔷🔷, フラッティ:🔷, 配置:R:🔷🔷🔷🔷🔷) -> eval: +0.0937
    [73] SUMMON | コスト🔷🔷🔷, 配置コア🔷🔷🔷🔷🔶 ⚠️深巣ダンテクレオ消滅, (支払:R:🔷🔷🔷, 配置:R:🔷🔷🔷🔷, 深巣ダンテクレオ:🔶) -> eval: +0.0370
    [74] SUMMON | コスト🔷🔷🔷, 配置コア🔷🔷🔷🔷🔶 ⚠️フラッティ・深巣ダンテクレオ消滅, (支払:R:🔷🔷, フラッティ:🔷, 配置:R:🔷🔷🔷🔷, 深巣ダンテクレオ:🔶) -> eval: -0.0187
    [75] SUMMON | コスト🔷🔷🔶, 配置コア🔷🔷🔷🔷🔷 ⚠️深巣ダンテクレオ消滅, (支払:R:🔷🔷, 深巣ダンテクレオ:🔶, 配置:R:🔷🔷🔷🔷🔷) -> eval: +0.0836
    [76] SUMMON | コスト🔷🔷🔶, 配置コア🔷🔷🔷🔷🔷 ⚠️フラッティ・深巣ダンテクレオ消滅, (支払:R:🔷, フラッティ:🔷, 深巣ダンテクレオ:🔶, 配置:R:🔷🔷🔷🔷🔷) -> eval: +0.0211
    [77] SUMMON | コスト🔷🔷🔷, 配置コア🔷🔷🔷🔷🔷🔷, (支払:R:🔷🔷🔷, 配置:R:🔷🔷🔷🔷🔷🔷) -> eval: +0.1875
    [78] SUMMON | コスト🔷🔷🔷, 配置コア🔷🔷🔷🔷🔷🔷 ⚠️フラッティ消滅, (支払:R:🔷🔷, フラッティ:🔷, 配置:R:🔷🔷🔷🔷🔷🔷) -> eval: +0.1056
    [79] SUMMON | コスト🔷🔷🔷, 配置コア🔷🔷🔷🔷🔷🔶 ⚠️深巣ダンテクレオ消滅, (支払:R:🔷🔷🔷, 配置:R:🔷🔷🔷🔷🔷, 深巣ダンテクレオ:🔶) -> eval: +0.0497
    [80] SUMMON | コスト🔷🔷🔷, 配置コア🔷🔷🔷🔷🔷🔶 ⚠️フラッティ・深巣ダンテクレオ消滅, (支払:R:🔷🔷, フラッティ:🔷, 配置:R:🔷🔷🔷🔷🔷, 深巣ダンテクレオ:🔶) -> eval: -0.0060
    [81] SUMMON | コスト🔷🔷🔶, 配置コア🔷🔷🔷🔷🔷🔷 ⚠️深巣ダンテクレオ消滅, (支払:R:🔷🔷, 深巣ダンテクレオ:🔶, 配置:R:🔷🔷🔷🔷🔷🔷) -> eval: +0.0955
    [82] SUMMON | コスト🔷🔷🔶, 配置コア🔷🔷🔷🔷🔷🔷 ⚠️フラッティ・深巣ダンテクレオ消滅, (支払:R:🔷, フラッティ:🔷, 深巣ダンテクレオ:🔶, 配置:R:🔷🔷🔷🔷🔷🔷) -> eval: +0.0329
    [83] SUMMON | コスト🔷🔷🔷, 配置コア🔷🔷🔷🔷🔷🔷🔷 ⚠️フラッティ消滅, (支払:R:🔷🔷, フラッティ:🔷, 配置:R:🔷🔷🔷🔷🔷🔷🔷) -> eval: +0.1183
    [84] SUMMON | コスト🔷🔷🔷, 配置コア🔷🔷🔷🔷🔷🔷🔶 ⚠️深巣ダンテクレオ消滅, (支払:R:🔷🔷🔷, 配置:R:🔷🔷🔷🔷🔷🔷, 深巣ダンテクレオ:🔶) -> eval: +0.0634
    [85] SUMMON | コスト🔷🔷🔷, 配置コア🔷🔷🔷🔷🔷🔷🔶 ⚠️フラッティ・深巣ダンテクレオ消滅, (支払:R:🔷🔷, フラッティ:🔷, 配置:R:🔷🔷🔷🔷🔷🔷, 深巣ダンテクレオ:🔶) -> eval: +0.0074
    [86] SUMMON | コスト🔷🔷🔶, 配置コア🔷🔷🔷🔷🔷🔷🔷 ⚠️深巣ダンテクレオ消滅, (支払:R:🔷🔷, 深巣ダンテクレオ:🔶, 配置:R:🔷🔷🔷🔷🔷🔷🔷) -> eval: +0.1082
    [87] SUMMON | コスト🔷🔷🔶, 配置コア🔷🔷🔷🔷🔷🔷🔷 ⚠️フラッティ・深巣ダンテクレオ消滅, (支払:R:🔷, フラッティ:🔷, 深巣ダンテクレオ:🔶, 配置:R:🔷🔷🔷🔷🔷🔷🔷) -> eval: +0.0453
    [88] SUMMON | コスト🔷🔷🔷, 配置コア🔷🔷🔷🔷🔷🔷🔷🔶 ⚠️フラッティ・深巣ダンテクレオ消滅, (支払:R:🔷🔷, フラッティ:🔷, 配置:R:🔷🔷🔷🔷🔷🔷🔷, 深巣ダンテクレオ:🔶) -> eval: +0.0216
    [89] SUMMON | コスト🔷🔷🔶, 配置コア🔷🔷🔷🔷🔷🔷🔷🔷 ⚠️フラッティ・深巣ダンテクレオ消滅, (支払:R:🔷, フラッティ:🔷, 深巣ダンテクレオ:🔶, 配置:R:🔷🔷🔷🔷🔷🔷🔷🔷) -> eval: +0.0582
    [90] SUMMON | コスト🔷🔷, 配置コア🔷, (支払:R:🔷🔷, 配置:R:🔷) -> eval: +0.1038
    [91] SUMMON | コスト🔷🔷, 配置コア🔷 ⚠️フラッティ消滅, (支払:R:🔷, フラッティ:🔷, 配置:R:🔷) -> eval: +0.0136
    [92] SUMMON | コスト🔷🔷, 配置コア🔶 ⚠️深巣ダンテクレオ消滅, (支払:R:🔷🔷, 配置:深巣ダンテクレオ:🔶) -> eval: -0.0282
    [93] SUMMON | コスト🔷🔷, 配置コア🔶 ⚠️フラッティ・深巣ダンテクレオ消滅, (支払:R:🔷, フラッティ:🔷, 配置:深巣ダンテクレオ:🔶) -> eval: -0.0849
    [94] SUMMON | コスト🔷🔶, 配置コア🔷 ⚠️深巣ダンテクレオ消滅, (支払:R:🔷, 深巣ダンテクレオ:🔶, 配置:R:🔷) -> eval: +0.0006
    [95] SUMMON | コスト🔷🔶, 配置コア🔷 ⚠️フラッティ・深巣ダンテクレオ消滅, (支払:フラッティ:🔷, 深巣ダンテクレオ:🔶, 配置:R:🔷) -> eval: -0.0579
    [96] SUMMON | コスト🔷🔷, 配置コア🔷🔷, (支払:R:🔷🔷, 配置:R:🔷🔷) -> eval: +0.1323
    [97] SUMMON | コスト🔷🔷, 配置コア🔷🔷 ⚠️フラッティ消滅, (支払:R:🔷, フラッティ:🔷, 配置:R:🔷🔷) -> eval: +0.0411
    [98] SUMMON | コスト🔷🔷, 配置コア🔷🔶 ⚠️深巣ダンテクレオ消滅, (支払:R:🔷🔷, 配置:R:🔷, 深巣ダンテクレオ:🔶) -> eval: -0.0092
    [99] SUMMON | コスト🔷🔷, 配置コア🔷🔶 ⚠️フラッティ・深巣ダンテクレオ消滅, (支払:R:🔷, フラッティ:🔷, 配置:R:🔷, 深巣ダンテクレオ:🔶) -> eval: -0.0678
    [100] SUMMON | コスト🔷🔶, 配置コア🔷🔷 ⚠️深巣ダンテクレオ消滅, (支払:R:🔷, 深巣ダンテクレオ:🔶, 配置:R:🔷🔷) -> eval: +0.0293
    [101] SUMMON | コスト🔷🔶, 配置コア🔷🔷 ⚠️フラッティ・深巣ダンテクレオ消滅, (支払:フラッティ:🔷, 深巣ダンテクレオ:🔶, 配置:R:🔷🔷) -> eval: -0.0337
    [102] SUMMON | コスト🔷🔷, 配置コア🔷🔷🔷, (支払:R:🔷🔷, 配置:R:🔷🔷🔷) -> eval: +0.1382
    [103] SUMMON | コスト🔷🔷, 配置コア🔷🔷🔷 ⚠️フラッティ消滅, (支払:R:🔷, フラッティ:🔷, 配置:R:🔷🔷🔷) -> eval: +0.0493
    [104] SUMMON | コスト🔷🔷, 配置コア🔷🔷🔶 ⚠️深巣ダンテクレオ消滅, (支払:R:🔷🔷, 配置:R:🔷🔷, 深巣ダンテクレオ:🔶) -> eval: -0.0007
    [105] SUMMON | コスト🔷🔷, 配置コア🔷🔷🔶 ⚠️フラッティ・深巣ダンテクレオ消滅, (支払:R:🔷, フラッティ:🔷, 配置:R:🔷🔷, 深巣ダンテクレオ:🔶) -> eval: -0.0588
    [106] SUMMON | コスト🔷🔶, 配置コア🔷🔷🔷 ⚠️深巣ダンテクレオ消滅, (支払:R:🔷, 深巣ダンテクレオ:🔶, 配置:R:🔷🔷🔷) -> eval: +0.0373
    [107] SUMMON | コスト🔷🔶, 配置コア🔷🔷🔷 ⚠️フラッティ・深巣ダンテクレオ消滅, (支払:フラッティ:🔷, 深巣ダンテクレオ:🔶, 配置:R:🔷🔷🔷) -> eval: -0.0253
    [108] SUMMON | コスト🔷🔷, 配置コア🔷🔷🔷🔷, (支払:R:🔷🔷, 配置:R:🔷🔷🔷🔷) -> eval: +0.1451
    [109] SUMMON | コスト🔷🔷, 配置コア🔷🔷🔷🔷 ⚠️フラッティ消滅, (支払:R:🔷, フラッティ:🔷, 配置:R:🔷🔷🔷🔷) -> eval: +0.0584
    [110] SUMMON | コスト🔷🔷, 配置コア🔷🔷🔷🔶 ⚠️深巣ダンテクレオ消滅, (支払:R:🔷🔷, 配置:R:🔷🔷🔷, 深巣ダンテクレオ:🔶) -> eval: +0.0089
    [111] SUMMON | コスト🔷🔷, 配置コア🔷🔷🔷🔶 ⚠️フラッティ・深巣ダンテクレオ消滅, (支払:R:🔷, フラッティ:🔷, 配置:R:🔷🔷🔷, 深巣ダンテクレオ:🔶) -> eval: -0.0488
    [112] SUMMON | コスト🔷🔶, 配置コア🔷🔷🔷🔷 ⚠️深巣ダンテクレオ消滅, (支払:R:🔷, 深巣ダンテクレオ:🔶, 配置:R:🔷🔷🔷🔷) -> eval: +0.0464
    [113] SUMMON | コスト🔷🔶, 配置コア🔷🔷🔷🔷 ⚠️フラッティ・深巣ダンテクレオ消滅, (支払:フラッティ:🔷, 深巣ダンテクレオ:🔶, 配置:R:🔷🔷🔷🔷) -> eval: -0.0161
    [114] SUMMON | コスト🔷🔷, 配置コア🔷🔷🔷🔷🔷, (支払:R:🔷🔷, 配置:R:🔷🔷🔷🔷🔷) -> eval: +0.1529
    [115] SUMMON | コスト🔷🔷, 配置コア🔷🔷🔷🔷🔷 ⚠️フラッティ消滅, (支払:R:🔷, フラッティ:🔷, 配置:R:🔷🔷🔷🔷🔷) -> eval: +0.0685
    [116] SUMMON | コスト🔷🔷, 配置コア🔷🔷🔷🔷🔶 ⚠️深巣ダンテクレオ消滅, (支払:R:🔷🔷, 配置:R:🔷🔷🔷🔷, 深巣ダンテクレオ:🔶) -> eval: +0.0198
    [117] SUMMON | コスト🔷🔷, 配置コア🔷🔷🔷🔷🔶 ⚠️フラッティ・深巣ダンテクレオ消滅, (支払:R:🔷, フラッティ:🔷, 配置:R:🔷🔷🔷🔷, 深巣ダンテクレオ:🔶) -> eval: -0.0378
    [118] SUMMON | コスト🔷🔶, 配置コア🔷🔷🔷🔷🔷 ⚠️深巣ダンテクレオ消滅, (支払:R:🔷, 深巣ダンテクレオ:🔶, 配置:R:🔷🔷🔷🔷🔷) -> eval: +0.0565
    [119] SUMMON | コスト🔷🔶, 配置コア🔷🔷🔷🔷🔷 ⚠️フラッティ・深巣ダンテクレオ消滅, (支払:フラッティ:🔷, 深巣ダンテクレオ:🔶, 配置:R:🔷🔷🔷🔷🔷) -> eval: -0.0059
    [120] SUMMON | コスト🔷🔷, 配置コア🔷🔷🔷🔷🔷🔷, (支払:R:🔷🔷, 配置:R:🔷🔷🔷🔷🔷🔷) -> eval: +0.1619
    [121] SUMMON | コスト🔷🔷, 配置コア🔷🔷🔷🔷🔷🔷 ⚠️フラッティ消滅, (支払:R:🔷, フラッティ:🔷, 配置:R:🔷🔷🔷🔷🔷🔷) -> eval: +0.0796
    [122] SUMMON | コスト🔷🔷, 配置コア🔷🔷🔷🔷🔷🔶 ⚠️深巣ダンテクレオ消滅, (支払:R:🔷🔷, 配置:R:🔷🔷🔷🔷🔷, 深巣ダンテクレオ:🔶) -> eval: +0.0317
    [123] SUMMON | コスト🔷🔷, 配置コア🔷🔷🔷🔷🔷🔶 ⚠️フラッティ・深巣ダンテクレオ消滅, (支払:R:🔷, フラッティ:🔷, 配置:R:🔷🔷🔷🔷🔷, 深巣ダンテクレオ:🔶) -> eval: -0.0258
    [124] SUMMON | コスト🔷🔶, 配置コア🔷🔷🔷🔷🔷🔷 ⚠️深巣ダンテクレオ消滅, (支払:R:🔷, 深巣ダンテクレオ:🔶, 配置:R:🔷🔷🔷🔷🔷🔷) -> eval: +0.0676
    [125] SUMMON | コスト🔷🔶, 配置コア🔷🔷🔷🔷🔷🔷 ⚠️フラッティ・深巣ダンテクレオ消滅, (支払:フラッティ:🔷, 深巣ダンテクレオ:🔶, 配置:R:🔷🔷🔷🔷🔷🔷) -> eval: +0.0050
    [126] SUMMON | コスト🔷🔷, 配置コア🔷🔷🔷🔷🔷🔷🔷, (支払:R:🔷🔷, 配置:R:🔷🔷🔷🔷🔷🔷🔷) -> eval: +0.1718
    [127] SUMMON | コスト🔷🔷, 配置コア🔷🔷🔷🔷🔷🔷🔷 ⚠️フラッティ消滅, (支払:R:🔷, フラッティ:🔷, 配置:R:🔷🔷🔷🔷🔷🔷🔷) -> eval: +0.0915
    [128] SUMMON | コスト🔷🔷, 配置コア🔷🔷🔷🔷🔷🔷🔶 ⚠️深巣ダンテクレオ消滅, (支払:R:🔷🔷, 配置:R:🔷🔷🔷🔷🔷🔷, 深巣ダンテクレオ:🔶) -> eval: +0.0447
    [129] SUMMON | コスト🔷🔷, 配置コア🔷🔷🔷🔷🔷🔷🔶 ⚠️フラッティ・深巣ダンテクレオ消滅, (支払:R:🔷, フラッティ:🔷, 配置:R:🔷🔷🔷🔷🔷🔷, 深巣ダンテクレオ:🔶) -> eval: -0.0129
    [130] SUMMON | コスト🔷🔶, 配置コア🔷🔷🔷🔷🔷🔷🔷 ⚠️深巣ダンテクレオ消滅, (支払:R:🔷, 深巣ダンテクレオ:🔶, 配置:R:🔷🔷🔷🔷🔷🔷🔷) -> eval: +0.0795
    [131] SUMMON | コスト🔷🔶, 配置コア🔷🔷🔷🔷🔷🔷🔷 ⚠️フラッティ・深巣ダンテクレオ消滅, (支払:フラッティ:🔷, 深巣ダンテクレオ:🔶, 配置:R:🔷🔷🔷🔷🔷🔷🔷) -> eval: +0.0167
    [132] SUMMON | コスト🔷🔷, 配置コア🔷🔷🔷🔷🔷🔷🔷🔷 ⚠️フラッティ消滅, (支払:R:🔷, フラッティ:🔷, 配置:R:🔷🔷🔷🔷🔷🔷🔷🔷) -> eval: +0.1043
    [133] SUMMON | コスト🔷🔷, 配置コア🔷🔷🔷🔷🔷🔷🔷🔶 ⚠️深巣ダンテクレオ消滅, (支払:R:🔷🔷, 配置:R:🔷🔷🔷🔷🔷🔷🔷, 深巣ダンテクレオ:🔶) -> eval: +0.0586
    [134] SUMMON | コスト🔷🔷, 配置コア🔷🔷🔷🔷🔷🔷🔷🔶 ⚠️フラッティ・深巣ダンテクレオ消滅, (支払:R:🔷, フラッティ:🔷, 配置:R:🔷🔷🔷🔷🔷🔷🔷, 深巣ダンテクレオ:🔶) -> eval: +0.0006
    [135] SUMMON | コスト🔷🔶, 配置コア🔷🔷🔷🔷🔷🔷🔷🔷 ⚠️深巣ダンテクレオ消滅, (支払:R:🔷, 深巣ダンテクレオ:🔶, 配置:R:🔷🔷🔷🔷🔷🔷🔷🔷) -> eval: +0.0924
    [136] SUMMON | コスト🔷🔶, 配置コア🔷🔷🔷🔷🔷🔷🔷🔷 ⚠️フラッティ・深巣ダンテクレオ消滅, (支払:フラッティ:🔷, 深巣ダンテクレオ:🔶, 配置:R:🔷🔷🔷🔷🔷🔷🔷🔷) -> eval: +0.0292
    [137] SUMMON | コスト🔷🔷, 配置コア🔷🔷🔷🔷🔷🔷🔷🔷🔶 ⚠️フラッティ・深巣ダンテクレオ消滅, (支払:R:🔷, フラッティ:🔷, 配置:R:🔷🔷🔷🔷🔷🔷🔷🔷, 深巣ダンテクレオ:🔶) -> eval: +0.0150
    [138] SUMMON | コスト🔷🔶, 配置コア🔷🔷🔷🔷🔷🔷🔷🔷🔷 ⚠️フラッティ・深巣ダンテクレオ消滅, (支払:フラッティ:🔷, 深巣ダンテクレオ:🔶, 配置:R:🔷🔷🔷🔷🔷🔷🔷🔷🔷) -> eval: +0.0422
    [139] SUMMON | コスト🔷, 配置コアなし, (支払:R:🔷, 配置:なし) -> eval: +0.0924
    [140] SUMMON | コスト🔷, 配置コアなし ⚠️フラッティ消滅, (支払:フラッティ:🔷, 配置:なし) -> eval: -0.0043
    [141] SUMMON | コスト🔶, 配置コアなし ⚠️深巣ダンテクレオ消滅, (支払:深巣ダンテクレオ:🔶, 配置:なし) -> eval: -0.0156
    [142] SUMMON | コスト🔷, 配置コア🔷, (支払:R:🔷, 配置:R:🔷) -> eval: +0.0944
    [143] SUMMON | コスト🔷, 配置コア🔷 ⚠️フラッティ消滅, (支払:フラッティ:🔷, 配置:R:🔷) -> eval:  0.0000
    [144] SUMMON | コスト🔷, 配置コア🔶 ⚠️深巣ダンテクレオ消滅, (支払:R:🔷, 配置:深巣ダンテクレオ:🔶) -> eval: -0.0281
    [145] SUMMON | コスト🔷, 配置コア🔶 ⚠️フラッティ・深巣ダンテクレオ消滅, (支払:フラッティ:🔷, 配置:深巣ダンテクレオ:🔶) -> eval: -0.0897
    [146] SUMMON | コスト🔶, 配置コア🔷 ⚠️深巣ダンテクレオ消滅, (支払:深巣ダンテクレオ:🔶, 配置:R:🔷) -> eval: -0.0115
    [147] SUMMON | コスト🔶, 配置コア🔷 ⚠️フラッティ・深巣ダンテクレオ消滅, (支払:深巣ダンテクレオ:🔶, 配置:フラッティ:🔷) -> eval: -0.0717
    [148] SUMMON | コスト🔷, 配置コア🔷🔷, (支払:R:🔷, 配置:R:🔷🔷) -> eval: +0.0974
    [149] SUMMON | コスト🔷, 配置コア🔷🔷 ⚠️フラッティ消滅, (支払:フラッティ:🔷, 配置:R:🔷🔷) -> eval: +0.0055
    [150] SUMMON | コスト🔷, 配置コア🔷🔶 ⚠️深巣ダンテクレオ消滅, (支払:R:🔷, 配置:R:🔷, 深巣ダンテクレオ:🔶) -> eval: -0.0218
    [151] SUMMON | コスト🔷, 配置コア🔷🔶 ⚠️フラッティ・深巣ダンテクレオ消滅, (支払:フラッティ:🔷, 配置:R:🔷, 深巣ダンテクレオ:🔶) -> eval: -0.0829
    [152] SUMMON | コスト🔶, 配置コア🔷🔷 ⚠️深巣ダンテクレオ消滅, (支払:深巣ダンテクレオ:🔶, 配置:R:🔷🔷) -> eval: -0.0063
    [153] SUMMON | コスト🔶, 配置コア🔷🔷 ⚠️フラッティ・深巣ダンテクレオ消滅, (支払:深巣ダンテクレオ:🔶, 配置:R:🔷, フラッティ:🔷) -> eval: -0.0660
    [154] SUMMON | コスト🔷, 配置コア🔷🔷🔷, (支払:R:🔷, 配置:R:🔷🔷🔷) -> eval: +0.1014
    [155] SUMMON | コスト🔷, 配置コア🔷🔷🔷 ⚠️フラッティ消滅, (支払:フラッティ:🔷, 配置:R:🔷🔷🔷) -> eval: +0.0120
    [156] SUMMON | コスト🔷, 配置コア🔷🔷🔶 ⚠️深巣ダンテクレオ消滅, (支払:R:🔷, 配置:R:🔷🔷, 深巣ダンテクレオ:🔶) -> eval: -0.0143
    [157] SUMMON | コスト🔷, 配置コア🔷🔷🔶 ⚠️フラッティ・深巣ダンテクレオ消滅, (支払:フラッティ:🔷, 配置:R:🔷🔷, 深巣ダンテクレオ:🔶) -> eval: -0.0750
    [158] SUMMON | コスト🔶, 配置コア🔷🔷🔷 ⚠️深巣ダンテクレオ消滅, (支払:深巣ダンテクレオ:🔶, 配置:R:🔷🔷🔷) -> eval:  0.0000
    [159] SUMMON | コスト🔶, 配置コア🔷🔷🔷 ⚠️フラッティ・深巣ダンテクレオ消滅, (支払:深巣ダンテクレオ:🔶, 配置:R:🔷🔷, フラッティ:🔷) -> eval: -0.0592
    [160] SUMMON | コスト🔷, 配置コア🔷🔷🔷🔷, (支払:R:🔷, 配置:R:🔷🔷🔷🔷) -> eval: +0.1066
    [161] SUMMON | コスト🔷, 配置コア🔷🔷🔷🔷 ⚠️フラッティ消滅, (支払:フラッティ:🔷, 配置:R:🔷🔷🔷🔷) -> eval: +0.0197
    [162] SUMMON | コスト🔷, 配置コア🔷🔷🔷🔶 ⚠️深巣ダンテクレオ消滅, (支払:R:🔷, 配置:R:🔷🔷🔷, 深巣ダンテクレオ:🔶) -> eval: -0.0056
    [163] SUMMON | コスト🔷, 配置コア🔷🔷🔷🔶 ⚠️フラッティ・深巣ダンテクレオ消滅, (支払:フラッティ:🔷, 配置:R:🔷🔷🔷, 深巣ダンテクレオ:🔶) -> eval: -0.0659
    [164] SUMMON | コスト🔶, 配置コア🔷🔷🔷🔷 ⚠️深巣ダンテクレオ消滅, (支払:深巣ダンテクレオ:🔶, 配置:R:🔷🔷🔷🔷) -> eval: +0.0075
    [165] SUMMON | コスト🔶, 配置コア🔷🔷🔷🔷 ⚠️フラッティ・深巣ダンテクレオ消滅, (支払:深巣ダンテクレオ:🔶, 配置:R:🔷🔷🔷, フラッティ:🔷) -> eval: -0.0513
    [166] SUMMON | コスト🔷, 配置コア🔷🔷🔷🔷🔷, (支払:R:🔷, 配置:R:🔷🔷🔷🔷🔷) -> eval: +0.1128
    [167] SUMMON | コスト🔷, 配置コア🔷🔷🔷🔷🔷 ⚠️フラッティ消滅, (支払:フラッティ:🔷, 配置:R:🔷🔷🔷🔷🔷) -> eval: +0.0285
    [168] SUMMON | コスト🔷, 配置コア🔷🔷🔷🔷🔶 ⚠️深巣ダンテクレオ消滅, (支払:R:🔷, 配置:R:🔷🔷🔷🔷, 深巣ダンテクレオ:🔶) -> eval: +0.0041
    [169] SUMMON | コスト🔷, 配置コア🔷🔷🔷🔷🔶 ⚠️フラッティ・深巣ダンテクレオ消滅, (支払:フラッティ:🔷, 配置:R:🔷🔷🔷🔷, 深巣ダンテクレオ:🔶) -> eval: -0.0558
    [170] SUMMON | コスト🔶, 配置コア🔷🔷🔷🔷🔷 ⚠️深巣ダンテクレオ消滅, (支払:深巣ダンテクレオ:🔶, 配置:R:🔷🔷🔷🔷🔷) -> eval: +0.0161
    [171] SUMMON | コスト🔶, 配置コア🔷🔷🔷🔷🔷 ⚠️フラッティ・深巣ダンテクレオ消滅, (支払:深巣ダンテクレオ:🔶, 配置:R:🔷🔷🔷🔷, フラッティ:🔷) -> eval: -0.0425
    [172] SUMMON | コスト🔷, 配置コア🔷🔷🔷🔷🔷🔷, (支払:R:🔷, 配置:R:🔷🔷🔷🔷🔷🔷) -> eval: +0.1202
    [173] SUMMON | コスト🔷, 配置コア🔷🔷🔷🔷🔷🔷 ⚠️フラッティ消滅, (支払:フラッティ:🔷, 配置:R:🔷🔷🔷🔷🔷🔷) -> eval: +0.0384
    [174] SUMMON | コスト🔷, 配置コア🔷🔷🔷🔷🔷🔶 ⚠️深巣ダンテクレオ消滅, (支払:R:🔷, 配置:R:🔷🔷🔷🔷🔷, 深巣ダンテクレオ:🔶) -> eval: +0.0151
    [175] SUMMON | コスト🔷, 配置コア🔷🔷🔷🔷🔷🔶 ⚠️フラッティ・深巣ダンテクレオ消滅, (支払:フラッティ:🔷, 配置:R:🔷🔷🔷🔷🔷, 深巣ダンテクレオ:🔶) -> eval: -0.0447
    [176] SUMMON | コスト🔶, 配置コア🔷🔷🔷🔷🔷🔷 ⚠️深巣ダンテクレオ消滅, (支払:深巣ダンテクレオ:🔶, 配置:R:🔷🔷🔷🔷🔷🔷) -> eval: +0.0260
    [177] SUMMON | コスト🔶, 配置コア🔷🔷🔷🔷🔷🔷 ⚠️フラッティ・深巣ダンテクレオ消滅, (支払:深巣ダンテクレオ:🔶, 配置:R:🔷🔷🔷🔷🔷, フラッティ:🔷) -> eval: -0.0326
    [178] SUMMON | コスト🔷, 配置コア🔷🔷🔷🔷🔷🔷🔷, (支払:R:🔷, 配置:R:🔷🔷🔷🔷🔷🔷🔷) -> eval: +0.1287
    [179] SUMMON | コスト🔷, 配置コア🔷🔷🔷🔷🔷🔷🔷 ⚠️フラッティ消滅, (支払:フラッティ:🔷, 配置:R:🔷🔷🔷🔷🔷🔷🔷) -> eval: +0.0493
    [180] SUMMON | コスト🔷, 配置コア🔷🔷🔷🔷🔷🔷🔶 ⚠️深巣ダンテクレオ消滅, (支払:R:🔷, 配置:R:🔷🔷🔷🔷🔷🔷, 深巣ダンテクレオ:🔶) -> eval: +0.0272
    [181] SUMMON | コスト🔷, 配置コア🔷🔷🔷🔷🔷🔷🔶 ⚠️フラッティ・深巣ダンテクレオ消滅, (支払:フラッティ:🔷, 配置:R:🔷🔷🔷🔷🔷🔷, 深巣ダンテクレオ:🔶) -> eval: -0.0326
    [182] SUMMON | コスト🔶, 配置コア🔷🔷🔷🔷🔷🔷🔷 ⚠️深巣ダンテクレオ消滅, (支払:深巣ダンテクレオ:🔶, 配置:R:🔷🔷🔷🔷🔷🔷🔷) -> eval: +0.0369
    [183] SUMMON | コスト🔶, 配置コア🔷🔷🔷🔷🔷🔷🔷 ⚠️フラッティ・深巣ダンテクレオ消滅, (支払:深巣ダンテクレオ:🔶, 配置:R:🔷🔷🔷🔷🔷🔷, フラッティ:🔷) -> eval: -0.0217
    [184] SUMMON | コスト🔷, 配置コア🔷🔷🔷🔷🔷🔷🔷🔷, (支払:R:🔷, 配置:R:🔷🔷🔷🔷🔷🔷🔷🔷) -> eval: +0.1384
    [185] SUMMON | コスト🔷, 配置コア🔷🔷🔷🔷🔷🔷🔷🔷 ⚠️フラッティ消滅, (支払:フラッティ:🔷, 配置:R:🔷🔷🔷🔷🔷🔷🔷🔷) -> eval: +0.0612
    [186] SUMMON | コスト🔷, 配置コア🔷🔷🔷🔷🔷🔷🔷🔶 ⚠️深巣ダンテクレオ消滅, (支払:R:🔷, 配置:R:🔷🔷🔷🔷🔷🔷🔷, 深巣ダンテクレオ:🔶) -> eval: +0.0403
    [187] SUMMON | コスト🔷, 配置コア🔷🔷🔷🔷🔷🔷🔷🔶 ⚠️フラッティ・深巣ダンテクレオ消滅, (支払:フラッティ:🔷, 配置:R:🔷🔷🔷🔷🔷🔷🔷, 深巣ダンテクレオ:🔶) -> eval: -0.0196
    [188] SUMMON | コスト🔶, 配置コア🔷🔷🔷🔷🔷🔷🔷🔷 ⚠️深巣ダンテクレオ消滅, (支払:深巣ダンテクレオ:🔶, 配置:R:🔷🔷🔷🔷🔷🔷🔷🔷) -> eval: +0.0489
    [189] SUMMON | コスト🔶, 配置コア🔷🔷🔷🔷🔷🔷🔷🔷 ⚠️フラッティ・深巣ダンテクレオ消滅, (支払:深巣ダンテクレオ:🔶, 配置:R:🔷🔷🔷🔷🔷🔷🔷, フラッティ:🔷) -> eval: -0.0100
    [190] SUMMON | コスト🔷, 配置コア🔷🔷🔷🔷🔷🔷🔷🔷🔷 ⚠️フラッティ消滅, (支払:フラッティ:🔷, 配置:R:🔷🔷🔷🔷🔷🔷🔷🔷🔷) -> eval: +0.0740
    [191] SUMMON | コスト🔷, 配置コア🔷🔷🔷🔷🔷🔷🔷🔷🔶 ⚠️深巣ダンテクレオ消滅, (支払:R:🔷, 配置:R:🔷🔷🔷🔷🔷🔷🔷🔷, 深巣ダンテクレオ:🔶) -> eval: +0.0544
    [192] SUMMON | コスト🔷, 配置コア🔷🔷🔷🔷🔷🔷🔷🔷🔶 ⚠️フラッティ・深巣ダンテクレオ消滅, (支払:フラッティ:🔷, 配置:R:🔷🔷🔷🔷🔷🔷🔷🔷, 深巣ダンテクレオ:🔶) -> eval: -0.0057
    [193] SUMMON | コスト🔶, 配置コア🔷🔷🔷🔷🔷🔷🔷🔷🔷 ⚠️深巣ダンテクレオ消滅, (支払:深巣ダンテクレオ:🔶, 配置:R:🔷🔷🔷🔷🔷🔷🔷🔷🔷) -> eval: +0.0618
    [194] SUMMON | コスト🔶, 配置コア🔷🔷🔷🔷🔷🔷🔷🔷🔷 ⚠️フラッティ・深巣ダンテクレオ消滅, (支払:深巣ダンテクレオ:🔶, 配置:R:🔷🔷🔷🔷🔷🔷🔷🔷, フラッティ:🔷) -> eval: +0.0024
    [195] SUMMON | コスト🔷, 配置コア🔷🔷🔷🔷🔷🔷🔷🔷🔷🔶 ⚠️フラッティ・深巣ダンテクレオ消滅, (支払:フラッティ:🔷, 配置:R:🔷🔷🔷🔷🔷🔷🔷🔷🔷, 深巣ダンテクレオ:🔶) -> eval: +0.0087
    [196] SUMMON | コスト🔶, 配置コア🔷🔷🔷🔷🔷🔷🔷🔷🔷🔷 ⚠️フラッティ・深巣ダンテクレオ消滅, (支払:深巣ダンテクレオ:🔶, 配置:R:🔷🔷🔷🔷🔷🔷🔷🔷🔷, フラッティ:🔷) -> eval: +0.0157
    [197] MOVE_CORE | 🔷を移動 -> eval: +0.0597
    [198] MOVE_CORE | 🔷🔷を移動 -> eval: +0.0887
    [199] MOVE_CORE | 🔷🔷🔷を移動 -> eval: +0.0919
    [200] MOVE_CORE | 🔷🔷🔷🔷を移動 -> eval: +0.0961
    [201] MOVE_CORE | 🔷🔷🔷🔷🔷を移動 -> eval: +0.1014
    [202] MOVE_CORE | 🔷🔷🔷🔷🔷🔷を移動 -> eval: +0.1078
    [203] MOVE_CORE | 🔷🔷🔷🔷🔷🔷🔷を移動 -> eval: +0.1152
    [204] MOVE_CORE | 🔷🔷🔷🔷🔷🔷🔷🔷を移動 -> eval: +0.1238
    [205] MOVE_CORE | 🔷🔷🔷🔷🔷🔷🔷🔷🔷を移動 -> eval: +0.1334
    [206] MOVE_CORE | 🔷を移動 -> eval: +0.0612
    [207] MOVE_CORE | 🔷🔷を移動 -> eval: +0.0639
    [208] MOVE_CORE | 🔷🔷🔷を移動 -> eval: +0.0678
    [209] MOVE_CORE | 🔷🔷🔷🔷を移動 -> eval: +0.0728
    [210] MOVE_CORE | 🔷🔷🔷🔷🔷を移動 -> eval: +0.0792
    [211] MOVE_CORE | 🔷🔷🔷🔷🔷🔷を移動 -> eval: +0.0868
    [212] MOVE_CORE | 🔷🔷🔷🔷🔷🔷🔷を移動 -> eval: +0.0956
    [213] MOVE_CORE | 🔷🔷🔷🔷🔷🔷🔷🔷を移動 -> eval: +0.1058
    [214] MOVE_CORE | 🔷🔷🔷🔷🔷🔷🔷🔷🔷を移動 -> eval: +0.1171
    [215] MOVE_CORE | 🔷を移動 ⚠️フラッティ消滅 -> eval: -0.0428
    [216] MOVE_CORE | 🔷を移動 ⚠️フラッティ消滅 -> eval: -0.0388
    [217] MOVE_CORE | 🔶を移動 ⚠️深巣ダンテクレオ消滅 -> eval: -0.0527
    [218] MOVE_CORE | 🔶 ⇄ 🔷 を交換 -> eval: +0.0787
    [219] MOVE_CORE | 🔶を移動 ⚠️深巣ダンテクレオ消滅 -> eval: -0.0760
    [220] MOVE_CORE | 🔶 ⇄ 🔷 を交換 -> eval: +0.0535
  ステップ終了評価: +0.0595
  => 選択: SUMMON | コスト🔷🔷🔷, 配置コア🔷🔷🔷🔷🔷🔷, (支払:R:🔷🔷🔷, 配置:R:🔷🔷🔷🔷🔷🔷) (eval: +0.1882 > 終了評価 +0.0595)
     効果/結果: 🎴 「海幻コエラ＝カンサス」を召喚 (コスト3をトラッシュへ)

Turn 6 | 手数 39 | 手番: P2(run3_run4.kann.weight) | メインステップ
  盤面:
    P1: Life:2, Reserve:0, Hand:3枚, Field:[最奥：緑淵深(Lv1,コア0), ガリザロト(Lv1,コア1), 透笠オリンディアス(Lv1,コア1), ガリザロト(Lv1,コア1)]
    P2: Life:1, Reserve:0, Hand:4枚, Field:[フラッティ(Lv1,コア1), 深巣ダンテクレオ(Lv2,コア1s), 海幻コエラ＝カンサス(Lv2,コア6)]
  候補行動 (131件):
    [0] USE_MAGIC | コスト🔷, コアは置かない ⚠️フラッティ消滅, (支払:フラッティ:🔷, 配置:なし) -> eval: +0.0959
    [1] USE_MAGIC | コスト🔷, コアは置かない, (支払:海幻コエラ＝カンサス:🔷, 配置:なし) -> eval: +0.1425
    [2] USE_MAGIC | コスト🔶, コアは置かない ⚠️深巣ダンテクレオ消滅, (支払:深巣ダンテクレオ:🔶, 配置:なし) -> eval: +0.0825
    [3] SUMMON | コスト🔷🔷, 配置コア🔷 ⚠️フラッティ消滅, (支払:海幻コエラ＝カンサス:🔷🔷, 配置:フラッティ:🔷) -> eval: +0.1779
    [4] SUMMON | コスト🔷🔷, 配置コア🔷, (支払:海幻コエラ＝カンサス:🔷🔷, 配置:海幻コエラ＝カンサス:🔷) -> eval: +0.2446
    [5] SUMMON | コスト🔷🔷, 配置コア🔶 ⚠️フラッティ・深巣ダンテクレオ消滅, (支払:フラッティ:🔷, 海幻コエラ＝カンサス:🔷, 配置:深巣ダンテクレオ:🔶) -> eval: +0.0830
    [6] SUMMON | コスト🔷🔷, 配置コア🔶 ⚠️深巣ダンテクレオ消滅, (支払:海幻コエラ＝カンサス:🔷🔷, 配置:深巣ダンテクレオ:🔶) -> eval: +0.1290
    [7] SUMMON | コスト🔷🔶, 配置コア🔷 ⚠️フラッティ・深巣ダンテクレオ消滅, (支払:深巣ダンテクレオ:🔶, 海幻コエラ＝カンサス:🔷, 配置:フラッティ:🔷) -> eval: +0.1181
    [8] SUMMON | コスト🔷🔶, 配置コア🔷 ⚠️深巣ダンテクレオ消滅, (支払:深巣ダンテクレオ:🔶, 海幻コエラ＝カンサス:🔷, 配置:海幻コエラ＝カンサス:🔷) -> eval: +0.1673
    [9] SUMMON | コスト🔷🔷, 配置コア🔷🔷 ⚠️フラッティ消滅, (支払:海幻コエラ＝カンサス:🔷🔷, 配置:フラッティ:🔷, 海幻コエラ＝カンサス:🔷) -> eval: +0.1945
    [10] SUMMON | コスト🔷🔷, 配置コア🔷🔷, (支払:海幻コエラ＝カンサス:🔷🔷, 配置:海幻コエラ＝カンサス:🔷🔷) -> eval: +0.2428
    [11] SUMMON | コスト🔷🔷, 配置コア🔷🔶 ⚠️フラッティ・深巣ダンテクレオ消滅, (支払:海幻コエラ＝カンサス:🔷🔷, 配置:フラッティ:🔷, 深巣ダンテクレオ:🔶) -> eval: +0.0953
    [12] SUMMON | コスト🔷🔷, 配置コア🔷🔶 ⚠️深巣ダンテクレオ消滅, (支払:海幻コエラ＝カンサス:🔷🔷, 配置:深巣ダンテクレオ:🔶, 海幻コエラ＝カンサス:🔷) -> eval: +0.1429
    [13] SUMMON | コスト🔷🔶, 配置コア🔷🔷 ⚠️フラッティ・深巣ダンテクレオ消滅, (支払:深巣ダンテクレオ:🔶, 海幻コエラ＝カンサス:🔷, 配置:フラッティ:🔷, 海幻コエラ＝カンサス:🔷) -> eval: +0.1337
    [14] SUMMON | コスト🔷🔶, 配置コア🔷🔷 ⚠️深巣ダンテクレオ消滅, (支払:深巣ダンテクレオ:🔶, 海幻コエラ＝カンサス:🔷, 配置:海幻コエラ＝カンサス:🔷🔷) -> eval: +0.1863
    [15] SUMMON | コスト🔷🔷, 配置コア🔷🔷🔷 ⚠️フラッティ消滅, (支払:海幻コエラ＝カンサス:🔷🔷, 配置:フラッティ:🔷, 海幻コエラ＝カンサス:🔷🔷) -> eval: +0.1762
    [16] SUMMON | コスト🔷🔷, 配置コア🔷🔷🔷, (支払:海幻コエラ＝カンサス:🔷🔷, 配置:海幻コエラ＝カンサス:🔷🔷🔷) -> eval: +0.2436
    [17] SUMMON | コスト🔷🔷, 配置コア🔷🔷🔶 ⚠️フラッティ・深巣ダンテクレオ消滅, (支払:海幻コエラ＝カンサス:🔷🔷, 配置:フラッティ:🔷, 深巣ダンテクレオ:🔶, 海幻コエラ＝カンサス:🔷) -> eval: +0.0963
    [18] SUMMON | コスト🔷🔷, 配置コア🔷🔷🔶 ⚠️深巣ダンテクレオ消滅, (支払:海幻コエラ＝カンサス:🔷🔷, 配置:深巣ダンテクレオ:🔶, 海幻コエラ＝カンサス:🔷🔷) -> eval: +0.1200
    [19] SUMMON | コスト🔷🔶, 配置コア🔷🔷🔷 ⚠️フラッティ・深巣ダンテクレオ消滅, (支払:深巣ダンテクレオ:🔶, 海幻コエラ＝カンサス:🔷, 配置:フラッティ:🔷, 海幻コエラ＝カンサス:🔷🔷) -> eval: +0.1337
    [20] SUMMON | コスト🔷🔶, 配置コア🔷🔷🔷 ⚠️深巣ダンテクレオ消滅, (支払:深巣ダンテクレオ:🔶, 海幻コエラ＝カンサス:🔷, 配置:海幻コエラ＝カンサス:🔷🔷🔷) -> eval: +0.1646
    [21] SUMMON | コスト🔷🔷, 配置コア🔷🔷🔷🔷 ⚠️フラッティ消滅, (支払:海幻コエラ＝カンサス:🔷🔷, 配置:フラッティ:🔷, 海幻コエラ＝カンサス:🔷🔷🔷) -> eval: +0.1770
    [22] SUMMON | コスト🔷🔷, 配置コア🔷🔷🔷🔷 ⚠️海幻コエラ＝カンサス消滅, (支払:海幻コエラ＝カンサス:🔷🔷, 配置:海幻コエラ＝カンサス:🔷🔷🔷🔷) -> eval: +0.1568
    [23] SUMMON | コスト🔷🔷, 配置コア🔷🔷🔷🔶 ⚠️フラッティ・深巣ダンテクレオ消滅, (支払:海幻コエラ＝カンサス:🔷🔷, 配置:フラッティ:🔷, 深巣ダンテクレオ:🔶, 海幻コエラ＝カンサス:🔷🔷) -> eval: +0.0778
    [24] SUMMON | コスト🔷🔷, 配置コア🔷🔷🔷🔶 ⚠️深巣ダンテクレオ消滅, (支払:海幻コエラ＝カンサス:🔷🔷, 配置:深巣ダンテクレオ:🔶, 海幻コエラ＝カンサス:🔷🔷🔷) -> eval: +0.1220
    [25] SUMMON | コスト🔷🔶, 配置コア🔷🔷🔷🔷 ⚠️フラッティ・深巣ダンテクレオ消滅, (支払:深巣ダンテクレオ:🔶, 海幻コエラ＝カンサス:🔷, 配置:フラッティ:🔷, 海幻コエラ＝カンサス:🔷🔷🔷) -> eval: +0.1163
    [26] SUMMON | コスト🔷🔶, 配置コア🔷🔷🔷🔷 ⚠️深巣ダンテクレオ消滅, (支払:深巣ダンテクレオ:🔶, 海幻コエラ＝カンサス:🔷, 配置:海幻コエラ＝カンサス:🔷🔷🔷🔷) -> eval: +0.1656
    [27] SUMMON | コスト🔷🔷, 配置コア🔷🔷🔷🔷🔷 ⚠️フラッティ・海幻コエラ＝カンサス消滅, (支払:海幻コエラ＝カンサス:🔷🔷, 配置:フラッティ:🔷, 海幻コエラ＝カンサス:🔷🔷🔷🔷) -> eval: +0.1101
    [28] SUMMON | コスト🔷🔷, 配置コア🔷🔷🔷🔷🔶 ⚠️フラッティ・深巣ダンテクレオ消滅, (支払:海幻コエラ＝カンサス:🔷🔷, 配置:フラッティ:🔷, 深巣ダンテクレオ:🔶, 海幻コエラ＝カンサス:🔷🔷🔷) -> eval: +0.0802
    [29] SUMMON | コスト🔷🔷, 配置コア🔷🔷🔷🔷🔶 ⚠️深巣ダンテクレオ・海幻コエラ＝カンサス消滅, (支払:海幻コエラ＝カンサス:🔷🔷, 配置:深巣ダンテクレオ:🔶, 海幻コエラ＝カンサス:🔷🔷🔷🔷) -> eval: +0.0594
    [30] SUMMON | コスト🔷🔶, 配置コア🔷🔷🔷🔷🔷 ⚠️フラッティ・深巣ダンテクレオ消滅, (支払:深巣ダンテクレオ:🔶, 海幻コエラ＝カンサス:🔷, 配置:フラッティ:🔷, 海幻コエラ＝カンサス:🔷🔷🔷🔷) -> eval: +0.1175
    [31] SUMMON | コスト🔷🔶, 配置コア🔷🔷🔷🔷🔷 ⚠️深巣ダンテクレオ・海幻コエラ＝カンサス消滅, (支払:深巣ダンテクレオ:🔶, 海幻コエラ＝カンサス:🔷, 配置:海幻コエラ＝カンサス:🔷🔷🔷🔷🔷) -> eval: +0.0995
    [32] SUMMON | コスト🔷🔷, 配置コア🔷🔷🔷🔷🔷🔶 ⚠️フラッティ・深巣ダンテクレオ・海幻コエラ＝カンサス消滅, (支払:海幻コエラ＝カンサス:🔷🔷, 配置:フラッティ:🔷, 深巣ダンテクレオ:🔶, 海幻コエラ＝カンサス:🔷🔷🔷🔷) -> eval: +0.0185
    [33] SUMMON | コスト🔷🔶, 配置コア🔷🔷🔷🔷🔷🔷 ⚠️フラッティ・深巣ダンテクレオ・海幻コエラ＝カンサス消滅, (支払:深巣ダンテクレオ:🔶, 海幻コエラ＝カンサス:🔷, 配置:フラッティ:🔷, 海幻コエラ＝カンサス:🔷🔷🔷🔷🔷) -> eval: +0.0505
    [34] SUMMON | コスト🔷🔷, 配置コア🔷 ⚠️フラッティ消滅, (支払:海幻コエラ＝カンサス:🔷🔷, 配置:フラッティ:🔷) -> eval: +0.1511
    [35] SUMMON | コスト🔷🔷, 配置コア🔷, (支払:海幻コエラ＝カンサス:🔷🔷, 配置:海幻コエラ＝カンサス:🔷) -> eval: +0.2150
    [36] SUMMON | コスト🔷🔷, 配置コア🔶 ⚠️フラッティ・深巣ダンテクレオ消滅, (支払:フラッティ:🔷, 海幻コエラ＝カンサス:🔷, 配置:深巣ダンテクレオ:🔶) -> eval: +0.0641
    [37] SUMMON | コスト🔷🔷, 配置コア🔶 ⚠️深巣ダンテクレオ消滅, (支払:海幻コエラ＝カンサス:🔷🔷, 配置:深巣ダンテクレオ:🔶) -> eval: +0.1095
    [38] SUMMON | コスト🔷🔶, 配置コア🔷 ⚠️フラッティ・深巣ダンテクレオ消滅, (支払:深巣ダンテクレオ:🔶, 海幻コエラ＝カンサス:🔷, 配置:フラッティ:🔷) -> eval: +0.0916
    [39] SUMMON | コスト🔷🔶, 配置コア🔷 ⚠️深巣ダンテクレオ消滅, (支払:深巣ダンテクレオ:🔶, 海幻コエラ＝カンサス:🔷, 配置:海幻コエラ＝カンサス:🔷) -> eval: +0.1388
    [40] SUMMON | コスト🔷🔷, 配置コア🔷🔷 ⚠️フラッティ消滅, (支払:海幻コエラ＝カンサス:🔷🔷, 配置:フラッティ:🔷, 海幻コエラ＝カンサス:🔷) -> eval: +0.1702
    [41] SUMMON | コスト🔷🔷, 配置コア🔷🔷, (支払:海幻コエラ＝カンサス:🔷🔷, 配置:海幻コエラ＝カンサス:🔷🔷) -> eval: +0.2143
    [42] SUMMON | コスト🔷🔷, 配置コア🔷🔶 ⚠️フラッティ・深巣ダンテクレオ消滅, (支払:海幻コエラ＝カンサス:🔷🔷, 配置:フラッティ:🔷, 深巣ダンテクレオ:🔶) -> eval: +0.0763
    [43] SUMMON | コスト🔷🔷, 配置コア🔷🔶 ⚠️深巣ダンテクレオ消滅, (支払:海幻コエラ＝カンサス:🔷🔷, 配置:深巣ダンテクレオ:🔶, 海幻コエラ＝カンサス:🔷) -> eval: +0.1231
    [44] SUMMON | コスト🔷🔶, 配置コア🔷🔷 ⚠️フラッティ・深巣ダンテクレオ消滅, (支払:深巣ダンテクレオ:🔶, 海幻コエラ＝カンサス:🔷, 配置:フラッティ:🔷, 海幻コエラ＝カンサス:🔷) -> eval: +0.1090
    [45] SUMMON | コスト🔷🔶, 配置コア🔷🔷 ⚠️深巣ダンテクレオ消滅, (支払:深巣ダンテクレオ:🔶, 海幻コエラ＝カンサス:🔷, 配置:海幻コエラ＝カンサス:🔷🔷) -> eval: +0.1597
    [46] SUMMON | コスト🔷🔷, 配置コア🔷🔷🔷 ⚠️フラッティ消滅, (支払:海幻コエラ＝カンサス:🔷🔷, 配置:フラッティ:🔷, 海幻コエラ＝カンサス:🔷🔷) -> eval: +0.1506
    [47] SUMMON | コスト🔷🔷, 配置コア🔷🔷🔷, (支払:海幻コエラ＝カンサス:🔷🔷, 配置:海幻コエラ＝カンサス:🔷🔷🔷) -> eval: +0.2149
    [48] SUMMON | コスト🔷🔷, 配置コア🔷🔷🔶 ⚠️フラッティ・深巣ダンテクレオ消滅, (支払:海幻コエラ＝カンサス:🔷🔷, 配置:フラッティ:🔷, 深巣ダンテクレオ:🔶, 海幻コエラ＝カンサス:🔷) -> eval: +0.0774
    [49] SUMMON | コスト🔷🔷, 配置コア🔷🔷🔶 ⚠️深巣ダンテクレオ消滅, (支払:海幻コエラ＝カンサス:🔷🔷, 配置:深巣ダンテクレオ:🔶, 海幻コエラ＝カンサス:🔷🔷) -> eval: +0.1003
    [50] SUMMON | コスト🔷🔶, 配置コア🔷🔷🔷 ⚠️フラッティ・深巣ダンテクレオ消滅, (支払:深巣ダンテクレオ:🔶, 海幻コエラ＝カンサス:🔷, 配置:フラッティ:🔷, 海幻コエラ＝カンサス:🔷🔷) -> eval: +0.1089
    [51] SUMMON | コスト🔷🔶, 配置コア🔷🔷🔷 ⚠️深巣ダンテクレオ消滅, (支払:深巣ダンテクレオ:🔶, 海幻コエラ＝カンサス:🔷, 配置:海幻コエラ＝カンサス:🔷🔷🔷) -> eval: +0.1369
    [52] SUMMON | コスト🔷🔷, 配置コア🔷🔷🔷🔷 ⚠️フラッティ消滅, (支払:海幻コエラ＝カンサス:🔷🔷, 配置:フラッティ:🔷, 海幻コエラ＝カンサス:🔷🔷🔷) -> eval: +0.1512
    [53] SUMMON | コスト🔷🔷, 配置コア🔷🔷🔷🔷 ⚠️海幻コエラ＝カンサス消滅, (支払:海幻コエラ＝カンサス:🔷🔷, 配置:海幻コエラ＝カンサス:🔷🔷🔷🔷) -> eval: +0.1315
    [54] SUMMON | コスト🔷🔷, 配置コア🔷🔷🔷🔶 ⚠️フラッティ・深巣ダンテクレオ消滅, (支払:海幻コエラ＝カンサス:🔷🔷, 配置:フラッティ:🔷, 深巣ダンテクレオ:🔶, 海幻コエラ＝カンサス:🔷🔷) -> eval: +0.0596
    [55] SUMMON | コスト🔷🔷, 配置コア🔷🔷🔷🔶 ⚠️深巣ダンテクレオ消滅, (支払:海幻コエラ＝カンサス:🔷🔷, 配置:深巣ダンテクレオ:🔶, 海幻コエラ＝カンサス:🔷🔷🔷) -> eval: +0.1023
    [56] SUMMON | コスト🔷🔶, 配置コア🔷🔷🔷🔷 ⚠️フラッティ・深巣ダンテクレオ消滅, (支払:深巣ダンテクレオ:🔶, 海幻コエラ＝カンサス:🔷, 配置:フラッティ:🔷, 海幻コエラ＝カンサス:🔷🔷🔷) -> eval: +0.0910
    [57] SUMMON | コスト🔷🔶, 配置コア🔷🔷🔷🔷 ⚠️深巣ダンテクレオ消滅, (支払:深巣ダンテクレオ:🔶, 海幻コエラ＝カンサス:🔷, 配置:海幻コエラ＝カンサス:🔷🔷🔷🔷) -> eval: +0.1378
    [58] SUMMON | コスト🔷🔷, 配置コア🔷🔷🔷🔷🔷 ⚠️フラッティ・海幻コエラ＝カンサス消滅, (支払:海幻コエラ＝カンサス:🔷🔷, 配置:フラッティ:🔷, 海幻コエラ＝カンサス:🔷🔷🔷🔷) -> eval: +0.0870
    [59] SUMMON | コスト🔷🔷, 配置コア🔷🔷🔷🔷🔶 ⚠️フラッティ・深巣ダンテクレオ消滅, (支払:海幻コエラ＝カンサス:🔷🔷, 配置:フラッティ:🔷, 深巣ダンテクレオ:🔶, 海幻コエラ＝カンサス:🔷🔷🔷) -> eval: +0.0621
    [60] SUMMON | コスト🔷🔷, 配置コア🔷🔷🔷🔷🔶 ⚠️深巣ダンテクレオ・海幻コエラ＝カンサス消滅, (支払:海幻コエラ＝カンサス:🔷🔷, 配置:深巣ダンテクレオ:🔶, 海幻コエラ＝カンサス:🔷🔷🔷🔷) -> eval: +0.0412
    [61] SUMMON | コスト🔷🔶, 配置コア🔷🔷🔷🔷🔷 ⚠️フラッティ・深巣ダンテクレオ消滅, (支払:深巣ダンテクレオ:🔶, 海幻コエラ＝カンサス:🔷, 配置:フラッティ:🔷, 海幻コエラ＝カンサス:🔷🔷🔷🔷) -> eval: +0.0922
    [62] SUMMON | コスト🔷🔶, 配置コア🔷🔷🔷🔷🔷 ⚠️深巣ダンテクレオ・海幻コエラ＝カンサス消滅, (支払:深巣ダンテクレオ:🔶, 海幻コエラ＝カンサス:🔷, 配置:海幻コエラ＝カンサス:🔷🔷🔷🔷🔷) -> eval: +0.0738
    [63] SUMMON | コスト🔷🔷, 配置コア🔷🔷🔷🔷🔷🔶 ⚠️フラッティ・深巣ダンテクレオ・海幻コエラ＝カンサス消滅, (支払:海幻コエラ＝カンサス:🔷🔷, 配置:フラッティ:🔷, 深巣ダンテクレオ:🔶, 海幻コエラ＝カンサス:🔷🔷🔷🔷) -> eval:  0.0000
    [64] SUMMON | コスト🔷🔶, 配置コア🔷🔷🔷🔷🔷🔷 ⚠️フラッティ・深巣ダンテクレオ・海幻コエラ＝カンサス消滅, (支払:深巣ダンテクレオ:🔶, 海幻コエラ＝カンサス:🔷, 配置:フラッティ:🔷, 海幻コエラ＝カンサス:🔷🔷🔷🔷🔷) -> eval: +0.0256
    [65] SUMMON | コスト🔷, 配置コアなし ⚠️フラッティ消滅, (支払:フラッティ:🔷, 配置:なし) -> eval: +0.1484
    [66] SUMMON | コスト🔷, 配置コアなし, (支払:海幻コエラ＝カンサス:🔷, 配置:なし) -> eval: +0.2140
    [67] SUMMON | コスト🔶, 配置コアなし ⚠️深巣ダンテクレオ消滅, (支払:深巣ダンテクレオ:🔶, 配置:なし) -> eval: +0.1378
    [68] SUMMON | コスト🔷, 配置コア🔷 ⚠️フラッティ消滅, (支払:海幻コエラ＝カンサス:🔷, 配置:フラッティ:🔷) -> eval: +0.1469
    [69] SUMMON | コスト🔷, 配置コア🔷, (支払:海幻コエラ＝カンサス:🔷, 配置:海幻コエラ＝カンサス:🔷) -> eval: +0.2126
    [70] SUMMON | コスト🔷, 配置コア🔶 ⚠️フラッティ・深巣ダンテクレオ消滅, (支払:フラッティ:🔷, 配置:深巣ダンテクレオ:🔶) -> eval: +0.0709
    [71] SUMMON | コスト🔷, 配置コア🔶 ⚠️深巣ダンテクレオ消滅, (支払:海幻コエラ＝カンサス:🔷, 配置:深巣ダンテクレオ:🔶) -> eval: +0.1195
    [72] SUMMON | コスト🔶, 配置コア🔷 ⚠️フラッティ・深巣ダンテクレオ消滅, (支払:深巣ダンテクレオ:🔶, 配置:フラッティ:🔷) -> eval: +0.0875
    [73] SUMMON | コスト🔶, 配置コア🔷 ⚠️深巣ダンテクレオ消滅, (支払:深巣ダンテクレオ:🔶, 配置:海幻コエラ＝カンサス:🔷) -> eval: +0.1363
    [74] SUMMON | コスト🔷, 配置コア🔷🔷 ⚠️フラッティ消滅, (支払:海幻コエラ＝カンサス:🔷, 配置:フラッティ:🔷, 海幻コエラ＝カンサス:🔷) -> eval: +0.1457
    [75] SUMMON | コスト🔷, 配置コア🔷🔷, (支払:海幻コエラ＝カンサス:🔷, 配置:海幻コエラ＝カンサス:🔷🔷) -> eval: +0.2115
    [76] SUMMON | コスト🔷, 配置コア🔷🔶 ⚠️フラッティ・深巣ダンテクレオ消滅, (支払:海幻コエラ＝カンサス:🔷, 配置:フラッティ:🔷, 深巣ダンテクレオ:🔶) -> eval: +0.0719
    [77] SUMMON | コスト🔷, 配置コア🔷🔶 ⚠️深巣ダンテクレオ消滅, (支払:海幻コエラ＝カンサス:🔷, 配置:深巣ダンテクレオ:🔶, 海幻コエラ＝カンサス:🔷) -> eval: +0.1203
    [78] SUMMON | コスト🔶, 配置コア🔷🔷 ⚠️フラッティ・深巣ダンテクレオ消滅, (支払:深巣ダンテクレオ:🔶, 配置:フラッティ:🔷, 海幻コエラ＝カンサス:🔷) -> eval: +0.0867
    [79] SUMMON | コスト🔶, 配置コア🔷🔷 ⚠️深巣ダンテクレオ消滅, (支払:深巣ダンテクレオ:🔶, 配置:海幻コエラ＝カンサス:🔷🔷) -> eval: +0.1352
    [80] SUMMON | コスト🔷, 配置コア🔷🔷🔷 ⚠️フラッティ消滅, (支払:海幻コエラ＝カンサス:🔷, 配置:フラッティ:🔷, 海幻コエラ＝カンサス:🔷🔷) -> eval: +0.1450
    [81] SUMMON | コスト🔷, 配置コア🔷🔷🔷, (支払:海幻コエラ＝カンサス:🔷, 配置:海幻コエラ＝カンサス:🔷🔷🔷) -> eval: +0.1850
    [82] SUMMON | コスト🔷, 配置コア🔷🔷🔶 ⚠️フラッティ・深巣ダンテクレオ消滅, (支払:海幻コエラ＝カンサス:🔷, 配置:フラッティ:🔷, 深巣ダンテクレオ:🔶, 海幻コエラ＝カンサス:🔷) -> eval: +0.0732
    [83] SUMMON | コスト🔷, 配置コア🔷🔷🔶 ⚠️深巣ダンテクレオ消滅, (支払:海幻コエラ＝カンサス:🔷, 配置:深巣ダンテクレオ:🔶, 海幻コエラ＝カンサス:🔷🔷) -> eval: +0.1214
    [84] SUMMON | コスト🔶, 配置コア🔷🔷🔷 ⚠️フラッティ・深巣ダンテクレオ消滅, (支払:深巣ダンテクレオ:🔶, 配置:フラッティ:🔷, 海幻コエラ＝カンサス:🔷🔷) -> eval: +0.0862
    [85] SUMMON | コスト🔶, 配置コア🔷🔷🔷 ⚠️深巣ダンテクレオ消滅, (支払:深巣ダンテクレオ:🔶, 配置:海幻コエラ＝カンサス:🔷🔷🔷) -> eval: +0.1345
    [86] SUMMON | コスト🔷, 配置コア🔷🔷🔷🔷 ⚠️フラッティ消滅, (支払:海幻コエラ＝カンサス:🔷, 配置:フラッティ:🔷, 海幻コエラ＝カンサス:🔷🔷🔷) -> eval: +0.1232
    [87] SUMMON | コスト🔷, 配置コア🔷🔷🔷🔷, (支払:海幻コエラ＝カンサス:🔷, 配置:海幻コエラ＝カンサス:🔷🔷🔷🔷) -> eval: +0.1855
    [88] SUMMON | コスト🔷, 配置コア🔷🔷🔷🔶 ⚠️フラッティ・深巣ダンテクレオ消滅, (支払:海幻コエラ＝カンサス:🔷, 配置:フラッティ:🔷, 深巣ダンテクレオ:🔶, 海幻コエラ＝カンサス:🔷🔷) -> eval: +0.0749
    [89] SUMMON | コスト🔷, 配置コア🔷🔷🔷🔶 ⚠️深巣ダンテクレオ消滅, (支払:海幻コエラ＝カンサス:🔷, 配置:深巣ダンテクレオ:🔶, 海幻コエラ＝カンサス:🔷🔷🔷) -> eval: +0.0988
    [90] SUMMON | コスト🔶, 配置コア🔷🔷🔷🔷 ⚠️フラッティ・深巣ダンテクレオ消滅, (支払:深巣ダンテクレオ:🔶, 配置:フラッティ:🔷, 海幻コエラ＝カンサス:🔷🔷🔷) -> eval: +0.0861
    [91] SUMMON | コスト🔶, 配置コア🔷🔷🔷🔷 ⚠️深巣ダンテクレオ消滅, (支払:深巣ダンテクレオ:🔶, 配置:海幻コエラ＝カンサス:🔷🔷🔷🔷) -> eval: +0.1095
    [92] SUMMON | コスト🔷, 配置コア🔷🔷🔷🔷🔷 ⚠️フラッティ消滅, (支払:海幻コエラ＝カンサス:🔷, 配置:フラッティ:🔷, 海幻コエラ＝カンサス:🔷🔷🔷🔷) -> eval: +0.1239
    [93] SUMMON | コスト🔷, 配置コア🔷🔷🔷🔷🔷 ⚠️海幻コエラ＝カンサス消滅, (支払:海幻コエラ＝カンサス:🔷, 配置:海幻コエラ＝カンサス:🔷🔷🔷🔷🔷) -> eval: +0.1050
    [94] SUMMON | コスト🔷, 配置コア🔷🔷🔷🔷🔶 ⚠️フラッティ・深巣ダンテクレオ消滅, (支払:海幻コエラ＝カンサス:🔷, 配置:フラッティ:🔷, 深巣ダンテクレオ:🔶, 海幻コエラ＝カンサス:🔷🔷🔷) -> eval: +0.0572
    [95] SUMMON | コスト🔷, 配置コア🔷🔷🔷🔷🔶 ⚠️深巣ダンテクレオ消滅, (支払:海幻コエラ＝カンサス:🔷, 配置:深巣ダンテクレオ:🔶, 海幻コエラ＝カンサス:🔷🔷🔷🔷) -> eval: +0.1013
    [96] SUMMON | コスト🔶, 配置コア🔷🔷🔷🔷🔷 ⚠️フラッティ・深巣ダンテクレオ消滅, (支払:深巣ダンテクレオ:🔶, 配置:フラッティ:🔷, 海幻コエラ＝カンサス:🔷🔷🔷🔷) -> eval: +0.0664
    [97] SUMMON | コスト🔶, 配置コア🔷🔷🔷🔷🔷 ⚠️深巣ダンテクレオ消滅, (支払:深巣ダンテクレオ:🔶, 配置:海幻コエラ＝カンサス:🔷🔷🔷🔷🔷) -> eval: +0.1104
    [98] SUMMON | コスト🔷, 配置コア🔷🔷🔷🔷🔷🔷 ⚠️フラッティ・海幻コエラ＝カンサス消滅, (支払:海幻コエラ＝カンサス:🔷, 配置:フラッティ:🔷, 海幻コエラ＝カンサス:🔷🔷🔷🔷🔷) -> eval: +0.0626
    [99] SUMMON | コスト🔷, 配置コア🔷🔷🔷🔷🔷🔶 ⚠️フラッティ・深巣ダンテクレオ消滅, (支払:海幻コエラ＝カンサス:🔷, 配置:フラッティ:🔷, 深巣ダンテクレオ:🔶, 海幻コエラ＝カンサス:🔷🔷🔷🔷) -> eval: +0.0601
    [100] SUMMON | コスト🔷, 配置コア🔷🔷🔷🔷🔷🔶 ⚠️深巣ダンテクレオ・海幻コエラ＝カンサス消滅, (支払:海幻コエラ＝カンサス:🔷, 配置:深巣ダンテクレオ:🔶, 海幻コエラ＝カンサス:🔷🔷🔷🔷🔷) -> eval: +0.0386
    [101] SUMMON | コスト🔶, 配置コア🔷🔷🔷🔷🔷🔷 ⚠️フラッティ・深巣ダンテクレオ消滅, (支払:深巣ダンテクレオ:🔶, 配置:フラッティ:🔷, 海幻コエラ＝カンサス:🔷🔷🔷🔷🔷) -> eval: +0.0677
    [102] SUMMON | コスト🔶, 配置コア🔷🔷🔷🔷🔷🔷 ⚠️深巣ダンテクレオ・海幻コエラ＝カンサス消滅, (支払:深巣ダンテクレオ:🔶, 配置:海幻コエラ＝カンサス:🔷🔷🔷🔷🔷🔷) -> eval: +0.0480
    [103] SUMMON | コスト🔷, 配置コア🔷🔷🔷🔷🔷🔷🔶 ⚠️フラッティ・深巣ダンテクレオ・海幻コエラ＝カンサス消滅, (支払:海幻コエラ＝カンサス:🔷, 配置:フラッティ:🔷, 深巣ダンテクレオ:🔶, 海幻コエラ＝カンサス:🔷🔷🔷🔷🔷) -> eval: -0.0053
    [104] SUMMON | コスト🔶, 配置コア🔷🔷🔷🔷🔷🔷🔷 ⚠️フラッティ・深巣ダンテクレオ・海幻コエラ＝カンサス消滅, (支払:深巣ダンテクレオ:🔶, 配置:フラッティ:🔷, 海幻コエラ＝カンサス:🔷🔷🔷🔷🔷🔷) -> eval: +0.0027
    [105] MOVE_CORE | 🔷を移動 ⚠️フラッティ消滅 -> eval: +0.1066
    [106] MOVE_CORE | 🔷を移動 ⚠️フラッティ消滅 -> eval: +0.1184
    [107] MOVE_CORE | 🔷を移動 ⚠️フラッティ消滅 -> eval: +0.1192
    [108] MOVE_CORE | 🔶を移動 ⚠️深巣ダンテクレオ消滅 -> eval: +0.0963
    [109] MOVE_CORE | 🔶を移動 ⚠️深巣ダンテクレオ消滅 -> eval: +0.0789
    [110] MOVE_CORE | 🔶 ⇄ 🔷 を交換 -> eval: +0.1844
    [111] MOVE_CORE | 🔶を移動 ⚠️深巣ダンテクレオ消滅 -> eval: +0.0646
    [112] MOVE_CORE | 🔶 ⇄ 🔷 を交換 -> eval: +0.1664
    [113] MOVE_CORE | 🔷を移動 -> eval: +0.1783
    [114] MOVE_CORE | 🔷🔷を移動 -> eval: +0.1693
    [115] MOVE_CORE | 🔷🔷🔷を移動 -> eval: +0.1612
    [116] MOVE_CORE | 🔷🔷🔷🔷を移動 -> eval: +0.1240
    [117] MOVE_CORE | 🔷🔷🔷🔷🔷を移動 -> eval: +0.1187
    [118] MOVE_CORE | 🔷🔷🔷🔷🔷🔷を移動 ⚠️海幻コエラ＝カンサス消滅 -> eval: +0.0111
    [119] MOVE_CORE | 🔷を移動 -> eval: +0.1860
    [120] MOVE_CORE | 🔷🔷を移動 -> eval: +0.2091
    [121] MOVE_CORE | 🔷🔷🔷を移動 -> eval: +0.2083
    [122] MOVE_CORE | 🔷🔷🔷🔷を移動 -> eval: +0.1783
    [123] MOVE_CORE | 🔷🔷🔷🔷🔷を移動 -> eval: +0.1786
    [124] MOVE_CORE | 🔷🔷🔷🔷🔷🔷を移動 ⚠️海幻コエラ＝カンサス消滅 -> eval: +0.0948
    [125] MOVE_CORE | 🔷を移動 -> eval: +0.1874
    [126] MOVE_CORE | 🔷🔷を移動 -> eval: +0.1870
    [127] MOVE_CORE | 🔷🔷🔷を移動 -> eval: +0.1870
    [128] MOVE_CORE | 🔷🔷🔷🔷を移動 -> eval: +0.1574
    [129] MOVE_CORE | 🔷🔷🔷🔷🔷を移動 -> eval: +0.1591
    [130] MOVE_CORE | 🔷🔷🔷🔷🔷🔷を移動 ⚠️海幻コエラ＝カンサス消滅 -> eval: +0.0778
  ステップ終了評価: +0.1882
  => 選択: SUMMON | コスト🔷🔷, 配置コア🔷, (支払:海幻コエラ＝カンサス:🔷🔷, 配置:海幻コエラ＝カンサス:🔷) (eval: +0.2446 > 終了評価 +0.1882)
     効果/結果: 🎴 「重顎ドロゴリアス」を召喚 (コスト2をトラッシュへ) ※海幻コエラ＝カンサスから2個, 海幻コエラ＝カンサスから1個

Turn 6 | 手数 40 | 手番: P2(run3_run4.kann.weight) | メインステップ
  盤面:
    P1: Life:2, Reserve:0, Hand:3枚, Field:[最奥：緑淵深(Lv1,コア0), ガリザロト(Lv1,コア1), 透笠オリンディアス(Lv1,コア1), ガリザロト(Lv1,コア1)]
    P2: Life:1, Reserve:0, Hand:3枚, Field:[フラッティ(Lv1,コア1), 深巣ダンテクレオ(Lv2,コア1s), 海幻コエラ＝カンサス(Lv2,コア3), 重顎ドロゴリアス(Lv1,コア1)]
  候補行動 (109件):
    [0] USE_MAGIC | コスト🔷, コアは置かない ⚠️フラッティ消滅, (支払:フラッティ:🔷, 配置:なし) -> eval: +0.1496
    [1] USE_MAGIC | コスト🔷, コアは置かない, (支払:海幻コエラ＝カンサス:🔷, 配置:なし) -> eval: +0.1798
    [2] USE_MAGIC | コスト🔷, コアは置かない ⚠️重顎ドロゴリアス消滅, (支払:重顎ドロゴリアス:🔷, 配置:なし) -> eval: +0.1348
    [3] USE_MAGIC | コスト🔶, コアは置かない ⚠️深巣ダンテクレオ消滅, (支払:深巣ダンテクレオ:🔶, 配置:なし) -> eval: +0.1401
    [4] SUMMON | コスト🔷🔷, 配置コア🔷 ⚠️フラッティ消滅, (支払:海幻コエラ＝カンサス:🔷🔷, 配置:フラッティ:🔷) -> eval: +0.1895
    [5] SUMMON | コスト🔷🔷, 配置コア🔷 ⚠️フラッティ・重顎ドロゴリアス消滅, (支払:海幻コエラ＝カンサス:🔷, 重顎ドロゴリアス:🔷, 配置:フラッティ:🔷) -> eval: +0.1242
    [6] SUMMON | コスト🔷🔷, 配置コア🔷 ⚠️海幻コエラ＝カンサス消滅, (支払:海幻コエラ＝カンサス:🔷🔷, 配置:海幻コエラ＝カンサス:🔷) -> eval: +0.1710
    [7] SUMMON | コスト🔷🔷, 配置コア🔷 ⚠️重顎ドロゴリアス消滅, (支払:海幻コエラ＝カンサス:🔷, 重顎ドロゴリアス:🔷, 配置:海幻コエラ＝カンサス:🔷) -> eval: +0.1653
    [8] SUMMON | コスト🔷🔷, 配置コア🔶 ⚠️フラッティ・深巣ダンテクレオ消滅, (支払:フラッティ:🔷, 海幻コエラ＝カンサス:🔷, 配置:深巣ダンテクレオ:🔶) -> eval: +0.1035
    [9] SUMMON | コスト🔷🔷, 配置コア🔶 ⚠️フラッティ・深巣ダンテクレオ・重顎ドロゴリアス消滅, (支払:フラッティ:🔷, 重顎ドロゴリアス:🔷, 配置:深巣ダンテクレオ:🔶) -> eval: +0.0580
    [10] SUMMON | コスト🔷🔷, 配置コア🔶 ⚠️深巣ダンテクレオ消滅, (支払:海幻コエラ＝カンサス:🔷🔷, 配置:深巣ダンテクレオ:🔶) -> eval: +0.1464
    [11] SUMMON | コスト🔷🔷, 配置コア🔶 ⚠️深巣ダンテクレオ・重顎ドロゴリアス消滅, (支払:海幻コエラ＝カンサス:🔷, 重顎ドロゴリアス:🔷, 配置:深巣ダンテクレオ:🔶) -> eval: +0.0813
    [12] SUMMON | コスト🔷🔶, 配置コア🔷 ⚠️フラッティ・深巣ダンテクレオ消滅, (支払:深巣ダンテクレオ:🔶, 海幻コエラ＝カンサス:🔷, 配置:フラッティ:🔷) -> eval: +0.1322
    [13] SUMMON | コスト🔷🔶, 配置コア🔷 ⚠️フラッティ・深巣ダンテクレオ・重顎ドロゴリアス消滅, (支払:深巣ダンテクレオ:🔶, 重顎ドロゴリアス:🔷, 配置:フラッティ:🔷) -> eval: +0.0842
    [14] SUMMON | コスト🔷🔶, 配置コア🔷 ⚠️深巣ダンテクレオ消滅, (支払:深巣ダンテクレオ:🔶, 海幻コエラ＝カンサス:🔷, 配置:海幻コエラ＝カンサス:🔷) -> eval: +0.1757
    [15] SUMMON | コスト🔷🔶, 配置コア🔷 ⚠️深巣ダンテクレオ・重顎ドロゴリアス消滅, (支払:深巣ダンテクレオ:🔶, 重顎ドロゴリアス:🔷, 配置:海幻コエラ＝カンサス:🔷) -> eval: +0.1105
    [16] SUMMON | コスト🔷🔷, 配置コア🔷🔷 ⚠️フラッティ・海幻コエラ＝カンサス消滅, (支払:海幻コエラ＝カンサス:🔷🔷, 配置:フラッティ:🔷, 海幻コエラ＝カンサス:🔷) -> eval: +0.1471
    [17] SUMMON | コスト🔷🔷, 配置コア🔷🔷 ⚠️フラッティ・重顎ドロゴリアス消滅, (支払:海幻コエラ＝カンサス:🔷, 重顎ドロゴリアス:🔷, 配置:フラッティ:🔷, 海幻コエラ＝カンサス:🔷) -> eval: +0.1423
    [18] SUMMON | コスト🔷🔷, 配置コア🔷🔷 ⚠️海幻コエラ＝カンサス・重顎ドロゴリアス消滅, (支払:海幻コエラ＝カンサス:🔷, 重顎ドロゴリアス:🔷, 配置:海幻コエラ＝カンサス:🔷🔷) -> eval: +0.1243
    [19] SUMMON | コスト🔷🔷, 配置コア🔷🔶 ⚠️フラッティ・深巣ダンテクレオ消滅, (支払:海幻コエラ＝カンサス:🔷🔷, 配置:フラッティ:🔷, 深巣ダンテクレオ:🔶) -> eval: +0.1174
    [20] SUMMON | コスト🔷🔷, 配置コア🔷🔶 ⚠️フラッティ・深巣ダンテクレオ・重顎ドロゴリアス消滅, (支払:海幻コエラ＝カンサス:🔷, 重顎ドロゴリアス:🔷, 配置:フラッティ:🔷, 深巣ダンテクレオ:🔶) -> eval: +0.0530
    [21] SUMMON | コスト🔷🔷, 配置コア🔷🔶 ⚠️深巣ダンテクレオ・海幻コエラ＝カンサス消滅, (支払:海幻コエラ＝カンサス:🔷🔷, 配置:深巣ダンテクレオ:🔶, 海幻コエラ＝カンサス:🔷) -> eval: +0.1019
    [22] SUMMON | コスト🔷🔷, 配置コア🔷🔶 ⚠️深巣ダンテクレオ・重顎ドロゴリアス消滅, (支払:海幻コエラ＝カンサス:🔷, 重顎ドロゴリアス:🔷, 配置:深巣ダンテクレオ:🔶, 海幻コエラ＝カンサス:🔷) -> eval: +0.0957
    [23] SUMMON | コスト🔷🔶, 配置コア🔷🔷 ⚠️フラッティ・深巣ダンテクレオ消滅, (支払:深巣ダンテクレオ:🔶, 海幻コエラ＝カンサス:🔷, 配置:フラッティ:🔷, 海幻コエラ＝カンサス:🔷) -> eval: +0.1515
    [24] SUMMON | コスト🔷🔶, 配置コア🔷🔷 ⚠️フラッティ・深巣ダンテクレオ・重顎ドロゴリアス消滅, (支払:深巣ダンテクレオ:🔶, 重顎ドロゴリアス:🔷, 配置:フラッティ:🔷, 海幻コエラ＝カンサス:🔷) -> eval: +0.0837
    [25] SUMMON | コスト🔷🔶, 配置コア🔷🔷 ⚠️深巣ダンテクレオ・海幻コエラ＝カンサス消滅, (支払:深巣ダンテクレオ:🔶, 海幻コエラ＝カンサス:🔷, 配置:海幻コエラ＝カンサス:🔷🔷) -> eval: +0.1364
    [26] SUMMON | コスト🔷🔶, 配置コア🔷🔷 ⚠️深巣ダンテクレオ・重顎ドロゴリアス消滅, (支払:深巣ダンテクレオ:🔶, 重顎ドロゴリアス:🔷, 配置:海幻コエラ＝カンサス:🔷🔷) -> eval: +0.1309
    [27] SUMMON | コスト🔷🔷, 配置コア🔷🔷🔷 ⚠️フラッティ・海幻コエラ＝カンサス・重顎ドロゴリアス消滅, (支払:海幻コエラ＝カンサス:🔷, 重顎ドロゴリアス:🔷, 配置:フラッティ:🔷, 海幻コエラ＝カンサス:🔷🔷) -> eval: +0.0797
    [28] SUMMON | コスト🔷🔷, 配置コア🔷🔷🔶 ⚠️フラッティ・深巣ダンテクレオ・海幻コエラ＝カンサス消滅, (支払:海幻コエラ＝カンサス:🔷🔷, 配置:フラッティ:🔷, 深巣ダンテクレオ:🔶, 海幻コエラ＝カンサス:🔷) -> eval: +0.0605
    [29] SUMMON | コスト🔷🔷, 配置コア🔷🔷🔶 ⚠️フラッティ・深巣ダンテクレオ・重顎ドロゴリアス消滅, (支払:海幻コエラ＝カンサス:🔷, 重顎ドロゴリアス:🔷, 配置:フラッティ:🔷, 深巣ダンテクレオ:🔶, 海幻コエラ＝カンサス:🔷) -> eval: +0.0549
    [30] SUMMON | コスト🔷🔷, 配置コア🔷🔷🔶 ⚠️深巣ダンテクレオ・海幻コエラ＝カンサス・重顎ドロゴリアス消滅, (支払:海幻コエラ＝カンサス:🔷, 重顎ドロゴリアス:🔷, 配置:深巣ダンテクレオ:🔶, 海幻コエラ＝カンサス:🔷🔷) -> eval: +0.0364
    [31] SUMMON | コスト🔷🔶, 配置コア🔷🔷🔷 ⚠️フラッティ・深巣ダンテクレオ・海幻コエラ＝カンサス消滅, (支払:深巣ダンテクレオ:🔶, 海幻コエラ＝カンサス:🔷, 配置:フラッティ:🔷, 海幻コエラ＝カンサス:🔷🔷) -> eval: +0.0894
    [32] SUMMON | コスト🔷🔶, 配置コア🔷🔷🔷 ⚠️フラッティ・深巣ダンテクレオ・重顎ドロゴリアス消滅, (支払:深巣ダンテクレオ:🔶, 重顎ドロゴリアス:🔷, 配置:フラッティ:🔷, 海幻コエラ＝カンサス:🔷🔷) -> eval: +0.0844
    [33] SUMMON | コスト🔷🔶, 配置コア🔷🔷🔷 ⚠️深巣ダンテクレオ・海幻コエラ＝カンサス・重顎ドロゴリアス消滅, (支払:深巣ダンテクレオ:🔶, 重顎ドロゴリアス:🔷, 配置:海幻コエラ＝カンサス:🔷🔷🔷) -> eval: +0.0678
    [34] SUMMON | コスト🔷🔷, 配置コア🔷🔷🔷🔶 ⚠️フラッティ・深巣ダンテクレオ・海幻コエラ＝カンサス・重顎ドロゴリアス消滅, (支払:海幻コエラ＝カンサス:🔷, 重顎ドロゴリアス:🔷, 配置:フラッティ:🔷, 深巣ダンテクレオ:🔶, 海幻コエラ＝カンサス:🔷🔷) -> eval: -0.0107
    [35] SUMMON | コスト🔷🔶, 配置コア🔷🔷🔷🔷 ⚠️フラッティ・深巣ダンテクレオ・海幻コエラ＝カンサス・重顎ドロゴリアス消滅, (支払:深巣ダンテクレオ:🔶, 重顎ドロゴリアス:🔷, 配置:フラッティ:🔷, 海幻コエラ＝カンサス:🔷🔷🔷) -> eval: +0.0133
    [36] SUMMON | コスト🔷, 配置コアなし ⚠️フラッティ消滅, (支払:フラッティ:🔷, 配置:なし) -> eval: +0.2047
    [37] SUMMON | コスト🔷, 配置コアなし, (支払:海幻コエラ＝カンサス:🔷, 配置:なし) -> eval: +0.2479
    [38] SUMMON | コスト🔷, 配置コアなし ⚠️重顎ドロゴリアス消滅, (支払:重顎ドロゴリアス:🔷, 配置:なし) -> eval: +0.1867
    [39] SUMMON | コスト🔶, 配置コアなし ⚠️深巣ダンテクレオ消滅, (支払:深巣ダンテクレオ:🔶, 配置:なし) -> eval: +0.1956
    [40] SUMMON | コスト🔷, 配置コア🔷 ⚠️フラッティ消滅, (支払:海幻コエラ＝カンサス:🔷, 配置:フラッティ:🔷) -> eval: +0.1876
    [41] SUMMON | コスト🔷, 配置コア🔷 ⚠️フラッティ・重顎ドロゴリアス消滅, (支払:重顎ドロゴリアス:🔷, 配置:フラッティ:🔷) -> eval: +0.1395
    [42] SUMMON | コスト🔷, 配置コア🔷, (支払:海幻コエラ＝カンサス:🔷, 配置:海幻コエラ＝カンサス:🔷) -> eval: +0.2477
    [43] SUMMON | コスト🔷, 配置コア🔷 ⚠️重顎ドロゴリアス消滅, (支払:重顎ドロゴリアス:🔷, 配置:海幻コエラ＝カンサス:🔷) -> eval: +0.1640
    [44] SUMMON | コスト🔷, 配置コア🔶 ⚠️フラッティ・深巣ダンテクレオ消滅, (支払:フラッティ:🔷, 配置:深巣ダンテクレオ:🔶) -> eval: +0.1310
    [45] SUMMON | コスト🔷, 配置コア🔶 ⚠️深巣ダンテクレオ消滅, (支払:海幻コエラ＝カンサス:🔷, 配置:深巣ダンテクレオ:🔶) -> eval: +0.1602
    [46] SUMMON | コスト🔷, 配置コア🔶 ⚠️深巣ダンテクレオ・重顎ドロゴリアス消滅, (支払:重顎ドロゴリアス:🔷, 配置:深巣ダンテクレオ:🔶) -> eval: +0.1140
    [47] SUMMON | コスト🔶, 配置コア🔷 ⚠️フラッティ・深巣ダンテクレオ消滅, (支払:深巣ダンテクレオ:🔶, 配置:フラッティ:🔷) -> eval: +0.1477
    [48] SUMMON | コスト🔶, 配置コア🔷 ⚠️深巣ダンテクレオ消滅, (支払:深巣ダンテクレオ:🔶, 配置:海幻コエラ＝カンサス:🔷) -> eval: +0.1752
    [49] SUMMON | コスト🔶, 配置コア🔷 ⚠️深巣ダンテクレオ・重顎ドロゴリアス消滅, (支払:深巣ダンテクレオ:🔶, 配置:重顎ドロゴリアス:🔷) -> eval: +0.1312
    [50] SUMMON | コスト🔷, 配置コア🔷🔷 ⚠️フラッティ消滅, (支払:海幻コエラ＝カンサス:🔷, 配置:フラッティ:🔷, 海幻コエラ＝カンサス:🔷) -> eval: +0.1874
    [51] SUMMON | コスト🔷, 配置コア🔷🔷 ⚠️フラッティ・重顎ドロゴリアス消滅, (支払:重顎ドロゴリアス:🔷, 配置:フラッティ:🔷, 海幻コエラ＝カンサス:🔷) -> eval: +0.1211
    [52] SUMMON | コスト🔷, 配置コア🔷🔷 ⚠️海幻コエラ＝カンサス消滅, (支払:海幻コエラ＝カンサス:🔷, 配置:海幻コエラ＝カンサス:🔷🔷) -> eval: +0.1700
    [53] SUMMON | コスト🔷, 配置コア🔷🔷 ⚠️重顎ドロゴリアス消滅, (支払:重顎ドロゴリアス:🔷, 配置:海幻コエラ＝カンサス:🔷🔷) -> eval: +0.1640
    [54] SUMMON | コスト🔷, 配置コア🔷🔶 ⚠️フラッティ・深巣ダンテクレオ消滅, (支払:海幻コエラ＝カンサス:🔷, 配置:フラッティ:🔷, 深巣ダンテクレオ:🔶) -> eval: +0.1167
    [55] SUMMON | コスト🔷, 配置コア🔷🔶 ⚠️フラッティ・深巣ダンテクレオ・重顎ドロゴリアス消滅, (支払:重顎ドロゴリアス:🔷, 配置:フラッティ:🔷, 深巣ダンテクレオ:🔶) -> eval: +0.0678
    [56] SUMMON | コスト🔷, 配置コア🔷🔶 ⚠️深巣ダンテクレオ消滅, (支払:海幻コエラ＝カンサス:🔷, 配置:深巣ダンテクレオ:🔶, 海幻コエラ＝カンサス:🔷) -> eval: +0.1615
    [57] SUMMON | コスト🔷, 配置コア🔷🔶 ⚠️深巣ダンテクレオ・重顎ドロゴリアス消滅, (支払:重顎ドロゴリアス:🔷, 配置:深巣ダンテクレオ:🔶, 海幻コエラ＝カンサス:🔷) -> eval: +0.0944
    [58] SUMMON | コスト🔶, 配置コア🔷🔷 ⚠️フラッティ・深巣ダンテクレオ消滅, (支払:深巣ダンテクレオ:🔶, 配置:フラッティ:🔷, 海幻コエラ＝カンサス:🔷) -> eval: +0.1311
    [59] SUMMON | コスト🔶, 配置コア🔷🔷 ⚠️フラッティ・深巣ダンテクレオ・重顎ドロゴリアス消滅, (支払:深巣ダンテクレオ:🔶, 配置:フラッティ:🔷, 重顎ドロゴリアス:🔷) -> eval: +0.0825
    [60] SUMMON | コスト🔶, 配置コア🔷🔷 ⚠️深巣ダンテクレオ消滅, (支払:深巣ダンテクレオ:🔶, 配置:海幻コエラ＝カンサス:🔷🔷) -> eval: +0.1753
    [61] SUMMON | コスト🔶, 配置コア🔷🔷 ⚠️深巣ダンテクレオ・重顎ドロゴリアス消滅, (支払:深巣ダンテクレオ:🔶, 配置:海幻コエラ＝カンサス:🔷, 重顎ドロゴリアス:🔷) -> eval: +0.1089
    [62] SUMMON | コスト🔷, 配置コア🔷🔷🔷 ⚠️フラッティ・海幻コエラ＝カンサス消滅, (支払:海幻コエラ＝カンサス:🔷, 配置:フラッティ:🔷, 海幻コエラ＝カンサス:🔷🔷) -> eval: +0.1267
    [63] SUMMON | コスト🔷, 配置コア🔷🔷🔷 ⚠️フラッティ・重顎ドロゴリアス消滅, (支払:重顎ドロゴリアス:🔷, 配置:フラッティ:🔷, 海幻コエラ＝カンサス:🔷🔷) -> eval: +0.1214
    [64] SUMMON | コスト🔷, 配置コア🔷🔷🔷 ⚠️海幻コエラ＝カンサス・重顎ドロゴリアス消滅, (支払:重顎ドロゴリアス:🔷, 配置:海幻コエラ＝カンサス:🔷🔷🔷) -> eval: +0.1047
    [65] SUMMON | コスト🔷, 配置コア🔷🔷🔶 ⚠️フラッティ・深巣ダンテクレオ消滅, (支払:海幻コエラ＝カンサス:🔷, 配置:フラッティ:🔷, 深巣ダンテクレオ:🔶, 海幻コエラ＝カンサス:🔷) -> eval: +0.1183
    [66] SUMMON | コスト🔷, 配置コア🔷🔷🔶 ⚠️フラッティ・深巣ダンテクレオ・重顎ドロゴリアス消滅, (支払:重顎ドロゴリアス:🔷, 配置:フラッティ:🔷, 深巣ダンテクレオ:🔶, 海幻コエラ＝カンサス:🔷) -> eval: +0.0522
    [67] SUMMON | コスト🔷, 配置コア🔷🔷🔶 ⚠️深巣ダンテクレオ・海幻コエラ＝カンサス消滅, (支払:海幻コエラ＝カンサス:🔷, 配置:深巣ダンテクレオ:🔶, 海幻コエラ＝カンサス:🔷🔷) -> eval: +0.1029
    [68] SUMMON | コスト🔷, 配置コア🔷🔷🔶 ⚠️深巣ダンテクレオ・重顎ドロゴリアス消滅, (支払:重顎ドロゴリアス:🔷, 配置:深巣ダンテクレオ:🔶, 海幻コエラ＝カンサス:🔷🔷) -> eval: +0.0964
    [69] SUMMON | コスト🔶, 配置コア🔷🔷🔷 ⚠️フラッティ・深巣ダンテクレオ消滅, (支払:深巣ダンテクレオ:🔶, 配置:フラッティ:🔷, 海幻コエラ＝カンサス:🔷🔷) -> eval: +0.1315
    [70] SUMMON | コスト🔶, 配置コア🔷🔷🔷 ⚠️フラッティ・深巣ダンテクレオ・重顎ドロゴリアス消滅, (支払:深巣ダンテクレオ:🔶, 配置:フラッティ:🔷, 海幻コエラ＝カンサス:🔷, 重顎ドロゴリアス:🔷) -> eval: +0.0647
    [71] SUMMON | コスト🔶, 配置コア🔷🔷🔷 ⚠️深巣ダンテクレオ・海幻コエラ＝カンサス消滅, (支払:深巣ダンテクレオ:🔶, 配置:海幻コエラ＝カンサス:🔷🔷🔷) -> eval: +0.1155
    [72] SUMMON | コスト🔶, 配置コア🔷🔷🔷 ⚠️深巣ダンテクレオ・重顎ドロゴリアス消滅, (支払:深巣ダンテクレオ:🔶, 配置:海幻コエラ＝カンサス:🔷🔷, 重顎ドロゴリアス:🔷) -> eval: +0.1094
    [73] SUMMON | コスト🔷, 配置コア🔷🔷🔷🔷 ⚠️フラッティ・海幻コエラ＝カンサス・重顎ドロゴリアス消滅, (支払:重顎ドロゴリアス:🔷, 配置:フラッティ:🔷, 海幻コエラ＝カンサス:🔷🔷🔷) -> eval: +0.0615
    [74] SUMMON | コスト🔷, 配置コア🔷🔷🔷🔶 ⚠️フラッティ・深巣ダンテクレオ・海幻コエラ＝カンサス消滅, (支払:海幻コエラ＝カンサス:🔷, 配置:フラッティ:🔷, 深巣ダンテクレオ:🔶, 海幻コエラ＝カンサス:🔷🔷) -> eval: +0.0604
    [75] SUMMON | コスト🔷, 配置コア🔷🔷🔷🔶 ⚠️フラッティ・深巣ダンテクレオ・重顎ドロゴリアス消滅, (支払:重顎ドロゴリアス:🔷, 配置:フラッティ:🔷, 深巣ダンテクレオ:🔶, 海幻コエラ＝カンサス:🔷🔷) -> eval: +0.0545
    [76] SUMMON | コスト🔷, 配置コア🔷🔷🔷🔶 ⚠️深巣ダンテクレオ・海幻コエラ＝カンサス・重顎ドロゴリアス消滅, (支払:重顎ドロゴリアス:🔷, 配置:深巣ダンテクレオ:🔶, 海幻コエラ＝カンサス:🔷🔷🔷) -> eval: +0.0352
    [77] SUMMON | コスト🔶, 配置コア🔷🔷🔷🔷 ⚠️フラッティ・深巣ダンテクレオ・海幻コエラ＝カンサス消滅, (支払:深巣ダンテクレオ:🔶, 配置:フラッティ:🔷, 海幻コエラ＝カンサス:🔷🔷🔷) -> eval: +0.0712
    [78] SUMMON | コスト🔶, 配置コア🔷🔷🔷🔷 ⚠️フラッティ・深巣ダンテクレオ・重顎ドロゴリアス消滅, (支払:深巣ダンテクレオ:🔶, 配置:フラッティ:🔷, 海幻コエラ＝カンサス:🔷🔷, 重顎ドロゴリアス:🔷) -> eval: +0.0655
    [79] SUMMON | コスト🔶, 配置コア🔷🔷🔷🔷 ⚠️深巣ダンテクレオ・海幻コエラ＝カンサス・重顎ドロゴリアス消滅, (支払:深巣ダンテクレオ:🔶, 配置:海幻コエラ＝カンサス:🔷🔷🔷, 重顎ドロゴリアス:🔷) -> eval: +0.0474
    [80] SUMMON | コスト🔷, 配置コア🔷🔷🔷🔷🔶 ⚠️フラッティ・深巣ダンテクレオ・海幻コエラ＝カンサス・重顎ドロゴリアス消滅, (支払:重顎ドロゴリアス:🔷, 配置:フラッティ:🔷, 深巣ダンテクレオ:🔶, 海幻コエラ＝カンサス:🔷🔷🔷) -> eval: -0.0142
    [81] SUMMON | コスト🔶, 配置コア🔷🔷🔷🔷🔷 ⚠️フラッティ・深巣ダンテクレオ・海幻コエラ＝カンサス・重顎ドロゴリアス消滅, (支払:深巣ダンテクレオ:🔶, 配置:フラッティ:🔷, 海幻コエラ＝カンサス:🔷🔷🔷, 重顎ドロゴリアス:🔷) -> eval: -0.0040
    [82] MOVE_CORE | 🔷を移動 ⚠️フラッティ消滅 -> eval: +0.1656
    [83] MOVE_CORE | 🔷を移動 ⚠️フラッティ消滅 -> eval: +0.1777
    [84] MOVE_CORE | 🔷を移動 ⚠️フラッティ消滅 -> eval: +0.1779
    [85] MOVE_CORE | 🔷を移動 ⚠️フラッティ消滅 -> eval: +0.1945
    [86] MOVE_CORE | 🔶を移動 ⚠️深巣ダンテクレオ消滅 -> eval: +0.1550
    [87] MOVE_CORE | 🔶を移動 ⚠️深巣ダンテクレオ消滅 -> eval: +0.1384
    [88] MOVE_CORE | 🔶 ⇄ 🔷 を交換 -> eval: +0.2403
    [89] MOVE_CORE | 🔶を移動 ⚠️深巣ダンテクレオ消滅 -> eval: +0.1260
    [90] MOVE_CORE | 🔶 ⇄ 🔷 を交換 -> eval: +0.2222
    [91] MOVE_CORE | 🔶を移動 ⚠️深巣ダンテクレオ消滅 -> eval: +0.1429
    [92] MOVE_CORE | 🔶 ⇄ 🔷 を交換 -> eval: +0.2266
    [93] MOVE_CORE | 🔷を移動 -> eval: +0.2103
    [94] MOVE_CORE | 🔷🔷を移動 -> eval: +0.2015
    [95] MOVE_CORE | 🔷🔷🔷を移動 ⚠️海幻コエラ＝カンサス消滅 -> eval: +0.1029
    [96] MOVE_CORE | 🔷を移動 -> eval: +0.2184
    [97] MOVE_CORE | 🔷🔷を移動 -> eval: +0.2399
    [98] MOVE_CORE | 🔷🔷🔷を移動 ⚠️海幻コエラ＝カンサス消滅 -> eval: +0.1571
    [99] MOVE_CORE | 🔷を移動 -> eval: +0.2203
    [100] MOVE_CORE | 🔷🔷を移動 -> eval: +0.2212
    [101] MOVE_CORE | 🔷🔷🔷を移動 ⚠️海幻コエラ＝カンサス消滅 -> eval: +0.1388
    [102] MOVE_CORE | 🔷を移動 -> eval: +0.2428
    [103] MOVE_CORE | 🔷🔷を移動 -> eval: +0.2436
    [104] MOVE_CORE | 🔷🔷🔷を移動 ⚠️海幻コエラ＝カンサス消滅 -> eval: +0.1568
    [105] MOVE_CORE | 🔷を移動 ⚠️重顎ドロゴリアス消滅 -> eval: +0.1446
    [106] MOVE_CORE | 🔷を移動 ⚠️重顎ドロゴリアス消滅 -> eval: +0.1550
    [107] MOVE_CORE | 🔷を移動 ⚠️重顎ドロゴリアス消滅 -> eval: +0.1566
    [108] MOVE_CORE | 🔷を移動 ⚠️重顎ドロゴリアス消滅 -> eval: +0.1568
  ステップ終了評価: +0.2446
  => 選択: SUMMON | コスト🔷, 配置コアなし, (支払:海幻コエラ＝カンサス:🔷, 配置:なし) (eval: +0.2479 > 終了評価 +0.2446)
     効果/結果: 🎴 「最奥：緑淵深」を召喚 (コスト1をトラッシュへ) ※海幻コエラ＝カンサスから1個

Turn 6 | 手数 41 | 手番: P2(run3_run4.kann.weight) | メインステップ
  盤面:
    P1: Life:2, Reserve:0, Hand:3枚, Field:[最奥：緑淵深(Lv1,コア0), ガリザロト(Lv1,コア1), 透笠オリンディアス(Lv1,コア1), ガリザロト(Lv1,コア1)]
    P2: Life:1, Reserve:0, Hand:2枚, Field:[フラッティ(Lv1,コア1), 深巣ダンテクレオ(Lv2,コア1s), 海幻コエラ＝カンサス(Lv1,コア2), 重顎ドロゴリアス(Lv1,コア1), 最奥：緑淵深(Lv1,コア0)]
  候補行動 (52件):
    [0] USE_MAGIC | コスト🔷, コアは置かない ⚠️フラッティ消滅, (支払:フラッティ:🔷, 配置:なし) -> eval: +0.1605
    [1] USE_MAGIC | コスト🔷, コアは置かない, (支払:海幻コエラ＝カンサス:🔷, 配置:なし) -> eval: +0.2097
    [2] USE_MAGIC | コスト🔷, コアは置かない ⚠️重顎ドロゴリアス消滅, (支払:重顎ドロゴリアス:🔷, 配置:なし) -> eval: +0.1448
    [3] USE_MAGIC | コスト🔶, コアは置かない ⚠️深巣ダンテクレオ消滅, (支払:深巣ダンテクレオ:🔶, 配置:なし) -> eval: +0.1545
    [4] SUMMON | コスト🔷🔷, 配置コア🔷 ⚠️フラッティ・海幻コエラ＝カンサス消滅, (支払:海幻コエラ＝カンサス:🔷🔷, 配置:フラッティ:🔷) -> eval: +0.1623
    [5] SUMMON | コスト🔷🔷, 配置コア🔷 ⚠️フラッティ・重顎ドロゴリアス消滅, (支払:海幻コエラ＝カンサス:🔷, 重顎ドロゴリアス:🔷, 配置:フラッティ:🔷) -> eval: +0.1579
    [6] SUMMON | コスト🔷🔷, 配置コア🔷 ⚠️海幻コエラ＝カンサス・重顎ドロゴリアス消滅, (支払:海幻コエラ＝カンサス:🔷, 重顎ドロゴリアス:🔷, 配置:海幻コエラ＝カンサス:🔷) -> eval: +0.1434
    [7] SUMMON | コスト🔷🔷, 配置コア🔶 ⚠️フラッティ・深巣ダンテクレオ消滅, (支払:フラッティ:🔷, 海幻コエラ＝カンサス:🔷, 配置:深巣ダンテクレオ:🔶) -> eval: +0.1343
    [8] SUMMON | コスト🔷🔷, 配置コア🔶 ⚠️フラッティ・深巣ダンテクレオ・重顎ドロゴリアス消滅, (支払:フラッティ:🔷, 重顎ドロゴリアス:🔷, 配置:深巣ダンテクレオ:🔶) -> eval: +0.0743
    [9] SUMMON | コスト🔷🔷, 配置コア🔶 ⚠️深巣ダンテクレオ・海幻コエラ＝カンサス消滅, (支払:海幻コエラ＝カンサス:🔷🔷, 配置:深巣ダンテクレオ:🔶) -> eval: +0.1213
    [10] SUMMON | コスト🔷🔷, 配置コア🔶 ⚠️深巣ダンテクレオ・重顎ドロゴリアス消滅, (支払:海幻コエラ＝カンサス:🔷, 重顎ドロゴリアス:🔷, 配置:深巣ダンテクレオ:🔶) -> eval: +0.1164
    [11] SUMMON | コスト🔷🔶, 配置コア🔷 ⚠️フラッティ・深巣ダンテクレオ消滅, (支払:深巣ダンテクレオ:🔶, 海幻コエラ＝カンサス:🔷, 配置:フラッティ:🔷) -> eval: +0.1664
    [12] SUMMON | コスト🔷🔶, 配置コア🔷 ⚠️フラッティ・深巣ダンテクレオ・重顎ドロゴリアス消滅, (支払:深巣ダンテクレオ:🔶, 重顎ドロゴリアス:🔷, 配置:フラッティ:🔷) -> eval: +0.1031
    [13] SUMMON | コスト🔷🔶, 配置コア🔷 ⚠️深巣ダンテクレオ・海幻コエラ＝カンサス消滅, (支払:深巣ダンテクレオ:🔶, 海幻コエラ＝カンサス:🔷, 配置:海幻コエラ＝カンサス:🔷) -> eval: +0.1530
    [14] SUMMON | コスト🔷🔶, 配置コア🔷 ⚠️深巣ダンテクレオ・重顎ドロゴリアス消滅, (支払:深巣ダンテクレオ:🔶, 重顎ドロゴリアス:🔷, 配置:海幻コエラ＝カンサス:🔷) -> eval: +0.1480
    [15] SUMMON | コスト🔷🔷, 配置コア🔷🔷 ⚠️フラッティ・海幻コエラ＝カンサス・重顎ドロゴリアス消滅, (支払:海幻コエラ＝カンサス:🔷, 重顎ドロゴリアス:🔷, 配置:フラッティ:🔷, 海幻コエラ＝カンサス:🔷) -> eval: +0.1155
    [16] SUMMON | コスト🔷🔷, 配置コア🔷🔶 ⚠️フラッティ・深巣ダンテクレオ・海幻コエラ＝カンサス消滅, (支払:海幻コエラ＝カンサス:🔷🔷, 配置:フラッティ:🔷, 深巣ダンテクレオ:🔶) -> eval: +0.0917
    [17] SUMMON | コスト🔷🔷, 配置コア🔷🔶 ⚠️フラッティ・深巣ダンテクレオ・重顎ドロゴリアス消滅, (支払:海幻コエラ＝カンサス:🔷, 重顎ドロゴリアス:🔷, 配置:フラッティ:🔷, 深巣ダンテクレオ:🔶) -> eval: +0.0874
    [18] SUMMON | コスト🔷🔷, 配置コア🔷🔶 ⚠️深巣ダンテクレオ・海幻コエラ＝カンサス・重顎ドロゴリアス消滅, (支払:海幻コエラ＝カンサス:🔷, 重顎ドロゴリアス:🔷, 配置:深巣ダンテクレオ:🔶, 海幻コエラ＝カンサス:🔷) -> eval: +0.0727
    [19] SUMMON | コスト🔷🔶, 配置コア🔷🔷 ⚠️フラッティ・深巣ダンテクレオ・海幻コエラ＝カンサス消滅, (支払:深巣ダンテクレオ:🔶, 海幻コエラ＝カンサス:🔷, 配置:フラッティ:🔷, 海幻コエラ＝カンサス:🔷) -> eval: +0.1248
    [20] SUMMON | コスト🔷🔶, 配置コア🔷🔷 ⚠️フラッティ・深巣ダンテクレオ・重顎ドロゴリアス消滅, (支払:深巣ダンテクレオ:🔶, 重顎ドロゴリアス:🔷, 配置:フラッティ:🔷, 海幻コエラ＝カンサス:🔷) -> eval: +0.1205
    [21] SUMMON | コスト🔷🔶, 配置コア🔷🔷 ⚠️深巣ダンテクレオ・海幻コエラ＝カンサス・重顎ドロゴリアス消滅, (支払:深巣ダンテクレオ:🔶, 重顎ドロゴリアス:🔷, 配置:海幻コエラ＝カンサス:🔷🔷) -> eval: +0.1063
    [22] SUMMON | コスト🔷🔷, 配置コア🔷🔷🔶 ⚠️フラッティ・深巣ダンテクレオ・海幻コエラ＝カンサス・重顎ドロゴリアス消滅, (支払:海幻コエラ＝カンサス:🔷, 重顎ドロゴリアス:🔷, 配置:フラッティ:🔷, 深巣ダンテクレオ:🔶, 海幻コエラ＝カンサス:🔷) -> eval: +0.0240
    [23] SUMMON | コスト🔷🔶, 配置コア🔷🔷🔷 ⚠️フラッティ・深巣ダンテクレオ・海幻コエラ＝カンサス・重顎ドロゴリアス消滅, (支払:深巣ダンテクレオ:🔶, 重顎ドロゴリアス:🔷, 配置:フラッティ:🔷, 海幻コエラ＝カンサス:🔷🔷) -> eval: +0.0508
    [24] MOVE_CORE | 🔷を移動 ⚠️フラッティ消滅 -> eval: +0.1760
    [25] MOVE_CORE | 🔷を移動 ⚠️フラッティ消滅 -> eval: +0.1882
    [26] MOVE_CORE | 🔷を移動 ⚠️フラッティ消滅 -> eval: +0.2047
    [27] MOVE_CORE | 🔷を移動 ⚠️フラッティ消滅 -> eval: +0.2042
    [28] MOVE_CORE | 🔷を移動 ⚠️フラッティ消滅 -> eval: +0.1876
    [29] MOVE_CORE | 🔶を移動 ⚠️深巣ダンテクレオ消滅 -> eval: +0.1635
    [30] MOVE_CORE | 🔶を移動 ⚠️深巣ダンテクレオ消滅 -> eval: +0.1532
    [31] MOVE_CORE | 🔶 ⇄ 🔷 を交換 -> eval: +0.2422
    [32] MOVE_CORE | 🔶を移動 ⚠️深巣ダンテクレオ消滅 -> eval: +0.1601
    [33] MOVE_CORE | 🔶 ⇄ 🔷 を交換 -> eval: +0.2323
    [34] MOVE_CORE | 🔶を移動 ⚠️深巣ダンテクレオ消滅 -> eval: +0.1530
    [35] MOVE_CORE | 🔶 ⇄ 🔷 を交換 -> eval: +0.2238
    [36] MOVE_CORE | 🔶を移動 ⚠️深巣ダンテクレオ消滅 -> eval: +0.1602
    [37] MOVE_CORE | 🔷を移動 -> eval: +0.2379
    [38] MOVE_CORE | 🔷🔷を移動 ⚠️海幻コエラ＝カンサス消滅 -> eval: +0.1469
    [39] MOVE_CORE | 🔷を移動 -> eval: +0.2462
    [40] MOVE_CORE | 🔷🔷を移動 ⚠️海幻コエラ＝カンサス消滅 -> eval: +0.1870
    [41] MOVE_CORE | 🔷を移動 -> eval: +0.2482
    [42] MOVE_CORE | 🔷🔷を移動 ⚠️海幻コエラ＝カンサス消滅 -> eval: +0.1714
    [43] MOVE_CORE | 🔷を移動 -> eval: +0.2676
    [44] MOVE_CORE | 🔷🔷を移動 ⚠️海幻コエラ＝カンサス消滅 -> eval: +0.1867
    [45] MOVE_CORE | 🔷を移動 -> eval: +0.2477
    [46] MOVE_CORE | 🔷🔷を移動 ⚠️海幻コエラ＝カンサス消滅 -> eval: +0.1700
    [47] MOVE_CORE | 🔷を移動 ⚠️重顎ドロゴリアス消滅 -> eval: +0.1524
    [48] MOVE_CORE | 🔷を移動 ⚠️重顎ドロゴリアス消滅 -> eval: +0.1630
    [49] MOVE_CORE | 🔷を移動 ⚠️重顎ドロゴリアス消滅 -> eval: +0.1648
    [50] MOVE_CORE | 🔷を移動 ⚠️重顎ドロゴリアス消滅 -> eval: +0.1867
    [51] MOVE_CORE | 🔷を移動 ⚠️重顎ドロゴリアス消滅 -> eval: +0.1640
  ステップ終了評価: +0.2479
  => 選択: MOVE_CORE | 🔷を移動 (eval: +0.2676 > 終了評価 +0.2479)
     効果/結果: 🔷 「海幻コエラ＝カンサス」➔「重顎ドロゴリアス」 通常コア1個

Turn 6 | 手数 42 | 手番: P2(run3_run4.kann.weight) | メインステップ
  盤面:
    P1: Life:2, Reserve:0, Hand:3枚, Field:[最奥：緑淵深(Lv1,コア0), ガリザロト(Lv1,コア1), 透笠オリンディアス(Lv1,コア1), ガリザロト(Lv1,コア1)]
    P2: Life:1, Reserve:0, Hand:2枚, Field:[フラッティ(Lv1,コア1), 深巣ダンテクレオ(Lv2,コア1s), 海幻コエラ＝カンサス(Lv1,コア1), 重顎ドロゴリアス(Lv2,コア2), 最奥：緑淵深(Lv1,コア0)]
  候補行動 (51件):
    [0] USE_MAGIC | コスト🔷, コアは置かない ⚠️フラッティ消滅, (支払:フラッティ:🔷, 配置:なし) -> eval: +0.1739
    [1] USE_MAGIC | コスト🔷, コアは置かない ⚠️海幻コエラ＝カンサス消滅, (支払:海幻コエラ＝カンサス:🔷, 配置:なし) -> eval: +0.1618
    [2] USE_MAGIC | コスト🔷, コアは置かない, (支払:重顎ドロゴリアス:🔷, 配置:なし) -> eval: +0.2097
    [3] USE_MAGIC | コスト🔶, コアは置かない ⚠️深巣ダンテクレオ消滅, (支払:深巣ダンテクレオ:🔶, 配置:なし) -> eval: +0.1699
    [4] SUMMON | コスト🔷🔷, 配置コア🔷 ⚠️フラッティ・海幻コエラ＝カンサス消滅, (支払:海幻コエラ＝カンサス:🔷, 重顎ドロゴリアス:🔷, 配置:フラッティ:🔷) -> eval: +0.1623
    [5] SUMMON | コスト🔷🔷, 配置コア🔷 ⚠️フラッティ・重顎ドロゴリアス消滅, (支払:重顎ドロゴリアス:🔷🔷, 配置:フラッティ:🔷) -> eval: +0.1579
    [6] SUMMON | コスト🔷🔷, 配置コア🔷 ⚠️海幻コエラ＝カンサス・重顎ドロゴリアス消滅, (支払:重顎ドロゴリアス:🔷🔷, 配置:海幻コエラ＝カンサス:🔷) -> eval: +0.1434
    [7] SUMMON | コスト🔷🔷, 配置コア🔶 ⚠️フラッティ・深巣ダンテクレオ・海幻コエラ＝カンサス消滅, (支払:フラッティ:🔷, 海幻コエラ＝カンサス:🔷, 配置:深巣ダンテクレオ:🔶) -> eval: +0.0883
    [8] SUMMON | コスト🔷🔷, 配置コア🔶 ⚠️フラッティ・深巣ダンテクレオ消滅, (支払:フラッティ:🔷, 重顎ドロゴリアス:🔷, 配置:深巣ダンテクレオ:🔶) -> eval: +0.1343
    [9] SUMMON | コスト🔷🔷, 配置コア🔶 ⚠️深巣ダンテクレオ・海幻コエラ＝カンサス消滅, (支払:海幻コエラ＝カンサス:🔷, 重顎ドロゴリアス:🔷, 配置:深巣ダンテクレオ:🔶) -> eval: +0.1213
    [10] SUMMON | コスト🔷🔷, 配置コア🔶 ⚠️深巣ダンテクレオ・重顎ドロゴリアス消滅, (支払:重顎ドロゴリアス:🔷🔷, 配置:深巣ダンテクレオ:🔶) -> eval: +0.1164
    [11] SUMMON | コスト🔷🔶, 配置コア🔷 ⚠️フラッティ・深巣ダンテクレオ・海幻コエラ＝カンサス消滅, (支払:深巣ダンテクレオ:🔶, 海幻コエラ＝カンサス:🔷, 配置:フラッティ:🔷) -> eval: +0.1173
    [12] SUMMON | コスト🔷🔶, 配置コア🔷 ⚠️フラッティ・深巣ダンテクレオ消滅, (支払:深巣ダンテクレオ:🔶, 重顎ドロゴリアス:🔷, 配置:フラッティ:🔷) -> eval: +0.1664
    [13] SUMMON | コスト🔷🔶, 配置コア🔷 ⚠️深巣ダンテクレオ・海幻コエラ＝カンサス消滅, (支払:深巣ダンテクレオ:🔶, 重顎ドロゴリアス:🔷, 配置:海幻コエラ＝カンサス:🔷) -> eval: +0.1530
    [14] SUMMON | コスト🔷🔶, 配置コア🔷 ⚠️深巣ダンテクレオ・重顎ドロゴリアス消滅, (支払:深巣ダンテクレオ:🔶, 重顎ドロゴリアス:🔷, 配置:重顎ドロゴリアス:🔷) -> eval: +0.1480
    [15] SUMMON | コスト🔷🔷, 配置コア🔷🔷 ⚠️フラッティ・海幻コエラ＝カンサス・重顎ドロゴリアス消滅, (支払:重顎ドロゴリアス:🔷🔷, 配置:フラッティ:🔷, 海幻コエラ＝カンサス:🔷) -> eval: +0.1155
    [16] SUMMON | コスト🔷🔷, 配置コア🔷🔶 ⚠️フラッティ・深巣ダンテクレオ・海幻コエラ＝カンサス消滅, (支払:海幻コエラ＝カンサス:🔷, 重顎ドロゴリアス:🔷, 配置:フラッティ:🔷, 深巣ダンテクレオ:🔶) -> eval: +0.0917
    [17] SUMMON | コスト🔷🔷, 配置コア🔷🔶 ⚠️フラッティ・深巣ダンテクレオ・重顎ドロゴリアス消滅, (支払:重顎ドロゴリアス:🔷🔷, 配置:フラッティ:🔷, 深巣ダンテクレオ:🔶) -> eval: +0.0874
    [18] SUMMON | コスト🔷🔷, 配置コア🔷🔶 ⚠️深巣ダンテクレオ・海幻コエラ＝カンサス・重顎ドロゴリアス消滅, (支払:重顎ドロゴリアス:🔷🔷, 配置:深巣ダンテクレオ:🔶, 海幻コエラ＝カンサス:🔷) -> eval: +0.0727
    [19] SUMMON | コスト🔷🔶, 配置コア🔷🔷 ⚠️フラッティ・深巣ダンテクレオ・海幻コエラ＝カンサス消滅, (支払:深巣ダンテクレオ:🔶, 重顎ドロゴリアス:🔷, 配置:フラッティ:🔷, 海幻コエラ＝カンサス:🔷) -> eval: +0.1248
    [20] SUMMON | コスト🔷🔶, 配置コア🔷🔷 ⚠️フラッティ・深巣ダンテクレオ・重顎ドロゴリアス消滅, (支払:深巣ダンテクレオ:🔶, 重顎ドロゴリアス:🔷, 配置:フラッティ:🔷, 重顎ドロゴリアス:🔷) -> eval: +0.1205
    [21] SUMMON | コスト🔷🔶, 配置コア🔷🔷 ⚠️深巣ダンテクレオ・海幻コエラ＝カンサス・重顎ドロゴリアス消滅, (支払:深巣ダンテクレオ:🔶, 重顎ドロゴリアス:🔷, 配置:海幻コエラ＝カンサス:🔷, 重顎ドロゴリアス:🔷) -> eval: +0.1063
    [22] SUMMON | コスト🔷🔷, 配置コア🔷🔷🔶 ⚠️フラッティ・深巣ダンテクレオ・海幻コエラ＝カンサス・重顎ドロゴリアス消滅, (支払:重顎ドロゴリアス:🔷🔷, 配置:フラッティ:🔷, 深巣ダンテクレオ:🔶, 海幻コエラ＝カンサス:🔷) -> eval: +0.0240
    [23] SUMMON | コスト🔷🔶, 配置コア🔷🔷🔷 ⚠️フラッティ・深巣ダンテクレオ・海幻コエラ＝カンサス・重顎ドロゴリアス消滅, (支払:深巣ダンテクレオ:🔶, 重顎ドロゴリアス:🔷, 配置:フラッティ:🔷, 海幻コエラ＝カンサス:🔷, 重顎ドロゴリアス:🔷) -> eval: +0.0508
    [24] MOVE_CORE | 🔷を移動 ⚠️フラッティ消滅 -> eval: +0.1926
    [25] MOVE_CORE | 🔷を移動 ⚠️フラッティ消滅 -> eval: +0.2048
    [26] MOVE_CORE | 🔷を移動 ⚠️フラッティ消滅 -> eval: +0.2042
    [27] MOVE_CORE | 🔷を移動 ⚠️フラッティ消滅 -> eval: +0.2049
    [28] MOVE_CORE | 🔷を移動 ⚠️フラッティ消滅 -> eval: +0.2038
    [29] MOVE_CORE | 🔶を移動 ⚠️深巣ダンテクレオ消滅 -> eval: +0.1825
    [30] MOVE_CORE | 🔶を移動 ⚠️深巣ダンテクレオ消滅 -> eval: +0.1707
    [31] MOVE_CORE | 🔶 ⇄ 🔷 を交換 -> eval: +0.2621
    [32] MOVE_CORE | 🔶を移動 ⚠️深巣ダンテクレオ消滅 -> eval: +0.1612
    [33] MOVE_CORE | 🔶 ⇄ 🔷 を交換 -> eval: +0.2505
    [34] MOVE_CORE | 🔶を移動 ⚠️深巣ダンテクレオ消滅 -> eval: +0.1546
    [35] MOVE_CORE | 🔶 ⇄ 🔷 を交換 -> eval: +0.2378
    [36] MOVE_CORE | 🔶を移動 ⚠️深巣ダンテクレオ消滅 -> eval: +0.1769
    [37] MOVE_CORE | 🔷を移動 ⚠️海幻コエラ＝カンサス消滅 -> eval: +0.1744
    [38] MOVE_CORE | 🔷を移動 ⚠️海幻コエラ＝カンサス消滅 -> eval: +0.1849
    [39] MOVE_CORE | 🔷を移動 ⚠️海幻コエラ＝カンサス消滅 -> eval: +0.1866
    [40] MOVE_CORE | 🔷を移動 ⚠️海幻コエラ＝カンサス消滅 -> eval: +0.1867
    [41] MOVE_CORE | 🔷を移動 ⚠️海幻コエラ＝カンサス消滅 -> eval: +0.1858
    [42] MOVE_CORE | 🔷を移動 -> eval: +0.2379
    [43] MOVE_CORE | 🔷🔷を移動 ⚠️重顎ドロゴリアス消滅 -> eval: +0.1410
    [44] MOVE_CORE | 🔷を移動 -> eval: +0.2462
    [45] MOVE_CORE | 🔷🔷を移動 ⚠️重顎ドロゴリアス消滅 -> eval: +0.1814
    [46] MOVE_CORE | 🔷を移動 -> eval: +0.2482
    [47] MOVE_CORE | 🔷🔷を移動 ⚠️重顎ドロゴリアス消滅 -> eval: +0.1656
    [48] MOVE_CORE | 🔷🔷を移動 ⚠️重顎ドロゴリアス消滅 -> eval: +0.1867
    [49] MOVE_CORE | 🔷を移動 -> eval: +0.2477
    [50] MOVE_CORE | 🔷🔷を移動 ⚠️重顎ドロゴリアス消滅 -> eval: +0.1640
  ステップ終了評価: +0.2676
  => 選択: ステップ終了 (候補最大 +0.2621 <= 終了評価 +0.2676)

Turn 6 | 手数 43 | 手番: P2(run3_run4.kann.weight) | アタック宣言
  盤面:
    P1: Life:2, Reserve:0, Hand:3枚, Field:[最奥：緑淵深(Lv1,コア0), ガリザロト(Lv1,コア1), 透笠オリンディアス(Lv1,コア1), ガリザロト(Lv1,コア1)]
    P2: Life:1, Reserve:0, Hand:2枚, Field:[フラッティ(Lv1,コア1), 深巣ダンテクレオ(Lv2,コア1s), 海幻コエラ＝カンサス(Lv1,コア1), 重顎ドロゴリアス(Lv2,コア2), 最奥：緑淵深(Lv1,コア0)]
  候補行動 (4件):
    [0] ATTACK | フラッティ でアタック宣言 (Lv1, BP1000, 通ればライフ-🔷) -> eval: +0.3061
    [1] ATTACK | 深巣ダンテクレオ でアタック宣言 (Lv2, BP9000, 通ればライフ-🔷) -> eval: +0.3171
    [2] ATTACK | 海幻コエラ＝カンサス でアタック宣言 (Lv1, BP4000, 通ればライフ-🔷) -> eval: +0.3182
    [3] ATTACK | 重顎ドロゴリアス でアタック宣言 (Lv2, BP6000, 通ればライフ-🔷) -> eval: +0.3181
  ステップ終了評価: +0.2676
  => 選択: ATTACK | 海幻コエラ＝カンサス でアタック宣言 (Lv1, BP4000, 通ればライフ-🔷) (eval: +0.3182 > 終了評価 +0.2676)
     効果/結果: 🗡️ 「海幻コエラ＝カンサス」がアタック宣言 (BP4000)

Turn 6 | 手数 44 | 手番: P1(run2_run3.kann.weight) | ブロック宣言
  盤面:
    P1: Life:2, Reserve:0, Hand:3枚, Field:[最奥：緑淵深(Lv1,コア0), ガリザロト(Lv1,コア1), 透笠オリンディアス(Lv1,コア1), ガリザロト(Lv1,コア1)]
    P2: Life:1, Reserve:0, Hand:2枚, Field:[フラッティ(Lv1,コア1), 深巣ダンテクレオ(Lv2,コア1s), 海幻コエラ＝カンサス(Lv1,コア1), 重顎ドロゴリアス(Lv2,コア2), 最奥：緑淵深(Lv1,コア0)]
  候補行動 (1件):
    [0] PASS_BLOCK | ライフでアタックを受ける (ライフ-🔷) -> eval: +0.4018
  => 選択: PASS_BLOCK | ライフでアタックを受ける (ライフ-🔷) (eval: +0.4018)
     効果/結果: 💔 ブロックせず: プレイヤー1 のライフ-1 (コアはリザーブへ)

Turn 6 | 手数 45 | 手番: P2(run3_run4.kann.weight) | アタック宣言
  盤面:
    P1: Life:1, Reserve:1, Hand:3枚, Field:[最奥：緑淵深(Lv1,コア0), ガリザロト(Lv1,コア1), 透笠オリンディアス(Lv1,コア1), ガリザロト(Lv1,コア1)]
    P2: Life:1, Reserve:0, Hand:2枚, Field:[フラッティ(Lv1,コア1), 深巣ダンテクレオ(Lv2,コア1s), 海幻コエラ＝カンサス(Lv1,コア1), 重顎ドロゴリアス(Lv2,コア2), 最奥：緑淵深(Lv1,コア0)]
  候補行動 (3件):
    [0] ATTACK | フラッティ でアタック宣言 (Lv1, BP1000, 通ればライフ-🔷) -> eval: +0.3625
    [1] ATTACK | 深巣ダンテクレオ でアタック宣言 (Lv2, BP9000, 通ればライフ-🔷) -> eval: +0.3744
    [2] ATTACK | 重顎ドロゴリアス でアタック宣言 (Lv2, BP6000, 通ればライフ-🔷) -> eval: +0.3722
  ステップ終了評価: +0.3330
  => 選択: ATTACK | 深巣ダンテクレオ でアタック宣言 (Lv2, BP9000, 通ればライフ-🔷) (eval: +0.3744 > 終了評価 +0.3330)
     効果/結果: 🗡️ 「深巣ダンテクレオ」がアタック宣言 (BP9000)

Turn 6 | 手数 46 | 手番: P1(run2_run3.kann.weight) | ブロック宣言
  盤面:
    P1: Life:1, Reserve:1, Hand:3枚, Field:[最奥：緑淵深(Lv1,コア0), ガリザロト(Lv1,コア1), 透笠オリンディアス(Lv1,コア1), ガリザロト(Lv1,コア1)]
    P2: Life:1, Reserve:0, Hand:2枚, Field:[フラッティ(Lv1,コア1), 深巣ダンテクレオ(Lv2,コア1s), 海幻コエラ＝カンサス(Lv1,コア1), 重顎ドロゴリアス(Lv2,コア2), 最奥：緑淵深(Lv1,コア0)]
  候補行動 (1件):
    [0] PASS_BLOCK | ライフでアタックを受ける (ライフ-🔷) -> eval: +0.4324
  => 選択: PASS_BLOCK | ライフでアタックを受ける (ライフ-🔷) (eval: +0.4324)
     効果/結果: 💔 ブロックせず: プレイヤー1 のライフ-1 (コアはリザーブへ)
     効果/結果: 🏁 プレイヤー1 のライフが0になりました

  【決着】 勝者: P2(run3_run4.kann.weight) (6ターン / 47 手)
-----------------------------------------------------------------
対戦 5/10 [シード: 1355854690223605162]
  先手(P1): run3_run4.kann.weight
  後手(P2): run2_run3.kann.weight
-----------------------------------------------------------------
Turn 1 | 手数 0 | 手番: P1(run3_run4.kann.weight) | メインステップ
  盤面:
    P1: Life:5, Reserve:4s, Hand:5枚, Field:[空]
    P2: Life:5, Reserve:4s, Hand:4枚, Field:[空]
  候補行動 (2件):
    [0] SUMMON | コスト🔷🔷🔷, 配置コア🔶, (支払:R:🔷🔷🔷, 配置:R:🔶) -> eval: +0.0115
    [1] SUMMON | コスト🔷🔷🔶, 配置コア🔷, (支払:R:🔷🔷🔶, 配置:R:🔷) -> eval: -0.0245
  ステップ終了評価: -0.1313
  => 選択: SUMMON | コスト🔷🔷🔷, 配置コア🔶, (支払:R:🔷🔷🔷, 配置:R:🔶) (eval: +0.0115 > 終了評価 -0.1313)
     効果/結果: 🎴 「パッファー」を召喚 (コスト3をトラッシュへ)

Turn 1 | 手数 1 | 手番: P1(run3_run4.kann.weight) | メインステップ
  盤面:
    P1: Life:5, Reserve:0, Hand:4枚, Field:[パッファー(Lv1,コア1s)]
    P2: Life:5, Reserve:4s, Hand:4枚, Field:[空]
  候補行動 (1件):
    [0] MOVE_CORE | 🔶を移動 ⚠️パッファー消滅 -> eval: -0.1132
  ステップ終了評価: +0.0115
  => 選択: ステップ終了 (候補最大 -0.1132 <= 終了評価 +0.0115)

Turn 1 | 手数 2 | 手番: P1(run3_run4.kann.weight) | エンドステップ
  盤面:
    P1: Life:5, Reserve:0, Hand:4枚, Field:[パッファー(Lv1,コア1s)]
    P2: Life:5, Reserve:4s, Hand:4枚, Field:[空]
  候補行動 (0件):
  ステップ終了評価: -0.0013
  => 選択: ステップ終了
     効果/結果: 【ターン 2】 手番: プレイヤー2
     効果/結果: 🔷 コアステップ: ボイドからリザーブへコア1個
     効果/結果: 🃏 ドローステップ: 「モラモーラ」をドロー (残り35枚)

Turn 2 | 手数 3 | 手番: P2(run2_run3.kann.weight) | メインステップ
  盤面:
    P1: Life:5, Reserve:0, Hand:4枚, Field:[パッファー(Lv1,コア1s)]
    P2: Life:5, Reserve:5s, Hand:5枚, Field:[空]
  候補行動 (8件):
    [0] SUMMON | コスト🔷🔷🔷🔷, 配置コアなし, (支払:R:🔷🔷🔷🔷, 配置:なし) -> eval: -0.1276
    [1] SUMMON | コスト🔷🔷🔷🔶, 配置コアなし, (支払:R:🔷🔷🔷🔶, 配置:なし) -> eval: -0.1276
    [2] SUMMON | コスト🔷🔷🔷🔷, 配置コア🔶, (支払:R:🔷🔷🔷🔷, 配置:R:🔶) -> eval: -0.1026
    [3] SUMMON | コスト🔷🔷🔷🔶, 配置コア🔷, (支払:R:🔷🔷🔷🔶, 配置:R:🔷) -> eval: -0.1185
    [4] USE_MAGIC | コスト🔷🔷🔷🔷, コアは置かない, (支払:R:🔷🔷🔷🔷, 配置:なし) -> eval: -0.1046
    [5] USE_MAGIC | コスト🔷🔷🔷🔶, コアは置かない, (支払:R:🔷🔷🔷🔶, 配置:なし) -> eval: -0.1046
    [6] SUMMON | コスト🔷🔷🔷🔷, 配置コア🔶, (支払:R:🔷🔷🔷🔷, 配置:R:🔶) -> eval: -0.0374
    [7] SUMMON | コスト🔷🔷🔷🔶, 配置コア🔷, (支払:R:🔷🔷🔷🔶, 配置:R:🔷) -> eval: -0.0389
  ステップ終了評価: -0.2579
  => 選択: SUMMON | コスト🔷🔷🔷🔷, 配置コア🔶, (支払:R:🔷🔷🔷🔷, 配置:R:🔶) (eval: -0.0374 > 終了評価 -0.2579)
     効果/結果: 🎴 「モラモーラ」を召喚 (コスト4をトラッシュへ)

Turn 2 | 手数 4 | 手番: P2(run2_run3.kann.weight) | メインステップ
  盤面:
    P1: Life:5, Reserve:0, Hand:4枚, Field:[パッファー(Lv1,コア1s)]
    P2: Life:5, Reserve:0, Hand:4枚, Field:[モラモーラ(Lv1,コア1s)]
  候補行動 (1件):
    [0] MOVE_CORE | 🔶を移動 ⚠️モラモーラ消滅 -> eval: -0.1135
  ステップ終了評価: -0.0374
  => 選択: ステップ終了 (候補最大 -0.1135 <= 終了評価 -0.0374)

Turn 2 | 手数 5 | 手番: P2(run2_run3.kann.weight) | アタック宣言
  盤面:
    P1: Life:5, Reserve:0, Hand:4枚, Field:[パッファー(Lv1,コア1s)]
    P2: Life:5, Reserve:0, Hand:4枚, Field:[モラモーラ(Lv1,コア1s)]
  候補行動 (1件):
    [0] ATTACK | モラモーラ でアタック宣言 (Lv1, BP5000, 通ればライフ-🔷) -> eval: +0.0514
  ステップ終了評価: -0.0374
  => 選択: ATTACK | モラモーラ でアタック宣言 (Lv1, BP5000, 通ればライフ-🔷) (eval: +0.0514 > 終了評価 -0.0374)
     効果/結果: 🗡️ 「モラモーラ」がアタック宣言 (BP5000)

Turn 2 | 手数 6 | 手番: P1(run3_run4.kann.weight) | ブロック宣言
  盤面:
    P1: Life:5, Reserve:0, Hand:4枚, Field:[パッファー(Lv1,コア1s)]
    P2: Life:5, Reserve:0, Hand:4枚, Field:[モラモーラ(Lv1,コア1s)]
  候補行動 (2件):
    [0] BLOCK | パッファー でブロック (BP2000 vs BP5000 → パッファーが破壊される) -> eval: -0.1641
    [1] PASS_BLOCK | ライフでアタックを受ける (ライフ-🔷) -> eval: -0.0014
  => 選択: PASS_BLOCK | ライフでアタックを受ける (ライフ-🔷) (eval: -0.0014)
     効果/結果: 💔 ブロックせず: プレイヤー1 のライフ-1 (コアはリザーブへ)

Turn 2 | 手数 7 | 手番: P2(run2_run3.kann.weight) | アタック宣言
  盤面:
    P1: Life:4, Reserve:1, Hand:4枚, Field:[パッファー(Lv1,コア1s)]
    P2: Life:5, Reserve:0, Hand:4枚, Field:[モラモーラ(Lv1,コア1s)]
  候補行動 (0件):
  ステップ終了評価: +0.0564
  => 選択: ステップ終了

Turn 2 | 手数 8 | 手番: P2(run2_run3.kann.weight) | 第2メインステップ
  盤面:
    P1: Life:4, Reserve:1, Hand:4枚, Field:[パッファー(Lv1,コア1s)]
    P2: Life:5, Reserve:0, Hand:4枚, Field:[モラモーラ(Lv1,コア1s)]
  候補行動 (1件):
    [0] MOVE_CORE | 🔶を移動 ⚠️モラモーラ消滅 -> eval: -0.1080
  ステップ終了評価: +0.0564
  => 選択: ステップ終了 (候補最大 -0.1080 <= 終了評価 +0.0564)

Turn 2 | 手数 9 | 手番: P2(run2_run3.kann.weight) | エンドステップ
  盤面:
    P1: Life:4, Reserve:1, Hand:4枚, Field:[パッファー(Lv1,コア1s)]
    P2: Life:5, Reserve:0, Hand:4枚, Field:[モラモーラ(Lv1,コア1s)]
  候補行動 (0件):
  ステップ終了評価: +0.0736
  => 選択: ステップ終了
     効果/結果: 【ターン 3】 手番: プレイヤー1
     効果/結果: 🔷 コアステップ: ボイドからリザーブへコア1個
     効果/結果: 🃏 ドローステップ: 「重顎ドロゴリアス」をドロー (残り34枚)
     効果/結果: ♻️ リフレッシュステップ: トラッシュのコア3個をリザーブへ

Turn 3 | 手数 10 | 手番: P1(run3_run4.kann.weight) | メインステップ
  盤面:
    P1: Life:4, Reserve:5, Hand:5枚, Field:[パッファー(Lv1,コア1s)]
    P2: Life:5, Reserve:0, Hand:4枚, Field:[モラモーラ(Lv1,コア1s)]
  候補行動 (19件):
    [0] SUMMON | コスト🔷🔷🔷🔷, 配置コア🔷, (支払:R:🔷🔷🔷🔷, 配置:R:🔷) -> eval: +0.0346
    [1] SUMMON | コスト🔷🔷🔷🔷, 配置コア🔶 ⚠️パッファー消滅, (支払:R:🔷🔷🔷🔷, 配置:パッファー:🔶) -> eval: -0.1156
    [2] SUMMON | コスト🔷🔷🔷🔶, 配置コア🔷 ⚠️パッファー消滅, (支払:R:🔷🔷🔷, パッファー:🔶, 配置:R:🔷) -> eval: -0.1061
    [3] SUMMON | コスト🔷🔷🔷🔷, 配置コア🔷🔶 ⚠️パッファー消滅, (支払:R:🔷🔷🔷🔷, 配置:R:🔷, パッファー:🔶) -> eval: -0.1065
    [4] SUMMON | コスト🔷🔷🔷🔶, 配置コア🔷🔷 ⚠️パッファー消滅, (支払:R:🔷🔷🔷, パッファー:🔶, 配置:R:🔷🔷) -> eval: -0.0973
    [5] USE_MAGIC | コスト🔷🔷🔷🔷🔷, コアは置かない, (支払:R:🔷🔷🔷🔷🔷, 配置:なし) -> eval: -0.1757
    [6] USE_MAGIC | コスト🔷🔷🔷🔷🔶, コアは置かない ⚠️パッファー消滅, (支払:R:🔷🔷🔷🔷, パッファー:🔶, 配置:なし) -> eval: -0.2595
    [7] SUMMON | コスト🔷🔷🔷🔷, 配置コア🔷, (支払:R:🔷🔷🔷🔷, 配置:R:🔷) -> eval: +0.0391
    [8] SUMMON | コスト🔷🔷🔷🔷, 配置コア🔶 ⚠️パッファー消滅, (支払:R:🔷🔷🔷🔷, 配置:パッファー:🔶) -> eval: -0.1131
    [9] SUMMON | コスト🔷🔷🔷🔶, 配置コア🔷 ⚠️パッファー消滅, (支払:R:🔷🔷🔷, パッファー:🔶, 配置:R:🔷) -> eval: -0.0994
    [10] SUMMON | コスト🔷🔷🔷🔷, 配置コア🔷🔶 ⚠️パッファー消滅, (支払:R:🔷🔷🔷🔷, 配置:R:🔷, パッファー:🔶) -> eval: -0.0897
    [11] SUMMON | コスト🔷🔷🔷🔶, 配置コア🔷🔷 ⚠️パッファー消滅, (支払:R:🔷🔷🔷, パッファー:🔶, 配置:R:🔷🔷) -> eval: -0.0637
    [12] MOVE_CORE | 🔷を移動 -> eval: -0.0824
    [13] MOVE_CORE | 🔷🔷を移動 -> eval: -0.0687
    [14] MOVE_CORE | 🔷🔷🔷を移動 -> eval: -0.0539
    [15] MOVE_CORE | 🔷🔷🔷🔷を移動 -> eval: -0.0382
    [16] MOVE_CORE | 🔷🔷🔷🔷🔷を移動 -> eval: -0.0216
    [17] MOVE_CORE | 🔶を移動 ⚠️パッファー消滅 -> eval: -0.2570
    [18] MOVE_CORE | 🔶 ⇄ 🔷 を交換 -> eval: -0.1497
  ステップ終了評価: -0.1214
  => 選択: SUMMON | コスト🔷🔷🔷🔷, 配置コア🔷, (支払:R:🔷🔷🔷🔷, 配置:R:🔷) (eval: +0.0391 > 終了評価 -0.1214)
     効果/結果: 🎴 「重顎ドロゴリアス」を召喚 (コスト4をトラッシュへ)

Turn 3 | 手数 11 | 手番: P1(run3_run4.kann.weight) | メインステップ
  盤面:
    P1: Life:4, Reserve:0, Hand:4枚, Field:[パッファー(Lv1,コア1s), 重顎ドロゴリアス(Lv1,コア1)]
    P2: Life:5, Reserve:0, Hand:4枚, Field:[モラモーラ(Lv1,コア1s)]
  候補行動 (5件):
    [0] MOVE_CORE | 🔶を移動 ⚠️パッファー消滅 -> eval: -0.0994
    [1] MOVE_CORE | 🔶を移動 ⚠️パッファー消滅 -> eval: -0.0897
    [2] MOVE_CORE | 🔶 ⇄ 🔷 を交換 -> eval: +0.0655
    [3] MOVE_CORE | 🔷を移動 ⚠️重顎ドロゴリアス消滅 -> eval: -0.1302
    [4] MOVE_CORE | 🔷を移動 ⚠️重顎ドロゴリアス消滅 -> eval: -0.1062
  ステップ終了評価: +0.0391
  => 選択: MOVE_CORE | 🔶 ⇄ 🔷 を交換 (eval: +0.0655 > 終了評価 +0.0391)
     効果/結果: 🔷 「パッファー」➔「重顎ドロゴリアス」 ソウルコア1個 / 「重顎ドロゴリアス」➔「パッファー」 通常コア1個

Turn 3 | 手数 12 | 手番: P1(run3_run4.kann.weight) | メインステップ
  盤面:
    P1: Life:4, Reserve:0, Hand:4枚, Field:[パッファー(Lv1,コア1), 重顎ドロゴリアス(Lv1,コア1s)]
    P2: Life:5, Reserve:0, Hand:4枚, Field:[モラモーラ(Lv1,コア1s)]
  候補行動 (4件):
    [0] MOVE_CORE | 🔷を移動 ⚠️パッファー消滅 -> eval: -0.1131
    [1] MOVE_CORE | 🔷を移動 ⚠️パッファー消滅 -> eval: -0.0897
    [2] MOVE_CORE | 🔶を移動 ⚠️重顎ドロゴリアス消滅 -> eval: -0.1250
    [3] MOVE_CORE | 🔶を移動 ⚠️重顎ドロゴリアス消滅 -> eval: -0.1062
  ステップ終了評価: +0.0655
  => 選択: ステップ終了 (候補最大 -0.0897 <= 終了評価 +0.0655)

Turn 3 | 手数 13 | 手番: P1(run3_run4.kann.weight) | アタック宣言
  盤面:
    P1: Life:4, Reserve:0, Hand:4枚, Field:[パッファー(Lv1,コア1), 重顎ドロゴリアス(Lv1,コア1s)]
    P2: Life:5, Reserve:0, Hand:4枚, Field:[モラモーラ(Lv1,コア1s)]
  候補行動 (2件):
    [0] ATTACK | パッファー でアタック宣言 (Lv1, BP2000, 通ればライフ-🔷) -> eval: +0.1201
    [1] ATTACK | 重顎ドロゴリアス でアタック宣言 (Lv1, BP5000, 通ればライフ-🔷) -> eval: +0.0880
  ステップ終了評価: +0.0655
  => 選択: ATTACK | パッファー でアタック宣言 (Lv1, BP2000, 通ればライフ-🔷) (eval: +0.1201 > 終了評価 +0.0655)
     効果/結果: 🗡️ 「パッファー」がアタック宣言 (BP2000)

Turn 3 | 手数 14 | 手番: P2(run2_run3.kann.weight) | ブロック宣言
  盤面:
    P1: Life:4, Reserve:0, Hand:4枚, Field:[パッファー(Lv1,コア1), 重顎ドロゴリアス(Lv1,コア1s)]
    P2: Life:5, Reserve:0, Hand:4枚, Field:[モラモーラ(Lv1,コア1s)]
  候補行動 (1件):
    [0] PASS_BLOCK | ライフでアタックを受ける (ライフ-🔷) -> eval: +0.1698
  => 選択: PASS_BLOCK | ライフでアタックを受ける (ライフ-🔷) (eval: +0.1698)
     効果/結果: 💔 ブロックせず: プレイヤー2 のライフ-1 (コアはリザーブへ)

Turn 3 | 手数 15 | 手番: P1(run3_run4.kann.weight) | アタック宣言
  盤面:
    P1: Life:4, Reserve:0, Hand:4枚, Field:[パッファー(Lv1,コア1), 重顎ドロゴリアス(Lv1,コア1s)]
    P2: Life:4, Reserve:1, Hand:4枚, Field:[モラモーラ(Lv1,コア1s)]
  候補行動 (1件):
    [0] ATTACK | 重顎ドロゴリアス でアタック宣言 (Lv1, BP5000, 通ればライフ-🔷) -> eval: +0.1506
  ステップ終了評価: +0.1280
  => 選択: ATTACK | 重顎ドロゴリアス でアタック宣言 (Lv1, BP5000, 通ればライフ-🔷) (eval: +0.1506 > 終了評価 +0.1280)
     効果/結果: 🗡️ 「重顎ドロゴリアス」がアタック宣言 (BP5000)

Turn 3 | 手数 16 | 手番: P2(run2_run3.kann.weight) | ブロック宣言
  盤面:
    P1: Life:4, Reserve:0, Hand:4枚, Field:[パッファー(Lv1,コア1), 重顎ドロゴリアス(Lv1,コア1s)]
    P2: Life:4, Reserve:1, Hand:4枚, Field:[モラモーラ(Lv1,コア1s)]
  候補行動 (1件):
    [0] PASS_BLOCK | ライフでアタックを受ける (ライフ-🔷) -> eval: +0.3178
  => 選択: PASS_BLOCK | ライフでアタックを受ける (ライフ-🔷) (eval: +0.3178)
     効果/結果: 💔 ブロックせず: プレイヤー2 のライフ-1 (コアはリザーブへ)

Turn 3 | 手数 17 | 手番: P1(run3_run4.kann.weight) | アタック宣言
  盤面:
    P1: Life:4, Reserve:0, Hand:4枚, Field:[パッファー(Lv1,コア1), 重顎ドロゴリアス(Lv1,コア1s)]
    P2: Life:3, Reserve:2, Hand:4枚, Field:[モラモーラ(Lv1,コア1s)]
  候補行動 (0件):
  ステップ終了評価: +0.1583
  => 選択: ステップ終了

Turn 3 | 手数 18 | 手番: P1(run3_run4.kann.weight) | 第2メインステップ
  盤面:
    P1: Life:4, Reserve:0, Hand:4枚, Field:[パッファー(Lv1,コア1), 重顎ドロゴリアス(Lv1,コア1s)]
    P2: Life:3, Reserve:2, Hand:4枚, Field:[モラモーラ(Lv1,コア1s)]
  候補行動 (5件):
    [0] MOVE_CORE | 🔷を移動 ⚠️パッファー消滅 -> eval: -0.0401
    [1] MOVE_CORE | 🔷を移動 ⚠️パッファー消滅 -> eval: -0.0135
    [2] MOVE_CORE | 🔶を移動 ⚠️重顎ドロゴリアス消滅 -> eval: -0.0376
    [3] MOVE_CORE | 🔶を移動 ⚠️重顎ドロゴリアス消滅 -> eval: -0.0290
    [4] MOVE_CORE | 🔶 ⇄ 🔷 を交換 -> eval: +0.1317
  ステップ終了評価: +0.1583
  => 選択: ステップ終了 (候補最大 +0.1317 <= 終了評価 +0.1583)

Turn 3 | 手数 19 | 手番: P1(run3_run4.kann.weight) | エンドステップ
  盤面:
    P1: Life:4, Reserve:0, Hand:4枚, Field:[パッファー(Lv1,コア1), 重顎ドロゴリアス(Lv1,コア1s)]
    P2: Life:3, Reserve:2, Hand:4枚, Field:[モラモーラ(Lv1,コア1s)]
  候補行動 (0件):
  ステップ終了評価: +0.2158
  => 選択: ステップ終了
     効果/結果: 【ターン 4】 手番: プレイヤー2
     効果/結果: 🔷 コアステップ: ボイドからリザーブへコア1個
     効果/結果: 🃏 ドローステップ: 「ガリザロト」をドロー (残り33枚)
     効果/結果: ♻️ リフレッシュステップ: トラッシュのコア4個をリザーブへ
     効果/結果: ♻️ リフレッシュステップ: 1体を回復

Turn 4 | 手数 20 | 手番: P2(run2_run3.kann.weight) | メインステップ
  盤面:
    P1: Life:4, Reserve:0, Hand:4枚, Field:[パッファー(Lv1,コア1), 重顎ドロゴリアス(Lv1,コア1s)]
    P2: Life:3, Reserve:7, Hand:5枚, Field:[モラモーラ(Lv1,コア1s)]
  候補行動 (57件):
    [0] SUMMON | コスト🔷🔷🔷🔷🔷, 配置コア🔷, (支払:R:🔷🔷🔷🔷🔷, 配置:R:🔷) -> eval: +0.3155
    [1] SUMMON | コスト🔷🔷🔷🔷🔷, 配置コア🔶 ⚠️モラモーラ消滅, (支払:R:🔷🔷🔷🔷🔷, 配置:モラモーラ:🔶) -> eval: +0.1358
    [2] SUMMON | コスト🔷🔷🔷🔷🔶, 配置コア🔷 ⚠️モラモーラ消滅, (支払:R:🔷🔷🔷🔷, モラモーラ:🔶, 配置:R:🔷) -> eval: +0.1576
    [3] SUMMON | コスト🔷🔷🔷🔷🔷, 配置コア🔷🔷, (支払:R:🔷🔷🔷🔷🔷, 配置:R:🔷🔷) -> eval: +0.3403
    [4] SUMMON | コスト🔷🔷🔷🔷🔷, 配置コア🔷🔶 ⚠️モラモーラ消滅, (支払:R:🔷🔷🔷🔷🔷, 配置:R:🔷, モラモーラ:🔶) -> eval: +0.1464
    [5] SUMMON | コスト🔷🔷🔷🔷🔶, 配置コア🔷🔷 ⚠️モラモーラ消滅, (支払:R:🔷🔷🔷🔷, モラモーラ:🔶, 配置:R:🔷🔷) -> eval: +0.1811
    [6] SUMMON | コスト🔷🔷🔷🔷🔷, 配置コア🔷🔷🔶 ⚠️モラモーラ消滅, (支払:R:🔷🔷🔷🔷🔷, 配置:R:🔷🔷, モラモーラ:🔶) -> eval: +0.1563
    [7] SUMMON | コスト🔷🔷🔷🔷🔶, 配置コア🔷🔷🔷 ⚠️モラモーラ消滅, (支払:R:🔷🔷🔷🔷, モラモーラ:🔶, 配置:R:🔷🔷🔷) -> eval: +0.1932
    [8] SUMMON | コスト🔷🔷🔷🔷, 配置コア🔷, (支払:R:🔷🔷🔷🔷, 配置:R:🔷) -> eval: +0.2960
    [9] SUMMON | コスト🔷🔷🔷🔷, 配置コア🔶 ⚠️モラモーラ消滅, (支払:R:🔷🔷🔷🔷, 配置:モラモーラ:🔶) -> eval: +0.1158
    [10] SUMMON | コスト🔷🔷🔷🔶, 配置コア🔷 ⚠️モラモーラ消滅, (支払:R:🔷🔷🔷, モラモーラ:🔶, 配置:R:🔷) -> eval: +0.1325
    [11] SUMMON | コスト🔷🔷🔷🔷, 配置コア🔷🔷, (支払:R:🔷🔷🔷🔷, 配置:R:🔷🔷) -> eval: +0.3010
    [12] SUMMON | コスト🔷🔷🔷🔷, 配置コア🔷🔶 ⚠️モラモーラ消滅, (支払:R:🔷🔷🔷🔷, 配置:R:🔷, モラモーラ:🔶) -> eval: +0.1219
    [13] SUMMON | コスト🔷🔷🔷🔶, 配置コア🔷🔷 ⚠️モラモーラ消滅, (支払:R:🔷🔷🔷, モラモーラ:🔶, 配置:R:🔷🔷) -> eval: +0.1409
    [14] SUMMON | コスト🔷🔷🔷🔷, 配置コア🔷🔷🔷, (支払:R:🔷🔷🔷🔷, 配置:R:🔷🔷🔷) -> eval: +0.3345
    [15] SUMMON | コスト🔷🔷🔷🔷, 配置コア🔷🔷🔶 ⚠️モラモーラ消滅, (支払:R:🔷🔷🔷🔷, 配置:R:🔷🔷, モラモーラ:🔶) -> eval: +0.1397
    [16] SUMMON | コスト🔷🔷🔷🔶, 配置コア🔷🔷🔷 ⚠️モラモーラ消滅, (支払:R:🔷🔷🔷, モラモーラ:🔶, 配置:R:🔷🔷🔷) -> eval: +0.1742
    [17] SUMMON | コスト🔷🔷🔷🔷, 配置コア🔷🔷🔷🔶 ⚠️モラモーラ消滅, (支払:R:🔷🔷🔷🔷, 配置:R:🔷🔷🔷, モラモーラ:🔶) -> eval: +0.1501
    [18] SUMMON | コスト🔷🔷🔷🔶, 配置コア🔷🔷🔷🔷 ⚠️モラモーラ消滅, (支払:R:🔷🔷🔷, モラモーラ:🔶, 配置:R:🔷🔷🔷🔷) -> eval: +0.1867
    [19] SUMMON | コスト🔷🔷🔷, 配置コアなし, (支払:R:🔷🔷🔷, 配置:なし) -> eval: +0.2510
    [20] SUMMON | コスト🔷🔷🔶, 配置コアなし ⚠️モラモーラ消滅, (支払:R:🔷🔷, モラモーラ:🔶, 配置:なし) -> eval: +0.0788
    [21] SUMMON | コスト🔷🔷🔷, 配置コア🔷, (支払:R:🔷🔷🔷, 配置:R:🔷) -> eval: +0.2538
    [22] SUMMON | コスト🔷🔷🔷, 配置コア🔶 ⚠️モラモーラ消滅, (支払:R:🔷🔷🔷, 配置:モラモーラ:🔶) -> eval: +0.0812
    [23] SUMMON | コスト🔷🔷🔶, 配置コア🔷 ⚠️モラモーラ消滅, (支払:R:🔷🔷, モラモーラ:🔶, 配置:R:🔷) -> eval: +0.0847
    [24] SUMMON | コスト🔷🔷🔷, 配置コア🔷🔷, (支払:R:🔷🔷🔷, 配置:R:🔷🔷) -> eval: +0.2696
    [25] SUMMON | コスト🔷🔷🔷, 配置コア🔷🔶 ⚠️モラモーラ消滅, (支払:R:🔷🔷🔷, 配置:R:🔷, モラモーラ:🔶) -> eval: +0.0826
    [26] SUMMON | コスト🔷🔷🔶, 配置コア🔷🔷 ⚠️モラモーラ消滅, (支払:R:🔷🔷, モラモーラ:🔶, 配置:R:🔷🔷) -> eval: +0.0972
    [27] SUMMON | コスト🔷🔷🔷, 配置コア🔷🔷🔷, (支払:R:🔷🔷🔷, 配置:R:🔷🔷🔷) -> eval: +0.2762
    [28] SUMMON | コスト🔷🔷🔷, 配置コア🔷🔷🔶 ⚠️モラモーラ消滅, (支払:R:🔷🔷🔷, 配置:R:🔷🔷, モラモーラ:🔶) -> eval: +0.0905
    [29] SUMMON | コスト🔷🔷🔶, 配置コア🔷🔷🔷 ⚠️モラモーラ消滅, (支払:R:🔷🔷, モラモーラ:🔶, 配置:R:🔷🔷🔷) -> eval: +0.1074
    [30] SUMMON | コスト🔷🔷🔷, 配置コア🔷🔷🔷🔷, (支払:R:🔷🔷🔷, 配置:R:🔷🔷🔷🔷) -> eval: +0.2843
    [31] SUMMON | コスト🔷🔷🔷, 配置コア🔷🔷🔷🔶 ⚠️モラモーラ消滅, (支払:R:🔷🔷🔷, 配置:R:🔷🔷🔷, モラモーラ:🔶) -> eval: +0.0999
    [32] SUMMON | コスト🔷🔷🔶, 配置コア🔷🔷🔷🔷 ⚠️モラモーラ消滅, (支払:R:🔷🔷, モラモーラ:🔶, 配置:R:🔷🔷🔷🔷) -> eval: +0.1192
    [33] SUMMON | コスト🔷🔷🔷, 配置コア🔷🔷🔷🔷🔶 ⚠️モラモーラ消滅, (支払:R:🔷🔷🔷, 配置:R:🔷🔷🔷🔷, モラモーラ:🔶) -> eval: +0.1110
    [34] SUMMON | コスト🔷🔷🔶, 配置コア🔷🔷🔷🔷🔷 ⚠️モラモーラ消滅, (支払:R:🔷🔷, モラモーラ:🔶, 配置:R:🔷🔷🔷🔷🔷) -> eval: +0.1324
    [35] USE_MAGIC | コスト🔷🔷🔷, コアは置かない, (支払:R:🔷🔷🔷, 配置:なし) -> eval: +0.1219
    [36] USE_MAGIC | コスト🔷🔷🔶, コアは置かない ⚠️モラモーラ消滅, (支払:R:🔷🔷, モラモーラ:🔶, 配置:なし) -> eval: -0.0383
    [37] SUMMON | コスト🔷🔷🔷🔷, 配置コア🔷, (支払:R:🔷🔷🔷🔷, 配置:R:🔷) -> eval: +0.3067
    [38] SUMMON | コスト🔷🔷🔷🔷, 配置コア🔶 ⚠️モラモーラ消滅, (支払:R:🔷🔷🔷🔷, 配置:モラモーラ:🔶) -> eval: +0.1246
    [39] SUMMON | コスト🔷🔷🔷🔶, 配置コア🔷 ⚠️モラモーラ消滅, (支払:R:🔷🔷🔷, モラモーラ:🔶, 配置:R:🔷) -> eval: +0.1424
    [40] SUMMON | コスト🔷🔷🔷🔷, 配置コア🔷🔷, (支払:R:🔷🔷🔷🔷, 配置:R:🔷🔷) -> eval: +0.3122
    [41] SUMMON | コスト🔷🔷🔷🔷, 配置コア🔷🔶 ⚠️モラモーラ消滅, (支払:R:🔷🔷🔷🔷, 配置:R:🔷, モラモーラ:🔶) -> eval: +0.1327
    [42] SUMMON | コスト🔷🔷🔷🔶, 配置コア🔷🔷 ⚠️モラモーラ消滅, (支払:R:🔷🔷🔷, モラモーラ:🔶, 配置:R:🔷🔷) -> eval: +0.1518
    [43] SUMMON | コスト🔷🔷🔷🔷, 配置コア🔷🔷🔷, (支払:R:🔷🔷🔷🔷, 配置:R:🔷🔷🔷) -> eval: +0.3190
    [44] SUMMON | コスト🔷🔷🔷🔷, 配置コア🔷🔷🔶 ⚠️モラモーラ消滅, (支払:R:🔷🔷🔷🔷, 配置:R:🔷🔷, モラモーラ:🔶) -> eval: +0.1424
    [45] SUMMON | コスト🔷🔷🔷🔶, 配置コア🔷🔷🔷 ⚠️モラモーラ消滅, (支払:R:🔷🔷🔷, モラモーラ:🔶, 配置:R:🔷🔷🔷) -> eval: +0.1627
    [46] SUMMON | コスト🔷🔷🔷🔷, 配置コア🔷🔷🔷🔶 ⚠️モラモーラ消滅, (支払:R:🔷🔷🔷🔷, 配置:R:🔷🔷🔷, モラモーラ:🔶) -> eval: +0.1535
    [47] SUMMON | コスト🔷🔷🔷🔶, 配置コア🔷🔷🔷🔷 ⚠️モラモーラ消滅, (支払:R:🔷🔷🔷, モラモーラ:🔶, 配置:R:🔷🔷🔷🔷) -> eval: +0.1748
    [48] MOVE_CORE | 🔷を移動 -> eval: +0.2092
    [49] MOVE_CORE | 🔷🔷を移動 -> eval: +0.2375
    [50] MOVE_CORE | 🔷🔷🔷を移動 -> eval: +0.2399
    [51] MOVE_CORE | 🔷🔷🔷🔷を移動 -> eval: +0.2434
    [52] MOVE_CORE | 🔷🔷🔷🔷🔷を移動 -> eval: +0.2484
    [53] MOVE_CORE | 🔷🔷🔷🔷🔷🔷を移動 -> eval: +0.2548
    [54] MOVE_CORE | 🔷🔷🔷🔷🔷🔷🔷を移動 -> eval: +0.2626
    [55] MOVE_CORE | 🔶を移動 ⚠️モラモーラ消滅 -> eval: +0.0298
    [56] MOVE_CORE | 🔶 ⇄ 🔷 を交換 -> eval: +0.2139
  ステップ終了評価: +0.2107
  => 選択: SUMMON | コスト🔷🔷🔷🔷🔷, 配置コア🔷🔷, (支払:R:🔷🔷🔷🔷🔷, 配置:R:🔷🔷) (eval: +0.3403 > 終了評価 +0.2107)
     効果/結果: 🎴 「透笠オリンディアス」を召喚 (コスト5をトラッシュへ)

Turn 4 | 手数 21 | 手番: P2(run2_run3.kann.weight) | メインステップ
  盤面:
    P1: Life:4, Reserve:0, Hand:4枚, Field:[パッファー(Lv1,コア1), 重顎ドロゴリアス(Lv1,コア1s)]
    P2: Life:3, Reserve:0, Hand:4枚, Field:[モラモーラ(Lv1,コア1s), 透笠オリンディアス(Lv2,コア2)]
  候補行動 (13件):
    [0] SUMMON | コスト🔷🔷, 配置コアなし ⚠️透笠オリンディアス消滅, (支払:透笠オリンディアス:🔷🔷, 配置:なし) -> eval: +0.1668
    [1] SUMMON | コスト🔷🔶, 配置コアなし ⚠️モラモーラ消滅, (支払:モラモーラ:🔶, 透笠オリンディアス:🔷, 配置:なし) -> eval: +0.1997
    [2] SUMMON | コスト🔷🔷, 配置コア🔶 ⚠️モラモーラ・透笠オリンディアス消滅, (支払:透笠オリンディアス:🔷🔷, 配置:モラモーラ:🔶) -> eval: +0.0807
    [3] SUMMON | コスト🔷🔶, 配置コア🔷 ⚠️モラモーラ・透笠オリンディアス消滅, (支払:モラモーラ:🔶, 透笠オリンディアス:🔷, 配置:透笠オリンディアス:🔷) -> eval: +0.0957
    [4] USE_MAGIC | コスト🔷🔷, コアは置かない ⚠️透笠オリンディアス消滅, (支払:透笠オリンディアス:🔷🔷, 配置:なし) -> eval: +0.0512
    [5] USE_MAGIC | コスト🔷🔶, コアは置かない ⚠️モラモーラ消滅, (支払:モラモーラ:🔶, 透笠オリンディアス:🔷, 配置:なし) -> eval: +0.0734
    [6] MOVE_CORE | 🔶を移動 ⚠️モラモーラ消滅 -> eval: +0.1811
    [7] MOVE_CORE | 🔶を移動 ⚠️モラモーラ消滅 -> eval: +0.1563
    [8] MOVE_CORE | 🔶 ⇄ 🔷 を交換 -> eval: +0.3377
    [9] MOVE_CORE | 🔷を移動 -> eval: +0.3155
    [10] MOVE_CORE | 🔷🔷を移動 ⚠️透笠オリンディアス消滅 -> eval: +0.1302
    [11] MOVE_CORE | 🔷を移動 -> eval: +0.3179
    [12] MOVE_CORE | 🔷🔷を移動 ⚠️透笠オリンディアス消滅 -> eval: +0.1622
  ステップ終了評価: +0.3403
  => 選択: ステップ終了 (候補最大 +0.3377 <= 終了評価 +0.3403)

Turn 4 | 手数 22 | 手番: P2(run2_run3.kann.weight) | アタック宣言
  盤面:
    P1: Life:4, Reserve:0, Hand:4枚, Field:[パッファー(Lv1,コア1), 重顎ドロゴリアス(Lv1,コア1s)]
    P2: Life:3, Reserve:0, Hand:4枚, Field:[モラモーラ(Lv1,コア1s), 透笠オリンディアス(Lv2,コア2)]
  候補行動 (2件):
    [0] ATTACK | モラモーラ でアタック宣言 (Lv1, BP5000, 通ればライフ-🔷) -> eval: +0.3983
    [1] ATTACK | 透笠オリンディアス でアタック宣言 (Lv2, BP7000, 通ればライフ-🔷) -> eval: +0.3853
  ステップ終了評価: +0.3403
  => 選択: ATTACK | モラモーラ でアタック宣言 (Lv1, BP5000, 通ればライフ-🔷) (eval: +0.3983 > 終了評価 +0.3403)
     効果/結果: 🗡️ 「モラモーラ」がアタック宣言 (BP5000)

Turn 4 | 手数 23 | 手番: P1(run3_run4.kann.weight) | ブロック宣言
  盤面:
    P1: Life:4, Reserve:0, Hand:4枚, Field:[パッファー(Lv1,コア1), 重顎ドロゴリアス(Lv1,コア1s)]
    P2: Life:3, Reserve:0, Hand:4枚, Field:[モラモーラ(Lv1,コア1s), 透笠オリンディアス(Lv2,コア2)]
  候補行動 (1件):
    [0] PASS_BLOCK | ライフでアタックを受ける (ライフ-🔷) -> eval: +0.1931
  => 選択: PASS_BLOCK | ライフでアタックを受ける (ライフ-🔷) (eval: +0.1931)
     効果/結果: 💔 ブロックせず: プレイヤー1 のライフ-1 (コアはリザーブへ)

Turn 4 | 手数 24 | 手番: P2(run2_run3.kann.weight) | アタック宣言
  盤面:
    P1: Life:3, Reserve:1, Hand:4枚, Field:[パッファー(Lv1,コア1), 重顎ドロゴリアス(Lv1,コア1s)]
    P2: Life:3, Reserve:0, Hand:4枚, Field:[モラモーラ(Lv1,コア1s), 透笠オリンディアス(Lv2,コア2)]
  候補行動 (1件):
    [0] ATTACK | 透笠オリンディアス でアタック宣言 (Lv2, BP7000, 通ればライフ-🔷) -> eval: +0.4335
  ステップ終了評価: +0.4031
  => 選択: ATTACK | 透笠オリンディアス でアタック宣言 (Lv2, BP7000, 通ればライフ-🔷) (eval: +0.4335 > 終了評価 +0.4031)
     効果/結果: 🗡️ 「透笠オリンディアス」がアタック宣言 (BP7000)

Turn 4 | 手数 25 | 手番: P1(run3_run4.kann.weight) | ブロック宣言
  盤面:
    P1: Life:3, Reserve:1, Hand:4枚, Field:[パッファー(Lv1,コア1), 重顎ドロゴリアス(Lv1,コア1s)]
    P2: Life:3, Reserve:0, Hand:4枚, Field:[モラモーラ(Lv1,コア1s), 透笠オリンディアス(Lv2,コア2)]
  候補行動 (1件):
    [0] PASS_BLOCK | ライフでアタックを受ける (ライフ-🔷) -> eval: +0.2112
  => 選択: PASS_BLOCK | ライフでアタックを受ける (ライフ-🔷) (eval: +0.2112)
     効果/結果: 💔 ブロックせず: プレイヤー1 のライフ-1 (コアはリザーブへ)

Turn 4 | 手数 26 | 手番: P2(run2_run3.kann.weight) | アタック宣言
  盤面:
    P1: Life:2, Reserve:2, Hand:4枚, Field:[パッファー(Lv1,コア1), 重顎ドロゴリアス(Lv1,コア1s)]
    P2: Life:3, Reserve:0, Hand:4枚, Field:[モラモーラ(Lv1,コア1s), 透笠オリンディアス(Lv2,コア2)]
  候補行動 (0件):
  ステップ終了評価: +0.4380
  => 選択: ステップ終了

Turn 4 | 手数 27 | 手番: P2(run2_run3.kann.weight) | 第2メインステップ
  盤面:
    P1: Life:2, Reserve:2, Hand:4枚, Field:[パッファー(Lv1,コア1), 重顎ドロゴリアス(Lv1,コア1s)]
    P2: Life:3, Reserve:0, Hand:4枚, Field:[モラモーラ(Lv1,コア1s), 透笠オリンディアス(Lv2,コア2)]
  候補行動 (13件):
    [0] SUMMON | コスト🔷🔷, 配置コアなし ⚠️透笠オリンディアス消滅, (支払:透笠オリンディアス:🔷🔷, 配置:なし) -> eval: +0.2472
    [1] SUMMON | コスト🔷🔶, 配置コアなし ⚠️モラモーラ消滅, (支払:モラモーラ:🔶, 透笠オリンディアス:🔷, 配置:なし) -> eval: +0.2741
    [2] SUMMON | コスト🔷🔷, 配置コア🔶 ⚠️モラモーラ・透笠オリンディアス消滅, (支払:透笠オリンディアス:🔷🔷, 配置:モラモーラ:🔶) -> eval: +0.0957
    [3] SUMMON | コスト🔷🔶, 配置コア🔷 ⚠️モラモーラ・透笠オリンディアス消滅, (支払:モラモーラ:🔶, 透笠オリンディアス:🔷, 配置:透笠オリンディアス:🔷) -> eval: +0.1107
    [4] USE_MAGIC | コスト🔷🔷, コアは置かない ⚠️透笠オリンディアス消滅, (支払:透笠オリンディアス:🔷🔷, 配置:なし) -> eval: +0.1313
    [5] USE_MAGIC | コスト🔷🔶, コアは置かない ⚠️モラモーラ消滅, (支払:モラモーラ:🔶, 透笠オリンディアス:🔷, 配置:なし) -> eval: +0.1479
    [6] MOVE_CORE | 🔶を移動 ⚠️モラモーラ消滅 -> eval: +0.2510
    [7] MOVE_CORE | 🔶を移動 ⚠️モラモーラ消滅 -> eval: +0.2387
    [8] MOVE_CORE | 🔶 ⇄ 🔷 を交換 -> eval: +0.4330
    [9] MOVE_CORE | 🔷を移動 -> eval: +0.4112
    [10] MOVE_CORE | 🔷🔷を移動 ⚠️透笠オリンディアス消滅 -> eval: +0.2074
    [11] MOVE_CORE | 🔷を移動 -> eval: +0.4176
    [12] MOVE_CORE | 🔷🔷を移動 ⚠️透笠オリンディアス消滅 -> eval: +0.2434
  ステップ終了評価: +0.4380
  => 選択: ステップ終了 (候補最大 +0.4330 <= 終了評価 +0.4380)

Turn 4 | 手数 28 | 手番: P2(run2_run3.kann.weight) | エンドステップ
  盤面:
    P1: Life:2, Reserve:2, Hand:4枚, Field:[パッファー(Lv1,コア1), 重顎ドロゴリアス(Lv1,コア1s)]
    P2: Life:3, Reserve:0, Hand:4枚, Field:[モラモーラ(Lv1,コア1s), 透笠オリンディアス(Lv2,コア2)]
  候補行動 (0件):
  ステップ終了評価: +0.2858
  => 選択: ステップ終了
     効果/結果: 【ターン 5】 手番: プレイヤー1
     効果/結果: 🔷 コアステップ: ボイドからリザーブへコア1個
     効果/結果: 🃏 ドローステップ: 「重顎ドロゴリアス」をドロー (残り32枚)
     効果/結果: ♻️ リフレッシュステップ: トラッシュのコア4個をリザーブへ
     効果/結果: ♻️ リフレッシュステップ: 2体を回復

Turn 5 | 手数 29 | 手番: P1(run3_run4.kann.weight) | メインステップ
  盤面:
    P1: Life:2, Reserve:7, Hand:5枚, Field:[パッファー(Lv1,コア1), 重顎ドロゴリアス(Lv1,コア1s)]
    P2: Life:3, Reserve:0, Hand:4枚, Field:[モラモーラ(Lv1,コア1s), 透笠オリンディアス(Lv2,コア2)]
  候補行動 (86件):
    [0] SUMMON | コスト🔷🔷🔷, 配置コア🔷, (支払:R:🔷🔷🔷, 配置:R:🔷) -> eval: +0.1021
    [1] SUMMON | コスト🔷🔷🔷, 配置コア🔷 ⚠️パッファー消滅, (支払:R:🔷🔷, パッファー:🔷, 配置:R:🔷) -> eval: -0.0499
    [2] SUMMON | コスト🔷🔷🔷, 配置コア🔶 ⚠️重顎ドロゴリアス消滅, (支払:R:🔷🔷🔷, 配置:重顎ドロゴリアス:🔶) -> eval: -0.0615
    [3] SUMMON | コスト🔷🔷🔷, 配置コア🔶 ⚠️パッファー・重顎ドロゴリアス消滅, (支払:R:🔷🔷, パッファー:🔷, 配置:重顎ドロゴリアス:🔶) -> eval: -0.1311
    [4] SUMMON | コスト🔷🔷🔶, 配置コア🔷 ⚠️重顎ドロゴリアス消滅, (支払:R:🔷🔷, 重顎ドロゴリアス:🔶, 配置:R:🔷) -> eval: -0.0294
    [5] SUMMON | コスト🔷🔷🔶, 配置コア🔷 ⚠️パッファー・重顎ドロゴリアス消滅, (支払:R:🔷, パッファー:🔷, 重顎ドロゴリアス:🔶, 配置:R:🔷) -> eval: -0.0970
    [6] SUMMON | コスト🔷🔷🔷, 配置コア🔷🔷, (支払:R:🔷🔷🔷, 配置:R:🔷🔷) -> eval: +0.1086
    [7] SUMMON | コスト🔷🔷🔷, 配置コア🔷🔷 ⚠️パッファー消滅, (支払:R:🔷🔷, パッファー:🔷, 配置:R:🔷🔷) -> eval: -0.0417
    [8] SUMMON | コスト🔷🔷🔷, 配置コア🔷🔶 ⚠️重顎ドロゴリアス消滅, (支払:R:🔷🔷🔷, 配置:R:🔷, 重顎ドロゴリアス:🔶) -> eval: -0.0523
    [9] SUMMON | コスト🔷🔷🔷, 配置コア🔷🔶 ⚠️パッファー・重顎ドロゴリアス消滅, (支払:R:🔷🔷, パッファー:🔷, 配置:R:🔷, 重顎ドロゴリアス:🔶) -> eval: -0.1227
    [10] SUMMON | コスト🔷🔷🔶, 配置コア🔷🔷 ⚠️重顎ドロゴリアス消滅, (支払:R:🔷🔷, 重顎ドロゴリアス:🔶, 配置:R:🔷🔷) -> eval: -0.0208
    [11] SUMMON | コスト🔷🔷🔶, 配置コア🔷🔷 ⚠️パッファー・重顎ドロゴリアス消滅, (支払:R:🔷, パッファー:🔷, 重顎ドロゴリアス:🔶, 配置:R:🔷🔷) -> eval: -0.0890
    [12] SUMMON | コスト🔷🔷🔷, 配置コア🔷🔷🔷, (支払:R:🔷🔷🔷, 配置:R:🔷🔷🔷) -> eval: +0.1507
    [13] SUMMON | コスト🔷🔷🔷, 配置コア🔷🔷🔷 ⚠️パッファー消滅, (支払:R:🔷🔷, パッファー:🔷, 配置:R:🔷🔷🔷) -> eval: -0.0057
    [14] SUMMON | コスト🔷🔷🔷, 配置コア🔷🔷🔶 ⚠️重顎ドロゴリアス消滅, (支払:R:🔷🔷🔷, 配置:R:🔷🔷, 重顎ドロゴリアス:🔶) -> eval: -0.0253
    [15] SUMMON | コスト🔷🔷🔷, 配置コア🔷🔷🔶 ⚠️パッファー・重顎ドロゴリアス消滅, (支払:R:🔷🔷, パッファー:🔷, 配置:R:🔷🔷, 重顎ドロゴリアス:🔶) -> eval: -0.0998
    [16] SUMMON | コスト🔷🔷🔶, 配置コア🔷🔷🔷 ⚠️重顎ドロゴリアス消滅, (支払:R:🔷🔷, 重顎ドロゴリアス:🔶, 配置:R:🔷🔷🔷) -> eval: +0.0182
    [17] SUMMON | コスト🔷🔷🔶, 配置コア🔷🔷🔷 ⚠️パッファー・重顎ドロゴリアス消滅, (支払:R:🔷, パッファー:🔷, 重顎ドロゴリアス:🔶, 配置:R:🔷🔷🔷) -> eval: -0.0595
    [18] SUMMON | コスト🔷🔷🔷, 配置コア🔷🔷🔷🔷, (支払:R:🔷🔷🔷, 配置:R:🔷🔷🔷🔷) -> eval: +0.1602
    [19] SUMMON | コスト🔷🔷🔷, 配置コア🔷🔷🔷🔷 ⚠️パッファー消滅, (支払:R:🔷🔷, パッファー:🔷, 配置:R:🔷🔷🔷🔷) -> eval: +0.0053
    [20] SUMMON | コスト🔷🔷🔷, 配置コア🔷🔷🔷🔶 ⚠️重顎ドロゴリアス消滅, (支払:R:🔷🔷🔷, 配置:R:🔷🔷🔷, 重顎ドロゴリアス:🔶) -> eval: -0.0133
    [21] SUMMON | コスト🔷🔷🔷, 配置コア🔷🔷🔷🔶 ⚠️パッファー・重顎ドロゴリアス消滅, (支払:R:🔷🔷, パッファー:🔷, 配置:R:🔷🔷🔷, 重顎ドロゴリアス:🔶) -> eval: -0.0887
    [22] SUMMON | コスト🔷🔷🔶, 配置コア🔷🔷🔷🔷 ⚠️重顎ドロゴリアス消滅, (支払:R:🔷🔷, 重顎ドロゴリアス:🔶, 配置:R:🔷🔷🔷🔷) -> eval: +0.0296
    [23] SUMMON | コスト🔷🔷🔶, 配置コア🔷🔷🔷🔷 ⚠️パッファー・重顎ドロゴリアス消滅, (支払:R:🔷, パッファー:🔷, 重顎ドロゴリアス:🔶, 配置:R:🔷🔷🔷🔷) -> eval: -0.0489
    [24] SUMMON | コスト🔷🔷🔷, 配置コア🔷🔷🔷🔷🔷 ⚠️パッファー消滅, (支払:R:🔷🔷, パッファー:🔷, 配置:R:🔷🔷🔷🔷🔷) -> eval: +0.0173
    [25] SUMMON | コスト🔷🔷🔷, 配置コア🔷🔷🔷🔷🔶 ⚠️重顎ドロゴリアス消滅, (支払:R:🔷🔷🔷, 配置:R:🔷🔷🔷🔷, 重顎ドロゴリアス:🔶) -> eval: -0.0003
    [26] SUMMON | コスト🔷🔷🔷, 配置コア🔷🔷🔷🔷🔶 ⚠️パッファー・重顎ドロゴリアス消滅, (支払:R:🔷🔷, パッファー:🔷, 配置:R:🔷🔷🔷🔷, 重顎ドロゴリアス:🔶) -> eval: -0.0768
    [27] SUMMON | コスト🔷🔷🔶, 配置コア🔷🔷🔷🔷🔷 ⚠️重顎ドロゴリアス消滅, (支払:R:🔷🔷, 重顎ドロゴリアス:🔶, 配置:R:🔷🔷🔷🔷🔷) -> eval: +0.0418
    [28] SUMMON | コスト🔷🔷🔶, 配置コア🔷🔷🔷🔷🔷 ⚠️パッファー・重顎ドロゴリアス消滅, (支払:R:🔷, パッファー:🔷, 重顎ドロゴリアス:🔶, 配置:R:🔷🔷🔷🔷🔷) -> eval: -0.0377
    [29] SUMMON | コスト🔷🔷🔷, 配置コア🔷🔷🔷🔷🔷🔶 ⚠️パッファー・重顎ドロゴリアス消滅, (支払:R:🔷🔷, パッファー:🔷, 配置:R:🔷🔷🔷🔷🔷, 重顎ドロゴリアス:🔶) -> eval: -0.0641
    [30] SUMMON | コスト🔷🔷🔶, 配置コア🔷🔷🔷🔷🔷🔷 ⚠️パッファー・重顎ドロゴリアス消滅, (支払:R:🔷, パッファー:🔷, 重顎ドロゴリアス:🔶, 配置:R:🔷🔷🔷🔷🔷🔷) -> eval: -0.0258
    [31] USE_MAGIC | コスト🔷🔷🔷🔷, コアは置かない, (支払:R:🔷🔷🔷🔷, 配置:なし) -> eval: -0.0899
    [32] USE_MAGIC | コスト🔷🔷🔷🔷, コアは置かない ⚠️パッファー消滅, (支払:R:🔷🔷🔷, パッファー:🔷, 配置:なし) -> eval: -0.1657
    [33] USE_MAGIC | コスト🔷🔷🔷🔶, コアは置かない ⚠️重顎ドロゴリアス消滅, (支払:R:🔷🔷🔷, 重顎ドロゴリアス:🔶, 配置:なし) -> eval: -0.1536
    [34] USE_MAGIC | コスト🔷🔷🔷🔶, コアは置かない ⚠️パッファー・重顎ドロゴリアス消滅, (支払:R:🔷🔷, パッファー:🔷, 重顎ドロゴリアス:🔶, 配置:なし) -> eval: -0.1884
    [35] SUMMON | コスト🔷🔷🔷, 配置コア🔷, (支払:R:🔷🔷🔷, 配置:R:🔷) -> eval: +0.1070
    [36] SUMMON | コスト🔷🔷🔷, 配置コア🔷 ⚠️パッファー消滅, (支払:R:🔷🔷, パッファー:🔷, 配置:R:🔷) -> eval: -0.0457
    [37] SUMMON | コスト🔷🔷🔷, 配置コア🔶 ⚠️重顎ドロゴリアス消滅, (支払:R:🔷🔷🔷, 配置:重顎ドロゴリアス:🔶) -> eval: -0.0600
    [38] SUMMON | コスト🔷🔷🔷, 配置コア🔶 ⚠️パッファー・重顎ドロゴリアス消滅, (支払:R:🔷🔷, パッファー:🔷, 配置:重顎ドロゴリアス:🔶) -> eval: -0.1301
    [39] SUMMON | コスト🔷🔷🔶, 配置コア🔷 ⚠️重顎ドロゴリアス消滅, (支払:R:🔷🔷, 重顎ドロゴリアス:🔶, 配置:R:🔷) -> eval: -0.0236
    [40] SUMMON | コスト🔷🔷🔶, 配置コア🔷 ⚠️パッファー・重顎ドロゴリアス消滅, (支払:R:🔷, パッファー:🔷, 重顎ドロゴリアス:🔶, 配置:R:🔷) -> eval: -0.0933
    [41] SUMMON | コスト🔷🔷🔷, 配置コア🔷🔷, (支払:R:🔷🔷🔷, 配置:R:🔷🔷) -> eval: +0.1405
    [42] SUMMON | コスト🔷🔷🔷, 配置コア🔷🔷 ⚠️パッファー消滅, (支払:R:🔷🔷, パッファー:🔷, 配置:R:🔷🔷) -> eval: -0.0176
    [43] SUMMON | コスト🔷🔷🔷, 配置コア🔷🔶 ⚠️重顎ドロゴリアス消滅, (支払:R:🔷🔷🔷, 配置:R:🔷, 重顎ドロゴリアス:🔶) -> eval: -0.0382
    [44] SUMMON | コスト🔷🔷🔷, 配置コア🔷🔶 ⚠️パッファー・重顎ドロゴリアス消滅, (支払:R:🔷🔷, パッファー:🔷, 配置:R:🔷, 重顎ドロゴリアス:🔶) -> eval: -0.1123
    [45] SUMMON | コスト🔷🔷🔶, 配置コア🔷🔷 ⚠️重顎ドロゴリアス消滅, (支払:R:🔷🔷, 重顎ドロゴリアス:🔶, 配置:R:🔷🔷) -> eval: +0.0072
    [46] SUMMON | コスト🔷🔷🔶, 配置コア🔷🔷 ⚠️パッファー・重顎ドロゴリアス消滅, (支払:R:🔷, パッファー:🔷, 重顎ドロゴリアス:🔶, 配置:R:🔷🔷) -> eval: -0.0704
    [47] SUMMON | コスト🔷🔷🔷, 配置コア🔷🔷🔷, (支払:R:🔷🔷🔷, 配置:R:🔷🔷🔷) -> eval: +0.1490
    [48] SUMMON | コスト🔷🔷🔷, 配置コア🔷🔷🔷 ⚠️パッファー消滅, (支払:R:🔷🔷, パッファー:🔷, 配置:R:🔷🔷🔷) -> eval: -0.0074
    [49] SUMMON | コスト🔷🔷🔷, 配置コア🔷🔷🔶 ⚠️重顎ドロゴリアス消滅, (支払:R:🔷🔷🔷, 配置:R:🔷🔷, 重顎ドロゴリアス:🔶) -> eval: -0.0273
    [50] SUMMON | コスト🔷🔷🔷, 配置コア🔷🔷🔶 ⚠️パッファー・重顎ドロゴリアス消滅, (支払:R:🔷🔷, パッファー:🔷, 配置:R:🔷🔷, 重顎ドロゴリアス:🔶) -> eval: -0.1021
    [51] SUMMON | コスト🔷🔷🔶, 配置コア🔷🔷🔷 ⚠️重顎ドロゴリアス消滅, (支払:R:🔷🔷, 重顎ドロゴリアス:🔶, 配置:R:🔷🔷🔷) -> eval: +0.0177
    [52] SUMMON | コスト🔷🔷🔶, 配置コア🔷🔷🔷 ⚠️パッファー・重顎ドロゴリアス消滅, (支払:R:🔷, パッファー:🔷, 重顎ドロゴリアス:🔶, 配置:R:🔷🔷🔷) -> eval: -0.0606
    [53] SUMMON | コスト🔷🔷🔷, 配置コア🔷🔷🔷🔷, (支払:R:🔷🔷🔷, 配置:R:🔷🔷🔷🔷) -> eval: +0.1584
    [54] SUMMON | コスト🔷🔷🔷, 配置コア🔷🔷🔷🔷 ⚠️パッファー消滅, (支払:R:🔷🔷, パッファー:🔷, 配置:R:🔷🔷🔷🔷) -> eval: +0.0036
    [55] SUMMON | コスト🔷🔷🔷, 配置コア🔷🔷🔷🔶 ⚠️重顎ドロゴリアス消滅, (支払:R:🔷🔷🔷, 配置:R:🔷🔷🔷, 重顎ドロゴリアス:🔶) -> eval: -0.0153
    [56] SUMMON | コスト🔷🔷🔷, 配置コア🔷🔷🔷🔶 ⚠️パッファー・重顎ドロゴリアス消滅, (支払:R:🔷🔷, パッファー:🔷, 配置:R:🔷🔷🔷, 重顎ドロゴリアス:🔶) -> eval: -0.0909
    [57] SUMMON | コスト🔷🔷🔶, 配置コア🔷🔷🔷🔷 ⚠️重顎ドロゴリアス消滅, (支払:R:🔷🔷, 重顎ドロゴリアス:🔶, 配置:R:🔷🔷🔷🔷) -> eval: +0.0291
    [58] SUMMON | コスト🔷🔷🔶, 配置コア🔷🔷🔷🔷 ⚠️パッファー・重顎ドロゴリアス消滅, (支払:R:🔷, パッファー:🔷, 重顎ドロゴリアス:🔶, 配置:R:🔷🔷🔷🔷) -> eval: -0.0500
    [59] SUMMON | コスト🔷🔷🔷, 配置コア🔷🔷🔷🔷🔷 ⚠️パッファー消滅, (支払:R:🔷🔷, パッファー:🔷, 配置:R:🔷🔷🔷🔷🔷) -> eval: +0.0156
    [60] SUMMON | コスト🔷🔷🔷, 配置コア🔷🔷🔷🔷🔶 ⚠️重顎ドロゴリアス消滅, (支払:R:🔷🔷🔷, 配置:R:🔷🔷🔷🔷, 重顎ドロゴリアス:🔶) -> eval: -0.0023
    [61] SUMMON | コスト🔷🔷🔷, 配置コア🔷🔷🔷🔷🔶 ⚠️パッファー・重顎ドロゴリアス消滅, (支払:R:🔷🔷, パッファー:🔷, 配置:R:🔷🔷🔷🔷, 重顎ドロゴリアス:🔶) -> eval: -0.0789
    [62] SUMMON | コスト🔷🔷🔶, 配置コア🔷🔷🔷🔷🔷 ⚠️重顎ドロゴリアス消滅, (支払:R:🔷🔷, 重顎ドロゴリアス:🔶, 配置:R:🔷🔷🔷🔷🔷) -> eval: +0.0413
    [63] SUMMON | コスト🔷🔷🔶, 配置コア🔷🔷🔷🔷🔷 ⚠️パッファー・重顎ドロゴリアス消滅, (支払:R:🔷, パッファー:🔷, 重顎ドロゴリアス:🔶, 配置:R:🔷🔷🔷🔷🔷) -> eval: -0.0386
    [64] SUMMON | コスト🔷🔷🔷, 配置コア🔷🔷🔷🔷🔷🔶 ⚠️パッファー・重顎ドロゴリアス消滅, (支払:R:🔷🔷, パッファー:🔷, 配置:R:🔷🔷🔷🔷🔷, 重顎ドロゴリアス:🔶) -> eval: -0.0661
    [65] SUMMON | コスト🔷🔷🔶, 配置コア🔷🔷🔷🔷🔷🔷 ⚠️パッファー・重顎ドロゴリアス消滅, (支払:R:🔷, パッファー:🔷, 重顎ドロゴリアス:🔶, 配置:R:🔷🔷🔷🔷🔷🔷) -> eval: -0.0266
    [66] MOVE_CORE | 🔷を移動 -> eval: +0.0582
    [67] MOVE_CORE | 🔷🔷を移動 -> eval: +0.0617
    [68] MOVE_CORE | 🔷🔷🔷を移動 -> eval: +0.0663
    [69] MOVE_CORE | 🔷🔷🔷🔷を移動 -> eval: +0.0719
    [70] MOVE_CORE | 🔷🔷🔷🔷🔷を移動 -> eval: +0.0785
    [71] MOVE_CORE | 🔷🔷🔷🔷🔷🔷を移動 -> eval: +0.0862
    [72] MOVE_CORE | 🔷🔷🔷🔷🔷🔷🔷を移動 -> eval: +0.0948
    [73] MOVE_CORE | 🔷を移動 -> eval: +0.0571
    [74] MOVE_CORE | 🔷🔷を移動 -> eval: +0.0630
    [75] MOVE_CORE | 🔷🔷🔷を移動 -> eval: +0.0702
    [76] MOVE_CORE | 🔷🔷🔷🔷を移動 -> eval: +0.0788
    [77] MOVE_CORE | 🔷🔷🔷🔷🔷を移動 -> eval: +0.0886
    [78] MOVE_CORE | 🔷🔷🔷🔷🔷🔷を移動 -> eval: +0.0995
    [79] MOVE_CORE | 🔷🔷🔷🔷🔷🔷🔷を移動 -> eval: +0.1116
    [80] MOVE_CORE | 🔷を移動 ⚠️パッファー消滅 -> eval: -0.1299
    [81] MOVE_CORE | 🔷を移動 ⚠️パッファー消滅 -> eval: -0.1165
    [82] MOVE_CORE | 🔶を移動 ⚠️重顎ドロゴリアス消滅 -> eval: -0.1155
    [83] MOVE_CORE | 🔶 ⇄ 🔷 を交換 -> eval: +0.0393
    [84] MOVE_CORE | 🔶を移動 ⚠️重顎ドロゴリアス消滅 -> eval: -0.1278
    [85] MOVE_CORE | 🔶 ⇄ 🔷 を交換 -> eval: +0.0238
  ステップ終了評価: +0.0393
  => 選択: SUMMON | コスト🔷🔷🔷, 配置コア🔷🔷🔷🔷, (支払:R:🔷🔷🔷, 配置:R:🔷🔷🔷🔷) (eval: +0.1602 > 終了評価 +0.0393)
     効果/結果: 🎴 「海幻コエラ＝カンサス」を召喚 (コスト3をトラッシュへ)

Turn 5 | 手数 30 | 手番: P1(run3_run4.kann.weight) | メインステップ
  盤面:
    P1: Life:2, Reserve:0, Hand:4枚, Field:[パッファー(Lv1,コア1), 重顎ドロゴリアス(Lv1,コア1s), 海幻コエラ＝カンサス(Lv2,コア4)]
    P2: Life:3, Reserve:0, Hand:4枚, Field:[モラモーラ(Lv1,コア1s), 透笠オリンディアス(Lv2,コア2)]
  候補行動 (56件):
    [0] USE_MAGIC | コスト🔷🔷🔷, コアは置かない ⚠️パッファー消滅, (支払:パッファー:🔷, 海幻コエラ＝カンサス:🔷🔷, 配置:なし) -> eval: -0.0621
    [1] USE_MAGIC | コスト🔷🔷🔷, コアは置かない, (支払:海幻コエラ＝カンサス:🔷🔷🔷, 配置:なし) -> eval: -0.0042
    [2] USE_MAGIC | コスト🔷🔷🔶, コアは置かない ⚠️パッファー・重顎ドロゴリアス消滅, (支払:パッファー:🔷, 重顎ドロゴリアス:🔶, 海幻コエラ＝カンサス:🔷, 配置:なし) -> eval: -0.0656
    [3] USE_MAGIC | コスト🔷🔷🔶, コアは置かない ⚠️重顎ドロゴリアス消滅, (支払:重顎ドロゴリアス:🔶, 海幻コエラ＝カンサス:🔷🔷, 配置:なし) -> eval: -0.0520
    [4] SUMMON | コスト🔷🔷🔷, 配置コア🔷 ⚠️パッファー消滅, (支払:海幻コエラ＝カンサス:🔷🔷🔷, 配置:パッファー:🔷) -> eval: +0.0443
    [5] SUMMON | コスト🔷🔷🔷, 配置コア🔷 ⚠️海幻コエラ＝カンサス消滅, (支払:海幻コエラ＝カンサス:🔷🔷🔷, 配置:海幻コエラ＝カンサス:🔷) -> eval: +0.0317
    [6] SUMMON | コスト🔷🔷🔷, 配置コア🔶 ⚠️パッファー・重顎ドロゴリアス消滅, (支払:パッファー:🔷, 海幻コエラ＝カンサス:🔷🔷, 配置:重顎ドロゴリアス:🔶) -> eval: -0.0300
    [7] SUMMON | コスト🔷🔷🔷, 配置コア🔶 ⚠️重顎ドロゴリアス消滅, (支払:海幻コエラ＝カンサス:🔷🔷🔷, 配置:重顎ドロゴリアス:🔶) -> eval: +0.0325
    [8] SUMMON | コスト🔷🔷🔶, 配置コア🔷 ⚠️パッファー・重顎ドロゴリアス消滅, (支払:重顎ドロゴリアス:🔶, 海幻コエラ＝カンサス:🔷🔷, 配置:パッファー:🔷) -> eval: +0.0045
    [9] SUMMON | コスト🔷🔷🔶, 配置コア🔷 ⚠️重顎ドロゴリアス消滅, (支払:重顎ドロゴリアス:🔶, 海幻コエラ＝カンサス:🔷🔷, 配置:海幻コエラ＝カンサス:🔷) -> eval: +0.0656
    [10] SUMMON | コスト🔷🔷🔷, 配置コア🔷🔷 ⚠️パッファー・海幻コエラ＝カンサス消滅, (支払:海幻コエラ＝カンサス:🔷🔷🔷, 配置:パッファー:🔷, 海幻コエラ＝カンサス:🔷) -> eval: -0.0275
    [11] SUMMON | コスト🔷🔷🔷, 配置コア🔷🔶 ⚠️パッファー・重顎ドロゴリアス消滅, (支払:海幻コエラ＝カンサス:🔷🔷🔷, 配置:パッファー:🔷, 重顎ドロゴリアス:🔶) -> eval: -0.0282
    [12] SUMMON | コスト🔷🔷🔷, 配置コア🔷🔶 ⚠️重顎ドロゴリアス・海幻コエラ＝カンサス消滅, (支払:海幻コエラ＝カンサス:🔷🔷🔷, 配置:重顎ドロゴリアス:🔶, 海幻コエラ＝カンサス:🔷) -> eval: -0.0440
    [13] SUMMON | コスト🔷🔷🔶, 配置コア🔷🔷 ⚠️パッファー・重顎ドロゴリアス消滅, (支払:重顎ドロゴリアス:🔶, 海幻コエラ＝カンサス:🔷🔷, 配置:パッファー:🔷, 海幻コエラ＝カンサス:🔷) -> eval: +0.0050
    [14] SUMMON | コスト🔷🔷🔶, 配置コア🔷🔷 ⚠️重顎ドロゴリアス・海幻コエラ＝カンサス消滅, (支払:重顎ドロゴリアス:🔶, 海幻コエラ＝カンサス:🔷🔷, 配置:海幻コエラ＝カンサス:🔷🔷) -> eval: -0.0090
    [15] SUMMON | コスト🔷🔷🔷, 配置コア🔷🔷🔶 ⚠️パッファー・重顎ドロゴリアス・海幻コエラ＝カンサス消滅, (支払:海幻コエラ＝カンサス:🔷🔷🔷, 配置:パッファー:🔷, 重顎ドロゴリアス:🔶, 海幻コエラ＝カンサス:🔷) -> eval: -0.0670
    [16] SUMMON | コスト🔷🔷🔶, 配置コア🔷🔷🔷 ⚠️パッファー・重顎ドロゴリアス・海幻コエラ＝カンサス消滅, (支払:重顎ドロゴリアス:🔶, 海幻コエラ＝カンサス:🔷🔷, 配置:パッファー:🔷, 海幻コエラ＝カンサス:🔷🔷) -> eval: -0.0329
    [17] SUMMON | コスト🔷🔷, 配置コア🔷 ⚠️パッファー消滅, (支払:海幻コエラ＝カンサス:🔷🔷, 配置:パッファー:🔷) -> eval: +0.0538
    [18] SUMMON | コスト🔷🔷, 配置コア🔷, (支払:海幻コエラ＝カンサス:🔷🔷, 配置:海幻コエラ＝カンサス:🔷) -> eval: +0.1715
    [19] SUMMON | コスト🔷🔷, 配置コア🔶 ⚠️パッファー・重顎ドロゴリアス消滅, (支払:パッファー:🔷, 海幻コエラ＝カンサス:🔷, 配置:重顎ドロゴリアス:🔶) -> eval: -0.0015
    [20] SUMMON | コスト🔷🔷, 配置コア🔶 ⚠️重顎ドロゴリアス消滅, (支払:海幻コエラ＝カンサス:🔷🔷, 配置:重顎ドロゴリアス:🔶) -> eval: +0.0393
    [21] SUMMON | コスト🔷🔶, 配置コア🔷 ⚠️パッファー・重顎ドロゴリアス消滅, (支払:重顎ドロゴリアス:🔶, 海幻コエラ＝カンサス:🔷, 配置:パッファー:🔷) -> eval: +0.0346
    [22] SUMMON | コスト🔷🔶, 配置コア🔷 ⚠️重顎ドロゴリアス消滅, (支払:重顎ドロゴリアス:🔶, 海幻コエラ＝カンサス:🔷, 配置:海幻コエラ＝カンサス:🔷) -> eval: +0.0763
    [23] SUMMON | コスト🔷🔷, 配置コア🔷🔷 ⚠️パッファー消滅, (支払:海幻コエラ＝カンサス:🔷🔷, 配置:パッファー:🔷, 海幻コエラ＝カンサス:🔷) -> eval: +0.0770
    [24] SUMMON | コスト🔷🔷, 配置コア🔷🔷 ⚠️海幻コエラ＝カンサス消滅, (支払:海幻コエラ＝カンサス:🔷🔷, 配置:海幻コエラ＝カンサス:🔷🔷) -> eval: +0.0637
    [25] SUMMON | コスト🔷🔷, 配置コア🔷🔶 ⚠️パッファー・重顎ドロゴリアス消滅, (支払:海幻コエラ＝カンサス:🔷🔷, 配置:パッファー:🔷, 重顎ドロゴリアス:🔶) -> eval: -0.0099
    [26] SUMMON | コスト🔷🔷, 配置コア🔷🔶 ⚠️重顎ドロゴリアス消滅, (支払:海幻コエラ＝カンサス:🔷🔷, 配置:重顎ドロゴリアス:🔶, 海幻コエラ＝カンサス:🔷) -> eval: +0.0549
    [27] SUMMON | コスト🔷🔶, 配置コア🔷🔷 ⚠️パッファー・重顎ドロゴリアス消滅, (支払:重顎ドロゴリアス:🔶, 海幻コエラ＝カンサス:🔷, 配置:パッファー:🔷, 海幻コエラ＝カンサス:🔷) -> eval: +0.0323
    [28] SUMMON | コスト🔷🔶, 配置コア🔷🔷 ⚠️重顎ドロゴリアス消滅, (支払:重顎ドロゴリアス:🔶, 海幻コエラ＝カンサス:🔷, 配置:海幻コエラ＝カンサス:🔷🔷) -> eval: +0.1001
    [29] SUMMON | コスト🔷🔷, 配置コア🔷🔷🔷 ⚠️パッファー・海幻コエラ＝カンサス消滅, (支払:海幻コエラ＝カンサス:🔷🔷, 配置:パッファー:🔷, 海幻コエラ＝カンサス:🔷🔷) -> eval: -0.0008
    [30] SUMMON | コスト🔷🔷, 配置コア🔷🔷🔶 ⚠️パッファー・重顎ドロゴリアス消滅, (支払:海幻コエラ＝カンサス:🔷🔷, 配置:パッファー:🔷, 重顎ドロゴリアス:🔶, 海幻コエラ＝カンサス:🔷) -> eval: -0.0075
    [31] SUMMON | コスト🔷🔷, 配置コア🔷🔷🔶 ⚠️重顎ドロゴリアス・海幻コエラ＝カンサス消滅, (支払:海幻コエラ＝カンサス:🔷🔷, 配置:重顎ドロゴリアス:🔶, 海幻コエラ＝カンサス:🔷🔷) -> eval: -0.0236
    [32] SUMMON | コスト🔷🔶, 配置コア🔷🔷🔷 ⚠️パッファー・重顎ドロゴリアス消滅, (支払:重顎ドロゴリアス:🔶, 海幻コエラ＝カンサス:🔷, 配置:パッファー:🔷, 海幻コエラ＝カンサス:🔷🔷) -> eval: +0.0337
    [33] SUMMON | コスト🔷🔶, 配置コア🔷🔷🔷 ⚠️重顎ドロゴリアス・海幻コエラ＝カンサス消滅, (支払:重顎ドロゴリアス:🔶, 海幻コエラ＝カンサス:🔷, 配置:海幻コエラ＝カンサス:🔷🔷🔷) -> eval: +0.0198
    [34] SUMMON | コスト🔷🔷, 配置コア🔷🔷🔷🔶 ⚠️パッファー・重顎ドロゴリアス・海幻コエラ＝カンサス消滅, (支払:海幻コエラ＝カンサス:🔷🔷, 配置:パッファー:🔷, 重顎ドロゴリアス:🔶, 海幻コエラ＝カンサス:🔷🔷) -> eval: -0.0635
    [35] SUMMON | コスト🔷🔶, 配置コア🔷🔷🔷🔷 ⚠️パッファー・重顎ドロゴリアス・海幻コエラ＝カンサス消滅, (支払:重顎ドロゴリアス:🔶, 海幻コエラ＝カンサス:🔷, 配置:パッファー:🔷, 海幻コエラ＝カンサス:🔷🔷🔷) -> eval: -0.0290
    [36] MOVE_CORE | 🔷を移動 ⚠️パッファー消滅 -> eval: +0.0053
    [37] MOVE_CORE | 🔷を移動 ⚠️パッファー消滅 -> eval: +0.0247
    [38] MOVE_CORE | 🔷を移動 ⚠️パッファー消滅 -> eval: +0.0173
    [39] MOVE_CORE | 🔶を移動 ⚠️重顎ドロゴリアス消滅 -> eval: +0.0296
    [40] MOVE_CORE | 🔶を移動 ⚠️重顎ドロゴリアス消滅 -> eval: +0.0105
    [41] MOVE_CORE | 🔶 ⇄ 🔷 を交換 -> eval: +0.1511
    [42] MOVE_CORE | 🔶を移動 ⚠️重顎ドロゴリアス消滅 -> eval: -0.0003
    [43] MOVE_CORE | 🔶 ⇄ 🔷 を交換 -> eval: +0.1728
    [44] MOVE_CORE | 🔷を移動 -> eval: +0.1507
    [45] MOVE_CORE | 🔷🔷を移動 -> eval: +0.1086
    [46] MOVE_CORE | 🔷🔷🔷を移動 -> eval: +0.1021
    [47] MOVE_CORE | 🔷🔷🔷🔷を移動 ⚠️海幻コエラ＝カンサス消滅 -> eval: -0.0580
    [48] MOVE_CORE | 🔷を移動 -> eval: +0.1745
    [49] MOVE_CORE | 🔷🔷を移動 -> eval: +0.1409
    [50] MOVE_CORE | 🔷🔷🔷を移動 -> eval: +0.1415
    [51] MOVE_CORE | 🔷🔷🔷🔷を移動 ⚠️海幻コエラ＝カンサス消滅 -> eval: -0.0028
    [52] MOVE_CORE | 🔷を移動 -> eval: +0.1672
    [53] MOVE_CORE | 🔷🔷を移動 -> eval: +0.1344
    [54] MOVE_CORE | 🔷🔷🔷を移動 -> eval: +0.1357
    [55] MOVE_CORE | 🔷🔷🔷🔷を移動 ⚠️海幻コエラ＝カンサス消滅 -> eval: -0.0003
  ステップ終了評価: +0.1602
  => 選択: MOVE_CORE | 🔷を移動 (eval: +0.1745 > 終了評価 +0.1602)
     効果/結果: 🔷 「海幻コエラ＝カンサス」➔「パッファー」 通常コア1個

Turn 5 | 手数 31 | 手番: P1(run3_run4.kann.weight) | メインステップ
  盤面:
    P1: Life:2, Reserve:0, Hand:4枚, Field:[パッファー(Lv2,コア2), 重顎ドロゴリアス(Lv1,コア1s), 海幻コエラ＝カンサス(Lv2,コア3)]
    P2: Life:3, Reserve:0, Hand:4枚, Field:[モラモーラ(Lv1,コア1s), 透笠オリンディアス(Lv2,コア2)]
  候補行動 (64件):
    [0] USE_MAGIC | コスト🔷🔷🔷, コアは置かない ⚠️パッファー消滅, (支払:パッファー:🔷🔷, 海幻コエラ＝カンサス:🔷, 配置:なし) -> eval: -0.0621
    [1] USE_MAGIC | コスト🔷🔷🔷, コアは置かない, (支払:パッファー:🔷, 海幻コエラ＝カンサス:🔷🔷, 配置:なし) -> eval: -0.0042
    [2] USE_MAGIC | コスト🔷🔷🔷, コアは置かない ⚠️海幻コエラ＝カンサス消滅, (支払:海幻コエラ＝カンサス:🔷🔷🔷, 配置:なし) -> eval: -0.0573
    [3] USE_MAGIC | コスト🔷🔷🔶, コアは置かない ⚠️パッファー・重顎ドロゴリアス消滅, (支払:パッファー:🔷🔷, 重顎ドロゴリアス:🔶, 配置:なし) -> eval: -0.0656
    [4] USE_MAGIC | コスト🔷🔷🔶, コアは置かない ⚠️重顎ドロゴリアス消滅, (支払:パッファー:🔷, 重顎ドロゴリアス:🔶, 海幻コエラ＝カンサス:🔷, 配置:なし) -> eval: -0.0520
    [5] USE_MAGIC | コスト🔷🔷🔶, コアは置かない ⚠️重顎ドロゴリアス消滅, (支払:重顎ドロゴリアス:🔶, 海幻コエラ＝カンサス:🔷🔷, 配置:なし) -> eval: -0.0342
    [6] SUMMON | コスト🔷🔷🔷, 配置コア🔷 ⚠️パッファー消滅, (支払:パッファー:🔷, 海幻コエラ＝カンサス:🔷🔷, 配置:パッファー:🔷) -> eval: +0.0443
    [7] SUMMON | コスト🔷🔷🔷, 配置コア🔷 ⚠️海幻コエラ＝カンサス消滅, (支払:海幻コエラ＝カンサス:🔷🔷🔷, 配置:パッファー:🔷) -> eval: +0.0317
    [8] SUMMON | コスト🔷🔷🔷, 配置コア🔶 ⚠️パッファー・重顎ドロゴリアス消滅, (支払:パッファー:🔷🔷, 海幻コエラ＝カンサス:🔷, 配置:重顎ドロゴリアス:🔶) -> eval: -0.0300
    [9] SUMMON | コスト🔷🔷🔷, 配置コア🔶 ⚠️重顎ドロゴリアス消滅, (支払:パッファー:🔷, 海幻コエラ＝カンサス:🔷🔷, 配置:重顎ドロゴリアス:🔶) -> eval: +0.0325
    [10] SUMMON | コスト🔷🔷🔷, 配置コア🔶 ⚠️重顎ドロゴリアス・海幻コエラ＝カンサス消滅, (支払:海幻コエラ＝カンサス:🔷🔷🔷, 配置:重顎ドロゴリアス:🔶) -> eval: -0.0290
    [11] SUMMON | コスト🔷🔷🔶, 配置コア🔷 ⚠️パッファー・重顎ドロゴリアス消滅, (支払:パッファー:🔷, 重顎ドロゴリアス:🔶, 海幻コエラ＝カンサス:🔷, 配置:パッファー:🔷) -> eval: +0.0045
    [12] SUMMON | コスト🔷🔷🔶, 配置コア🔷 ⚠️重顎ドロゴリアス消滅, (支払:重顎ドロゴリアス:🔶, 海幻コエラ＝カンサス:🔷🔷, 配置:パッファー:🔷) -> eval: +0.0656
    [13] SUMMON | コスト🔷🔷🔶, 配置コア🔷 ⚠️重顎ドロゴリアス・海幻コエラ＝カンサス消滅, (支払:重顎ドロゴリアス:🔶, 海幻コエラ＝カンサス:🔷🔷, 配置:海幻コエラ＝カンサス:🔷) -> eval: +0.0062
    [14] SUMMON | コスト🔷🔷🔷, 配置コア🔷🔷 ⚠️パッファー・海幻コエラ＝カンサス消滅, (支払:海幻コエラ＝カンサス:🔷🔷🔷, 配置:パッファー:🔷🔷) -> eval: -0.0275
    [15] SUMMON | コスト🔷🔷🔷, 配置コア🔷🔶 ⚠️パッファー・重顎ドロゴリアス消滅, (支払:パッファー:🔷, 海幻コエラ＝カンサス:🔷🔷, 配置:パッファー:🔷, 重顎ドロゴリアス:🔶) -> eval: -0.0282
    [16] SUMMON | コスト🔷🔷🔷, 配置コア🔷🔶 ⚠️重顎ドロゴリアス・海幻コエラ＝カンサス消滅, (支払:海幻コエラ＝カンサス:🔷🔷🔷, 配置:パッファー:🔷, 重顎ドロゴリアス:🔶) -> eval: -0.0440
    [17] SUMMON | コスト🔷🔷🔶, 配置コア🔷🔷 ⚠️パッファー・重顎ドロゴリアス消滅, (支払:重顎ドロゴリアス:🔶, 海幻コエラ＝カンサス:🔷🔷, 配置:パッファー:🔷🔷) -> eval: +0.0050
    [18] SUMMON | コスト🔷🔷🔶, 配置コア🔷🔷 ⚠️重顎ドロゴリアス・海幻コエラ＝カンサス消滅, (支払:重顎ドロゴリアス:🔶, 海幻コエラ＝カンサス:🔷🔷, 配置:パッファー:🔷, 海幻コエラ＝カンサス:🔷) -> eval: -0.0090
    [19] SUMMON | コスト🔷🔷🔷, 配置コア🔷🔷🔶 ⚠️パッファー・重顎ドロゴリアス・海幻コエラ＝カンサス消滅, (支払:海幻コエラ＝カンサス:🔷🔷🔷, 配置:パッファー:🔷🔷, 重顎ドロゴリアス:🔶) -> eval: -0.0670
    [20] SUMMON | コスト🔷🔷🔶, 配置コア🔷🔷🔷 ⚠️パッファー・重顎ドロゴリアス・海幻コエラ＝カンサス消滅, (支払:重顎ドロゴリアス:🔶, 海幻コエラ＝カンサス:🔷🔷, 配置:パッファー:🔷🔷, 海幻コエラ＝カンサス:🔷) -> eval: -0.0329
    [21] SUMMON | コスト🔷🔷, 配置コア🔷 ⚠️パッファー消滅, (支払:パッファー:🔷, 海幻コエラ＝カンサス:🔷, 配置:パッファー:🔷) -> eval: +0.0538
    [22] SUMMON | コスト🔷🔷, 配置コア🔷, (支払:海幻コエラ＝カンサス:🔷🔷, 配置:パッファー:🔷) -> eval: +0.1715
    [23] SUMMON | コスト🔷🔷, 配置コア🔷 ⚠️海幻コエラ＝カンサス消滅, (支払:海幻コエラ＝カンサス:🔷🔷, 配置:海幻コエラ＝カンサス:🔷) -> eval: +0.0588
    [24] SUMMON | コスト🔷🔷, 配置コア🔶 ⚠️パッファー・重顎ドロゴリアス消滅, (支払:パッファー:🔷🔷, 配置:重顎ドロゴリアス:🔶) -> eval: -0.0015
    [25] SUMMON | コスト🔷🔷, 配置コア🔶 ⚠️重顎ドロゴリアス消滅, (支払:パッファー:🔷, 海幻コエラ＝カンサス:🔷, 配置:重顎ドロゴリアス:🔶) -> eval: +0.0393
    [26] SUMMON | コスト🔷🔷, 配置コア🔶 ⚠️重顎ドロゴリアス消滅, (支払:海幻コエラ＝カンサス:🔷🔷, 配置:重顎ドロゴリアス:🔶) -> eval: +0.0567
    [27] SUMMON | コスト🔷🔶, 配置コア🔷 ⚠️パッファー・重顎ドロゴリアス消滅, (支払:パッファー:🔷, 重顎ドロゴリアス:🔶, 配置:パッファー:🔷) -> eval: +0.0346
    [28] SUMMON | コスト🔷🔶, 配置コア🔷 ⚠️重顎ドロゴリアス消滅, (支払:重顎ドロゴリアス:🔶, 海幻コエラ＝カンサス:🔷, 配置:パッファー:🔷) -> eval: +0.0763
    [29] SUMMON | コスト🔷🔶, 配置コア🔷 ⚠️重顎ドロゴリアス消滅, (支払:重顎ドロゴリアス:🔶, 海幻コエラ＝カンサス:🔷, 配置:海幻コエラ＝カンサス:🔷) -> eval: +0.0932
    [30] SUMMON | コスト🔷🔷, 配置コア🔷🔷 ⚠️パッファー消滅, (支払:海幻コエラ＝カンサス:🔷🔷, 配置:パッファー:🔷🔷) -> eval: +0.0770
    [31] SUMMON | コスト🔷🔷, 配置コア🔷🔷 ⚠️海幻コエラ＝カンサス消滅, (支払:海幻コエラ＝カンサス:🔷🔷, 配置:パッファー:🔷, 海幻コエラ＝カンサス:🔷) -> eval: +0.0637
    [32] SUMMON | コスト🔷🔷, 配置コア🔷🔶 ⚠️パッファー・重顎ドロゴリアス消滅, (支払:パッファー:🔷, 海幻コエラ＝カンサス:🔷, 配置:パッファー:🔷, 重顎ドロゴリアス:🔶) -> eval: -0.0099
    [33] SUMMON | コスト🔷🔷, 配置コア🔷🔶 ⚠️重顎ドロゴリアス消滅, (支払:海幻コエラ＝カンサス:🔷🔷, 配置:パッファー:🔷, 重顎ドロゴリアス:🔶) -> eval: +0.0549
    [34] SUMMON | コスト🔷🔷, 配置コア🔷🔶 ⚠️重顎ドロゴリアス・海幻コエラ＝カンサス消滅, (支払:海幻コエラ＝カンサス:🔷🔷, 配置:重顎ドロゴリアス:🔶, 海幻コエラ＝カンサス:🔷) -> eval: -0.0086
    [35] SUMMON | コスト🔷🔶, 配置コア🔷🔷 ⚠️パッファー・重顎ドロゴリアス消滅, (支払:重顎ドロゴリアス:🔶, 海幻コエラ＝カンサス:🔷, 配置:パッファー:🔷🔷) -> eval: +0.0323
    [36] SUMMON | コスト🔷🔶, 配置コア🔷🔷 ⚠️重顎ドロゴリアス消滅, (支払:重顎ドロゴリアス:🔶, 海幻コエラ＝カンサス:🔷, 配置:パッファー:🔷, 海幻コエラ＝カンサス:🔷) -> eval: +0.1001
    [37] SUMMON | コスト🔷🔶, 配置コア🔷🔷 ⚠️重顎ドロゴリアス・海幻コエラ＝カンサス消滅, (支払:重顎ドロゴリアス:🔶, 海幻コエラ＝カンサス:🔷, 配置:海幻コエラ＝カンサス:🔷🔷) -> eval: +0.0339
    [38] SUMMON | コスト🔷🔷, 配置コア🔷🔷🔷 ⚠️パッファー・海幻コエラ＝カンサス消滅, (支払:海幻コエラ＝カンサス:🔷🔷, 配置:パッファー:🔷🔷, 海幻コエラ＝カンサス:🔷) -> eval: -0.0008
    [39] SUMMON | コスト🔷🔷, 配置コア🔷🔷🔶 ⚠️パッファー・重顎ドロゴリアス消滅, (支払:海幻コエラ＝カンサス:🔷🔷, 配置:パッファー:🔷🔷, 重顎ドロゴリアス:🔶) -> eval: -0.0075
    [40] SUMMON | コスト🔷🔷, 配置コア🔷🔷🔶 ⚠️重顎ドロゴリアス・海幻コエラ＝カンサス消滅, (支払:海幻コエラ＝カンサス:🔷🔷, 配置:パッファー:🔷, 重顎ドロゴリアス:🔶, 海幻コエラ＝カンサス:🔷) -> eval: -0.0236
    [41] SUMMON | コスト🔷🔶, 配置コア🔷🔷🔷 ⚠️パッファー・重顎ドロゴリアス消滅, (支払:重顎ドロゴリアス:🔶, 海幻コエラ＝カンサス:🔷, 配置:パッファー:🔷🔷, 海幻コエラ＝カンサス:🔷) -> eval: +0.0337
    [42] SUMMON | コスト🔷🔶, 配置コア🔷🔷🔷 ⚠️重顎ドロゴリアス・海幻コエラ＝カンサス消滅, (支払:重顎ドロゴリアス:🔶, 海幻コエラ＝カンサス:🔷, 配置:パッファー:🔷, 海幻コエラ＝カンサス:🔷🔷) -> eval: +0.0198
    [43] SUMMON | コスト🔷🔷, 配置コア🔷🔷🔷🔶 ⚠️パッファー・重顎ドロゴリアス・海幻コエラ＝カンサス消滅, (支払:海幻コエラ＝カンサス:🔷🔷, 配置:パッファー:🔷🔷, 重顎ドロゴリアス:🔶, 海幻コエラ＝カンサス:🔷) -> eval: -0.0635
    [44] SUMMON | コスト🔷🔶, 配置コア🔷🔷🔷🔷 ⚠️パッファー・重顎ドロゴリアス・海幻コエラ＝カンサス消滅, (支払:重顎ドロゴリアス:🔶, 海幻コエラ＝カンサス:🔷, 配置:パッファー:🔷🔷, 海幻コエラ＝カンサス:🔷🔷) -> eval: -0.0290
    [45] MOVE_CORE | 🔷を移動 -> eval: +0.1507
    [46] MOVE_CORE | 🔷🔷を移動 ⚠️パッファー消滅 -> eval: -0.0057
    [47] MOVE_CORE | 🔷を移動 -> eval: +0.1672
    [48] MOVE_CORE | 🔷🔷を移動 ⚠️パッファー消滅 -> eval: +0.0246
    [49] MOVE_CORE | 🔷🔷を移動 ⚠️パッファー消滅 -> eval: +0.0173
    [50] MOVE_CORE | 🔶を移動 ⚠️重顎ドロゴリアス消滅 -> eval: +0.0437
    [51] MOVE_CORE | 🔶を移動 ⚠️重顎ドロゴリアス消滅 -> eval: +0.0105
    [52] MOVE_CORE | 🔶 ⇄ 🔷 を交換 -> eval: +0.1574
    [53] MOVE_CORE | 🔶を移動 ⚠️重顎ドロゴリアス消滅 -> eval: +0.0139
    [54] MOVE_CORE | 🔶 ⇄ 🔷 を交換 -> eval: +0.1851
    [55] MOVE_CORE | 🔷を移動 -> eval: +0.1322
    [56] MOVE_CORE | 🔷🔷を移動 -> eval: +0.1247
    [57] MOVE_CORE | 🔷🔷🔷を移動 ⚠️海幻コエラ＝カンサス消滅 -> eval: -0.0331
    [58] MOVE_CORE | 🔷を移動 -> eval: +0.1409
    [59] MOVE_CORE | 🔷🔷を移動 -> eval: +0.1415
    [60] MOVE_CORE | 🔷🔷🔷を移動 ⚠️海幻コエラ＝カンサス消滅 -> eval: -0.0028
    [61] MOVE_CORE | 🔷を移動 -> eval: +0.1495
    [62] MOVE_CORE | 🔷🔷を移動 -> eval: +0.1504
    [63] MOVE_CORE | 🔷🔷🔷を移動 ⚠️海幻コエラ＝カンサス消滅 -> eval: +0.0139
  ステップ終了評価: +0.1745
  => 選択: MOVE_CORE | 🔶 ⇄ 🔷 を交換 (eval: +0.1851 > 終了評価 +0.1745)
     効果/結果: 🔷 「重顎ドロゴリアス」➔「海幻コエラ＝カンサス」 ソウルコア1個 / 「海幻コエラ＝カンサス」➔「重顎ドロゴリアス」 通常コア1個

Turn 5 | 手数 32 | 手番: P1(run3_run4.kann.weight) | メインステップ
  盤面:
    P1: Life:2, Reserve:0, Hand:4枚, Field:[パッファー(Lv2,コア2), 重顎ドロゴリアス(Lv1,コア1), 海幻コエラ＝カンサス(Lv2,コア3s)]
    P2: Life:3, Reserve:0, Hand:4枚, Field:[モラモーラ(Lv1,コア1s), 透笠オリンディアス(Lv2,コア2)]
  候補行動 (94件):
    [0] USE_MAGIC | コスト🔷🔷🔷, コアは置かない ⚠️パッファー・重顎ドロゴリアス消滅, (支払:パッファー:🔷🔷, 重顎ドロゴリアス:🔷, 配置:なし) -> eval: -0.0984
    [1] USE_MAGIC | コスト🔷🔷🔷, コアは置かない ⚠️パッファー消滅, (支払:パッファー:🔷🔷, 海幻コエラ＝カンサス:🔷, 配置:なし) -> eval: -0.0544
    [2] USE_MAGIC | コスト🔷🔷🔷, コアは置かない ⚠️重顎ドロゴリアス消滅, (支払:パッファー:🔷, 重顎ドロゴリアス:🔷, 海幻コエラ＝カンサス:🔷, 配置:なし) -> eval: -0.0788
    [3] USE_MAGIC | コスト🔷🔷🔷, コアは置かない, (支払:パッファー:🔷, 海幻コエラ＝カンサス:🔷🔷, 配置:なし) -> eval: +0.0071
    [4] USE_MAGIC | コスト🔷🔷🔷, コアは置かない ⚠️重顎ドロゴリアス消滅, (支払:重顎ドロゴリアス:🔷, 海幻コエラ＝カンサス:🔷🔷, 配置:なし) -> eval: -0.0615
    [5] USE_MAGIC | コスト🔷🔷🔶, コアは置かない ⚠️パッファー消滅, (支払:パッファー:🔷🔷, 海幻コエラ＝カンサス:🔶, 配置:なし) -> eval: -0.0306
    [6] USE_MAGIC | コスト🔷🔷🔶, コアは置かない ⚠️重顎ドロゴリアス消滅, (支払:パッファー:🔷, 重顎ドロゴリアス:🔷, 海幻コエラ＝カンサス:🔶, 配置:なし) -> eval: -0.0520
    [7] USE_MAGIC | コスト🔷🔷🔶, コアは置かない, (支払:パッファー:🔷, 海幻コエラ＝カンサス:🔷🔶, 配置:なし) -> eval: +0.0250
    [8] USE_MAGIC | コスト🔷🔷🔶, コアは置かない ⚠️重顎ドロゴリアス消滅, (支払:重顎ドロゴリアス:🔷, 海幻コエラ＝カンサス:🔷🔶, 配置:なし) -> eval: -0.0342
    [9] USE_MAGIC | コスト🔷🔷🔶, コアは置かない ⚠️海幻コエラ＝カンサス消滅, (支払:海幻コエラ＝カンサス:🔷🔷🔶, 配置:なし) -> eval: -0.0279
    [10] SUMMON | コスト🔷🔷🔷, 配置コア🔷 ⚠️パッファー・重顎ドロゴリアス消滅, (支払:パッファー:🔷, 重顎ドロゴリアス:🔷, 海幻コエラ＝カンサス:🔷, 配置:パッファー:🔷) -> eval: -0.0321
    [11] SUMMON | コスト🔷🔷🔷, 配置コア🔷 ⚠️パッファー消滅, (支払:パッファー:🔷, 海幻コエラ＝カンサス:🔷🔷, 配置:パッファー:🔷) -> eval: +0.0523
    [12] SUMMON | コスト🔷🔷🔷, 配置コア🔷 ⚠️重顎ドロゴリアス消滅, (支払:重顎ドロゴリアス:🔷, 海幻コエラ＝カンサス:🔷🔷, 配置:パッファー:🔷) -> eval: +0.0274
    [13] SUMMON | コスト🔷🔷🔷, 配置コア🔶 ⚠️パッファー・重顎ドロゴリアス消滅, (支払:パッファー:🔷🔷, 重顎ドロゴリアス:🔷, 配置:海幻コエラ＝カンサス:🔶) -> eval: -0.0300
    [14] SUMMON | コスト🔷🔷🔷, 配置コア🔶 ⚠️パッファー消滅, (支払:パッファー:🔷🔷, 海幻コエラ＝カンサス:🔷, 配置:海幻コエラ＝カンサス:🔶) -> eval: +0.0551
    [15] SUMMON | コスト🔷🔷🔷, 配置コア🔶 ⚠️重顎ドロゴリアス消滅, (支払:パッファー:🔷, 重顎ドロゴリアス:🔷, 海幻コエラ＝カンサス:🔷, 配置:海幻コエラ＝カンサス:🔶) -> eval: +0.0325
    [16] SUMMON | コスト🔷🔷🔷, 配置コア🔶 ⚠️海幻コエラ＝カンサス消滅, (支払:パッファー:🔷, 海幻コエラ＝カンサス:🔷🔷, 配置:海幻コエラ＝カンサス:🔶) -> eval: +0.0403
    [17] SUMMON | コスト🔷🔷🔷, 配置コア🔶 ⚠️重顎ドロゴリアス・海幻コエラ＝カンサス消滅, (支払:重顎ドロゴリアス:🔷, 海幻コエラ＝カンサス:🔷🔷, 配置:海幻コエラ＝カンサス:🔶) -> eval: -0.0290
    [18] SUMMON | コスト🔷🔷🔶, 配置コア🔷 ⚠️パッファー・重顎ドロゴリアス消滅, (支払:パッファー:🔷, 重顎ドロゴリアス:🔷, 海幻コエラ＝カンサス:🔶, 配置:パッファー:🔷) -> eval: +0.0045
    [19] SUMMON | コスト🔷🔷🔶, 配置コア🔷 ⚠️パッファー消滅, (支払:パッファー:🔷, 海幻コエラ＝カンサス:🔷🔶, 配置:パッファー:🔷) -> eval: +0.0883
    [20] SUMMON | コスト🔷🔷🔶, 配置コア🔷 ⚠️重顎ドロゴリアス消滅, (支払:重顎ドロゴリアス:🔷, 海幻コエラ＝カンサス:🔷🔶, 配置:パッファー:🔷) -> eval: +0.0656
    [21] SUMMON | コスト🔷🔷🔶, 配置コア🔷 ⚠️海幻コエラ＝カンサス消滅, (支払:海幻コエラ＝カンサス:🔷🔷🔶, 配置:パッファー:🔷) -> eval: +0.0729
    [22] SUMMON | コスト🔷🔷🔶, 配置コア🔷 ⚠️重顎ドロゴリアス・海幻コエラ＝カンサス消滅, (支払:海幻コエラ＝カンサス:🔷🔷🔶, 配置:重顎ドロゴリアス:🔷) -> eval: +0.0062
    [23] SUMMON | コスト🔷🔷🔷, 配置コア🔷🔷 ⚠️パッファー・重顎ドロゴリアス消滅, (支払:重顎ドロゴリアス:🔷, 海幻コエラ＝カンサス:🔷🔷, 配置:パッファー:🔷🔷) -> eval: -0.0323
    [24] SUMMON | コスト🔷🔷🔷, 配置コア🔷🔶 ⚠️パッファー・重顎ドロゴリアス消滅, (支払:パッファー:🔷, 重顎ドロゴリアス:🔷, 海幻コエラ＝カンサス:🔷, 配置:パッファー:🔷, 海幻コエラ＝カンサス:🔶) -> eval: -0.0282
    [25] SUMMON | コスト🔷🔷🔷, 配置コア🔷🔶 ⚠️パッファー・海幻コエラ＝カンサス消滅, (支払:パッファー:🔷, 海幻コエラ＝カンサス:🔷🔷, 配置:パッファー:🔷, 海幻コエラ＝カンサス:🔶) -> eval: -0.0208
    [26] SUMMON | コスト🔷🔷🔷, 配置コア🔷🔶 ⚠️重顎ドロゴリアス・海幻コエラ＝カンサス消滅, (支払:重顎ドロゴリアス:🔷, 海幻コエラ＝カンサス:🔷🔷, 配置:パッファー:🔷, 海幻コエラ＝カンサス:🔶) -> eval: -0.0440
    [27] SUMMON | コスト🔷🔷🔶, 配置コア🔷🔷 ⚠️パッファー・重顎ドロゴリアス消滅, (支払:重顎ドロゴリアス:🔷, 海幻コエラ＝カンサス:🔷🔶, 配置:パッファー:🔷🔷) -> eval: +0.0050
    [28] SUMMON | コスト🔷🔷🔶, 配置コア🔷🔷 ⚠️パッファー・海幻コエラ＝カンサス消滅, (支払:海幻コエラ＝カンサス:🔷🔷🔶, 配置:パッファー:🔷🔷) -> eval: +0.0117
    [29] SUMMON | コスト🔷🔷🔶, 配置コア🔷🔷 ⚠️重顎ドロゴリアス・海幻コエラ＝カンサス消滅, (支払:海幻コエラ＝カンサス:🔷🔷🔶, 配置:パッファー:🔷, 重顎ドロゴリアス:🔷) -> eval: -0.0090
    [30] SUMMON | コスト🔷🔷🔷, 配置コア🔷🔷🔶 ⚠️パッファー・重顎ドロゴリアス・海幻コエラ＝カンサス消滅, (支払:重顎ドロゴリアス:🔷, 海幻コエラ＝カンサス:🔷🔷, 配置:パッファー:🔷🔷, 海幻コエラ＝カンサス:🔶) -> eval: -0.0670
    [31] SUMMON | コスト🔷🔷🔶, 配置コア🔷🔷🔷 ⚠️パッファー・重顎ドロゴリアス・海幻コエラ＝カンサス消滅, (支払:海幻コエラ＝カンサス:🔷🔷🔶, 配置:パッファー:🔷🔷, 重顎ドロゴリアス:🔷) -> eval: -0.0329
    [32] SUMMON | コスト🔷🔷, 配置コア🔷 ⚠️パッファー・重顎ドロゴリアス消滅, (支払:パッファー:🔷, 重顎ドロゴリアス:🔷, 配置:パッファー:🔷) -> eval: -0.0088
    [33] SUMMON | コスト🔷🔷, 配置コア🔷 ⚠️パッファー消滅, (支払:パッファー:🔷, 海幻コエラ＝カンサス:🔷, 配置:パッファー:🔷) -> eval: +0.0628
    [34] SUMMON | コスト🔷🔷, 配置コア🔷 ⚠️重顎ドロゴリアス消滅, (支払:重顎ドロゴリアス:🔷, 海幻コエラ＝カンサス:🔷, 配置:パッファー:🔷) -> eval: +0.0375
    [35] SUMMON | コスト🔷🔷, 配置コア🔷, (支払:海幻コエラ＝カンサス:🔷🔷, 配置:パッファー:🔷) -> eval: +0.1906
    [36] SUMMON | コスト🔷🔷, 配置コア🔷 ⚠️重顎ドロゴリアス消滅, (支払:海幻コエラ＝カンサス:🔷🔷, 配置:重顎ドロゴリアス:🔷) -> eval: +0.0543
    [37] SUMMON | コスト🔷🔷, 配置コア🔶 ⚠️パッファー消滅, (支払:パッファー:🔷🔷, 配置:海幻コエラ＝カンサス:🔶) -> eval: +0.0624
    [38] SUMMON | コスト🔷🔷, 配置コア🔶 ⚠️重顎ドロゴリアス消滅, (支払:パッファー:🔷, 重顎ドロゴリアス:🔷, 配置:海幻コエラ＝カンサス:🔶) -> eval: +0.0393
    [39] SUMMON | コスト🔷🔷, 配置コア🔶, (支払:パッファー:🔷, 海幻コエラ＝カンサス:🔷, 配置:海幻コエラ＝カンサス:🔶) -> eval: +0.2078
    [40] SUMMON | コスト🔷🔷, 配置コア🔶 ⚠️重顎ドロゴリアス消滅, (支払:重顎ドロゴリアス:🔷, 海幻コエラ＝カンサス:🔷, 配置:海幻コエラ＝カンサス:🔶) -> eval: +0.0567
    [41] SUMMON | コスト🔷🔷, 配置コア🔶 ⚠️海幻コエラ＝カンサス消滅, (支払:海幻コエラ＝カンサス:🔷🔷, 配置:海幻コエラ＝カンサス:🔶) -> eval: +0.0644
    [42] SUMMON | コスト🔷🔶, 配置コア🔷 ⚠️パッファー消滅, (支払:パッファー:🔷, 海幻コエラ＝カンサス:🔶, 配置:パッファー:🔷) -> eval: +0.0992
    [43] SUMMON | コスト🔷🔶, 配置コア🔷 ⚠️重顎ドロゴリアス消滅, (支払:重顎ドロゴリアス:🔷, 海幻コエラ＝カンサス:🔶, 配置:パッファー:🔷) -> eval: +0.0763
    [44] SUMMON | コスト🔷🔶, 配置コア🔷, (支払:海幻コエラ＝カンサス:🔷🔶, 配置:パッファー:🔷) -> eval: +0.2088
    [45] SUMMON | コスト🔷🔶, 配置コア🔷 ⚠️重顎ドロゴリアス消滅, (支払:海幻コエラ＝カンサス:🔷🔶, 配置:重顎ドロゴリアス:🔷) -> eval: +0.0932
    [46] SUMMON | コスト🔷🔶, 配置コア🔷 ⚠️海幻コエラ＝カンサス消滅, (支払:海幻コエラ＝カンサス:🔷🔶, 配置:海幻コエラ＝カンサス:🔷) -> eval: +0.1003
    [47] SUMMON | コスト🔷🔷, 配置コア🔷🔷 ⚠️パッファー・重顎ドロゴリアス消滅, (支払:重顎ドロゴリアス:🔷, 海幻コエラ＝カンサス:🔷, 配置:パッファー:🔷🔷) -> eval: -0.0066
    [48] SUMMON | コスト🔷🔷, 配置コア🔷🔷 ⚠️パッファー消滅, (支払:海幻コエラ＝カンサス:🔷🔷, 配置:パッファー:🔷🔷) -> eval: +0.0839
    [49] SUMMON | コスト🔷🔷, 配置コア🔷🔷 ⚠️重顎ドロゴリアス消滅, (支払:海幻コエラ＝カンサス:🔷🔷, 配置:パッファー:🔷, 重顎ドロゴリアス:🔷) -> eval: +0.0592
    [50] SUMMON | コスト🔷🔷, 配置コア🔷🔶 ⚠️パッファー・重顎ドロゴリアス消滅, (支払:パッファー:🔷, 重顎ドロゴリアス:🔷, 配置:パッファー:🔷, 海幻コエラ＝カンサス:🔶) -> eval: -0.0099
    [51] SUMMON | コスト🔷🔷, 配置コア🔷🔶 ⚠️パッファー消滅, (支払:パッファー:🔷, 海幻コエラ＝カンサス:🔷, 配置:パッファー:🔷, 海幻コエラ＝カンサス:🔶) -> eval: +0.0780
    [52] SUMMON | コスト🔷🔷, 配置コア🔷🔶 ⚠️重顎ドロゴリアス消滅, (支払:重顎ドロゴリアス:🔷, 海幻コエラ＝カンサス:🔷, 配置:パッファー:🔷, 海幻コエラ＝カンサス:🔶) -> eval: +0.0549
    [53] SUMMON | コスト🔷🔷, 配置コア🔷🔶 ⚠️海幻コエラ＝カンサス消滅, (支払:海幻コエラ＝カンサス:🔷🔷, 配置:パッファー:🔷, 海幻コエラ＝カンサス:🔶) -> eval: +0.0628
    [54] SUMMON | コスト🔷🔷, 配置コア🔷🔶 ⚠️重顎ドロゴリアス・海幻コエラ＝カンサス消滅, (支払:海幻コエラ＝カンサス:🔷🔷, 配置:重顎ドロゴリアス:🔷, 海幻コエラ＝カンサス:🔶) -> eval: -0.0086
    [55] SUMMON | コスト🔷🔶, 配置コア🔷🔷 ⚠️パッファー・重顎ドロゴリアス消滅, (支払:重顎ドロゴリアス:🔷, 海幻コエラ＝カンサス:🔶, 配置:パッファー:🔷🔷) -> eval: +0.0323
    [56] SUMMON | コスト🔷🔶, 配置コア🔷🔷 ⚠️パッファー消滅, (支払:海幻コエラ＝カンサス:🔷🔶, 配置:パッファー:🔷🔷) -> eval: +0.1222
    [57] SUMMON | コスト🔷🔶, 配置コア🔷🔷 ⚠️重顎ドロゴリアス消滅, (支払:海幻コエラ＝カンサス:🔷🔶, 配置:パッファー:🔷, 重顎ドロゴリアス:🔷) -> eval: +0.1001
    [58] SUMMON | コスト🔷🔶, 配置コア🔷🔷 ⚠️海幻コエラ＝カンサス消滅, (支払:海幻コエラ＝カンサス:🔷🔶, 配置:パッファー:🔷, 海幻コエラ＝カンサス:🔷) -> eval: +0.1073
    [59] SUMMON | コスト🔷🔶, 配置コア🔷🔷 ⚠️重顎ドロゴリアス・海幻コエラ＝カンサス消滅, (支払:海幻コエラ＝カンサス:🔷🔶, 配置:重顎ドロゴリアス:🔷, 海幻コエラ＝カンサス:🔷) -> eval: +0.0339
    [60] SUMMON | コスト🔷🔷, 配置コア🔷🔷🔷 ⚠️パッファー・重顎ドロゴリアス消滅, (支払:海幻コエラ＝カンサス:🔷🔷, 配置:パッファー:🔷🔷, 重顎ドロゴリアス:🔷) -> eval: -0.0059
    [61] SUMMON | コスト🔷🔷, 配置コア🔷🔷🔶 ⚠️パッファー・重顎ドロゴリアス消滅, (支払:重顎ドロゴリアス:🔷, 海幻コエラ＝カンサス:🔷, 配置:パッファー:🔷🔷, 海幻コエラ＝カンサス:🔶) -> eval: -0.0075
    [62] SUMMON | コスト🔷🔷, 配置コア🔷🔷🔶 ⚠️パッファー・海幻コエラ＝カンサス消滅, (支払:海幻コエラ＝カンサス:🔷🔷, 配置:パッファー:🔷🔷, 海幻コエラ＝カンサス:🔶) -> eval:  0.0000
    [63] SUMMON | コスト🔷🔷, 配置コア🔷🔷🔶 ⚠️重顎ドロゴリアス・海幻コエラ＝カンサス消滅, (支払:海幻コエラ＝カンサス:🔷🔷, 配置:パッファー:🔷, 重顎ドロゴリアス:🔷, 海幻コエラ＝カンサス:🔶) -> eval: -0.0236
    [64] SUMMON | コスト🔷🔶, 配置コア🔷🔷🔷 ⚠️パッファー・重顎ドロゴリアス消滅, (支払:海幻コエラ＝カンサス:🔷🔶, 配置:パッファー:🔷🔷, 重顎ドロゴリアス:🔷) -> eval: +0.0337
    [65] SUMMON | コスト🔷🔶, 配置コア🔷🔷🔷 ⚠️パッファー・海幻コエラ＝カンサス消滅, (支払:海幻コエラ＝カンサス:🔷🔶, 配置:パッファー:🔷🔷, 海幻コエラ＝カンサス:🔷) -> eval: +0.0402
    [66] SUMMON | コスト🔷🔶, 配置コア🔷🔷🔷 ⚠️重顎ドロゴリアス・海幻コエラ＝カンサス消滅, (支払:海幻コエラ＝カンサス:🔷🔶, 配置:パッファー:🔷, 重顎ドロゴリアス:🔷, 海幻コエラ＝カンサス:🔷) -> eval: +0.0198
    [67] SUMMON | コスト🔷🔷, 配置コア🔷🔷🔷🔶 ⚠️パッファー・重顎ドロゴリアス・海幻コエラ＝カンサス消滅, (支払:海幻コエラ＝カンサス:🔷🔷, 配置:パッファー:🔷🔷, 重顎ドロゴリアス:🔷, 海幻コエラ＝カンサス:🔶) -> eval: -0.0635
    [68] SUMMON | コスト🔷🔶, 配置コア🔷🔷🔷🔷 ⚠️パッファー・重顎ドロゴリアス・海幻コエラ＝カンサス消滅, (支払:海幻コエラ＝カンサス:🔷🔶, 配置:パッファー:🔷🔷, 重顎ドロゴリアス:🔷, 海幻コエラ＝カンサス:🔷) -> eval: -0.0290
    [69] MOVE_CORE | 🔷を移動 -> eval: +0.1620
    [70] MOVE_CORE | 🔷🔷を移動 ⚠️パッファー消滅 -> eval: -0.0004
    [71] MOVE_CORE | 🔷を移動 -> eval: +0.1888
    [72] MOVE_CORE | 🔷🔷を移動 ⚠️パッファー消滅 -> eval: +0.0351
    [73] MOVE_CORE | 🔷を移動 -> eval: +0.1728
    [74] MOVE_CORE | 🔷🔷を移動 ⚠️パッファー消滅 -> eval: +0.0251
    [75] MOVE_CORE | 🔷を移動 ⚠️重顎ドロゴリアス消滅 -> eval: +0.0013
    [76] MOVE_CORE | 🔷を移動 ⚠️重顎ドロゴリアス消滅 -> eval: +0.0120
    [77] MOVE_CORE | 🔷を移動 ⚠️重顎ドロゴリアス消滅 -> eval: +0.0139
    [78] MOVE_CORE | 🔷を移動 -> eval: +0.1586
    [79] MOVE_CORE | 🔶を移動 -> eval: +0.1562
    [80] MOVE_CORE | 🔷🔷を移動 -> eval: +0.1492
    [81] MOVE_CORE | 🔷🔶を移動 -> eval: +0.1473
    [82] MOVE_CORE | 🔷🔷🔶を移動 ⚠️海幻コエラ＝カンサス消滅 -> eval: +0.0016
    [83] MOVE_CORE | 🔷を移動 -> eval: +0.1674
    [84] MOVE_CORE | 🔶を移動 -> eval: +0.1235
    [85] MOVE_CORE | 🔷🔷を移動 -> eval: +0.1662
    [86] MOVE_CORE | 🔷🔶を移動 -> eval: +0.1242
    [87] MOVE_CORE | 🔷🔷🔶を移動 ⚠️海幻コエラ＝カンサス消滅 -> eval: -0.0068
    [88] MOVE_CORE | 🔶 ⇄ 🔷 を交換 -> eval: +0.1574
    [89] MOVE_CORE | 🔷を移動 -> eval: +0.1859
    [90] MOVE_CORE | 🔶を移動 -> eval: +0.1495
    [91] MOVE_CORE | 🔷🔷を移動 -> eval: +0.1850
    [92] MOVE_CORE | 🔷🔶を移動 -> eval: +0.1504
    [93] MOVE_CORE | 🔷🔷🔶を移動 ⚠️海幻コエラ＝カンサス消滅 -> eval: +0.0139
  ステップ終了評価: +0.1851
  => 選択: SUMMON | コスト🔷🔶, 配置コア🔷, (支払:海幻コエラ＝カンサス:🔷🔶, 配置:パッファー:🔷) (eval: +0.2088 > 終了評価 +0.1851)
     効果/結果: 🎴 「重顎ドロゴリアス」を召喚 (コスト2をトラッシュへ) ※海幻コエラ＝カンサスから2個, パッファーから1個

Turn 5 | 手数 33 | 手番: P1(run3_run4.kann.weight) | メインステップ
  盤面:
    P1: Life:2, Reserve:0, Hand:3枚, Field:[パッファー(Lv1,コア1), 重顎ドロゴリアス(Lv1,コア1), 海幻コエラ＝カンサス(Lv1,コア1), 重顎ドロゴリアス(Lv1,コア1)]
    P2: Life:3, Reserve:0, Hand:4枚, Field:[モラモーラ(Lv1,コア1s), 透笠オリンディアス(Lv2,コア2)]
  候補行動 (26件):
    [0] USE_MAGIC | コスト🔷🔷🔷, コアは置かない ⚠️パッファー・重顎ドロゴリアス・海幻コエラ＝カンサス消滅, (支払:パッファー:🔷, 重顎ドロゴリアス:🔷, 海幻コエラ＝カンサス:🔷, 配置:なし) -> eval: -0.0777
    [1] USE_MAGIC | コスト🔷🔷🔷, コアは置かない ⚠️パッファー・重顎ドロゴリアス・重顎ドロゴリアス消滅, (支払:パッファー:🔷, 重顎ドロゴリアス:🔷, 重顎ドロゴリアス:🔷, 配置:なし) -> eval: -0.0827
    [2] USE_MAGIC | コスト🔷🔷🔷, コアは置かない ⚠️パッファー・海幻コエラ＝カンサス・重顎ドロゴリアス消滅, (支払:パッファー:🔷, 海幻コエラ＝カンサス:🔷, 重顎ドロゴリアス:🔷, 配置:なし) -> eval: -0.0777
    [3] USE_MAGIC | コスト🔷🔷🔷, コアは置かない ⚠️重顎ドロゴリアス・海幻コエラ＝カンサス・重顎ドロゴリアス消滅, (支払:重顎ドロゴリアス:🔷, 海幻コエラ＝カンサス:🔷, 重顎ドロゴリアス:🔷, 配置:なし) -> eval: -0.0937
    [4] SUMMON | コスト🔷🔷🔷, 配置コア🔷 ⚠️パッファー・重顎ドロゴリアス・海幻コエラ＝カンサス・重顎ドロゴリアス消滅, (支払:重顎ドロゴリアス:🔷, 海幻コエラ＝カンサス:🔷, 重顎ドロゴリアス:🔷, 配置:パッファー:🔷) -> eval: -0.0541
    [5] SUMMON | コスト🔷🔷, 配置コア🔷 ⚠️パッファー・重顎ドロゴリアス・海幻コエラ＝カンサス消滅, (支払:重顎ドロゴリアス:🔷, 海幻コエラ＝カンサス:🔷, 配置:パッファー:🔷) -> eval: +0.0168
    [6] SUMMON | コスト🔷🔷, 配置コア🔷 ⚠️パッファー・重顎ドロゴリアス・重顎ドロゴリアス消滅, (支払:重顎ドロゴリアス:🔷, 重顎ドロゴリアス:🔷, 配置:パッファー:🔷) -> eval: +0.0109
    [7] SUMMON | コスト🔷🔷, 配置コア🔷 ⚠️パッファー・海幻コエラ＝カンサス・重顎ドロゴリアス消滅, (支払:海幻コエラ＝カンサス:🔷, 重顎ドロゴリアス:🔷, 配置:パッファー:🔷) -> eval: +0.0168
    [8] SUMMON | コスト🔷🔷, 配置コア🔷 ⚠️重顎ドロゴリアス・海幻コエラ＝カンサス・重顎ドロゴリアス消滅, (支払:海幻コエラ＝カンサス:🔷, 重顎ドロゴリアス:🔷, 配置:重顎ドロゴリアス:🔷) -> eval: -0.0017
    [9] SUMMON | コスト🔷🔷, 配置コア🔷🔷 ⚠️パッファー・重顎ドロゴリアス・海幻コエラ＝カンサス・重顎ドロゴリアス消滅, (支払:海幻コエラ＝カンサス:🔷, 重顎ドロゴリアス:🔷, 配置:パッファー:🔷, 重顎ドロゴリアス:🔷) -> eval: -0.0331
    [10] MOVE_CORE | 🔷を移動 ⚠️パッファー消滅 -> eval: +0.0875
    [11] MOVE_CORE | 🔷を移動 ⚠️パッファー消滅 -> eval: +0.1141
    [12] MOVE_CORE | 🔷を移動 ⚠️パッファー消滅 -> eval: +0.0992
    [13] MOVE_CORE | 🔷を移動 ⚠️パッファー消滅 -> eval: +0.1222
    [14] MOVE_CORE | 🔷を移動 ⚠️重顎ドロゴリアス消滅 -> eval: +0.0647
    [15] MOVE_CORE | 🔷を移動 ⚠️重顎ドロゴリアス消滅 -> eval: +0.0932
    [16] MOVE_CORE | 🔷を移動 ⚠️重顎ドロゴリアス消滅 -> eval: +0.0763
    [17] MOVE_CORE | 🔷を移動 ⚠️重顎ドロゴリアス消滅 -> eval: +0.1001
    [18] MOVE_CORE | 🔷を移動 ⚠️海幻コエラ＝カンサス消滅 -> eval: +0.0720
    [19] MOVE_CORE | 🔷を移動 ⚠️海幻コエラ＝カンサス消滅 -> eval: +0.1003
    [20] MOVE_CORE | 🔷を移動 ⚠️海幻コエラ＝カンサス消滅 -> eval: +0.1038
    [21] MOVE_CORE | 🔷を移動 ⚠️海幻コエラ＝カンサス消滅 -> eval: +0.1073
    [22] MOVE_CORE | 🔷を移動 ⚠️重顎ドロゴリアス消滅 -> eval: +0.0651
    [23] MOVE_CORE | 🔷を移動 ⚠️重顎ドロゴリアス消滅 -> eval: +0.0936
    [24] MOVE_CORE | 🔷を移動 ⚠️重顎ドロゴリアス消滅 -> eval: +0.0972
    [25] MOVE_CORE | 🔷を移動 ⚠️重顎ドロゴリアス消滅 -> eval: +0.0764
  ステップ終了評価: +0.2088
  => 選択: ステップ終了 (候補最大 +0.1222 <= 終了評価 +0.2088)

Turn 5 | 手数 34 | 手番: P1(run3_run4.kann.weight) | アタック宣言
  盤面:
    P1: Life:2, Reserve:0, Hand:3枚, Field:[パッファー(Lv1,コア1), 重顎ドロゴリアス(Lv1,コア1), 海幻コエラ＝カンサス(Lv1,コア1), 重顎ドロゴリアス(Lv1,コア1)]
    P2: Life:3, Reserve:0, Hand:4枚, Field:[モラモーラ(Lv1,コア1s), 透笠オリンディアス(Lv2,コア2)]
  候補行動 (4件):
    [0] ATTACK | パッファー でアタック宣言 (Lv1, BP2000, 通ればライフ-🔷) -> eval: +0.2813
    [1] ATTACK | 重顎ドロゴリアス でアタック宣言 (Lv1, BP5000, 通ればライフ-🔷) -> eval: +0.2766
    [2] ATTACK | 海幻コエラ＝カンサス でアタック宣言 (Lv1, BP4000, 通ればライフ-🔷) -> eval: +0.2620
    [3] ATTACK | 重顎ドロゴリアス でアタック宣言 (Lv1, BP5000, 通ればライフ-🔷) -> eval: +0.2516
  ステップ終了評価: +0.2088
  => 選択: ATTACK | パッファー でアタック宣言 (Lv1, BP2000, 通ればライフ-🔷) (eval: +0.2813 > 終了評価 +0.2088)
     効果/結果: 🗡️ 「パッファー」がアタック宣言 (BP2000)

Turn 5 | 手数 35 | 手番: P2(run2_run3.kann.weight) | ブロック宣言
  盤面:
    P1: Life:2, Reserve:0, Hand:3枚, Field:[パッファー(Lv1,コア1), 重顎ドロゴリアス(Lv1,コア1), 海幻コエラ＝カンサス(Lv1,コア1), 重顎ドロゴリアス(Lv1,コア1)]
    P2: Life:3, Reserve:0, Hand:4枚, Field:[モラモーラ(Lv1,コア1s), 透笠オリンディアス(Lv2,コア2)]
  候補行動 (1件):
    [0] PASS_BLOCK | ライフでアタックを受ける (ライフ-🔷) -> eval: +0.3709
  => 選択: PASS_BLOCK | ライフでアタックを受ける (ライフ-🔷) (eval: +0.3709)
     効果/結果: 💔 ブロックせず: プレイヤー2 のライフ-1 (コアはリザーブへ)

Turn 5 | 手数 36 | 手番: P1(run3_run4.kann.weight) | アタック宣言
  盤面:
    P1: Life:2, Reserve:0, Hand:3枚, Field:[パッファー(Lv1,コア1), 重顎ドロゴリアス(Lv1,コア1), 海幻コエラ＝カンサス(Lv1,コア1), 重顎ドロゴリアス(Lv1,コア1)]
    P2: Life:2, Reserve:1, Hand:4枚, Field:[モラモーラ(Lv1,コア1s), 透笠オリンディアス(Lv2,コア2)]
  候補行動 (3件):
    [0] ATTACK | 重顎ドロゴリアス でアタック宣言 (Lv1, BP5000, 通ればライフ-🔷) -> eval: +0.3492
    [1] ATTACK | 海幻コエラ＝カンサス でアタック宣言 (Lv1, BP4000, 通ればライフ-🔷) -> eval: +0.3345
    [2] ATTACK | 重顎ドロゴリアス でアタック宣言 (Lv1, BP5000, 通ればライフ-🔷) -> eval: +0.3265
  ステップ終了評価: +0.2943
  => 選択: ATTACK | 重顎ドロゴリアス でアタック宣言 (Lv1, BP5000, 通ればライフ-🔷) (eval: +0.3492 > 終了評価 +0.2943)
     効果/結果: 🗡️ 「重顎ドロゴリアス」がアタック宣言 (BP5000)

Turn 5 | 手数 37 | 手番: P2(run2_run3.kann.weight) | ブロック宣言
  盤面:
    P1: Life:2, Reserve:0, Hand:3枚, Field:[パッファー(Lv1,コア1), 重顎ドロゴリアス(Lv1,コア1), 海幻コエラ＝カンサス(Lv1,コア1), 重顎ドロゴリアス(Lv1,コア1)]
    P2: Life:2, Reserve:1, Hand:4枚, Field:[モラモーラ(Lv1,コア1s), 透笠オリンディアス(Lv2,コア2)]
  候補行動 (1件):
    [0] PASS_BLOCK | ライフでアタックを受ける (ライフ-🔷) -> eval: +0.4038
  => 選択: PASS_BLOCK | ライフでアタックを受ける (ライフ-🔷) (eval: +0.4038)
     効果/結果: 💔 ブロックせず: プレイヤー2 のライフ-1 (コアはリザーブへ)

Turn 5 | 手数 38 | 手番: P1(run3_run4.kann.weight) | アタック宣言
  盤面:
    P1: Life:2, Reserve:0, Hand:3枚, Field:[パッファー(Lv1,コア1), 重顎ドロゴリアス(Lv1,コア1), 海幻コエラ＝カンサス(Lv1,コア1), 重顎ドロゴリアス(Lv1,コア1)]
    P2: Life:1, Reserve:2, Hand:4枚, Field:[モラモーラ(Lv1,コア1s), 透笠オリンディアス(Lv2,コア2)]
  候補行動 (2件):
    [0] ATTACK | 海幻コエラ＝カンサス でアタック宣言 (Lv1, BP4000, 通ればライフ-🔷) -> eval: +0.3867
    [1] ATTACK | 重顎ドロゴリアス でアタック宣言 (Lv1, BP5000, 通ればライフ-🔷) -> eval: +0.3789
  ステップ終了評価: +0.3611
  => 選択: ATTACK | 海幻コエラ＝カンサス でアタック宣言 (Lv1, BP4000, 通ればライフ-🔷) (eval: +0.3867 > 終了評価 +0.3611)
     効果/結果: 🗡️ 「海幻コエラ＝カンサス」がアタック宣言 (BP4000)

Turn 5 | 手数 39 | 手番: P2(run2_run3.kann.weight) | ブロック宣言
  盤面:
    P1: Life:2, Reserve:0, Hand:3枚, Field:[パッファー(Lv1,コア1), 重顎ドロゴリアス(Lv1,コア1), 海幻コエラ＝カンサス(Lv1,コア1), 重顎ドロゴリアス(Lv1,コア1)]
    P2: Life:1, Reserve:2, Hand:4枚, Field:[モラモーラ(Lv1,コア1s), 透笠オリンディアス(Lv2,コア2)]
  候補行動 (1件):
    [0] PASS_BLOCK | ライフでアタックを受ける (ライフ-🔷) -> eval: +0.4516
  => 選択: PASS_BLOCK | ライフでアタックを受ける (ライフ-🔷) (eval: +0.4516)
     効果/結果: 💔 ブロックせず: プレイヤー2 のライフ-1 (コアはリザーブへ)
     効果/結果: 🏁 プレイヤー2 のライフが0になりました

  【決着】 勝者: P1(run3_run4.kann.weight) (5ターン / 40 手)
-----------------------------------------------------------------
対戦 6/10 [シード: 5710198575878524027]
  先手(P1): run2_run3.kann.weight
  後手(P2): run3_run4.kann.weight
-----------------------------------------------------------------
Turn 1 | 手数 0 | 手番: P1(run2_run3.kann.weight) | メインステップ
  盤面:
    P1: Life:5, Reserve:4s, Hand:5枚, Field:[空]
    P2: Life:5, Reserve:4s, Hand:4枚, Field:[空]
  候補行動 (6件):
    [0] SUMMON | コスト🔷🔷🔷🔶, 配置コアなし, (支払:R:🔷🔷🔷🔶, 配置:なし) -> eval: -0.0408
    [1] SUMMON | コスト🔷🔷, 配置コア🔷, (支払:R:🔷🔷, 配置:R:🔷) -> eval: -0.0708
    [2] SUMMON | コスト🔷🔷, 配置コア🔶, (支払:R:🔷🔷, 配置:R:🔶) -> eval: -0.2058
    [3] SUMMON | コスト🔷🔶, 配置コア🔷, (支払:R:🔷🔶, 配置:R:🔷) -> eval: -0.0708
    [4] SUMMON | コスト🔷🔷, 配置コア🔷🔶, (支払:R:🔷🔷, 配置:R:🔷🔶) -> eval: -0.1843
    [5] SUMMON | コスト🔷🔶, 配置コア🔷🔷, (支払:R:🔷🔶, 配置:R:🔷🔷) -> eval: -0.0457
  ステップ終了評価: -0.2784
  => 選択: SUMMON | コスト🔷🔷🔷🔶, 配置コアなし, (支払:R:🔷🔷🔷🔶, 配置:なし) (eval: -0.0408 > 終了評価 -0.2784)
     効果/結果: 🎴 「水泡群域」を召喚 (コスト4をトラッシュへ)

Turn 1 | 手数 1 | 手番: P1(run2_run3.kann.weight) | メインステップ
  盤面:
    P1: Life:5, Reserve:0, Hand:4枚, Field:[水泡群域(Lv1,コア0)]
    P2: Life:5, Reserve:4s, Hand:4枚, Field:[空]
  候補行動 (0件):
  ステップ終了評価: -0.0408
  => 選択: ステップ終了

Turn 1 | 手数 2 | 手番: P1(run2_run3.kann.weight) | エンドステップ
  盤面:
    P1: Life:5, Reserve:0, Hand:4枚, Field:[水泡群域(Lv1,コア0)]
    P2: Life:5, Reserve:4s, Hand:4枚, Field:[空]
  候補行動 (0件):
  ステップ終了評価: -0.0796
  => 選択: ステップ終了
     効果/結果: 【ターン 2】 手番: プレイヤー2
     効果/結果: 🔷 コアステップ: ボイドからリザーブへコア1個
     効果/結果: 🃏 ドローステップ: 「ラスヘッド」をドロー (残り35枚)

Turn 2 | 手数 3 | 手番: P2(run3_run4.kann.weight) | メインステップ
  盤面:
    P1: Life:5, Reserve:0, Hand:4枚, Field:[水泡群域(Lv1,コア0)]
    P2: Life:5, Reserve:5s, Hand:5枚, Field:[空]
  候補行動 (27件):
    [0] SUMMON | コスト🔷🔷🔷, 配置コア🔷, (支払:R:🔷🔷🔷, 配置:R:🔷) -> eval: -0.1051
    [1] SUMMON | コスト🔷🔷🔷, 配置コア🔶, (支払:R:🔷🔷🔷, 配置:R:🔶) -> eval: -0.0563
    [2] SUMMON | コスト🔷🔷🔶, 配置コア🔷, (支払:R:🔷🔷🔶, 配置:R:🔷) -> eval: -0.1051
    [3] SUMMON | コスト🔷🔷🔷, 配置コア🔷🔶, (支払:R:🔷🔷🔷, 配置:R:🔷🔶) -> eval: -0.0294
    [4] SUMMON | コスト🔷🔷🔶, 配置コア🔷🔷, (支払:R:🔷🔷🔶, 配置:R:🔷🔷) -> eval: -0.0542
    [5] USE_MAGIC | コスト🔷🔷🔷🔷, コアは置かない, (支払:R:🔷🔷🔷🔷, 配置:なし) -> eval: -0.2356
    [6] USE_MAGIC | コスト🔷🔷🔷🔶, コアは置かない, (支払:R:🔷🔷🔷🔶, 配置:なし) -> eval: -0.2356
    [7] SUMMON | コスト🔷🔷, 配置コア🔷, (支払:R:🔷🔷, 配置:R:🔷) -> eval: -0.1273
    [8] SUMMON | コスト🔷🔷, 配置コア🔶, (支払:R:🔷🔷, 配置:R:🔶) -> eval: -0.0787
    [9] SUMMON | コスト🔷🔶, 配置コア🔷, (支払:R:🔷🔶, 配置:R:🔷) -> eval: -0.1273
    [10] SUMMON | コスト🔷🔷, 配置コア🔷🔷, (支払:R:🔷🔷, 配置:R:🔷🔷) -> eval: -0.1174
    [11] SUMMON | コスト🔷🔷, 配置コア🔷🔶, (支払:R:🔷🔷, 配置:R:🔷🔶) -> eval: -0.0689
    [12] SUMMON | コスト🔷🔶, 配置コア🔷🔷, (支払:R:🔷🔶, 配置:R:🔷🔷) -> eval: -0.1174
    [13] SUMMON | コスト🔷🔷, 配置コア🔷🔷🔶, (支払:R:🔷🔷, 配置:R:🔷🔷🔶) -> eval: -0.0313
    [14] SUMMON | コスト🔷🔶, 配置コア🔷🔷🔷, (支払:R:🔷🔶, 配置:R:🔷🔷🔷) -> eval: -0.0518
    [15] SUMMON | コスト🔷🔷🔷, 配置コアなし, (支払:R:🔷🔷🔷, 配置:なし) -> eval: -0.1520
    [16] SUMMON | コスト🔷🔷🔶, 配置コアなし, (支払:R:🔷🔷🔶, 配置:なし) -> eval: -0.1520
    [17] SUMMON | コスト🔷🔷🔷, 配置コア🔷, (支払:R:🔷🔷🔷, 配置:R:🔷) -> eval: -0.1423
    [18] SUMMON | コスト🔷🔷🔷, 配置コア🔶, (支払:R:🔷🔷🔷, 配置:R:🔶) -> eval: -0.0807
    [19] SUMMON | コスト🔷🔷🔶, 配置コア🔷, (支払:R:🔷🔷🔶, 配置:R:🔷) -> eval: -0.1423
    [20] SUMMON | コスト🔷🔷🔷, 配置コア🔷🔶, (支払:R:🔷🔷🔷, 配置:R:🔷🔶) -> eval: -0.0705
    [21] SUMMON | コスト🔷🔷🔶, 配置コア🔷🔷, (支払:R:🔷🔷🔶, 配置:R:🔷🔷) -> eval: -0.1314
    [22] SUMMON | コスト🔷🔷🔷, 配置コア🔷, (支払:R:🔷🔷🔷, 配置:R:🔷) -> eval: -0.0917
    [23] SUMMON | コスト🔷🔷🔷, 配置コア🔶, (支払:R:🔷🔷🔷, 配置:R:🔶) -> eval: -0.0244
    [24] SUMMON | コスト🔷🔷🔶, 配置コア🔷, (支払:R:🔷🔷🔶, 配置:R:🔷) -> eval: -0.0917
    [25] SUMMON | コスト🔷🔷🔷, 配置コア🔷🔶, (支払:R:🔷🔷🔷, 配置:R:🔷🔶) -> eval: -0.0149
    [26] SUMMON | コスト🔷🔷🔶, 配置コア🔷🔷, (支払:R:🔷🔷🔶, 配置:R:🔷🔷) -> eval: -0.0812
  ステップ終了評価: -0.2275
  => 選択: SUMMON | コスト🔷🔷🔷, 配置コア🔷🔶, (支払:R:🔷🔷🔷, 配置:R:🔷🔶) (eval: -0.0149 > 終了評価 -0.2275)
     効果/結果: 🎴 「ラスヘッド」を召喚 (コスト3をトラッシュへ)

Turn 2 | 手数 4 | 手番: P2(run3_run4.kann.weight) | メインステップ
  盤面:
    P1: Life:5, Reserve:0, Hand:4枚, Field:[水泡群域(Lv1,コア0)]
    P2: Life:5, Reserve:0, Hand:4枚, Field:[ラスヘッド(Lv2,コア2s)]
  候補行動 (6件):
    [0] SUMMON | コスト🔷, 配置コア🔶 ⚠️ラスヘッド消滅, (支払:ラスヘッド:🔷, 配置:ラスヘッド:🔶) -> eval: -0.0987
    [1] SUMMON | コスト🔶, 配置コア🔷 ⚠️ラスヘッド消滅, (支払:ラスヘッド:🔶, 配置:ラスヘッド:🔷) -> eval: -0.0881
    [2] SUMMON | コスト🔷🔶, 配置コアなし ⚠️ラスヘッド消滅, (支払:ラスヘッド:🔷🔶, 配置:なし) -> eval: -0.1018
    [3] MOVE_CORE | 🔷を移動 -> eval: -0.0244
    [4] MOVE_CORE | 🔶を移動 -> eval: -0.0917
    [5] MOVE_CORE | 🔷🔶を移動 ⚠️ラスヘッド消滅 -> eval: -0.1754
  ステップ終了評価: -0.0149
  => 選択: ステップ終了 (候補最大 -0.0244 <= 終了評価 -0.0149)

Turn 2 | 手数 5 | 手番: P2(run3_run4.kann.weight) | アタック宣言
  盤面:
    P1: Life:5, Reserve:0, Hand:4枚, Field:[水泡群域(Lv1,コア0)]
    P2: Life:5, Reserve:0, Hand:4枚, Field:[ラスヘッド(Lv2,コア2s)]
  候補行動 (1件):
    [0] ATTACK | ラスヘッド でアタック宣言 (Lv2, BP5000, 通ればライフ-🔷) -> eval: -0.0096
  ステップ終了評価: -0.0149
  => 選択: ATTACK | ラスヘッド でアタック宣言 (Lv2, BP5000, 通ればライフ-🔷) (eval: -0.0096 > 終了評価 -0.0149)
     効果/結果: 🗡️ 「ラスヘッド」がアタック宣言 (BP5000)

Turn 2 | 手数 6 | 手番: P1(run2_run3.kann.weight) | ブロック宣言
  盤面:
    P1: Life:5, Reserve:0, Hand:4枚, Field:[水泡群域(Lv1,コア0)]
    P2: Life:5, Reserve:0, Hand:4枚, Field:[ラスヘッド(Lv2,コア2s)]
  候補行動 (1件):
    [0] PASS_BLOCK | ライフでアタックを受ける (ライフ-🔷) -> eval: +0.1534
  => 選択: PASS_BLOCK | ライフでアタックを受ける (ライフ-🔷) (eval: +0.1534)
     効果/結果: 💔 ブロックせず: プレイヤー1 のライフ-1 (コアはリザーブへ)

Turn 2 | 手数 7 | 手番: P2(run3_run4.kann.weight) | アタック宣言
  盤面:
    P1: Life:4, Reserve:1, Hand:4枚, Field:[水泡群域(Lv1,コア0)]
    P2: Life:5, Reserve:0, Hand:4枚, Field:[ラスヘッド(Lv2,コア2s)]
  候補行動 (0件):
  ステップ終了評価: +0.0064
  => 選択: ステップ終了

Turn 2 | 手数 8 | 手番: P2(run3_run4.kann.weight) | 第2メインステップ
  盤面:
    P1: Life:4, Reserve:1, Hand:4枚, Field:[水泡群域(Lv1,コア0)]
    P2: Life:5, Reserve:0, Hand:4枚, Field:[ラスヘッド(Lv2,コア2s)]
  候補行動 (6件):
    [0] SUMMON | コスト🔷, 配置コア🔶 ⚠️ラスヘッド消滅, (支払:ラスヘッド:🔷, 配置:ラスヘッド:🔶) -> eval: -0.0823
    [1] SUMMON | コスト🔶, 配置コア🔷 ⚠️ラスヘッド消滅, (支払:ラスヘッド:🔶, 配置:ラスヘッド:🔷) -> eval: -0.0709
    [2] SUMMON | コスト🔷🔶, 配置コアなし ⚠️ラスヘッド消滅, (支払:ラスヘッド:🔷🔶, 配置:なし) -> eval: -0.0861
    [3] MOVE_CORE | 🔷を移動 -> eval: -0.0040
    [4] MOVE_CORE | 🔶を移動 -> eval: -0.0408
    [5] MOVE_CORE | 🔷🔶を移動 ⚠️ラスヘッド消滅 -> eval: -0.1584
  ステップ終了評価: +0.0064
  => 選択: ステップ終了 (候補最大 -0.0040 <= 終了評価 +0.0064)

Turn 2 | 手数 9 | 手番: P2(run3_run4.kann.weight) | エンドステップ
  盤面:
    P1: Life:4, Reserve:1, Hand:4枚, Field:[水泡群域(Lv1,コア0)]
    P2: Life:5, Reserve:0, Hand:4枚, Field:[ラスヘッド(Lv2,コア2s)]
  候補行動 (0件):
  ステップ終了評価: +0.0988
  => 選択: ステップ終了
     効果/結果: 【ターン 3】 手番: プレイヤー1
     効果/結果: 🔷 コアステップ: ボイドからリザーブへコア1個
     効果/結果: 🃏 ドローステップ: 「最奥：緑淵深」をドロー (残り34枚)
     効果/結果: ♻️ リフレッシュステップ: トラッシュのコア4個をリザーブへ

Turn 3 | 手数 10 | 手番: P1(run2_run3.kann.weight) | メインステップ
  盤面:
    P1: Life:4, Reserve:6s, Hand:5枚, Field:[水泡群域(Lv1,コア0)]
    P2: Life:5, Reserve:0, Hand:4枚, Field:[ラスヘッド(Lv2,コア2s)]
  候補行動 (53件):
    [0] SUMMON | コスト🔷🔷🔷🔷🔷, 配置コア🔶, (支払:R:🔷🔷🔷🔷🔷, 配置:R:🔶) -> eval: +0.3108
    [1] SUMMON | コスト🔷🔷🔷🔷🔶, 配置コア🔷, (支払:R:🔷🔷🔷🔷🔶, 配置:R:🔷) -> eval: +0.2736
    [2] SUMMON | コスト🔷, 配置コア🔷, (支払:R:🔷, 配置:R:🔷) -> eval: +0.2001
    [3] SUMMON | コスト🔷, 配置コア🔶, (支払:R:🔷, 配置:R:🔶) -> eval: +0.2257
    [4] SUMMON | コスト🔶, 配置コア🔷, (支払:R:🔶, 配置:R:🔷) -> eval: +0.2001
    [5] SUMMON | コスト🔷, 配置コア🔷🔷, (支払:R:🔷, 配置:R:🔷🔷) -> eval: +0.2078
    [6] SUMMON | コスト🔷, 配置コア🔷🔶, (支払:R:🔷, 配置:R:🔷🔶) -> eval: +0.2311
    [7] SUMMON | コスト🔶, 配置コア🔷🔷, (支払:R:🔶, 配置:R:🔷🔷) -> eval: +0.2078
    [8] SUMMON | コスト🔷, 配置コア🔷🔷🔷, (支払:R:🔷, 配置:R:🔷🔷🔷) -> eval: +0.2705
    [9] SUMMON | コスト🔷, 配置コア🔷🔷🔶, (支払:R:🔷, 配置:R:🔷🔷🔶) -> eval: +0.2682
    [10] SUMMON | コスト🔶, 配置コア🔷🔷🔷, (支払:R:🔶, 配置:R:🔷🔷🔷) -> eval: +0.2705
    [11] SUMMON | コスト🔷, 配置コア🔷🔷🔷🔷, (支払:R:🔷, 配置:R:🔷🔷🔷🔷) -> eval: +0.2809
    [12] SUMMON | コスト🔷, 配置コア🔷🔷🔷🔶, (支払:R:🔷, 配置:R:🔷🔷🔷🔶) -> eval: +0.2761
    [13] SUMMON | コスト🔶, 配置コア🔷🔷🔷🔷, (支払:R:🔶, 配置:R:🔷🔷🔷🔷) -> eval: +0.2809
    [14] SUMMON | コスト🔷, 配置コア🔷🔷🔷🔷🔶, (支払:R:🔷, 配置:R:🔷🔷🔷🔷🔶) -> eval: +0.2848
    [15] SUMMON | コスト🔶, 配置コア🔷🔷🔷🔷🔷, (支払:R:🔶, 配置:R:🔷🔷🔷🔷🔷) -> eval: +0.2924
    [16] SUMMON | コスト🔷🔷🔷🔷, 配置コア🔷, (支払:R:🔷🔷🔷🔷, 配置:R:🔷) -> eval: +0.2691
    [17] SUMMON | コスト🔷🔷🔷🔷, 配置コア🔶, (支払:R:🔷🔷🔷🔷, 配置:R:🔶) -> eval: +0.2964
    [18] SUMMON | コスト🔷🔷🔷🔶, 配置コア🔷, (支払:R:🔷🔷🔷🔶, 配置:R:🔷) -> eval: +0.2691
    [19] SUMMON | コスト🔷🔷🔷🔷, 配置コア🔷🔶, (支払:R:🔷🔷🔷🔷, 配置:R:🔷🔶) -> eval: +0.3044
    [20] SUMMON | コスト🔷🔷🔷🔶, 配置コア🔷🔷, (支払:R:🔷🔷🔷🔶, 配置:R:🔷🔷) -> eval: +0.2789
    [21] SUMMON | コスト🔷🔷🔷, 配置コア🔷, (支払:R:🔷🔷🔷, 配置:R:🔷) -> eval: +0.2663
    [22] SUMMON | コスト🔷🔷🔷, 配置コア🔶, (支払:R:🔷🔷🔷, 配置:R:🔶) -> eval: +0.2752
    [23] SUMMON | コスト🔷🔷🔶, 配置コア🔷, (支払:R:🔷🔷🔶, 配置:R:🔷) -> eval: +0.2663
    [24] SUMMON | コスト🔷🔷🔷, 配置コア🔷🔷, (支払:R:🔷🔷🔷, 配置:R:🔷🔷) -> eval: +0.2755
    [25] SUMMON | コスト🔷🔷🔷, 配置コア🔷🔶, (支払:R:🔷🔷🔷, 配置:R:🔷🔶) -> eval: +0.2815
    [26] SUMMON | コスト🔷🔷🔶, 配置コア🔷🔷, (支払:R:🔷🔷🔶, 配置:R:🔷🔷) -> eval: +0.2755
    [27] SUMMON | コスト🔷🔷🔷, 配置コア🔷🔷🔶, (支払:R:🔷🔷🔷, 配置:R:🔷🔷🔶) -> eval: +0.3247
    [28] SUMMON | コスト🔷🔷🔶, 配置コア🔷🔷🔷, (支払:R:🔷🔷🔶, 配置:R:🔷🔷🔷) -> eval: +0.3422
    [29] SUMMON | コスト🔷🔷, 配置コアなし, (支払:R:🔷🔷, 配置:なし) -> eval: +0.1835
    [30] SUMMON | コスト🔷🔶, 配置コアなし, (支払:R:🔷🔶, 配置:なし) -> eval: +0.1835
    [31] SUMMON | コスト🔷🔷, 配置コア🔷, (支払:R:🔷🔷, 配置:R:🔷) -> eval: +0.1910
    [32] SUMMON | コスト🔷🔷, 配置コア🔶, (支払:R:🔷🔷, 配置:R:🔶) -> eval: +0.2330
    [33] SUMMON | コスト🔷🔶, 配置コア🔷, (支払:R:🔷🔶, 配置:R:🔷) -> eval: +0.1910
    [34] SUMMON | コスト🔷🔷, 配置コア🔷🔷, (支払:R:🔷🔷, 配置:R:🔷🔷) -> eval: +0.1994
    [35] SUMMON | コスト🔷🔷, 配置コア🔷🔶, (支払:R:🔷🔷, 配置:R:🔷🔶) -> eval: +0.2396
    [36] SUMMON | コスト🔷🔶, 配置コア🔷🔷, (支払:R:🔷🔶, 配置:R:🔷🔷) -> eval: +0.1994
    [37] SUMMON | コスト🔷🔷, 配置コア🔷🔷🔷, (支払:R:🔷🔷, 配置:R:🔷🔷🔷) -> eval: +0.2090
    [38] SUMMON | コスト🔷🔷, 配置コア🔷🔷🔶, (支払:R:🔷🔷, 配置:R:🔷🔷🔶) -> eval: +0.2470
    [39] SUMMON | コスト🔷🔶, 配置コア🔷🔷🔷, (支払:R:🔷🔶, 配置:R:🔷🔷🔷) -> eval: +0.2090
    [40] SUMMON | コスト🔷🔷, 配置コア🔷🔷🔷🔶, (支払:R:🔷🔷, 配置:R:🔷🔷🔷🔶) -> eval: +0.2552
    [41] SUMMON | コスト🔷🔶, 配置コア🔷🔷🔷🔷, (支払:R:🔷🔶, 配置:R:🔷🔷🔷🔷) -> eval: +0.2197
    [42] MOVE_CORE | 🔷を移動 -> eval: +0.1239
    [43] MOVE_CORE | 🔶を移動 -> eval: +0.1475
    [44] MOVE_CORE | 🔷🔷を移動 -> eval: +0.1661
    [45] MOVE_CORE | 🔷🔶を移動 -> eval: +0.1726
    [46] MOVE_CORE | 🔷🔷🔷を移動 -> eval: +0.1741
    [47] MOVE_CORE | 🔷🔷🔶を移動 -> eval: +0.1778
    [48] MOVE_CORE | 🔷🔷🔷🔷を移動 -> eval: +0.1831
    [49] MOVE_CORE | 🔷🔷🔷🔶を移動 -> eval: +0.1839
    [50] MOVE_CORE | 🔷🔷🔷🔷🔷を移動 -> eval: +0.1933
    [51] MOVE_CORE | 🔷🔷🔷🔷🔶を移動 -> eval: +0.1910
    [52] MOVE_CORE | 🔷🔷🔷🔷🔷🔶を移動 -> eval: +0.1992
  ステップ終了評価: +0.1190
  => 選択: SUMMON | コスト🔷🔷🔶, 配置コア🔷🔷🔷, (支払:R:🔷🔷🔶, 配置:R:🔷🔷🔷) (eval: +0.3422 > 終了評価 +0.1190)
     効果/結果: 🎴 「モラモーラ」を召喚 (コスト3をトラッシュへ)

Turn 3 | 手数 11 | 手番: P1(run2_run3.kann.weight) | メインステップ
  盤面:
    P1: Life:4, Reserve:0, Hand:4枚, Field:[水泡群域(Lv1,コア0), モラモーラ(Lv2,コア3)]
    P2: Life:5, Reserve:0, Hand:4枚, Field:[ラスヘッド(Lv2,コア2s)]
  候補行動 (11件):
    [0] SUMMON | コスト🔷, 配置コア🔷, (支払:モラモーラ:🔷, 配置:モラモーラ:🔷) -> eval: +0.3138
    [1] SUMMON | コスト🔷, 配置コア🔷🔷 ⚠️モラモーラ消滅, (支払:モラモーラ:🔷, 配置:モラモーラ:🔷🔷) -> eval: +0.1377
    [2] SUMMON | コスト🔷, 配置コアなし, (支払:モラモーラ:🔷, 配置:なし) -> eval: +0.3026
    [3] SUMMON | コスト🔷, 配置コア🔷, (支払:モラモーラ:🔷, 配置:モラモーラ:🔷) -> eval: +0.3066
    [4] SUMMON | コスト🔷, 配置コア🔷🔷 ⚠️モラモーラ消滅, (支払:モラモーラ:🔷, 配置:モラモーラ:🔷🔷) -> eval: +0.1307
    [5] MOVE_CORE | 🔷を移動 -> eval: +0.2755
    [6] MOVE_CORE | 🔷🔷を移動 -> eval: +0.2663
    [7] MOVE_CORE | 🔷🔷🔷を移動 ⚠️モラモーラ消滅 -> eval: +0.0574
    [8] MOVE_CORE | 🔷を移動 -> eval: +0.2810
    [9] MOVE_CORE | 🔷🔷を移動 -> eval: +0.2827
    [10] MOVE_CORE | 🔷🔷🔷を移動 ⚠️モラモーラ消滅 -> eval: +0.0997
  ステップ終了評価: +0.3422
  => 選択: ステップ終了 (候補最大 +0.3138 <= 終了評価 +0.3422)

Turn 3 | 手数 12 | 手番: P1(run2_run3.kann.weight) | アタック宣言
  盤面:
    P1: Life:4, Reserve:0, Hand:4枚, Field:[水泡群域(Lv1,コア0), モラモーラ(Lv2,コア3)]
    P2: Life:5, Reserve:0, Hand:4枚, Field:[ラスヘッド(Lv2,コア2s)]
  候補行動 (1件):
    [0] ATTACK | モラモーラ でアタック宣言 (Lv2, BP8000, 通ればライフ-🔷) -> eval: +0.4129
  ステップ終了評価: +0.3422
  => 選択: ATTACK | モラモーラ でアタック宣言 (Lv2, BP8000, 通ればライフ-🔷) (eval: +0.4129 > 終了評価 +0.3422)
     効果/結果: 🗡️ 「モラモーラ」がアタック宣言 (BP8000)

Turn 3 | 手数 13 | 手番: P2(run3_run4.kann.weight) | ブロック宣言
  盤面:
    P1: Life:4, Reserve:0, Hand:4枚, Field:[水泡群域(Lv1,コア0), モラモーラ(Lv2,コア3)]
    P2: Life:5, Reserve:0, Hand:4枚, Field:[ラスヘッド(Lv2,コア2s)]
  候補行動 (1件):
    [0] PASS_BLOCK | ライフでアタックを受ける (ライフ-🔷) -> eval: +0.1459
  => 選択: PASS_BLOCK | ライフでアタックを受ける (ライフ-🔷) (eval: +0.1459)
     効果/結果: 💔 ブロックせず: プレイヤー2 のライフ-1 (コアはリザーブへ)

Turn 3 | 手数 14 | 手番: P1(run2_run3.kann.weight) | アタック宣言
  盤面:
    P1: Life:4, Reserve:0, Hand:4枚, Field:[水泡群域(Lv1,コア0), モラモーラ(Lv2,コア3)]
    P2: Life:4, Reserve:1, Hand:4枚, Field:[ラスヘッド(Lv2,コア2s)]
  候補行動 (0件):
  ステップ終了評価: +0.4191
  => 選択: ステップ終了

Turn 3 | 手数 15 | 手番: P1(run2_run3.kann.weight) | 第2メインステップ
  盤面:
    P1: Life:4, Reserve:0, Hand:4枚, Field:[水泡群域(Lv1,コア0), モラモーラ(Lv2,コア3)]
    P2: Life:4, Reserve:1, Hand:4枚, Field:[ラスヘッド(Lv2,コア2s)]
  候補行動 (11件):
    [0] SUMMON | コスト🔷, 配置コア🔷, (支払:モラモーラ:🔷, 配置:モラモーラ:🔷) -> eval: +0.3731
    [1] SUMMON | コスト🔷, 配置コア🔷🔷 ⚠️モラモーラ消滅, (支払:モラモーラ:🔷, 配置:モラモーラ:🔷🔷) -> eval: +0.1443
    [2] SUMMON | コスト🔷, 配置コアなし, (支払:モラモーラ:🔷, 配置:なし) -> eval: +0.3685
    [3] SUMMON | コスト🔷, 配置コア🔷, (支払:モラモーラ:🔷, 配置:モラモーラ:🔷) -> eval: +0.3727
    [4] SUMMON | コスト🔷, 配置コア🔷🔷 ⚠️モラモーラ消滅, (支払:モラモーラ:🔷, 配置:モラモーラ:🔷🔷) -> eval: +0.1372
    [5] MOVE_CORE | 🔷を移動 -> eval: +0.3552
    [6] MOVE_CORE | 🔷🔷を移動 -> eval: +0.3466
    [7] MOVE_CORE | 🔷🔷🔷を移動 ⚠️モラモーラ消滅 -> eval: +0.0630
    [8] MOVE_CORE | 🔷を移動 -> eval: +0.3629
    [9] MOVE_CORE | 🔷🔷を移動 -> eval: +0.3745
    [10] MOVE_CORE | 🔷🔷🔷を移動 ⚠️モラモーラ消滅 -> eval: +0.1073
  ステップ終了評価: +0.4191
  => 選択: ステップ終了 (候補最大 +0.3745 <= 終了評価 +0.4191)

Turn 3 | 手数 16 | 手番: P1(run2_run3.kann.weight) | エンドステップ
  盤面:
    P1: Life:4, Reserve:0, Hand:4枚, Field:[水泡群域(Lv1,コア0), モラモーラ(Lv2,コア3)]
    P2: Life:4, Reserve:1, Hand:4枚, Field:[ラスヘッド(Lv2,コア2s)]
  候補行動 (0件):
  ステップ終了評価: +0.3184
  => 選択: ステップ終了
     効果/結果: 【ターン 4】 手番: プレイヤー2
     効果/結果: 🔷 コアステップ: ボイドからリザーブへコア1個
     効果/結果: 🃏 ドローステップ: 「深巣ダンテクレオ」をドロー (残り33枚)
     効果/結果: ♻️ リフレッシュステップ: トラッシュのコア3個をリザーブへ
     効果/結果: ♻️ リフレッシュステップ: 1体を回復

Turn 4 | 手数 17 | 手番: P2(run3_run4.kann.weight) | メインステップ
  盤面:
    P1: Life:4, Reserve:0, Hand:4枚, Field:[水泡群域(Lv1,コア0), モラモーラ(Lv2,コア3)]
    P2: Life:4, Reserve:5, Hand:5枚, Field:[ラスヘッド(Lv2,コア2s)]
  候補行動 (105件):
    [0] SUMMON | コスト🔷🔷, 配置コア🔷, (支払:R:🔷🔷, 配置:R:🔷) -> eval: +0.0563
    [1] SUMMON | コスト🔷🔷, 配置コア🔷, (支払:R:🔷, ラスヘッド:🔷, 配置:R:🔷) -> eval: +0.0473
    [2] SUMMON | コスト🔷🔷, 配置コア🔶, (支払:R:🔷🔷, 配置:ラスヘッド:🔶) -> eval: +0.0713
    [3] SUMMON | コスト🔷🔷, 配置コア🔶 ⚠️ラスヘッド消滅, (支払:R:🔷, ラスヘッド:🔷, 配置:ラスヘッド:🔶) -> eval: -0.0791
    [4] SUMMON | コスト🔷🔶, 配置コア🔷, (支払:R:🔷, ラスヘッド:🔶, 配置:R:🔷) -> eval: +0.0634
    [5] SUMMON | コスト🔷🔶, 配置コア🔷 ⚠️ラスヘッド消滅, (支払:ラスヘッド:🔷🔶, 配置:R:🔷) -> eval: -0.0400
    [6] SUMMON | コスト🔷🔷, 配置コア🔷🔷, (支払:R:🔷🔷, 配置:R:🔷🔷) -> eval: +0.0938
    [7] SUMMON | コスト🔷🔷, 配置コア🔷🔷, (支払:R:🔷, ラスヘッド:🔷, 配置:R:🔷🔷) -> eval: +0.0837
    [8] SUMMON | コスト🔷🔷, 配置コア🔷🔶, (支払:R:🔷🔷, 配置:R:🔷, ラスヘッド:🔶) -> eval: +0.0932
    [9] SUMMON | コスト🔷🔷, 配置コア🔷🔶 ⚠️ラスヘッド消滅, (支払:R:🔷, ラスヘッド:🔷, 配置:R:🔷, ラスヘッド:🔶) -> eval: -0.0572
    [10] SUMMON | コスト🔷🔶, 配置コア🔷🔷, (支払:R:🔷, ラスヘッド:🔶, 配置:R:🔷🔷) -> eval: +0.1063
    [11] SUMMON | コスト🔷🔶, 配置コア🔷🔷 ⚠️ラスヘッド消滅, (支払:ラスヘッド:🔷🔶, 配置:R:🔷🔷) -> eval: -0.0063
    [12] SUMMON | コスト🔷🔷, 配置コア🔷🔷🔷, (支払:R:🔷🔷, 配置:R:🔷🔷🔷) -> eval: +0.1045
    [13] SUMMON | コスト🔷🔷, 配置コア🔷🔷🔷, (支払:R:🔷, ラスヘッド:🔷, 配置:R:🔷🔷🔷) -> eval: +0.0936
    [14] SUMMON | コスト🔷🔷, 配置コア🔷🔷🔶, (支払:R:🔷🔷, 配置:R:🔷🔷, ラスヘッド:🔶) -> eval: +0.1039
    [15] SUMMON | コスト🔷🔷, 配置コア🔷🔷🔶 ⚠️ラスヘッド消滅, (支払:R:🔷, ラスヘッド:🔷, 配置:R:🔷🔷, ラスヘッド:🔶) -> eval: -0.0462
    [16] SUMMON | コスト🔷🔶, 配置コア🔷🔷🔷, (支払:R:🔷, ラスヘッド:🔶, 配置:R:🔷🔷🔷) -> eval: +0.1179
    [17] SUMMON | コスト🔷🔶, 配置コア🔷🔷🔷 ⚠️ラスヘッド消滅, (支払:ラスヘッド:🔷🔶, 配置:R:🔷🔷🔷) -> eval: +0.0046
    [18] SUMMON | コスト🔷🔷, 配置コア🔷🔷🔷🔷, (支払:R:🔷, ラスヘッド:🔷, 配置:R:🔷🔷🔷🔷) -> eval: +0.1045
    [19] SUMMON | コスト🔷🔷, 配置コア🔷🔷🔷🔶, (支払:R:🔷🔷, 配置:R:🔷🔷🔷, ラスヘッド:🔶) -> eval: +0.1155
    [20] SUMMON | コスト🔷🔷, 配置コア🔷🔷🔷🔶 ⚠️ラスヘッド消滅, (支払:R:🔷, ラスヘッド:🔷, 配置:R:🔷🔷🔷, ラスヘッド:🔶) -> eval: -0.0341
    [21] SUMMON | コスト🔷🔶, 配置コア🔷🔷🔷🔷, (支払:R:🔷, ラスヘッド:🔶, 配置:R:🔷🔷🔷🔷) -> eval: +0.1304
    [22] SUMMON | コスト🔷🔶, 配置コア🔷🔷🔷🔷 ⚠️ラスヘッド消滅, (支払:ラスヘッド:🔷🔶, 配置:R:🔷🔷🔷🔷) -> eval: +0.0165
    [23] SUMMON | コスト🔷🔷, 配置コア🔷🔷🔷🔷🔶 ⚠️ラスヘッド消滅, (支払:R:🔷, ラスヘッド:🔷, 配置:R:🔷🔷🔷🔷, ラスヘッド:🔶) -> eval: -0.0212
    [24] SUMMON | コスト🔷🔶, 配置コア🔷🔷🔷🔷🔷 ⚠️ラスヘッド消滅, (支払:ラスヘッド:🔷🔶, 配置:R:🔷🔷🔷🔷🔷) -> eval: +0.0292
    [25] USE_MAGIC | コスト🔷🔷🔷, コアは置かない, (支払:R:🔷🔷🔷, 配置:なし) -> eval: -0.0691
    [26] USE_MAGIC | コスト🔷🔷🔷, コアは置かない, (支払:R:🔷🔷, ラスヘッド:🔷, 配置:なし) -> eval: -0.0808
    [27] USE_MAGIC | コスト🔷🔷🔶, コアは置かない, (支払:R:🔷🔷, ラスヘッド:🔶, 配置:なし) -> eval: -0.0672
    [28] USE_MAGIC | コスト🔷🔷🔶, コアは置かない ⚠️ラスヘッド消滅, (支払:R:🔷, ラスヘッド:🔷🔶, 配置:なし) -> eval: -0.1274
    [29] SUMMON | コスト🔷, 配置コア🔷, (支払:R:🔷, 配置:R:🔷) -> eval: +0.0465
    [30] SUMMON | コスト🔷, 配置コア🔷, (支払:ラスヘッド:🔷, 配置:R:🔷) -> eval: +0.0385
    [31] SUMMON | コスト🔷, 配置コア🔶, (支払:R:🔷, 配置:ラスヘッド:🔶) -> eval: +0.0663
    [32] SUMMON | コスト🔷, 配置コア🔶 ⚠️ラスヘッド消滅, (支払:ラスヘッド:🔷, 配置:ラスヘッド:🔶) -> eval: -0.0862
    [33] SUMMON | コスト🔶, 配置コア🔷, (支払:ラスヘッド:🔶, 配置:R:🔷) -> eval: +0.0536
    [34] SUMMON | コスト🔶, 配置コア🔷 ⚠️ラスヘッド消滅, (支払:ラスヘッド:🔶, 配置:ラスヘッド:🔷) -> eval: -0.0513
    [35] SUMMON | コスト🔷, 配置コア🔷🔷, (支払:R:🔷, 配置:R:🔷🔷) -> eval: +0.0543
    [36] SUMMON | コスト🔷, 配置コア🔷🔷, (支払:ラスヘッド:🔷, 配置:R:🔷🔷) -> eval: +0.0454
    [37] SUMMON | コスト🔷, 配置コア🔷🔶, (支払:R:🔷, 配置:R:🔷, ラスヘッド:🔶) -> eval: +0.0750
    [38] SUMMON | コスト🔷, 配置コア🔷🔶 ⚠️ラスヘッド消滅, (支払:ラスヘッド:🔷, 配置:R:🔷, ラスヘッド:🔶) -> eval: -0.0776
    [39] SUMMON | コスト🔶, 配置コア🔷🔷, (支払:ラスヘッド:🔶, 配置:R:🔷🔷) -> eval: +0.0626
    [40] SUMMON | コスト🔶, 配置コア🔷🔷 ⚠️ラスヘッド消滅, (支払:ラスヘッド:🔶, 配置:R:🔷, ラスヘッド:🔷) -> eval: -0.0430
    [41] SUMMON | コスト🔷, 配置コア🔷🔷🔷, (支払:R:🔷, 配置:R:🔷🔷🔷) -> eval: +0.1032
    [42] SUMMON | コスト🔷, 配置コア🔷🔷🔷, (支払:ラスヘッド:🔷, 配置:R:🔷🔷🔷) -> eval: +0.0930
    [43] SUMMON | コスト🔷, 配置コア🔷🔷🔶, (支払:R:🔷, 配置:R:🔷🔷, ラスヘッド:🔶) -> eval: +0.1034
    [44] SUMMON | コスト🔷, 配置コア🔷🔷🔶 ⚠️ラスヘッド消滅, (支払:ラスヘッド:🔷, 配置:R:🔷🔷, ラスヘッド:🔶) -> eval: -0.0486
    [45] SUMMON | コスト🔶, 配置コア🔷🔷🔷, (支払:ラスヘッド:🔶, 配置:R:🔷🔷🔷) -> eval: +0.1174
    [46] SUMMON | コスト🔶, 配置コア🔷🔷🔷 ⚠️ラスヘッド消滅, (支払:ラスヘッド:🔶, 配置:R:🔷🔷, ラスヘッド:🔷) -> eval: +0.0021
    [47] SUMMON | コスト🔷, 配置コア🔷🔷🔷🔷, (支払:R:🔷, 配置:R:🔷🔷🔷🔷) -> eval: +0.1140
    [48] SUMMON | コスト🔷, 配置コア🔷🔷🔷🔷, (支払:ラスヘッド:🔷, 配置:R:🔷🔷🔷🔷) -> eval: +0.1031
    [49] SUMMON | コスト🔷, 配置コア🔷🔷🔷🔶, (支払:R:🔷, 配置:R:🔷🔷🔷, ラスヘッド:🔶) -> eval: +0.1144
    [50] SUMMON | コスト🔷, 配置コア🔷🔷🔷🔶 ⚠️ラスヘッド消滅, (支払:ラスヘッド:🔷, 配置:R:🔷🔷🔷, ラスヘッド:🔶) -> eval: -0.0373
    [51] SUMMON | コスト🔶, 配置コア🔷🔷🔷🔷, (支払:ラスヘッド:🔶, 配置:R:🔷🔷🔷🔷) -> eval: +0.1292
    [52] SUMMON | コスト🔶, 配置コア🔷🔷🔷🔷 ⚠️ラスヘッド消滅, (支払:ラスヘッド:🔶, 配置:R:🔷🔷🔷, ラスヘッド:🔷) -> eval: +0.0133
    [53] SUMMON | コスト🔷, 配置コア🔷🔷🔷🔷🔷, (支払:ラスヘッド:🔷, 配置:R:🔷🔷🔷🔷🔷) -> eval: +0.1142
    [54] SUMMON | コスト🔷, 配置コア🔷🔷🔷🔷🔶, (支払:R:🔷, 配置:R:🔷🔷🔷🔷, ラスヘッド:🔶) -> eval: +0.1263
    [55] SUMMON | コスト🔷, 配置コア🔷🔷🔷🔷🔶 ⚠️ラスヘッド消滅, (支払:ラスヘッド:🔷, 配置:R:🔷🔷🔷🔷, ラスヘッド:🔶) -> eval: -0.0249
    [56] SUMMON | コスト🔶, 配置コア🔷🔷🔷🔷🔷, (支払:ラスヘッド:🔶, 配置:R:🔷🔷🔷🔷🔷) -> eval: +0.1417
    [57] SUMMON | コスト🔶, 配置コア🔷🔷🔷🔷🔷 ⚠️ラスヘッド消滅, (支払:ラスヘッド:🔶, 配置:R:🔷🔷🔷🔷, ラスヘッド:🔷) -> eval: +0.0253
    [58] SUMMON | コスト🔷, 配置コア🔷🔷🔷🔷🔷🔶 ⚠️ラスヘッド消滅, (支払:ラスヘッド:🔷, 配置:R:🔷🔷🔷🔷🔷, ラスヘッド:🔶) -> eval: -0.0116
    [59] SUMMON | コスト🔶, 配置コア🔷🔷🔷🔷🔷🔷 ⚠️ラスヘッド消滅, (支払:ラスヘッド:🔶, 配置:R:🔷🔷🔷🔷🔷, ラスヘッド:🔷) -> eval: +0.0382
    [60] SUMMON | コスト🔷🔷, 配置コアなし, (支払:R:🔷🔷, 配置:なし) -> eval: +0.0253
    [61] SUMMON | コスト🔷🔷, 配置コアなし, (支払:R:🔷, ラスヘッド:🔷, 配置:なし) -> eval: +0.0176
    [62] SUMMON | コスト🔷🔶, 配置コアなし, (支払:R:🔷, ラスヘッド:🔶, 配置:なし) -> eval: +0.0327
    [63] SUMMON | コスト🔷🔶, 配置コアなし ⚠️ラスヘッド消滅, (支払:ラスヘッド:🔷🔶, 配置:なし) -> eval: -0.0629
    [64] SUMMON | コスト🔷🔷, 配置コア🔷, (支払:R:🔷🔷, 配置:R:🔷) -> eval: +0.0331
    [65] SUMMON | コスト🔷🔷, 配置コア🔷, (支払:R:🔷, ラスヘッド:🔷, 配置:R:🔷) -> eval: +0.0242
    [66] SUMMON | コスト🔷🔷, 配置コア🔶, (支払:R:🔷🔷, 配置:ラスヘッド:🔶) -> eval: +0.0602
    [67] SUMMON | コスト🔷🔷, 配置コア🔶 ⚠️ラスヘッド消滅, (支払:R:🔷, ラスヘッド:🔷, 配置:ラスヘッド:🔶) -> eval: -0.0847
    [68] SUMMON | コスト🔷🔶, 配置コア🔷, (支払:R:🔷, ラスヘッド:🔶, 配置:R:🔷) -> eval: +0.0417
    [69] SUMMON | コスト🔷🔶, 配置コア🔷 ⚠️ラスヘッド消滅, (支払:ラスヘッド:🔷🔶, 配置:R:🔷) -> eval: -0.0548
    [70] SUMMON | コスト🔷🔷, 配置コア🔷🔷, (支払:R:🔷🔷, 配置:R:🔷🔷) -> eval: +0.0421
    [71] SUMMON | コスト🔷🔷, 配置コア🔷🔷, (支払:R:🔷, ラスヘッド:🔷, 配置:R:🔷🔷) -> eval: +0.0322
    [72] SUMMON | コスト🔷🔷, 配置コア🔷🔶, (支払:R:🔷🔷, 配置:R:🔷, ラスヘッド:🔶) -> eval: +0.0700
    [73] SUMMON | コスト🔷🔷, 配置コア🔷🔶 ⚠️ラスヘッド消滅, (支払:R:🔷, ラスヘッド:🔷, 配置:R:🔷, ラスヘッド:🔶) -> eval: -0.0748
    [74] SUMMON | コスト🔷🔶, 配置コア🔷🔷, (支払:R:🔷, ラスヘッド:🔶, 配置:R:🔷🔷) -> eval: +0.0520
    [75] SUMMON | コスト🔷🔶, 配置コア🔷🔷 ⚠️ラスヘッド消滅, (支払:ラスヘッド:🔷🔶, 配置:R:🔷🔷) -> eval: -0.0455
    [76] SUMMON | コスト🔷🔷, 配置コア🔷🔷🔷, (支払:R:🔷🔷, 配置:R:🔷🔷🔷) -> eval: +0.0523
    [77] SUMMON | コスト🔷🔷, 配置コア🔷🔷🔷, (支払:R:🔷, ラスヘッド:🔷, 配置:R:🔷🔷🔷) -> eval: +0.0415
    [78] SUMMON | コスト🔷🔷, 配置コア🔷🔷🔶, (支払:R:🔷🔷, 配置:R:🔷🔷, ラスヘッド:🔶) -> eval: +0.0809
    [79] SUMMON | コスト🔷🔷, 配置コア🔷🔷🔶 ⚠️ラスヘッド消滅, (支払:R:🔷, ラスヘッド:🔷, 配置:R:🔷🔷, ラスヘッド:🔶) -> eval: -0.0638
    [80] SUMMON | コスト🔷🔶, 配置コア🔷🔷🔷, (支払:R:🔷, ラスヘッド:🔶, 配置:R:🔷🔷🔷) -> eval: +0.0634
    [81] SUMMON | コスト🔷🔶, 配置コア🔷🔷🔷 ⚠️ラスヘッド消滅, (支払:ラスヘッド:🔷🔶, 配置:R:🔷🔷🔷) -> eval: -0.0351
    [82] SUMMON | コスト🔷🔷, 配置コア🔷🔷🔷🔷, (支払:R:🔷, ラスヘッド:🔷, 配置:R:🔷🔷🔷🔷) -> eval: +0.0521
    [83] SUMMON | コスト🔷🔷, 配置コア🔷🔷🔷🔶, (支払:R:🔷🔷, 配置:R:🔷🔷🔷, ラスヘッド:🔶) -> eval: +0.0929
    [84] SUMMON | コスト🔷🔷, 配置コア🔷🔷🔷🔶 ⚠️ラスヘッド消滅, (支払:R:🔷, ラスヘッド:🔷, 配置:R:🔷🔷🔷, ラスヘッド:🔶) -> eval: -0.0516
    [85] SUMMON | コスト🔷🔶, 配置コア🔷🔷🔷🔷, (支払:R:🔷, ラスヘッド:🔶, 配置:R:🔷🔷🔷🔷) -> eval: +0.0760
    [86] SUMMON | コスト🔷🔶, 配置コア🔷🔷🔷🔷 ⚠️ラスヘッド消滅, (支払:ラスヘッド:🔷🔶, 配置:R:🔷🔷🔷🔷) -> eval: -0.0237
    [87] SUMMON | コスト🔷🔷, 配置コア🔷🔷🔷🔷🔶 ⚠️ラスヘッド消滅, (支払:R:🔷, ラスヘッド:🔷, 配置:R:🔷🔷🔷🔷, ラスヘッド:🔶) -> eval: -0.0384
    [88] SUMMON | コスト🔷🔶, 配置コア🔷🔷🔷🔷🔷 ⚠️ラスヘッド消滅, (支払:ラスヘッド:🔷🔶, 配置:R:🔷🔷🔷🔷🔷) -> eval: -0.0113
    [89] SUMMON | コスト🔷🔷🔷🔷🔷, 配置コア🔷, (支払:R:🔷🔷🔷🔷, ラスヘッド:🔷, 配置:R:🔷) -> eval: +0.1124
    [90] SUMMON | コスト🔷🔷🔷🔷🔷, 配置コア🔶, (支払:R:🔷🔷🔷🔷🔷, 配置:ラスヘッド:🔶) -> eval: +0.1455
    [91] SUMMON | コスト🔷🔷🔷🔷🔷, 配置コア🔶 ⚠️ラスヘッド消滅, (支払:R:🔷🔷🔷🔷, ラスヘッド:🔷, 配置:ラスヘッド:🔶) -> eval: +0.0091
    [92] SUMMON | コスト🔷🔷🔷🔷🔶, 配置コア🔷, (支払:R:🔷🔷🔷🔷, ラスヘッド:🔶, 配置:R:🔷) -> eval: +0.1312
    [93] SUMMON | コスト🔷🔷🔷🔷🔶, 配置コア🔷 ⚠️ラスヘッド消滅, (支払:R:🔷🔷🔷, ラスヘッド:🔷🔶, 配置:R:🔷) -> eval: +0.0347
    [94] SUMMON | コスト🔷🔷🔷🔷🔷, 配置コア🔷🔶 ⚠️ラスヘッド消滅, (支払:R:🔷🔷🔷🔷, ラスヘッド:🔷, 配置:R:🔷, ラスヘッド:🔶) -> eval: +0.0221
    [95] SUMMON | コスト🔷🔷🔷🔷🔶, 配置コア🔷🔷 ⚠️ラスヘッド消滅, (支払:R:🔷🔷🔷, ラスヘッド:🔷🔶, 配置:R:🔷🔷) -> eval: +0.0475
    [96] MOVE_CORE | 🔷を移動 -> eval: +0.0019
    [97] MOVE_CORE | 🔷🔷を移動 -> eval: +0.0098
    [98] MOVE_CORE | 🔷🔷🔷を移動 -> eval: +0.0189
    [99] MOVE_CORE | 🔷🔷🔷🔷を移動 -> eval: +0.0294
    [100] MOVE_CORE | 🔷🔷🔷🔷🔷を移動 -> eval: +0.0411
    [101] MOVE_CORE | 🔷を移動 -> eval: -0.0096
    [102] MOVE_CORE | 🔶を移動 -> eval: -0.0217
    [103] MOVE_CORE | 🔷🔶を移動 ⚠️ラスヘッド消滅 -> eval: -0.1270
    [104] MOVE_CORE | 🔶 ⇄ 🔷 を交換 -> eval: -0.0160
  ステップ終了評価: -0.0045
  => 選択: SUMMON | コスト🔷🔷🔷🔷🔷, 配置コア🔶, (支払:R:🔷🔷🔷🔷🔷, 配置:ラスヘッド:🔶) (eval: +0.1455 > 終了評価 -0.0045)
     効果/結果: 🎴 「深巣ダンテクレオ」を召喚 (コスト5をトラッシュへ) ※ラスヘッドから1個

Turn 4 | 手数 18 | 手番: P2(run3_run4.kann.weight) | メインステップ
  盤面:
    P1: Life:4, Reserve:0, Hand:4枚, Field:[水泡群域(Lv1,コア0), モラモーラ(Lv2,コア3)]
    P2: Life:4, Reserve:0, Hand:4枚, Field:[ラスヘッド(Lv1,コア1), 深巣ダンテクレオ(Lv2,コア1s)]
  候補行動 (12件):
    [0] USE_MAGIC | コスト🔷🔶, コアは置かない ⚠️ラスヘッド・深巣ダンテクレオ消滅, (支払:ラスヘッド:🔷, 深巣ダンテクレオ:🔶, 配置:なし) -> eval: -0.0689
    [1] SUMMON | コスト🔷, 配置コア🔶 ⚠️ラスヘッド・深巣ダンテクレオ消滅, (支払:ラスヘッド:🔷, 配置:深巣ダンテクレオ:🔶) -> eval: -0.0415
    [2] SUMMON | コスト🔶, 配置コア🔷 ⚠️ラスヘッド・深巣ダンテクレオ消滅, (支払:深巣ダンテクレオ:🔶, 配置:ラスヘッド:🔷) -> eval: +0.0001
    [3] SUMMON | コスト🔷, 配置コアなし ⚠️ラスヘッド消滅, (支払:ラスヘッド:🔷, 配置:なし) -> eval: +0.0479
    [4] SUMMON | コスト🔶, 配置コアなし ⚠️深巣ダンテクレオ消滅, (支払:深巣ダンテクレオ:🔶, 配置:なし) -> eval: +0.0491
    [5] SUMMON | コスト🔷, 配置コア🔶 ⚠️ラスヘッド・深巣ダンテクレオ消滅, (支払:ラスヘッド:🔷, 配置:深巣ダンテクレオ:🔶) -> eval: -0.0410
    [6] SUMMON | コスト🔶, 配置コア🔷 ⚠️ラスヘッド・深巣ダンテクレオ消滅, (支払:深巣ダンテクレオ:🔶, 配置:ラスヘッド:🔷) -> eval: -0.0070
    [7] MOVE_CORE | 🔷を移動 ⚠️ラスヘッド消滅 -> eval: +0.0091
    [8] MOVE_CORE | 🔷を移動 ⚠️ラスヘッド消滅 -> eval: +0.0221
    [9] MOVE_CORE | 🔶を移動 ⚠️深巣ダンテクレオ消滅 -> eval: +0.0043
    [10] MOVE_CORE | 🔶を移動 ⚠️深巣ダンテクレオ消滅 -> eval: -0.0060
    [11] MOVE_CORE | 🔶 ⇄ 🔷 を交換 -> eval: +0.1124
  ステップ終了評価: +0.1455
  => 選択: ステップ終了 (候補最大 +0.1124 <= 終了評価 +0.1455)

Turn 4 | 手数 19 | 手番: P2(run3_run4.kann.weight) | アタック宣言
  盤面:
    P1: Life:4, Reserve:0, Hand:4枚, Field:[水泡群域(Lv1,コア0), モラモーラ(Lv2,コア3)]
    P2: Life:4, Reserve:0, Hand:4枚, Field:[ラスヘッド(Lv1,コア1), 深巣ダンテクレオ(Lv2,コア1s)]
  候補行動 (2件):
    [0] ATTACK | ラスヘッド でアタック宣言 (Lv1, BP3000, 通ればライフ-🔷) -> eval: +0.2180
    [1] ATTACK | 深巣ダンテクレオ でアタック宣言 (Lv2, BP9000, 通ればライフ-🔷) -> eval: +0.1771
  ステップ終了評価: +0.1455
  => 選択: ATTACK | ラスヘッド でアタック宣言 (Lv1, BP3000, 通ればライフ-🔷) (eval: +0.2180 > 終了評価 +0.1455)
     効果/結果: 🗡️ 「ラスヘッド」がアタック宣言 (BP3000)

Turn 4 | 手数 20 | 手番: P1(run2_run3.kann.weight) | ブロック宣言
  盤面:
    P1: Life:4, Reserve:0, Hand:4枚, Field:[水泡群域(Lv1,コア0), モラモーラ(Lv2,コア3)]
    P2: Life:4, Reserve:0, Hand:4枚, Field:[ラスヘッド(Lv1,コア1), 深巣ダンテクレオ(Lv2,コア1s)]
  候補行動 (1件):
    [0] PASS_BLOCK | ライフでアタックを受ける (ライフ-🔷) -> eval: +0.2962
  => 選択: PASS_BLOCK | ライフでアタックを受ける (ライフ-🔷) (eval: +0.2962)
     効果/結果: 💔 ブロックせず: プレイヤー1 のライフ-1 (コアはリザーブへ)

Turn 4 | 手数 21 | 手番: P2(run3_run4.kann.weight) | アタック宣言
  盤面:
    P1: Life:3, Reserve:1, Hand:4枚, Field:[水泡群域(Lv1,コア0), モラモーラ(Lv2,コア3)]
    P2: Life:4, Reserve:0, Hand:4枚, Field:[ラスヘッド(Lv1,コア1), 深巣ダンテクレオ(Lv2,コア1s)]
  候補行動 (1件):
    [0] ATTACK | 深巣ダンテクレオ でアタック宣言 (Lv2, BP9000, 通ればライフ-🔷) -> eval: +0.2557
  ステップ終了評価: +0.2331
  => 選択: ATTACK | 深巣ダンテクレオ でアタック宣言 (Lv2, BP9000, 通ればライフ-🔷) (eval: +0.2557 > 終了評価 +0.2331)
     効果/結果: 🗡️ 「深巣ダンテクレオ」がアタック宣言 (BP9000)

Turn 4 | 手数 22 | 手番: P1(run2_run3.kann.weight) | ブロック宣言
  盤面:
    P1: Life:3, Reserve:1, Hand:4枚, Field:[水泡群域(Lv1,コア0), モラモーラ(Lv2,コア3)]
    P2: Life:4, Reserve:0, Hand:4枚, Field:[ラスヘッド(Lv1,コア1), 深巣ダンテクレオ(Lv2,コア1s)]
  候補行動 (1件):
    [0] PASS_BLOCK | ライフでアタックを受ける (ライフ-🔷) -> eval: +0.4283
  => 選択: PASS_BLOCK | ライフでアタックを受ける (ライフ-🔷) (eval: +0.4283)
     効果/結果: 💔 ブロックせず: プレイヤー1 のライフ-1 (コアはリザーブへ)

Turn 4 | 手数 23 | 手番: P2(run3_run4.kann.weight) | アタック宣言
  盤面:
    P1: Life:2, Reserve:2, Hand:4枚, Field:[水泡群域(Lv1,コア0), モラモーラ(Lv2,コア3)]
    P2: Life:4, Reserve:0, Hand:4枚, Field:[ラスヘッド(Lv1,コア1), 深巣ダンテクレオ(Lv2,コア1s)]
  候補行動 (0件):
  ステップ終了評価: +0.2715
  => 選択: ステップ終了

Turn 4 | 手数 24 | 手番: P2(run3_run4.kann.weight) | 第2メインステップ
  盤面:
    P1: Life:2, Reserve:2, Hand:4枚, Field:[水泡群域(Lv1,コア0), モラモーラ(Lv2,コア3)]
    P2: Life:4, Reserve:0, Hand:4枚, Field:[ラスヘッド(Lv1,コア1), 深巣ダンテクレオ(Lv2,コア1s)]
  候補行動 (12件):
    [0] USE_MAGIC | コスト🔷🔶, コアは置かない ⚠️ラスヘッド・深巣ダンテクレオ消滅, (支払:ラスヘッド:🔷, 深巣ダンテクレオ:🔶, 配置:なし) -> eval: -0.0320
    [1] SUMMON | コスト🔷, 配置コア🔶 ⚠️ラスヘッド・深巣ダンテクレオ消滅, (支払:ラスヘッド:🔷, 配置:深巣ダンテクレオ:🔶) -> eval: -0.0055
    [2] SUMMON | コスト🔶, 配置コア🔷 ⚠️ラスヘッド・深巣ダンテクレオ消滅, (支払:深巣ダンテクレオ:🔶, 配置:ラスヘッド:🔷) -> eval: +0.0358
    [3] SUMMON | コスト🔷, 配置コアなし ⚠️ラスヘッド消滅, (支払:ラスヘッド:🔷, 配置:なし) -> eval: +0.1574
    [4] SUMMON | コスト🔶, 配置コアなし ⚠️深巣ダンテクレオ消滅, (支払:深巣ダンテクレオ:🔶, 配置:なし) -> eval: +0.1623
    [5] SUMMON | コスト🔷, 配置コア🔶 ⚠️ラスヘッド・深巣ダンテクレオ消滅, (支払:ラスヘッド:🔷, 配置:深巣ダンテクレオ:🔶) -> eval: -0.0052
    [6] SUMMON | コスト🔶, 配置コア🔷 ⚠️ラスヘッド・深巣ダンテクレオ消滅, (支払:深巣ダンテクレオ:🔶, 配置:ラスヘッド:🔷) -> eval: +0.0281
    [7] MOVE_CORE | 🔷を移動 ⚠️ラスヘッド消滅 -> eval: +0.1112
    [8] MOVE_CORE | 🔷を移動 ⚠️ラスヘッド消滅 -> eval: +0.1256
    [9] MOVE_CORE | 🔶を移動 ⚠️深巣ダンテクレオ消滅 -> eval: +0.1123
    [10] MOVE_CORE | 🔶を移動 ⚠️深巣ダンテクレオ消滅 -> eval: +0.0978
    [11] MOVE_CORE | 🔶 ⇄ 🔷 を交換 -> eval: +0.2537
  ステップ終了評価: +0.2715
  => 選択: ステップ終了 (候補最大 +0.2537 <= 終了評価 +0.2715)

Turn 4 | 手数 25 | 手番: P2(run3_run4.kann.weight) | エンドステップ
  盤面:
    P1: Life:2, Reserve:2, Hand:4枚, Field:[水泡群域(Lv1,コア0), モラモーラ(Lv2,コア3)]
    P2: Life:4, Reserve:0, Hand:4枚, Field:[ラスヘッド(Lv1,コア1), 深巣ダンテクレオ(Lv2,コア1s)]
  候補行動 (0件):
  ステップ終了評価: +0.3375
  => 選択: ステップ終了
     効果/結果: 【ターン 5】 手番: プレイヤー1
     効果/結果: 🔷 コアステップ: ボイドからリザーブへコア1個
     効果/結果: 🃏 ドローステップ: 「ストラレイ」をドロー (残り32枚)
     効果/結果: ♻️ リフレッシュステップ: トラッシュのコア3個をリザーブへ
     効果/結果: ♻️ リフレッシュステップ: 1体を回復

Turn 5 | 手数 26 | 手番: P1(run2_run3.kann.weight) | メインステップ
  盤面:
    P1: Life:2, Reserve:6s, Hand:5枚, Field:[水泡群域(Lv1,コア0), モラモーラ(Lv2,コア3)]
    P2: Life:4, Reserve:0, Hand:4枚, Field:[ラスヘッド(Lv1,コア1), 深巣ダンテクレオ(Lv2,コア1s)]
  候補行動 (321件):
    [0] SUMMON | コスト🔷🔷🔷🔷, 配置コア🔷, (支払:R:🔷🔷🔷🔷, 配置:R:🔷) -> eval: +0.4229
    [1] SUMMON | コスト🔷🔷🔷🔷, 配置コア🔷, (支払:R:🔷🔷🔷, モラモーラ:🔷, 配置:R:🔷) -> eval: +0.4003
    [2] SUMMON | コスト🔷🔷🔷🔷, 配置コア🔷, (支払:R:🔷🔷, モラモーラ:🔷🔷, 配置:R:🔷) -> eval: +0.3945
    [3] SUMMON | コスト🔷🔷🔷🔷, 配置コア🔷 ⚠️モラモーラ消滅, (支払:R:🔷, モラモーラ:🔷🔷🔷, 配置:R:🔷) -> eval: +0.1627
    [4] SUMMON | コスト🔷🔷🔷🔷, 配置コア🔶, (支払:R:🔷🔷🔷🔷, 配置:R:🔶) -> eval: +0.4292
    [5] SUMMON | コスト🔷🔷🔷🔷, 配置コア🔶, (支払:R:🔷🔷🔷, モラモーラ:🔷, 配置:R:🔶) -> eval: +0.4104
    [6] SUMMON | コスト🔷🔷🔷🔷, 配置コア🔶, (支払:R:🔷🔷, モラモーラ:🔷🔷, 配置:R:🔶) -> eval: +0.4056
    [7] SUMMON | コスト🔷🔷🔷🔷, 配置コア🔶 ⚠️モラモーラ消滅, (支払:R:🔷, モラモーラ:🔷🔷🔷, 配置:R:🔶) -> eval: +0.1495
    [8] SUMMON | コスト🔷🔷🔷🔶, 配置コア🔷, (支払:R:🔷🔷🔷🔶, 配置:R:🔷) -> eval: +0.4229
    [9] SUMMON | コスト🔷🔷🔷🔶, 配置コア🔷, (支払:R:🔷🔷🔶, モラモーラ:🔷, 配置:R:🔷) -> eval: +0.4003
    [10] SUMMON | コスト🔷🔷🔷🔶, 配置コア🔷, (支払:R:🔷🔶, モラモーラ:🔷🔷, 配置:R:🔷) -> eval: +0.3945
    [11] SUMMON | コスト🔷🔷🔷🔶, 配置コア🔷 ⚠️モラモーラ消滅, (支払:R:🔶, モラモーラ:🔷🔷🔷, 配置:R:🔷) -> eval: +0.1627
    [12] SUMMON | コスト🔷🔷🔷🔷, 配置コア🔷🔷, (支払:R:🔷🔷🔷, モラモーラ:🔷, 配置:R:🔷🔷) -> eval: +0.4080
    [13] SUMMON | コスト🔷🔷🔷🔷, 配置コア🔷🔷, (支払:R:🔷🔷, モラモーラ:🔷🔷, 配置:R:🔷🔷) -> eval: +0.4014
    [14] SUMMON | コスト🔷🔷🔷🔷, 配置コア🔷🔷 ⚠️モラモーラ消滅, (支払:R:🔷, モラモーラ:🔷🔷🔷, 配置:R:🔷🔷) -> eval: +0.1729
    [15] SUMMON | コスト🔷🔷🔷🔷, 配置コア🔷🔶, (支払:R:🔷🔷🔷🔷, 配置:R:🔷🔶) -> eval: +0.4363
    [16] SUMMON | コスト🔷🔷🔷🔷, 配置コア🔷🔶, (支払:R:🔷🔷🔷, モラモーラ:🔷, 配置:R:🔷🔶) -> eval: +0.4164
    [17] SUMMON | コスト🔷🔷🔷🔷, 配置コア🔷🔶, (支払:R:🔷🔷, モラモーラ:🔷🔷, 配置:R:🔷🔶) -> eval: +0.4110
    [18] SUMMON | コスト🔷🔷🔷🔷, 配置コア🔷🔶 ⚠️モラモーラ消滅, (支払:R:🔷, モラモーラ:🔷🔷🔷, 配置:R:🔷🔶) -> eval: +0.1588
    [19] SUMMON | コスト🔷🔷🔷🔶, 配置コア🔷🔷, (支払:R:🔷🔷🔷🔶, 配置:R:🔷🔷) -> eval: +0.4316
    [20] SUMMON | コスト🔷🔷🔷🔶, 配置コア🔷🔷, (支払:R:🔷🔷🔶, モラモーラ:🔷, 配置:R:🔷🔷) -> eval: +0.4080
    [21] SUMMON | コスト🔷🔷🔷🔶, 配置コア🔷🔷, (支払:R:🔷🔶, モラモーラ:🔷🔷, 配置:R:🔷🔷) -> eval: +0.4014
    [22] SUMMON | コスト🔷🔷🔷🔶, 配置コア🔷🔷 ⚠️モラモーラ消滅, (支払:R:🔶, モラモーラ:🔷🔷🔷, 配置:R:🔷🔷) -> eval: +0.1729
    [23] SUMMON | コスト🔷🔷🔷🔷, 配置コア🔷🔷🔷, (支払:R:🔷🔷, モラモーラ:🔷🔷, 配置:R:🔷🔷🔷) -> eval: +0.4093
    [24] SUMMON | コスト🔷🔷🔷🔷, 配置コア🔷🔷🔷 ⚠️モラモーラ消滅, (支払:R:🔷, モラモーラ:🔷🔷🔷, 配置:R:🔷🔷🔷) -> eval: +0.1844
    [25] SUMMON | コスト🔷🔷🔷🔷, 配置コア🔷🔷🔶, (支払:R:🔷🔷🔷, モラモーラ:🔷, 配置:R:🔷🔷🔶) -> eval: +0.4235
    [26] SUMMON | コスト🔷🔷🔷🔷, 配置コア🔷🔷🔶, (支払:R:🔷🔷, モラモーラ:🔷🔷, 配置:R:🔷🔷🔶) -> eval: +0.4173
    [27] SUMMON | コスト🔷🔷🔷🔷, 配置コア🔷🔷🔶 ⚠️モラモーラ消滅, (支払:R:🔷, モラモーラ:🔷🔷🔷, 配置:R:🔷🔷🔶) -> eval: +0.1694
    [28] SUMMON | コスト🔷🔷🔷🔶, 配置コア🔷🔷🔷, (支払:R:🔷🔷🔶, モラモーラ:🔷, 配置:R:🔷🔷🔷) -> eval: +0.4167
    [29] SUMMON | コスト🔷🔷🔷🔶, 配置コア🔷🔷🔷, (支払:R:🔷🔶, モラモーラ:🔷🔷, 配置:R:🔷🔷🔷) -> eval: +0.4093
    [30] SUMMON | コスト🔷🔷🔷🔶, 配置コア🔷🔷🔷 ⚠️モラモーラ消滅, (支払:R:🔶, モラモーラ:🔷🔷🔷, 配置:R:🔷🔷🔷) -> eval: +0.1844
    [31] SUMMON | コスト🔷🔷🔷🔷, 配置コア🔷🔷🔷🔷 ⚠️モラモーラ消滅, (支払:R:🔷, モラモーラ:🔷🔷🔷, 配置:R:🔷🔷🔷🔷) -> eval: +0.1971
    [32] SUMMON | コスト🔷🔷🔷🔷, 配置コア🔷🔷🔷🔶, (支払:R:🔷🔷, モラモーラ:🔷🔷, 配置:R:🔷🔷🔷🔶) -> eval: +0.4245
    [33] SUMMON | コスト🔷🔷🔷🔷, 配置コア🔷🔷🔷🔶 ⚠️モラモーラ消滅, (支払:R:🔷, モラモーラ:🔷🔷🔷, 配置:R:🔷🔷🔷🔶) -> eval: +0.1814
    [34] SUMMON | コスト🔷🔷🔷🔶, 配置コア🔷🔷🔷🔷, (支払:R:🔷🔶, モラモーラ:🔷🔷, 配置:R:🔷🔷🔷🔷) -> eval: +0.4183
    [35] SUMMON | コスト🔷🔷🔷🔶, 配置コア🔷🔷🔷🔷 ⚠️モラモーラ消滅, (支払:R:🔶, モラモーラ:🔷🔷🔷, 配置:R:🔷🔷🔷🔷) -> eval: +0.1971
    [36] SUMMON | コスト🔷🔷🔷🔷, 配置コア🔷🔷🔷🔷🔶 ⚠️モラモーラ消滅, (支払:R:🔷, モラモーラ:🔷🔷🔷, 配置:R:🔷🔷🔷🔷🔶) -> eval: +0.1946
    [37] SUMMON | コスト🔷🔷🔷🔶, 配置コア🔷🔷🔷🔷🔷 ⚠️モラモーラ消滅, (支払:R:🔶, モラモーラ:🔷🔷🔷, 配置:R:🔷🔷🔷🔷🔷) -> eval: +0.2110
    [38] SUMMON | コスト🔷, 配置コア🔷, (支払:R:🔷, 配置:R:🔷) -> eval: +0.3770
    [39] SUMMON | コスト🔷, 配置コア🔷, (支払:モラモーラ:🔷, 配置:R:🔷) -> eval: +0.3530
    [40] SUMMON | コスト🔷, 配置コア🔷, (支払:モラモーラ:🔷, 配置:モラモーラ:🔷) -> eval: +0.3495
    [41] SUMMON | コスト🔷, 配置コア🔶, (支払:R:🔷, 配置:R:🔶) -> eval: +0.3848
    [42] SUMMON | コスト🔷, 配置コア🔶, (支払:モラモーラ:🔷, 配置:R:🔶) -> eval: +0.3630
    [43] SUMMON | コスト🔶, 配置コア🔷, (支払:R:🔶, 配置:R:🔷) -> eval: +0.3770
    [44] SUMMON | コスト🔶, 配置コア🔷, (支払:R:🔶, 配置:モラモーラ:🔷) -> eval: +0.3530
    [45] SUMMON | コスト🔷, 配置コア🔷🔷, (支払:R:🔷, 配置:R:🔷🔷) -> eval: +0.3836
    [46] SUMMON | コスト🔷, 配置コア🔷🔷, (支払:モラモーラ:🔷, 配置:R:🔷🔷) -> eval: +0.3586
    [47] SUMMON | コスト🔷, 配置コア🔷🔷, (支払:モラモーラ:🔷, 配置:R:🔷, モラモーラ:🔷) -> eval: +0.3545
    [48] SUMMON | コスト🔷, 配置コア🔷🔷 ⚠️モラモーラ消滅, (支払:モラモーラ:🔷, 配置:モラモーラ:🔷🔷) -> eval: +0.1197
    [49] SUMMON | コスト🔷, 配置コア🔷🔶, (支払:R:🔷, 配置:R:🔷🔶) -> eval: +0.3887
    [50] SUMMON | コスト🔷, 配置コア🔷🔶, (支払:モラモーラ:🔷, 配置:R:🔷🔶) -> eval: +0.3659
    [51] SUMMON | コスト🔷, 配置コア🔷🔶, (支払:モラモーラ:🔷, 配置:R:🔶, モラモーラ:🔷) -> eval: +0.3634
    [52] SUMMON | コスト🔶, 配置コア🔷🔷, (支払:R:🔶, 配置:R:🔷🔷) -> eval: +0.3836
    [53] SUMMON | コスト🔶, 配置コア🔷🔷, (支払:R:🔶, 配置:R:🔷, モラモーラ:🔷) -> eval: +0.3586
    [54] SUMMON | コスト🔶, 配置コア🔷🔷, (支払:R:🔶, 配置:モラモーラ:🔷🔷) -> eval: +0.3545
    [55] SUMMON | コスト🔷, 配置コア🔷🔷🔷, (支払:R:🔷, 配置:R:🔷🔷🔷) -> eval: +0.4124
    [56] SUMMON | コスト🔷, 配置コア🔷🔷🔷, (支払:モラモーラ:🔷, 配置:R:🔷🔷🔷) -> eval: +0.3894
    [57] SUMMON | コスト🔷, 配置コア🔷🔷🔷, (支払:モラモーラ:🔷, 配置:R:🔷🔷, モラモーラ:🔷) -> eval: +0.3841
    [58] SUMMON | コスト🔷, 配置コア🔷🔷🔷 ⚠️モラモーラ消滅, (支払:モラモーラ:🔷, 配置:R:🔷, モラモーラ:🔷🔷) -> eval: +0.1464
    [59] SUMMON | コスト🔷, 配置コア🔷🔷🔶, (支払:R:🔷, 配置:R:🔷🔷🔶) -> eval: +0.4006
    [60] SUMMON | コスト🔷, 配置コア🔷🔷🔶, (支払:モラモーラ:🔷, 配置:R:🔷🔷🔶) -> eval: +0.3787
    [61] SUMMON | コスト🔷, 配置コア🔷🔷🔶, (支払:モラモーラ:🔷, 配置:R:🔷🔶, モラモーラ:🔷) -> eval: +0.3748
    [62] SUMMON | コスト🔷, 配置コア🔷🔷🔶 ⚠️モラモーラ消滅, (支払:モラモーラ:🔷, 配置:R:🔶, モラモーラ:🔷🔷) -> eval: +0.1206
    [63] SUMMON | コスト🔶, 配置コア🔷🔷🔷, (支払:R:🔶, 配置:R:🔷🔷🔷) -> eval: +0.4124
    [64] SUMMON | コスト🔶, 配置コア🔷🔷🔷, (支払:R:🔶, 配置:R:🔷🔷, モラモーラ:🔷) -> eval: +0.3894
    [65] SUMMON | コスト🔶, 配置コア🔷🔷🔷, (支払:R:🔶, 配置:R:🔷, モラモーラ:🔷🔷) -> eval: +0.3841
    [66] SUMMON | コスト🔶, 配置コア🔷🔷🔷 ⚠️モラモーラ消滅, (支払:R:🔶, 配置:モラモーラ:🔷🔷🔷) -> eval: +0.1464
    [67] SUMMON | コスト🔷, 配置コア🔷🔷🔷🔷, (支払:R:🔷, 配置:R:🔷🔷🔷🔷) -> eval: +0.4219
    [68] SUMMON | コスト🔷, 配置コア🔷🔷🔷🔷, (支払:モラモーラ:🔷, 配置:R:🔷🔷🔷🔷) -> eval: +0.3980
    [69] SUMMON | コスト🔷, 配置コア🔷🔷🔷🔷, (支払:モラモーラ:🔷, 配置:R:🔷🔷🔷, モラモーラ:🔷) -> eval: +0.3919
    [70] SUMMON | コスト🔷, 配置コア🔷🔷🔷🔷 ⚠️モラモーラ消滅, (支払:モラモーラ:🔷, 配置:R:🔷🔷, モラモーラ:🔷🔷) -> eval: +0.1574
    [71] SUMMON | コスト🔷, 配置コア🔷🔷🔷🔶, (支払:R:🔷, 配置:R:🔷🔷🔷🔶) -> eval: +0.4075
    [72] SUMMON | コスト🔷, 配置コア🔷🔷🔷🔶, (支払:モラモーラ:🔷, 配置:R:🔷🔷🔷🔶) -> eval: +0.3847
    [73] SUMMON | コスト🔷, 配置コア🔷🔷🔷🔶, (支払:モラモーラ:🔷, 配置:R:🔷🔷🔶, モラモーラ:🔷) -> eval: +0.3800
    [74] SUMMON | コスト🔷, 配置コア🔷🔷🔷🔶 ⚠️モラモーラ消滅, (支払:モラモーラ:🔷, 配置:R:🔷🔶, モラモーラ:🔷🔷) -> eval: +0.1294
    [75] SUMMON | コスト🔶, 配置コア🔷🔷🔷🔷, (支払:R:🔶, 配置:R:🔷🔷🔷🔷) -> eval: +0.4219
    [76] SUMMON | コスト🔶, 配置コア🔷🔷🔷🔷, (支払:R:🔶, 配置:R:🔷🔷🔷, モラモーラ:🔷) -> eval: +0.3980
    [77] SUMMON | コスト🔶, 配置コア🔷🔷🔷🔷, (支払:R:🔶, 配置:R:🔷🔷, モラモーラ:🔷🔷) -> eval: +0.3919
    [78] SUMMON | コスト🔶, 配置コア🔷🔷🔷🔷 ⚠️モラモーラ消滅, (支払:R:🔶, 配置:R:🔷, モラモーラ:🔷🔷🔷) -> eval: +0.1574
    [79] SUMMON | コスト🔷, 配置コア🔷🔷🔷🔷🔷, (支払:モラモーラ:🔷, 配置:R:🔷🔷🔷🔷🔷) -> eval: +0.4076
    [80] SUMMON | コスト🔷, 配置コア🔷🔷🔷🔷🔷, (支払:モラモーラ:🔷, 配置:R:🔷🔷🔷🔷, モラモーラ:🔷) -> eval: +0.4007
    [81] SUMMON | コスト🔷, 配置コア🔷🔷🔷🔷🔷 ⚠️モラモーラ消滅, (支払:モラモーラ:🔷, 配置:R:🔷🔷🔷, モラモーラ:🔷🔷) -> eval: +0.1698
    [82] SUMMON | コスト🔷, 配置コア🔷🔷🔷🔷🔶, (支払:R:🔷, 配置:R:🔷🔷🔷🔷🔶) -> eval: +0.4156
    [83] SUMMON | コスト🔷, 配置コア🔷🔷🔷🔷🔶, (支払:モラモーラ:🔷, 配置:R:🔷🔷🔷🔷🔶) -> eval: +0.3918
    [84] SUMMON | コスト🔷, 配置コア🔷🔷🔷🔷🔶, (支払:モラモーラ:🔷, 配置:R:🔷🔷🔷🔶, モラモーラ:🔷) -> eval: +0.3863
    [85] SUMMON | コスト🔷, 配置コア🔷🔷🔷🔷🔶 ⚠️モラモーラ消滅, (支払:モラモーラ:🔷, 配置:R:🔷🔷🔶, モラモーラ:🔷🔷) -> eval: +0.1398
    [86] SUMMON | コスト🔶, 配置コア🔷🔷🔷🔷🔷, (支払:R:🔶, 配置:R:🔷🔷🔷🔷🔷) -> eval: +0.4323
    [87] SUMMON | コスト🔶, 配置コア🔷🔷🔷🔷🔷, (支払:R:🔶, 配置:R:🔷🔷🔷🔷, モラモーラ:🔷) -> eval: +0.4076
    [88] SUMMON | コスト🔶, 配置コア🔷🔷🔷🔷🔷, (支払:R:🔶, 配置:R:🔷🔷🔷, モラモーラ:🔷🔷) -> eval: +0.4007
    [89] SUMMON | コスト🔶, 配置コア🔷🔷🔷🔷🔷 ⚠️モラモーラ消滅, (支払:R:🔶, 配置:R:🔷🔷, モラモーラ:🔷🔷🔷) -> eval: +0.1698
    [90] SUMMON | コスト🔷, 配置コア🔷🔷🔷🔷🔷🔷, (支払:モラモーラ:🔷, 配置:R:🔷🔷🔷🔷🔷, モラモーラ:🔷) -> eval: +0.4105
    [91] SUMMON | コスト🔷, 配置コア🔷🔷🔷🔷🔷🔷 ⚠️モラモーラ消滅, (支払:モラモーラ:🔷, 配置:R:🔷🔷🔷🔷, モラモーラ:🔷🔷) -> eval: +0.1834
    [92] SUMMON | コスト🔷, 配置コア🔷🔷🔷🔷🔷🔶, (支払:モラモーラ:🔷, 配置:R:🔷🔷🔷🔷🔷🔶) -> eval: +0.4000
    [93] SUMMON | コスト🔷, 配置コア🔷🔷🔷🔷🔷🔶, (支払:モラモーラ:🔷, 配置:R:🔷🔷🔷🔷🔶, モラモーラ:🔷) -> eval: +0.3937
    [94] SUMMON | コスト🔷, 配置コア🔷🔷🔷🔷🔷🔶 ⚠️モラモーラ消滅, (支払:モラモーラ:🔷, 配置:R:🔷🔷🔷🔶, モラモーラ:🔷🔷) -> eval: +0.1516
    [95] SUMMON | コスト🔶, 配置コア🔷🔷🔷🔷🔷🔷, (支払:R:🔶, 配置:R:🔷🔷🔷🔷🔷, モラモーラ:🔷) -> eval: +0.4182
    [96] SUMMON | コスト🔶, 配置コア🔷🔷🔷🔷🔷🔷, (支払:R:🔶, 配置:R:🔷🔷🔷🔷, モラモーラ:🔷🔷) -> eval: +0.4105
    [97] SUMMON | コスト🔶, 配置コア🔷🔷🔷🔷🔷🔷 ⚠️モラモーラ消滅, (支払:R:🔶, 配置:R:🔷🔷🔷, モラモーラ:🔷🔷🔷) -> eval: +0.1834
    [98] SUMMON | コスト🔷, 配置コア🔷🔷🔷🔷🔷🔷🔷 ⚠️モラモーラ消滅, (支払:モラモーラ:🔷, 配置:R:🔷🔷🔷🔷🔷, モラモーラ:🔷🔷) -> eval: +0.1983
    [99] SUMMON | コスト🔷, 配置コア🔷🔷🔷🔷🔷🔷🔶, (支払:モラモーラ:🔷, 配置:R:🔷🔷🔷🔷🔷🔶, モラモーラ:🔷) -> eval: +0.4022
    [100] SUMMON | コスト🔷, 配置コア🔷🔷🔷🔷🔷🔷🔶 ⚠️モラモーラ消滅, (支払:モラモーラ:🔷, 配置:R:🔷🔷🔷🔷🔶, モラモーラ:🔷🔷) -> eval: +0.1648
    [101] SUMMON | コスト🔶, 配置コア🔷🔷🔷🔷🔷🔷🔷, (支払:R:🔶, 配置:R:🔷🔷🔷🔷🔷, モラモーラ:🔷🔷) -> eval: +0.4214
    [102] SUMMON | コスト🔶, 配置コア🔷🔷🔷🔷🔷🔷🔷 ⚠️モラモーラ消滅, (支払:R:🔶, 配置:R:🔷🔷🔷🔷, モラモーラ:🔷🔷🔷) -> eval: +0.1983
    [103] SUMMON | コスト🔷, 配置コア🔷🔷🔷🔷🔷🔷🔷🔶 ⚠️モラモーラ消滅, (支払:モラモーラ:🔷, 配置:R:🔷🔷🔷🔷🔷🔶, モラモーラ:🔷🔷) -> eval: +0.1794
    [104] SUMMON | コスト🔶, 配置コア🔷🔷🔷🔷🔷🔷🔷🔷 ⚠️モラモーラ消滅, (支払:R:🔶, 配置:R:🔷🔷🔷🔷🔷, モラモーラ:🔷🔷🔷) -> eval: +0.2143
    [105] SUMMON | コスト🔷🔷🔷, 配置コア🔷, (支払:R:🔷🔷🔷, 配置:R:🔷) -> eval: +0.4185
    [106] SUMMON | コスト🔷🔷🔷, 配置コア🔷, (支払:R:🔷🔷, モラモーラ:🔷, 配置:R:🔷) -> eval: +0.3963
    [107] SUMMON | コスト🔷🔷🔷, 配置コア🔷, (支払:R:🔷, モラモーラ:🔷🔷, 配置:R:🔷) -> eval: +0.3911
    [108] SUMMON | コスト🔷🔷🔷, 配置コア🔷 ⚠️モラモーラ消滅, (支払:モラモーラ:🔷🔷🔷, 配置:R:🔷) -> eval: +0.1583
    [109] SUMMON | コスト🔷🔷🔷, 配置コア🔶, (支払:R:🔷🔷🔷, 配置:R:🔶) -> eval: +0.4182
    [110] SUMMON | コスト🔷🔷🔷, 配置コア🔶, (支払:R:🔷🔷, モラモーラ:🔷, 配置:R:🔶) -> eval: +0.3988
    [111] SUMMON | コスト🔷🔷🔷, 配置コア🔶, (支払:R:🔷, モラモーラ:🔷🔷, 配置:R:🔶) -> eval: +0.3948
    [112] SUMMON | コスト🔷🔷🔷, 配置コア🔶 ⚠️モラモーラ消滅, (支払:モラモーラ:🔷🔷🔷, 配置:R:🔶) -> eval: +0.1388
    [113] SUMMON | コスト🔷🔷🔶, 配置コア🔷, (支払:R:🔷🔷🔶, 配置:R:🔷) -> eval: +0.4185
    [114] SUMMON | コスト🔷🔷🔶, 配置コア🔷, (支払:R:🔷🔶, モラモーラ:🔷, 配置:R:🔷) -> eval: +0.3963
    [115] SUMMON | コスト🔷🔷🔶, 配置コア🔷, (支払:R:🔶, モラモーラ:🔷🔷, 配置:R:🔷) -> eval: +0.3911
    [116] SUMMON | コスト🔷🔷🔶, 配置コア🔷 ⚠️モラモーラ消滅, (支払:R:🔶, モラモーラ:🔷🔷, 配置:モラモーラ:🔷) -> eval: +0.1583
    [117] SUMMON | コスト🔷🔷🔷, 配置コア🔷🔷, (支払:R:🔷🔷🔷, 配置:R:🔷🔷) -> eval: +0.4266
    [118] SUMMON | コスト🔷🔷🔷, 配置コア🔷🔷, (支払:R:🔷🔷, モラモーラ:🔷, 配置:R:🔷🔷) -> eval: +0.4034
    [119] SUMMON | コスト🔷🔷🔷, 配置コア🔷🔷, (支払:R:🔷, モラモーラ:🔷🔷, 配置:R:🔷🔷) -> eval: +0.3974
    [120] SUMMON | コスト🔷🔷🔷, 配置コア🔷🔷 ⚠️モラモーラ消滅, (支払:モラモーラ:🔷🔷🔷, 配置:R:🔷🔷) -> eval: +0.1677
    [121] SUMMON | コスト🔷🔷🔷, 配置コア🔷🔶, (支払:R:🔷🔷🔷, 配置:R:🔷🔶) -> eval: +0.4246
    [122] SUMMON | コスト🔷🔷🔷, 配置コア🔷🔶, (支払:R:🔷🔷, モラモーラ:🔷, 配置:R:🔷🔶) -> eval: +0.4042
    [123] SUMMON | コスト🔷🔷🔷, 配置コア🔷🔶, (支払:R:🔷, モラモーラ:🔷🔷, 配置:R:🔷🔶) -> eval: +0.3994
    [124] SUMMON | コスト🔷🔷🔷, 配置コア🔷🔶 ⚠️モラモーラ消滅, (支払:モラモーラ:🔷🔷🔷, 配置:R:🔷🔶) -> eval: +0.1470
    [125] SUMMON | コスト🔷🔷🔶, 配置コア🔷🔷, (支払:R:🔷🔷🔶, 配置:R:🔷🔷) -> eval: +0.4266
    [126] SUMMON | コスト🔷🔷🔶, 配置コア🔷🔷, (支払:R:🔷🔶, モラモーラ:🔷, 配置:R:🔷🔷) -> eval: +0.4034
    [127] SUMMON | コスト🔷🔷🔶, 配置コア🔷🔷, (支払:R:🔶, モラモーラ:🔷🔷, 配置:R:🔷🔷) -> eval: +0.3974
    [128] SUMMON | コスト🔷🔷🔶, 配置コア🔷🔷 ⚠️モラモーラ消滅, (支払:R:🔶, モラモーラ:🔷🔷, 配置:R:🔷, モラモーラ:🔷) -> eval: +0.1677
    [129] SUMMON | コスト🔷🔷🔷, 配置コア🔷🔷🔷, (支払:R:🔷🔷, モラモーラ:🔷, 配置:R:🔷🔷🔷) -> eval: +0.4115
    [130] SUMMON | コスト🔷🔷🔷, 配置コア🔷🔷🔷, (支払:R:🔷, モラモーラ:🔷🔷, 配置:R:🔷🔷🔷) -> eval: +0.4048
    [131] SUMMON | コスト🔷🔷🔷, 配置コア🔷🔷🔷 ⚠️モラモーラ消滅, (支払:モラモーラ:🔷🔷🔷, 配置:R:🔷🔷🔷) -> eval: +0.1784
    [132] SUMMON | コスト🔷🔷🔷, 配置コア🔷🔷🔶, (支払:R:🔷🔷🔷, 配置:R:🔷🔷🔶) -> eval: +0.4320
    [133] SUMMON | コスト🔷🔷🔷, 配置コア🔷🔷🔶, (支払:R:🔷🔷, モラモーラ:🔷, 配置:R:🔷🔷🔶) -> eval: +0.4106
    [134] SUMMON | コスト🔷🔷🔷, 配置コア🔷🔷🔶, (支払:R:🔷, モラモーラ:🔷🔷, 配置:R:🔷🔷🔶) -> eval: +0.4050
    [135] SUMMON | コスト🔷🔷🔷, 配置コア🔷🔷🔶 ⚠️モラモーラ消滅, (支払:モラモーラ:🔷🔷🔷, 配置:R:🔷🔷🔶) -> eval: +0.1566
    [136] SUMMON | コスト🔷🔷🔶, 配置コア🔷🔷🔷, (支払:R:🔷🔷🔶, 配置:R:🔷🔷🔷) -> eval: +0.4357
    [137] SUMMON | コスト🔷🔷🔶, 配置コア🔷🔷🔷, (支払:R:🔷🔶, モラモーラ:🔷, 配置:R:🔷🔷🔷) -> eval: +0.4115
    [138] SUMMON | コスト🔷🔷🔶, 配置コア🔷🔷🔷, (支払:R:🔶, モラモーラ:🔷🔷, 配置:R:🔷🔷🔷) -> eval: +0.4048
    [139] SUMMON | コスト🔷🔷🔶, 配置コア🔷🔷🔷 ⚠️モラモーラ消滅, (支払:R:🔶, モラモーラ:🔷🔷, 配置:R:🔷🔷, モラモーラ:🔷) -> eval: +0.1784
    [140] SUMMON | コスト🔷🔷🔷, 配置コア🔷🔷🔷🔷, (支払:R:🔷, モラモーラ:🔷🔷, 配置:R:🔷🔷🔷🔷) -> eval: +0.4132
    [141] SUMMON | コスト🔷🔷🔷, 配置コア🔷🔷🔷🔷 ⚠️モラモーラ消滅, (支払:モラモーラ:🔷🔷🔷, 配置:R:🔷🔷🔷🔷) -> eval: +0.1903
    [142] SUMMON | コスト🔷🔷🔷, 配置コア🔷🔷🔷🔶, (支払:R:🔷🔷, モラモーラ:🔷, 配置:R:🔷🔷🔷🔶) -> eval: +0.4180
    [143] SUMMON | コスト🔷🔷🔷, 配置コア🔷🔷🔷🔶, (支払:R:🔷, モラモーラ:🔷🔷, 配置:R:🔷🔷🔷🔶) -> eval: +0.4117
    [144] SUMMON | コスト🔷🔷🔷, 配置コア🔷🔷🔷🔶 ⚠️モラモーラ消滅, (支払:モラモーラ:🔷🔷🔷, 配置:R:🔷🔷🔷🔶) -> eval: +0.1676
    [145] SUMMON | コスト🔷🔷🔶, 配置コア🔷🔷🔷🔷, (支払:R:🔷🔶, モラモーラ:🔷, 配置:R:🔷🔷🔷🔷) -> eval: +0.4207
    [146] SUMMON | コスト🔷🔷🔶, 配置コア🔷🔷🔷🔷, (支払:R:🔶, モラモーラ:🔷🔷, 配置:R:🔷🔷🔷🔷) -> eval: +0.4132
    [147] SUMMON | コスト🔷🔷🔶, 配置コア🔷🔷🔷🔷 ⚠️モラモーラ消滅, (支払:R:🔶, モラモーラ:🔷🔷, 配置:R:🔷🔷🔷, モラモーラ:🔷) -> eval: +0.1903
    [148] SUMMON | コスト🔷🔷🔷, 配置コア🔷🔷🔷🔷🔷 ⚠️モラモーラ消滅, (支払:モラモーラ:🔷🔷🔷, 配置:R:🔷🔷🔷🔷🔷) -> eval: +0.2035
    [149] SUMMON | コスト🔷🔷🔷, 配置コア🔷🔷🔷🔷🔶, (支払:R:🔷, モラモーラ:🔷🔷, 配置:R:🔷🔷🔷🔷🔶) -> eval: +0.4193
    [150] SUMMON | コスト🔷🔷🔷, 配置コア🔷🔷🔷🔷🔶 ⚠️モラモーラ消滅, (支払:モラモーラ:🔷🔷🔷, 配置:R:🔷🔷🔷🔷🔶) -> eval: +0.1800
    [151] SUMMON | コスト🔷🔷🔶, 配置コア🔷🔷🔷🔷🔷, (支払:R:🔶, モラモーラ:🔷🔷, 配置:R:🔷🔷🔷🔷🔷) -> eval: +0.4226
    [152] SUMMON | コスト🔷🔷🔶, 配置コア🔷🔷🔷🔷🔷 ⚠️モラモーラ消滅, (支払:R:🔶, モラモーラ:🔷🔷, 配置:R:🔷🔷🔷🔷, モラモーラ:🔷) -> eval: +0.2035
    [153] SUMMON | コスト🔷🔷🔷, 配置コア🔷🔷🔷🔷🔷🔶 ⚠️モラモーラ消滅, (支払:モラモーラ:🔷🔷🔷, 配置:R:🔷🔷🔷🔷🔷🔶) -> eval: +0.1937
    [154] SUMMON | コスト🔷🔷🔶, 配置コア🔷🔷🔷🔷🔷🔷 ⚠️モラモーラ消滅, (支払:R:🔶, モラモーラ:🔷🔷, 配置:R:🔷🔷🔷🔷🔷, モラモーラ:🔷) -> eval: +0.2179
    [155] SUMMON | コスト🔷, 配置コアなし, (支払:R:🔷, 配置:なし) -> eval: +0.3602
    [156] SUMMON | コスト🔷, 配置コアなし, (支払:モラモーラ:🔷, 配置:なし) -> eval: +0.3361
    [157] SUMMON | コスト🔶, 配置コアなし, (支払:R:🔶, 配置:なし) -> eval: +0.3602
    [158] SUMMON | コスト🔷, 配置コア🔷, (支払:R:🔷, 配置:R:🔷) -> eval: +0.3664
    [159] SUMMON | コスト🔷, 配置コア🔷, (支払:モラモーラ:🔷, 配置:R:🔷) -> eval: +0.3412
    [160] SUMMON | コスト🔷, 配置コア🔷, (支払:モラモーラ:🔷, 配置:モラモーラ:🔷) -> eval: +0.3377
    [161] SUMMON | コスト🔷, 配置コア🔶, (支払:R:🔷, 配置:R:🔶) -> eval: +0.3711
    [162] SUMMON | コスト🔷, 配置コア🔶, (支払:モラモーラ:🔷, 配置:R:🔶) -> eval: +0.3497
    [163] SUMMON | コスト🔶, 配置コア🔷, (支払:R:🔶, 配置:R:🔷) -> eval: +0.3664
    [164] SUMMON | コスト🔶, 配置コア🔷, (支払:R:🔶, 配置:モラモーラ:🔷) -> eval: +0.3412
    [165] SUMMON | コスト🔷, 配置コア🔷🔷, (支払:R:🔷, 配置:R:🔷🔷) -> eval: +0.3736
    [166] SUMMON | コスト🔷, 配置コア🔷🔷, (支払:モラモーラ:🔷, 配置:R:🔷🔷) -> eval: +0.3474
    [167] SUMMON | コスト🔷, 配置コア🔷🔷, (支払:モラモーラ:🔷, 配置:R:🔷, モラモーラ:🔷) -> eval: +0.3431
    [168] SUMMON | コスト🔷, 配置コア🔷🔷 ⚠️モラモーラ消滅, (支払:モラモーラ:🔷, 配置:モラモーラ:🔷🔷) -> eval: +0.1070
    [169] SUMMON | コスト🔷, 配置コア🔷🔶, (支払:R:🔷, 配置:R:🔷🔶) -> eval: +0.3763
    [170] SUMMON | コスト🔷, 配置コア🔷🔶, (支払:モラモーラ:🔷, 配置:R:🔷🔶) -> eval: +0.3539
    [171] SUMMON | コスト🔷, 配置コア🔷🔶, (支払:モラモーラ:🔷, 配置:R:🔶, モラモーラ:🔷) -> eval: +0.3510
    [172] SUMMON | コスト🔶, 配置コア🔷🔷, (支払:R:🔶, 配置:R:🔷🔷) -> eval: +0.3736
    [173] SUMMON | コスト🔶, 配置コア🔷🔷, (支払:R:🔶, 配置:R:🔷, モラモーラ:🔷) -> eval: +0.3474
    [174] SUMMON | コスト🔶, 配置コア🔷🔷, (支払:R:🔶, 配置:モラモーラ:🔷🔷) -> eval: +0.3431
    [175] SUMMON | コスト🔷, 配置コア🔷🔷🔷, (支払:R:🔷, 配置:R:🔷🔷🔷) -> eval: +0.3818
    [176] SUMMON | コスト🔷, 配置コア🔷🔷🔷, (支払:モラモーラ:🔷, 配置:R:🔷🔷🔷) -> eval: +0.3546
    [177] SUMMON | コスト🔷, 配置コア🔷🔷🔷, (支払:モラモーラ:🔷, 配置:R:🔷🔷, モラモーラ:🔷) -> eval: +0.3496
    [178] SUMMON | コスト🔷, 配置コア🔷🔷🔷 ⚠️モラモーラ消滅, (支払:モラモーラ:🔷, 配置:R:🔷, モラモーラ:🔷🔷) -> eval: +0.1157
    [179] SUMMON | コスト🔷, 配置コア🔷🔷🔶, (支払:R:🔷, 配置:R:🔷🔷🔶) -> eval: +0.3825
    [180] SUMMON | コスト🔷, 配置コア🔷🔷🔶, (支払:モラモーラ:🔷, 配置:R:🔷🔷🔶) -> eval: +0.3591
    [181] SUMMON | コスト🔷, 配置コア🔷🔷🔶, (支払:モラモーラ:🔷, 配置:R:🔷🔶, モラモーラ:🔷) -> eval: +0.3555
    [182] SUMMON | コスト🔷, 配置コア🔷🔷🔶 ⚠️モラモーラ消滅, (支払:モラモーラ:🔷, 配置:R:🔶, モラモーラ:🔷🔷) -> eval: +0.1046
    [183] SUMMON | コスト🔶, 配置コア🔷🔷🔷, (支払:R:🔶, 配置:R:🔷🔷🔷) -> eval: +0.3818
    [184] SUMMON | コスト🔶, 配置コア🔷🔷🔷, (支払:R:🔶, 配置:R:🔷🔷, モラモーラ:🔷) -> eval: +0.3546
    [185] SUMMON | コスト🔶, 配置コア🔷🔷🔷, (支払:R:🔶, 配置:R:🔷, モラモーラ:🔷🔷) -> eval: +0.3496
    [186] SUMMON | コスト🔶, 配置コア🔷🔷🔷 ⚠️モラモーラ消滅, (支払:R:🔶, 配置:モラモーラ:🔷🔷🔷) -> eval: +0.1157
    [187] SUMMON | コスト🔷, 配置コア🔷🔷🔷🔷, (支払:R:🔷, 配置:R:🔷🔷🔷🔷) -> eval: +0.3911
    [188] SUMMON | コスト🔷, 配置コア🔷🔷🔷🔷, (支払:モラモーラ:🔷, 配置:R:🔷🔷🔷🔷) -> eval: +0.3629
    [189] SUMMON | コスト🔷, 配置コア🔷🔷🔷🔷, (支払:モラモーラ:🔷, 配置:R:🔷🔷🔷, モラモーラ:🔷) -> eval: +0.3571
    [190] SUMMON | コスト🔷, 配置コア🔷🔷🔷🔷 ⚠️モラモーラ消滅, (支払:モラモーラ:🔷, 配置:R:🔷🔷, モラモーラ:🔷🔷) -> eval: +0.1258
    [191] SUMMON | コスト🔷, 配置コア🔷🔷🔷🔶, (支払:R:🔷, 配置:R:🔷🔷🔷🔶) -> eval: +0.3899
    [192] SUMMON | コスト🔷, 配置コア🔷🔷🔷🔶, (支払:モラモーラ:🔷, 配置:R:🔷🔷🔷🔶) -> eval: +0.3654
    [193] SUMMON | コスト🔷, 配置コア🔷🔷🔷🔶, (支払:モラモーラ:🔷, 配置:R:🔷🔷🔶, モラモーラ:🔷) -> eval: +0.3610
    [194] SUMMON | コスト🔷, 配置コア🔷🔷🔷🔶 ⚠️モラモーラ消滅, (支払:モラモーラ:🔷, 配置:R:🔷🔶, モラモーラ:🔷🔷) -> eval: +0.1137
    [195] SUMMON | コスト🔶, 配置コア🔷🔷🔷🔷, (支払:R:🔶, 配置:R:🔷🔷🔷🔷) -> eval: +0.3911
    [196] SUMMON | コスト🔶, 配置コア🔷🔷🔷🔷, (支払:R:🔶, 配置:R:🔷🔷🔷, モラモーラ:🔷) -> eval: +0.3629
    [197] SUMMON | コスト🔶, 配置コア🔷🔷🔷🔷, (支払:R:🔶, 配置:R:🔷🔷, モラモーラ:🔷🔷) -> eval: +0.3571
    [198] SUMMON | コスト🔶, 配置コア🔷🔷🔷🔷 ⚠️モラモーラ消滅, (支払:R:🔶, 配置:R:🔷, モラモーラ:🔷🔷🔷) -> eval: +0.1258
    [199] SUMMON | コスト🔷, 配置コア🔷🔷🔷🔷🔷, (支払:モラモーラ:🔷, 配置:R:🔷🔷🔷🔷🔷) -> eval: +0.3724
    [200] SUMMON | コスト🔷, 配置コア🔷🔷🔷🔷🔷, (支払:モラモーラ:🔷, 配置:R:🔷🔷🔷🔷, モラモーラ:🔷) -> eval: +0.3657
    [201] SUMMON | コスト🔷, 配置コア🔷🔷🔷🔷🔷 ⚠️モラモーラ消滅, (支払:モラモーラ:🔷, 配置:R:🔷🔷🔷, モラモーラ:🔷🔷) -> eval: +0.1375
    [202] SUMMON | コスト🔷, 配置コア🔷🔷🔷🔷🔶, (支払:R:🔷, 配置:R:🔷🔷🔷🔷🔶) -> eval: +0.3984
    [203] SUMMON | コスト🔷, 配置コア🔷🔷🔷🔷🔶, (支払:モラモーラ:🔷, 配置:R:🔷🔷🔷🔷🔶) -> eval: +0.3729
    [204] SUMMON | コスト🔷, 配置コア🔷🔷🔷🔷🔶, (支払:モラモーラ:🔷, 配置:R:🔷🔷🔷🔶, モラモーラ:🔷) -> eval: +0.3676
    [205] SUMMON | コスト🔷, 配置コア🔷🔷🔷🔷🔶 ⚠️モラモーラ消滅, (支払:モラモーラ:🔷, 配置:R:🔷🔷🔶, モラモーラ:🔷🔷) -> eval: +0.1243
    [206] SUMMON | コスト🔶, 配置コア🔷🔷🔷🔷🔷, (支払:R:🔶, 配置:R:🔷🔷🔷🔷🔷) -> eval: +0.4015
    [207] SUMMON | コスト🔶, 配置コア🔷🔷🔷🔷🔷, (支払:R:🔶, 配置:R:🔷🔷🔷🔷, モラモーラ:🔷) -> eval: +0.3724
    [208] SUMMON | コスト🔶, 配置コア🔷🔷🔷🔷🔷, (支払:R:🔶, 配置:R:🔷🔷🔷, モラモーラ:🔷🔷) -> eval: +0.3657
    [209] SUMMON | コスト🔶, 配置コア🔷🔷🔷🔷🔷 ⚠️モラモーラ消滅, (支払:R:🔶, 配置:R:🔷🔷, モラモーラ:🔷🔷🔷) -> eval: +0.1375
    [210] SUMMON | コスト🔷, 配置コア🔷🔷🔷🔷🔷🔷, (支払:モラモーラ:🔷, 配置:R:🔷🔷🔷🔷🔷, モラモーラ:🔷) -> eval: +0.3755
    [211] SUMMON | コスト🔷, 配置コア🔷🔷🔷🔷🔷🔷 ⚠️モラモーラ消滅, (支払:モラモーラ:🔷, 配置:R:🔷🔷🔷🔷, モラモーラ:🔷🔷) -> eval: +0.1505
    [212] SUMMON | コスト🔷, 配置コア🔷🔷🔷🔷🔷🔶, (支払:モラモーラ:🔷, 配置:R:🔷🔷🔷🔷🔷🔶) -> eval: +0.3816
    [213] SUMMON | コスト🔷, 配置コア🔷🔷🔷🔷🔷🔶, (支払:モラモーラ:🔷, 配置:R:🔷🔷🔷🔷🔶, モラモーラ:🔷) -> eval: +0.3754
    [214] SUMMON | コスト🔷, 配置コア🔷🔷🔷🔷🔷🔶 ⚠️モラモーラ消滅, (支払:モラモーラ:🔷, 配置:R:🔷🔷🔷🔶, モラモーラ:🔷🔷) -> eval: +0.1364
    [215] SUMMON | コスト🔶, 配置コア🔷🔷🔷🔷🔷🔷, (支払:R:🔶, 配置:R:🔷🔷🔷🔷🔷, モラモーラ:🔷) -> eval: +0.3829
    [216] SUMMON | コスト🔶, 配置コア🔷🔷🔷🔷🔷🔷, (支払:R:🔶, 配置:R:🔷🔷🔷🔷, モラモーラ:🔷🔷) -> eval: +0.3755
    [217] SUMMON | コスト🔶, 配置コア🔷🔷🔷🔷🔷🔷 ⚠️モラモーラ消滅, (支払:R:🔶, 配置:R:🔷🔷🔷, モラモーラ:🔷🔷🔷) -> eval: +0.1505
    [218] SUMMON | コスト🔷, 配置コア🔷🔷🔷🔷🔷🔷🔷 ⚠️モラモーラ消滅, (支払:モラモーラ:🔷, 配置:R:🔷🔷🔷🔷🔷, モラモーラ:🔷🔷) -> eval: +0.1649
    [219] SUMMON | コスト🔷, 配置コア🔷🔷🔷🔷🔷🔷🔶, (支払:モラモーラ:🔷, 配置:R:🔷🔷🔷🔷🔷🔶, モラモーラ:🔷) -> eval: +0.3844
    [220] SUMMON | コスト🔷, 配置コア🔷🔷🔷🔷🔷🔷🔶 ⚠️モラモーラ消滅, (支払:モラモーラ:🔷, 配置:R:🔷🔷🔷🔷🔶, モラモーラ:🔷🔷) -> eval: +0.1500
    [221] SUMMON | コスト🔶, 配置コア🔷🔷🔷🔷🔷🔷🔷, (支払:R:🔶, 配置:R:🔷🔷🔷🔷🔷, モラモーラ:🔷🔷) -> eval: +0.3864
    [222] SUMMON | コスト🔶, 配置コア🔷🔷🔷🔷🔷🔷🔷 ⚠️モラモーラ消滅, (支払:R:🔶, 配置:R:🔷🔷🔷🔷, モラモーラ:🔷🔷🔷) -> eval: +0.1649
    [223] SUMMON | コスト🔷, 配置コア🔷🔷🔷🔷🔷🔷🔷🔶 ⚠️モラモーラ消滅, (支払:モラモーラ:🔷, 配置:R:🔷🔷🔷🔷🔷🔶, モラモーラ:🔷🔷) -> eval: +0.1649
    [224] SUMMON | コスト🔶, 配置コア🔷🔷🔷🔷🔷🔷🔷🔷 ⚠️モラモーラ消滅, (支払:R:🔶, 配置:R:🔷🔷🔷🔷🔷, モラモーラ:🔷🔷🔷) -> eval: +0.1806
    [225] SUMMON | コスト🔷, 配置コア🔷, (支払:R:🔷, 配置:R:🔷) -> eval: +0.3999
    [226] SUMMON | コスト🔷, 配置コア🔷, (支払:モラモーラ:🔷, 配置:R:🔷) -> eval: +0.3781
    [227] SUMMON | コスト🔷, 配置コア🔷, (支払:モラモーラ:🔷, 配置:モラモーラ:🔷) -> eval: +0.3741
    [228] SUMMON | コスト🔷, 配置コア🔶, (支払:R:🔷, 配置:R:🔶) -> eval: +0.4006
    [229] SUMMON | コスト🔷, 配置コア🔶, (支払:モラモーラ:🔷, 配置:R:🔶) -> eval: +0.3805
    [230] SUMMON | コスト🔶, 配置コア🔷, (支払:R:🔶, 配置:R:🔷) -> eval: +0.3999
    [231] SUMMON | コスト🔶, 配置コア🔷, (支払:R:🔶, 配置:モラモーラ:🔷) -> eval: +0.3781
    [232] SUMMON | コスト🔷, 配置コア🔷🔷, (支払:R:🔷, 配置:R:🔷🔷) -> eval: +0.4067
    [233] SUMMON | コスト🔷, 配置コア🔷🔷, (支払:モラモーラ:🔷, 配置:R:🔷🔷) -> eval: +0.3839
    [234] SUMMON | コスト🔷, 配置コア🔷🔷, (支払:モラモーラ:🔷, 配置:R:🔷, モラモーラ:🔷) -> eval: +0.3792
    [235] SUMMON | コスト🔷, 配置コア🔷🔷 ⚠️モラモーラ消滅, (支払:モラモーラ:🔷, 配置:モラモーラ:🔷🔷) -> eval: +0.1437
    [236] SUMMON | コスト🔷, 配置コア🔷🔶, (支払:R:🔷, 配置:R:🔷🔶) -> eval: +0.4046
    [237] SUMMON | コスト🔷, 配置コア🔷🔶, (支払:モラモーラ:🔷, 配置:R:🔷🔶) -> eval: +0.3835
    [238] SUMMON | コスト🔷, 配置コア🔷🔶, (支払:モラモーラ:🔷, 配置:R:🔶, モラモーラ:🔷) -> eval: +0.3805
    [239] SUMMON | コスト🔶, 配置コア🔷🔷, (支払:R:🔶, 配置:R:🔷🔷) -> eval: +0.4067
    [240] SUMMON | コスト🔶, 配置コア🔷🔷, (支払:R:🔶, 配置:R:🔷, モラモーラ:🔷) -> eval: +0.3839
    [241] SUMMON | コスト🔶, 配置コア🔷🔷, (支払:R:🔶, 配置:モラモーラ:🔷🔷) -> eval: +0.3792
    [242] SUMMON | コスト🔷, 配置コア🔷🔷🔷, (支払:R:🔷, 配置:R:🔷🔷🔷) -> eval: +0.4397
    [243] SUMMON | コスト🔷, 配置コア🔷🔷🔷, (支払:モラモーラ:🔷, 配置:R:🔷🔷🔷) -> eval: +0.4194
    [244] SUMMON | コスト🔷, 配置コア🔷🔷🔷, (支払:モラモーラ:🔷, 配置:R:🔷🔷, モラモーラ:🔷) -> eval: +0.4138
    [245] SUMMON | コスト🔷, 配置コア🔷🔷🔷 ⚠️モラモーラ消滅, (支払:モラモーラ:🔷, 配置:R:🔷, モラモーラ:🔷🔷) -> eval: +0.1767
    [246] SUMMON | コスト🔷, 配置コア🔷🔷🔶, (支払:R:🔷, 配置:R:🔷🔷🔶) -> eval: +0.4220
    [247] SUMMON | コスト🔷, 配置コア🔷🔷🔶, (支払:モラモーラ:🔷, 配置:R:🔷🔷🔶) -> eval: +0.4023
    [248] SUMMON | コスト🔷, 配置コア🔷🔷🔶, (支払:モラモーラ:🔷, 配置:R:🔷🔶, モラモーラ:🔷) -> eval: +0.3979
    [249] SUMMON | コスト🔷, 配置コア🔷🔷🔶 ⚠️モラモーラ消滅, (支払:モラモーラ:🔷, 配置:R:🔶, モラモーラ:🔷🔷) -> eval: +0.1415
    [250] SUMMON | コスト🔶, 配置コア🔷🔷🔷, (支払:R:🔶, 配置:R:🔷🔷🔷) -> eval: +0.4397
    [251] SUMMON | コスト🔶, 配置コア🔷🔷🔷, (支払:R:🔶, 配置:R:🔷🔷, モラモーラ:🔷) -> eval: +0.4194
    [252] SUMMON | コスト🔶, 配置コア🔷🔷🔷, (支払:R:🔶, 配置:R:🔷, モラモーラ:🔷🔷) -> eval: +0.4138
    [253] SUMMON | コスト🔶, 配置コア🔷🔷🔷 ⚠️モラモーラ消滅, (支払:R:🔶, 配置:モラモーラ:🔷🔷🔷) -> eval: +0.1767
    [254] SUMMON | コスト🔷, 配置コア🔷🔷🔷🔷, (支払:R:🔷, 配置:R:🔷🔷🔷🔷) -> eval: +0.4489
    [255] SUMMON | コスト🔷, 配置コア🔷🔷🔷🔷, (支払:モラモーラ:🔷, 配置:R:🔷🔷🔷🔷) -> eval: +0.4278
    [256] SUMMON | コスト🔷, 配置コア🔷🔷🔷🔷, (支払:モラモーラ:🔷, 配置:R:🔷🔷🔷, モラモーラ:🔷) -> eval: +0.4214
    [257] SUMMON | コスト🔷, 配置コア🔷🔷🔷🔷 ⚠️モラモーラ消滅, (支払:モラモーラ:🔷, 配置:R:🔷🔷, モラモーラ:🔷🔷) -> eval: +0.1879
    [258] SUMMON | コスト🔷, 配置コア🔷🔷🔷🔶, (支払:R:🔷, 配置:R:🔷🔷🔷🔶) -> eval: +0.4291
    [259] SUMMON | コスト🔷, 配置コア🔷🔷🔷🔶, (支払:モラモーラ:🔷, 配置:R:🔷🔷🔷🔶) -> eval: +0.4084
    [260] SUMMON | コスト🔷, 配置コア🔷🔷🔷🔶, (支払:モラモーラ:🔷, 配置:R:🔷🔷🔶, モラモーラ:🔷) -> eval: +0.4033
    [261] SUMMON | コスト🔷, 配置コア🔷🔷🔷🔶 ⚠️モラモーラ消滅, (支払:モラモーラ:🔷, 配置:R:🔷🔶, モラモーラ:🔷🔷) -> eval: +0.1507
    [262] SUMMON | コスト🔶, 配置コア🔷🔷🔷🔷, (支払:R:🔶, 配置:R:🔷🔷🔷🔷) -> eval: +0.4489
    [263] SUMMON | コスト🔶, 配置コア🔷🔷🔷🔷, (支払:R:🔶, 配置:R:🔷🔷🔷, モラモーラ:🔷) -> eval: +0.4278
    [264] SUMMON | コスト🔶, 配置コア🔷🔷🔷🔷, (支払:R:🔶, 配置:R:🔷🔷, モラモーラ:🔷🔷) -> eval: +0.4214
    [265] SUMMON | コスト🔶, 配置コア🔷🔷🔷🔷 ⚠️モラモーラ消滅, (支払:R:🔶, 配置:R:🔷, モラモーラ:🔷🔷🔷) -> eval: +0.1879
    [266] SUMMON | コスト🔷, 配置コア🔷🔷🔷🔷🔷, (支払:モラモーラ:🔷, 配置:R:🔷🔷🔷🔷🔷) -> eval: +0.4370
    [267] SUMMON | コスト🔷, 配置コア🔷🔷🔷🔷🔷, (支払:モラモーラ:🔷, 配置:R:🔷🔷🔷🔷, モラモーラ:🔷) -> eval: +0.4300
    [268] SUMMON | コスト🔷, 配置コア🔷🔷🔷🔷🔷 ⚠️モラモーラ消滅, (支払:モラモーラ:🔷, 配置:R:🔷🔷🔷, モラモーラ:🔷🔷) -> eval: +0.2003
    [269] SUMMON | コスト🔷, 配置コア🔷🔷🔷🔷🔶, (支払:R:🔷, 配置:R:🔷🔷🔷🔷🔶) -> eval: +0.4372
    [270] SUMMON | コスト🔷, 配置コア🔷🔷🔷🔷🔶, (支払:モラモーラ:🔷, 配置:R:🔷🔷🔷🔷🔶) -> eval: +0.4156
    [271] SUMMON | コスト🔷, 配置コア🔷🔷🔷🔷🔶, (支払:モラモーラ:🔷, 配置:R:🔷🔷🔷🔶, モラモーラ:🔷) -> eval: +0.4096
    [272] SUMMON | コスト🔷, 配置コア🔷🔷🔷🔷🔶 ⚠️モラモーラ消滅, (支払:モラモーラ:🔷, 配置:R:🔷🔷🔶, モラモーラ:🔷🔷) -> eval: +0.1614
    [273] SUMMON | コスト🔶, 配置コア🔷🔷🔷🔷🔷, (支払:R:🔶, 配置:R:🔷🔷🔷🔷🔷) -> eval: +0.4590
    [274] SUMMON | コスト🔶, 配置コア🔷🔷🔷🔷🔷, (支払:R:🔶, 配置:R:🔷🔷🔷🔷, モラモーラ:🔷) -> eval: +0.4370
    [275] SUMMON | コスト🔶, 配置コア🔷🔷🔷🔷🔷, (支払:R:🔶, 配置:R:🔷🔷🔷, モラモーラ:🔷🔷) -> eval: +0.4300
    [276] SUMMON | コスト🔶, 配置コア🔷🔷🔷🔷🔷 ⚠️モラモーラ消滅, (支払:R:🔶, 配置:R:🔷🔷, モラモーラ:🔷🔷🔷) -> eval: +0.2003
    [277] SUMMON | コスト🔷, 配置コア🔷🔷🔷🔷🔷🔷, (支払:モラモーラ:🔷, 配置:R:🔷🔷🔷🔷🔷, モラモーラ:🔷) -> eval: +0.4395
    [278] SUMMON | コスト🔷, 配置コア🔷🔷🔷🔷🔷🔷 ⚠️モラモーラ消滅, (支払:モラモーラ:🔷, 配置:R:🔷🔷🔷🔷, モラモーラ:🔷🔷) -> eval: +0.2139
    [279] SUMMON | コスト🔷, 配置コア🔷🔷🔷🔷🔷🔶, (支払:モラモーラ:🔷, 配置:R:🔷🔷🔷🔷🔷🔶) -> eval: +0.4238
    [280] SUMMON | コスト🔷, 配置コア🔷🔷🔷🔷🔷🔶, (支払:モラモーラ:🔷, 配置:R:🔷🔷🔷🔷🔶, モラモーラ:🔷) -> eval: +0.4170
    [281] SUMMON | コスト🔷, 配置コア🔷🔷🔷🔷🔷🔶 ⚠️モラモーラ消滅, (支払:モラモーラ:🔷, 配置:R:🔷🔷🔷🔶, モラモーラ:🔷🔷) -> eval: +0.1735
    [282] SUMMON | コスト🔶, 配置コア🔷🔷🔷🔷🔷🔷, (支払:R:🔶, 配置:R:🔷🔷🔷🔷🔷, モラモーラ:🔷) -> eval: +0.4472
    [283] SUMMON | コスト🔶, 配置コア🔷🔷🔷🔷🔷🔷, (支払:R:🔶, 配置:R:🔷🔷🔷🔷, モラモーラ:🔷🔷) -> eval: +0.4395
    [284] SUMMON | コスト🔶, 配置コア🔷🔷🔷🔷🔷🔷 ⚠️モラモーラ消滅, (支払:R:🔶, 配置:R:🔷🔷🔷, モラモーラ:🔷🔷🔷) -> eval: +0.2139
    [285] SUMMON | コスト🔷, 配置コア🔷🔷🔷🔷🔷🔷🔷 ⚠️モラモーラ消滅, (支払:モラモーラ:🔷, 配置:R:🔷🔷🔷🔷🔷, モラモーラ:🔷🔷) -> eval: +0.2286
    [286] SUMMON | コスト🔷, 配置コア🔷🔷🔷🔷🔷🔷🔶, (支払:モラモーラ:🔷, 配置:R:🔷🔷🔷🔷🔷🔶, モラモーラ:🔷) -> eval: +0.4255
    [287] SUMMON | コスト🔷, 配置コア🔷🔷🔷🔷🔷🔷🔶 ⚠️モラモーラ消滅, (支払:モラモーラ:🔷, 配置:R:🔷🔷🔷🔷🔶, モラモーラ:🔷🔷) -> eval: +0.1869
    [288] SUMMON | コスト🔶, 配置コア🔷🔷🔷🔷🔷🔷🔷, (支払:R:🔶, 配置:R:🔷🔷🔷🔷🔷, モラモーラ:🔷🔷) -> eval: +0.4498
    [289] SUMMON | コスト🔶, 配置コア🔷🔷🔷🔷🔷🔷🔷 ⚠️モラモーラ消滅, (支払:R:🔶, 配置:R:🔷🔷🔷🔷, モラモーラ:🔷🔷🔷) -> eval: +0.2286
    [290] SUMMON | コスト🔷, 配置コア🔷🔷🔷🔷🔷🔷🔷🔶 ⚠️モラモーラ消滅, (支払:モラモーラ:🔷, 配置:R:🔷🔷🔷🔷🔷🔶, モラモーラ:🔷🔷) -> eval: +0.2016
    [291] SUMMON | コスト🔶, 配置コア🔷🔷🔷🔷🔷🔷🔷🔷 ⚠️モラモーラ消滅, (支払:R:🔶, 配置:R:🔷🔷🔷🔷🔷, モラモーラ:🔷🔷🔷) -> eval: +0.2442
    [292] MOVE_CORE | 🔷を移動 -> eval: +0.3581
    [293] MOVE_CORE | 🔶を移動 -> eval: +0.3579
    [294] MOVE_CORE | 🔷🔷を移動 -> eval: +0.3592
    [295] MOVE_CORE | 🔷🔶を移動 -> eval: +0.3508
    [296] MOVE_CORE | 🔷🔷🔷を移動 -> eval: +0.3644
    [297] MOVE_CORE | 🔷🔷🔶を移動 -> eval: +0.3537
    [298] MOVE_CORE | 🔷🔷🔷🔷を移動 -> eval: +0.3708
    [299] MOVE_CORE | 🔷🔷🔷🔶を移動 -> eval: +0.3578
    [300] MOVE_CORE | 🔷🔷🔷🔷🔷を移動 -> eval: +0.3783
    [301] MOVE_CORE | 🔷🔷🔷🔷🔶を移動 -> eval: +0.3631
    [302] MOVE_CORE | 🔷🔷🔷🔷🔷🔶を移動 -> eval: +0.3698
    [303] MOVE_CORE | 🔷を移動 -> eval: +0.3620
    [304] MOVE_CORE | 🔶を移動 -> eval: +0.3413
    [305] MOVE_CORE | 🔷🔷を移動 -> eval: +0.3688
    [306] MOVE_CORE | 🔷🔶を移動 -> eval: +0.3457
    [307] MOVE_CORE | 🔷🔷🔷を移動 -> eval: +0.3766
    [308] MOVE_CORE | 🔷🔷🔶を移動 -> eval: +0.3511
    [309] MOVE_CORE | 🔷🔷🔷🔷を移動 -> eval: +0.3855
    [310] MOVE_CORE | 🔷🔷🔷🔶を移動 -> eval: +0.3577
    [311] MOVE_CORE | 🔷🔷🔷🔷🔷を移動 -> eval: +0.3954
    [312] MOVE_CORE | 🔷🔷🔷🔷🔶を移動 -> eval: +0.3655
    [313] MOVE_CORE | 🔷🔷🔷🔷🔷🔶を移動 -> eval: +0.3746
    [314] MOVE_CORE | 🔶 ⇄ 🔷 を交換 -> eval: +0.3379
    [315] MOVE_CORE | 🔷を移動 -> eval: +0.3174
    [316] MOVE_CORE | 🔷🔷を移動 -> eval: +0.3141
    [317] MOVE_CORE | 🔷🔷🔷を移動 ⚠️モラモーラ消滅 -> eval: +0.0627
    [318] MOVE_CORE | 🔷を移動 -> eval: +0.3186
    [319] MOVE_CORE | 🔷🔷を移動 -> eval: +0.3152
    [320] MOVE_CORE | 🔷🔷🔷を移動 ⚠️モラモーラ消滅 -> eval: +0.0803
  ステップ終了評価: +0.3561
  => 選択: SUMMON | コスト🔶, 配置コア🔷🔷🔷🔷🔷, (支払:R:🔶, 配置:R:🔷🔷🔷🔷🔷) (eval: +0.4590 > 終了評価 +0.3561)
     効果/結果: 🎴 「ストラレイ」を召喚 (コスト1をトラッシュへ)

Turn 5 | 手数 27 | 手番: P1(run2_run3.kann.weight) | メインステップ
  盤面:
    P1: Life:2, Reserve:0, Hand:4枚, Field:[水泡群域(Lv1,コア0), モラモーラ(Lv2,コア3), ストラレイ(Lv2,コア5)]
    P2: Life:4, Reserve:0, Hand:4枚, Field:[ラスヘッド(Lv1,コア1), 深巣ダンテクレオ(Lv2,コア1s)]
  候補行動 (100件):
    [0] SUMMON | コスト🔷🔷🔷, 配置コア🔷 ⚠️モラモーラ消滅, (支払:モラモーラ:🔷🔷, ストラレイ:🔷, 配置:モラモーラ:🔷) -> eval: +0.2840
    [1] SUMMON | コスト🔷🔷🔷, 配置コア🔷, (支払:モラモーラ:🔷, ストラレイ:🔷🔷, 配置:モラモーラ:🔷) -> eval: +0.4747
    [2] SUMMON | コスト🔷🔷🔷, 配置コア🔷, (支払:ストラレイ:🔷🔷🔷, 配置:モラモーラ:🔷) -> eval: +0.4618
    [3] SUMMON | コスト🔷🔷🔷, 配置コア🔷, (支払:ストラレイ:🔷🔷🔷, 配置:ストラレイ:🔷) -> eval: +0.4714
    [4] SUMMON | コスト🔷🔷🔷, 配置コア🔷🔷 ⚠️モラモーラ消滅, (支払:モラモーラ:🔷, ストラレイ:🔷🔷, 配置:モラモーラ:🔷🔷) -> eval: +0.2834
    [5] SUMMON | コスト🔷🔷🔷, 配置コア🔷🔷, (支払:ストラレイ:🔷🔷🔷, 配置:モラモーラ:🔷🔷) -> eval: +0.4631
    [6] SUMMON | コスト🔷🔷🔷, 配置コア🔷🔷, (支払:ストラレイ:🔷🔷🔷, 配置:モラモーラ:🔷, ストラレイ:🔷) -> eval: +0.4628
    [7] SUMMON | コスト🔷🔷🔷, 配置コア🔷🔷 ⚠️ストラレイ消滅, (支払:ストラレイ:🔷🔷🔷, 配置:ストラレイ:🔷🔷) -> eval: +0.2877
    [8] SUMMON | コスト🔷🔷🔷, 配置コア🔷🔷🔷 ⚠️モラモーラ消滅, (支払:ストラレイ:🔷🔷🔷, 配置:モラモーラ:🔷🔷🔷) -> eval: +0.2692
    [9] SUMMON | コスト🔷🔷🔷, 配置コア🔷🔷🔷, (支払:ストラレイ:🔷🔷🔷, 配置:モラモーラ:🔷🔷, ストラレイ:🔷) -> eval: +0.4643
    [10] SUMMON | コスト🔷🔷🔷, 配置コア🔷🔷🔷 ⚠️ストラレイ消滅, (支払:ストラレイ:🔷🔷🔷, 配置:モラモーラ:🔷, ストラレイ:🔷🔷) -> eval: +0.2740
    [11] SUMMON | コスト🔷🔷🔷, 配置コア🔷🔷🔷🔷 ⚠️モラモーラ消滅, (支払:ストラレイ:🔷🔷🔷, 配置:モラモーラ:🔷🔷🔷, ストラレイ:🔷) -> eval: +0.2702
    [12] SUMMON | コスト🔷🔷🔷, 配置コア🔷🔷🔷🔷 ⚠️ストラレイ消滅, (支払:ストラレイ:🔷🔷🔷, 配置:モラモーラ:🔷🔷, ストラレイ:🔷🔷) -> eval: +0.2749
    [13] SUMMON | コスト🔷🔷🔷, 配置コア🔷🔷🔷🔷🔷 ⚠️モラモーラ・ストラレイ消滅, (支払:ストラレイ:🔷🔷🔷, 配置:モラモーラ:🔷🔷🔷, ストラレイ:🔷🔷) -> eval: +0.1517
    [14] SUMMON | コスト🔷, 配置コア🔷, (支払:モラモーラ:🔷, 配置:モラモーラ:🔷) -> eval: +0.4460
    [15] SUMMON | コスト🔷, 配置コア🔷, (支払:ストラレイ:🔷, 配置:モラモーラ:🔷) -> eval: +0.4448
    [16] SUMMON | コスト🔷, 配置コア🔷, (支払:ストラレイ:🔷, 配置:ストラレイ:🔷) -> eval: +0.4533
    [17] SUMMON | コスト🔷, 配置コア🔷🔷 ⚠️モラモーラ消滅, (支払:モラモーラ:🔷, 配置:モラモーラ:🔷🔷) -> eval: +0.2550
    [18] SUMMON | コスト🔷, 配置コア🔷🔷, (支払:ストラレイ:🔷, 配置:モラモーラ:🔷🔷) -> eval: +0.4463
    [19] SUMMON | コスト🔷, 配置コア🔷🔷, (支払:ストラレイ:🔷, 配置:モラモーラ:🔷, ストラレイ:🔷) -> eval: +0.4452
    [20] SUMMON | コスト🔷, 配置コア🔷🔷, (支払:ストラレイ:🔷, 配置:ストラレイ:🔷🔷) -> eval: +0.4404
    [21] SUMMON | コスト🔷, 配置コア🔷🔷🔷 ⚠️モラモーラ消滅, (支払:ストラレイ:🔷, 配置:モラモーラ:🔷🔷🔷) -> eval: +0.2709
    [22] SUMMON | コスト🔷, 配置コア🔷🔷🔷, (支払:ストラレイ:🔷, 配置:モラモーラ:🔷🔷, ストラレイ:🔷) -> eval: +0.4666
    [23] SUMMON | コスト🔷, 配置コア🔷🔷🔷, (支払:ストラレイ:🔷, 配置:モラモーラ:🔷, ストラレイ:🔷🔷) -> eval: +0.4525
    [24] SUMMON | コスト🔷, 配置コア🔷🔷🔷, (支払:ストラレイ:🔷, 配置:ストラレイ:🔷🔷🔷) -> eval: +0.4629
    [25] SUMMON | コスト🔷, 配置コア🔷🔷🔷🔷 ⚠️モラモーラ消滅, (支払:ストラレイ:🔷, 配置:モラモーラ:🔷🔷🔷, ストラレイ:🔷) -> eval: +0.2714
    [26] SUMMON | コスト🔷, 配置コア🔷🔷🔷🔷, (支払:ストラレイ:🔷, 配置:モラモーラ:🔷🔷, ストラレイ:🔷🔷) -> eval: +0.4547
    [27] SUMMON | コスト🔷, 配置コア🔷🔷🔷🔷, (支払:ストラレイ:🔷, 配置:モラモーラ:🔷, ストラレイ:🔷🔷🔷) -> eval: +0.4546
    [28] SUMMON | コスト🔷, 配置コア🔷🔷🔷🔷 ⚠️ストラレイ消滅, (支払:ストラレイ:🔷, 配置:ストラレイ:🔷🔷🔷🔷) -> eval: +0.2760
    [29] SUMMON | コスト🔷, 配置コア🔷🔷🔷🔷🔷 ⚠️モラモーラ消滅, (支払:ストラレイ:🔷, 配置:モラモーラ:🔷🔷🔷, ストラレイ:🔷🔷) -> eval: +0.2576
    [30] SUMMON | コスト🔷, 配置コア🔷🔷🔷🔷🔷, (支払:ストラレイ:🔷, 配置:モラモーラ:🔷🔷, ストラレイ:🔷🔷🔷) -> eval: +0.4570
    [31] SUMMON | コスト🔷, 配置コア🔷🔷🔷🔷🔷 ⚠️ストラレイ消滅, (支払:ストラレイ:🔷, 配置:モラモーラ:🔷, ストラレイ:🔷🔷🔷🔷) -> eval: +0.2627
    [32] SUMMON | コスト🔷, 配置コア🔷🔷🔷🔷🔷🔷 ⚠️モラモーラ消滅, (支払:ストラレイ:🔷, 配置:モラモーラ:🔷🔷🔷, ストラレイ:🔷🔷🔷) -> eval: +0.2598
    [33] SUMMON | コスト🔷, 配置コア🔷🔷🔷🔷🔷🔷 ⚠️ストラレイ消滅, (支払:ストラレイ:🔷, 配置:モラモーラ:🔷🔷, ストラレイ:🔷🔷🔷🔷) -> eval: +0.2648
    [34] SUMMON | コスト🔷, 配置コア🔷🔷🔷🔷🔷🔷🔷 ⚠️モラモーラ・ストラレイ消滅, (支払:ストラレイ:🔷, 配置:モラモーラ:🔷🔷🔷, ストラレイ:🔷🔷🔷🔷) -> eval: +0.1408
    [35] SUMMON | コスト🔷🔷, 配置コア🔷 ⚠️モラモーラ消滅, (支払:モラモーラ:🔷🔷, 配置:モラモーラ:🔷) -> eval: +0.2910
    [36] SUMMON | コスト🔷🔷, 配置コア🔷, (支払:モラモーラ:🔷, ストラレイ:🔷, 配置:モラモーラ:🔷) -> eval: +0.4783
    [37] SUMMON | コスト🔷🔷, 配置コア🔷, (支払:ストラレイ:🔷🔷, 配置:モラモーラ:🔷) -> eval: +0.4772
    [38] SUMMON | コスト🔷🔷, 配置コア🔷, (支払:ストラレイ:🔷🔷, 配置:ストラレイ:🔷) -> eval: +0.4741
    [39] SUMMON | コスト🔷🔷, 配置コア🔷🔷 ⚠️モラモーラ消滅, (支払:モラモーラ:🔷, ストラレイ:🔷, 配置:モラモーラ:🔷🔷) -> eval: +0.2902
    [40] SUMMON | コスト🔷🔷, 配置コア🔷🔷, (支払:ストラレイ:🔷🔷, 配置:モラモーラ:🔷🔷) -> eval: +0.4786
    [41] SUMMON | コスト🔷🔷, 配置コア🔷🔷, (支払:ストラレイ:🔷🔷, 配置:モラモーラ:🔷, ストラレイ:🔷) -> eval: +0.4654
    [42] SUMMON | コスト🔷🔷, 配置コア🔷🔷, (支払:ストラレイ:🔷🔷, 配置:ストラレイ:🔷🔷) -> eval: +0.4751
    [43] SUMMON | コスト🔷🔷, 配置コア🔷🔷🔷 ⚠️モラモーラ消滅, (支払:ストラレイ:🔷🔷, 配置:モラモーラ:🔷🔷🔷) -> eval: +0.2898
    [44] SUMMON | コスト🔷🔷, 配置コア🔷🔷🔷, (支払:ストラレイ:🔷🔷, 配置:モラモーラ:🔷🔷, ストラレイ:🔷) -> eval: +0.4669
    [45] SUMMON | コスト🔷🔷, 配置コア🔷🔷🔷, (支払:ストラレイ:🔷🔷, 配置:モラモーラ:🔷, ストラレイ:🔷🔷) -> eval: +0.4666
    [46] SUMMON | コスト🔷🔷, 配置コア🔷🔷🔷 ⚠️ストラレイ消滅, (支払:ストラレイ:🔷🔷, 配置:ストラレイ:🔷🔷🔷) -> eval: +0.2941
    [47] SUMMON | コスト🔷🔷, 配置コア🔷🔷🔷🔷 ⚠️モラモーラ消滅, (支払:ストラレイ:🔷🔷, 配置:モラモーラ:🔷🔷🔷, ストラレイ:🔷) -> eval: +0.2757
    [48] SUMMON | コスト🔷🔷, 配置コア🔷🔷🔷🔷, (支払:ストラレイ:🔷🔷, 配置:モラモーラ:🔷🔷, ストラレイ:🔷🔷) -> eval: +0.4682
    [49] SUMMON | コスト🔷🔷, 配置コア🔷🔷🔷🔷 ⚠️ストラレイ消滅, (支払:ストラレイ:🔷🔷, 配置:モラモーラ:🔷, ストラレイ:🔷🔷🔷) -> eval: +0.2805
    [50] SUMMON | コスト🔷🔷, 配置コア🔷🔷🔷🔷🔷 ⚠️モラモーラ消滅, (支払:ストラレイ:🔷🔷, 配置:モラモーラ:🔷🔷🔷, ストラレイ:🔷🔷) -> eval: +0.2768
    [51] SUMMON | コスト🔷🔷, 配置コア🔷🔷🔷🔷🔷 ⚠️ストラレイ消滅, (支払:ストラレイ:🔷🔷, 配置:モラモーラ:🔷🔷, ストラレイ:🔷🔷🔷) -> eval: +0.2816
    [52] SUMMON | コスト🔷🔷, 配置コア🔷🔷🔷🔷🔷🔷 ⚠️モラモーラ・ストラレイ消滅, (支払:ストラレイ:🔷🔷, 配置:モラモーラ:🔷🔷🔷, ストラレイ:🔷🔷🔷) -> eval: +0.1592
    [53] SUMMON | コスト🔷, 配置コアなし, (支払:モラモーラ:🔷, 配置:なし) -> eval: +0.4361
    [54] SUMMON | コスト🔷, 配置コアなし, (支払:ストラレイ:🔷, 配置:なし) -> eval: +0.4448
    [55] SUMMON | コスト🔷, 配置コア🔷, (支払:モラモーラ:🔷, 配置:モラモーラ:🔷) -> eval: +0.4379
    [56] SUMMON | コスト🔷, 配置コア🔷, (支払:ストラレイ:🔷, 配置:モラモーラ:🔷) -> eval: +0.4365
    [57] SUMMON | コスト🔷, 配置コア🔷, (支払:ストラレイ:🔷, 配置:ストラレイ:🔷) -> eval: +0.4455
    [58] SUMMON | コスト🔷, 配置コア🔷🔷 ⚠️モラモーラ消滅, (支払:モラモーラ:🔷, 配置:モラモーラ:🔷🔷) -> eval: +0.2455
    [59] SUMMON | コスト🔷, 配置コア🔷🔷, (支払:ストラレイ:🔷, 配置:モラモーラ:🔷🔷) -> eval: +0.4386
    [60] SUMMON | コスト🔷, 配置コア🔷🔷, (支払:ストラレイ:🔷, 配置:モラモーラ:🔷, ストラレイ:🔷) -> eval: +0.4374
    [61] SUMMON | コスト🔷, 配置コア🔷🔷, (支払:ストラレイ:🔷, 配置:ストラレイ:🔷🔷) -> eval: +0.4317
    [62] SUMMON | コスト🔷, 配置コア🔷🔷🔷 ⚠️モラモーラ消滅, (支払:ストラレイ:🔷, 配置:モラモーラ:🔷🔷🔷) -> eval: +0.2453
    [63] SUMMON | コスト🔷, 配置コア🔷🔷🔷, (支払:ストラレイ:🔷, 配置:モラモーラ:🔷🔷, ストラレイ:🔷) -> eval: +0.4396
    [64] SUMMON | コスト🔷, 配置コア🔷🔷🔷, (支払:ストラレイ:🔷, 配置:モラモーラ:🔷, ストラレイ:🔷🔷) -> eval: +0.4215
    [65] SUMMON | コスト🔷, 配置コア🔷🔷🔷, (支払:ストラレイ:🔷, 配置:ストラレイ:🔷🔷🔷) -> eval: +0.4336
    [66] SUMMON | コスト🔷, 配置コア🔷🔷🔷🔷 ⚠️モラモーラ消滅, (支払:ストラレイ:🔷, 配置:モラモーラ:🔷🔷🔷, ストラレイ:🔷) -> eval: +0.2456
    [67] SUMMON | コスト🔷, 配置コア🔷🔷🔷🔷, (支払:ストラレイ:🔷, 配置:モラモーラ:🔷🔷, ストラレイ:🔷🔷) -> eval: +0.4239
    [68] SUMMON | コスト🔷, 配置コア🔷🔷🔷🔷, (支払:ストラレイ:🔷, 配置:モラモーラ:🔷, ストラレイ:🔷🔷🔷) -> eval: +0.4237
    [69] SUMMON | コスト🔷, 配置コア🔷🔷🔷🔷 ⚠️ストラレイ消滅, (支払:ストラレイ:🔷, 配置:ストラレイ:🔷🔷🔷🔷) -> eval: +0.2509
    [70] SUMMON | コスト🔷, 配置コア🔷🔷🔷🔷🔷 ⚠️モラモーラ消滅, (支払:ストラレイ:🔷, 配置:モラモーラ:🔷🔷🔷, ストラレイ:🔷🔷) -> eval: +0.2289
    [71] SUMMON | コスト🔷, 配置コア🔷🔷🔷🔷🔷, (支払:ストラレイ:🔷, 配置:モラモーラ:🔷🔷, ストラレイ:🔷🔷🔷) -> eval: +0.4263
    [72] SUMMON | コスト🔷, 配置コア🔷🔷🔷🔷🔷 ⚠️ストラレイ消滅, (支払:ストラレイ:🔷, 配置:モラモーラ:🔷, ストラレイ:🔷🔷🔷🔷) -> eval: +0.2347
    [73] SUMMON | コスト🔷, 配置コア🔷🔷🔷🔷🔷🔷 ⚠️モラモーラ消滅, (支払:ストラレイ:🔷, 配置:モラモーラ:🔷🔷🔷, ストラレイ:🔷🔷🔷) -> eval: +0.2311
    [74] SUMMON | コスト🔷, 配置コア🔷🔷🔷🔷🔷🔷 ⚠️ストラレイ消滅, (支払:ストラレイ:🔷, 配置:モラモーラ:🔷🔷, ストラレイ:🔷🔷🔷🔷) -> eval: +0.2368
    [75] SUMMON | コスト🔷, 配置コア🔷🔷🔷🔷🔷🔷🔷 ⚠️モラモーラ・ストラレイ消滅, (支払:ストラレイ:🔷, 配置:モラモーラ:🔷🔷🔷, ストラレイ:🔷🔷🔷🔷) -> eval: +0.1158
    [76] MOVE_CORE | 🔷を移動 -> eval: +0.4370
    [77] MOVE_CORE | 🔷🔷を移動 -> eval: +0.4300
    [78] MOVE_CORE | 🔷🔷🔷を移動 ⚠️モラモーラ消滅 -> eval: +0.2003
    [79] MOVE_CORE | 🔷を移動 -> eval: +0.4438
    [80] MOVE_CORE | 🔷🔷を移動 -> eval: +0.4409
    [81] MOVE_CORE | 🔷🔷🔷を移動 ⚠️モラモーラ消滅 -> eval: +0.2335
    [82] MOVE_CORE | 🔷を移動 -> eval: +0.4472
    [83] MOVE_CORE | 🔷🔷を移動 -> eval: +0.4498
    [84] MOVE_CORE | 🔷🔷🔷を移動 ⚠️モラモーラ消滅 -> eval: +0.2442
    [85] MOVE_CORE | 🔷を移動 -> eval: +0.4489
    [86] MOVE_CORE | 🔷🔷を移動 -> eval: +0.4397
    [87] MOVE_CORE | 🔷🔷🔷を移動 -> eval: +0.4067
    [88] MOVE_CORE | 🔷🔷🔷🔷を移動 -> eval: +0.3999
    [89] MOVE_CORE | 🔷🔷🔷🔷🔷を移動 ⚠️ストラレイ消滅 -> eval: +0.1823
    [90] MOVE_CORE | 🔷を移動 -> eval: +0.4559
    [91] MOVE_CORE | 🔷🔷を移動 -> eval: +0.4509
    [92] MOVE_CORE | 🔷🔷🔷を移動 -> eval: +0.4232
    [93] MOVE_CORE | 🔷🔷🔷🔷を移動 -> eval: +0.4217
    [94] MOVE_CORE | 🔷🔷🔷🔷🔷を移動 ⚠️ストラレイ消滅 -> eval: +0.2362
    [95] MOVE_CORE | 🔷を移動 -> eval: +0.4579
    [96] MOVE_CORE | 🔷🔷を移動 -> eval: +0.4571
    [97] MOVE_CORE | 🔷🔷🔷を移動 -> eval: +0.4317
    [98] MOVE_CORE | 🔷🔷🔷🔷を移動 -> eval: +0.4321
    [99] MOVE_CORE | 🔷🔷🔷🔷🔷を移動 ⚠️ストラレイ消滅 -> eval: +0.2496
  ステップ終了評価: +0.4590
  => 選択: SUMMON | コスト🔷🔷, 配置コア🔷🔷, (支払:ストラレイ:🔷🔷, 配置:モラモーラ:🔷🔷) (eval: +0.4786 > 終了評価 +0.4590)
     効果/結果: 🎴 「ガリザロト」を召喚 (コスト2をトラッシュへ) ※ストラレイから2個, モラモーラから2個

Turn 5 | 手数 28 | 手番: P1(run2_run3.kann.weight) | メインステップ
  盤面:
    P1: Life:2, Reserve:0, Hand:3枚, Field:[水泡群域(Lv1,コア0), モラモーラ(Lv1,コア1), ストラレイ(Lv2,コア3), ガリザロト(Lv1,コア2)]
    P2: Life:4, Reserve:0, Hand:4枚, Field:[ラスヘッド(Lv1,コア1), 深巣ダンテクレオ(Lv2,コア1s)]
  候補行動 (76件):
    [0] SUMMON | コスト🔷🔷🔷, 配置コア🔷 ⚠️モラモーラ・ストラレイ消滅, (支払:ストラレイ:🔷🔷🔷, 配置:モラモーラ:🔷) -> eval: +0.2075
    [1] SUMMON | コスト🔷🔷🔷, 配置コア🔷 ⚠️モラモーラ消滅, (支払:ストラレイ:🔷🔷, ガリザロト:🔷, 配置:モラモーラ:🔷) -> eval: +0.3208
    [2] SUMMON | コスト🔷🔷🔷, 配置コア🔷 ⚠️モラモーラ・ガリザロト消滅, (支払:ストラレイ:🔷, ガリザロト:🔷🔷, 配置:モラモーラ:🔷) -> eval: +0.2035
    [3] SUMMON | コスト🔷🔷🔷, 配置コア🔷 ⚠️ストラレイ消滅, (支払:ストラレイ:🔷🔷, ガリザロト:🔷, 配置:ストラレイ:🔷) -> eval: +0.3244
    [4] SUMMON | コスト🔷🔷🔷, 配置コア🔷 ⚠️ガリザロト消滅, (支払:ストラレイ:🔷, ガリザロト:🔷🔷, 配置:ストラレイ:🔷) -> eval: +0.3203
    [5] SUMMON | コスト🔷🔷🔷, 配置コア🔷🔷 ⚠️モラモーラ・ストラレイ消滅, (支払:ストラレイ:🔷🔷, ガリザロト:🔷, 配置:モラモーラ:🔷, ストラレイ:🔷) -> eval: +0.2076
    [6] SUMMON | コスト🔷🔷🔷, 配置コア🔷🔷 ⚠️モラモーラ・ガリザロト消滅, (支払:ストラレイ:🔷, ガリザロト:🔷🔷, 配置:モラモーラ:🔷, ストラレイ:🔷) -> eval: +0.2036
    [7] SUMMON | コスト🔷🔷🔷, 配置コア🔷🔷 ⚠️ストラレイ・ガリザロト消滅, (支払:ストラレイ:🔷, ガリザロト:🔷🔷, 配置:ストラレイ:🔷🔷) -> eval: +0.2076
    [8] SUMMON | コスト🔷🔷🔷, 配置コア🔷🔷🔷 ⚠️モラモーラ・ストラレイ・ガリザロト消滅, (支払:ストラレイ:🔷, ガリザロト:🔷🔷, 配置:モラモーラ:🔷, ストラレイ:🔷🔷) -> eval: +0.1253
    [9] SUMMON | コスト🔷, 配置コア🔷 ⚠️モラモーラ消滅, (支払:ストラレイ:🔷, 配置:モラモーラ:🔷) -> eval: +0.2896
    [10] SUMMON | コスト🔷, 配置コア🔷 ⚠️モラモーラ消滅, (支払:ガリザロト:🔷, 配置:モラモーラ:🔷) -> eval: +0.3008
    [11] SUMMON | コスト🔷, 配置コア🔷, (支払:ストラレイ:🔷, 配置:ストラレイ:🔷) -> eval: +0.4726
    [12] SUMMON | コスト🔷, 配置コア🔷, (支払:ガリザロト:🔷, 配置:ストラレイ:🔷) -> eval: +0.4724
    [13] SUMMON | コスト🔷, 配置コア🔷 ⚠️ガリザロト消滅, (支払:ガリザロト:🔷, 配置:ガリザロト:🔷) -> eval: +0.3030
    [14] SUMMON | コスト🔷, 配置コア🔷🔷 ⚠️モラモーラ消滅, (支払:ストラレイ:🔷, 配置:モラモーラ:🔷, ストラレイ:🔷) -> eval: +0.2900
    [15] SUMMON | コスト🔷, 配置コア🔷🔷 ⚠️モラモーラ消滅, (支払:ガリザロト:🔷, 配置:モラモーラ:🔷, ストラレイ:🔷) -> eval: +0.2899
    [16] SUMMON | コスト🔷, 配置コア🔷🔷 ⚠️モラモーラ・ガリザロト消滅, (支払:ガリザロト:🔷, 配置:モラモーラ:🔷, ガリザロト:🔷) -> eval: +0.1865
    [17] SUMMON | コスト🔷, 配置コア🔷🔷 ⚠️ストラレイ消滅, (支払:ストラレイ:🔷, 配置:ストラレイ:🔷🔷) -> eval: +0.2939
    [18] SUMMON | コスト🔷, 配置コア🔷🔷, (支払:ガリザロト:🔷, 配置:ストラレイ:🔷🔷) -> eval: +0.4738
    [19] SUMMON | コスト🔷, 配置コア🔷🔷 ⚠️ガリザロト消滅, (支払:ガリザロト:🔷, 配置:ストラレイ:🔷, ガリザロト:🔷) -> eval: +0.2890
    [20] SUMMON | コスト🔷, 配置コア🔷🔷🔷 ⚠️モラモーラ・ストラレイ消滅, (支払:ストラレイ:🔷, 配置:モラモーラ:🔷, ストラレイ:🔷🔷) -> eval: +0.1903
    [21] SUMMON | コスト🔷, 配置コア🔷🔷🔷 ⚠️モラモーラ消滅, (支払:ガリザロト:🔷, 配置:モラモーラ:🔷, ストラレイ:🔷🔷) -> eval: +0.3060
    [22] SUMMON | コスト🔷, 配置コア🔷🔷🔷 ⚠️モラモーラ・ガリザロト消滅, (支払:ガリザロト:🔷, 配置:モラモーラ:🔷, ストラレイ:🔷, ガリザロト:🔷) -> eval: +0.1860
    [23] SUMMON | コスト🔷, 配置コア🔷🔷🔷 ⚠️ストラレイ消滅, (支払:ガリザロト:🔷, 配置:ストラレイ:🔷🔷🔷) -> eval: +0.3096
    [24] SUMMON | コスト🔷, 配置コア🔷🔷🔷 ⚠️ガリザロト消滅, (支払:ガリザロト:🔷, 配置:ストラレイ:🔷🔷, ガリザロト:🔷) -> eval: +0.3052
    [25] SUMMON | コスト🔷, 配置コア🔷🔷🔷🔷 ⚠️モラモーラ・ストラレイ消滅, (支払:ガリザロト:🔷, 配置:モラモーラ:🔷, ストラレイ:🔷🔷🔷) -> eval: +0.1912
    [26] SUMMON | コスト🔷, 配置コア🔷🔷🔷🔷 ⚠️モラモーラ・ガリザロト消滅, (支払:ガリザロト:🔷, 配置:モラモーラ:🔷, ストラレイ:🔷🔷, ガリザロト:🔷) -> eval: +0.1870
    [27] SUMMON | コスト🔷, 配置コア🔷🔷🔷🔷 ⚠️ストラレイ・ガリザロト消滅, (支払:ガリザロト:🔷, 配置:ストラレイ:🔷🔷🔷, ガリザロト:🔷) -> eval: +0.1912
    [28] SUMMON | コスト🔷, 配置コア🔷🔷🔷🔷🔷 ⚠️モラモーラ・ストラレイ・ガリザロト消滅, (支払:ガリザロト:🔷, 配置:モラモーラ:🔷, ストラレイ:🔷🔷🔷, ガリザロト:🔷) -> eval: +0.1096
    [29] SUMMON | コスト🔷, 配置コアなし ⚠️モラモーラ消滅, (支払:モラモーラ:🔷, 配置:なし) -> eval: +0.2939
    [30] SUMMON | コスト🔷, 配置コアなし, (支払:ストラレイ:🔷, 配置:なし) -> eval: +0.4648
    [31] SUMMON | コスト🔷, 配置コアなし, (支払:ガリザロト:🔷, 配置:なし) -> eval: +0.4735
    [32] SUMMON | コスト🔷, 配置コア🔷 ⚠️モラモーラ消滅, (支払:ストラレイ:🔷, 配置:モラモーラ:🔷) -> eval: +0.2826
    [33] SUMMON | コスト🔷, 配置コア🔷 ⚠️モラモーラ消滅, (支払:ガリザロト:🔷, 配置:モラモーラ:🔷) -> eval: +0.2942
    [34] SUMMON | コスト🔷, 配置コア🔷, (支払:ストラレイ:🔷, 配置:ストラレイ:🔷) -> eval: +0.4665
    [35] SUMMON | コスト🔷, 配置コア🔷, (支払:ガリザロト:🔷, 配置:ストラレイ:🔷) -> eval: +0.4663
    [36] SUMMON | コスト🔷, 配置コア🔷 ⚠️ガリザロト消滅, (支払:ガリザロト:🔷, 配置:ガリザロト:🔷) -> eval: +0.2971
    [37] SUMMON | コスト🔷, 配置コア🔷🔷 ⚠️モラモーラ消滅, (支払:ストラレイ:🔷, 配置:モラモーラ:🔷, ストラレイ:🔷) -> eval: +0.2834
    [38] SUMMON | コスト🔷, 配置コア🔷🔷 ⚠️モラモーラ消滅, (支払:ガリザロト:🔷, 配置:モラモーラ:🔷, ストラレイ:🔷) -> eval: +0.2833
    [39] SUMMON | コスト🔷, 配置コア🔷🔷 ⚠️モラモーラ・ガリザロト消滅, (支払:ガリザロト:🔷, 配置:モラモーラ:🔷, ガリザロト:🔷) -> eval: +0.1820
    [40] SUMMON | コスト🔷, 配置コア🔷🔷 ⚠️ストラレイ消滅, (支払:ストラレイ:🔷, 配置:ストラレイ:🔷🔷) -> eval: +0.2875
    [41] SUMMON | コスト🔷, 配置コア🔷🔷, (支払:ガリザロト:🔷, 配置:ストラレイ:🔷🔷) -> eval: +0.4681
    [42] SUMMON | コスト🔷, 配置コア🔷🔷 ⚠️ガリザロト消滅, (支払:ガリザロト:🔷, 配置:ストラレイ:🔷, ガリザロト:🔷) -> eval: +0.2823
    [43] SUMMON | コスト🔷, 配置コア🔷🔷🔷 ⚠️モラモーラ・ストラレイ消滅, (支払:ストラレイ:🔷, 配置:モラモーラ:🔷, ストラレイ:🔷🔷) -> eval: +0.1731
    [44] SUMMON | コスト🔷, 配置コア🔷🔷🔷 ⚠️モラモーラ消滅, (支払:ガリザロト:🔷, 配置:モラモーラ:🔷, ストラレイ:🔷🔷) -> eval: +0.2843
    [45] SUMMON | コスト🔷, 配置コア🔷🔷🔷 ⚠️モラモーラ・ガリザロト消滅, (支払:ガリザロト:🔷, 配置:モラモーラ:🔷, ストラレイ:🔷, ガリザロト:🔷) -> eval: +0.1684
    [46] SUMMON | コスト🔷, 配置コア🔷🔷🔷 ⚠️ストラレイ消滅, (支払:ガリザロト:🔷, 配置:ストラレイ:🔷🔷🔷) -> eval: +0.2883
    [47] SUMMON | コスト🔷, 配置コア🔷🔷🔷 ⚠️ガリザロト消滅, (支払:ガリザロト:🔷, 配置:ストラレイ:🔷🔷, ガリザロト:🔷) -> eval: +0.2832
    [48] SUMMON | コスト🔷, 配置コア🔷🔷🔷🔷 ⚠️モラモーラ・ストラレイ消滅, (支払:ガリザロト:🔷, 配置:モラモーラ:🔷, ストラレイ:🔷🔷🔷) -> eval: +0.1738
    [49] SUMMON | コスト🔷, 配置コア🔷🔷🔷🔷 ⚠️モラモーラ・ガリザロト消滅, (支払:ガリザロト:🔷, 配置:モラモーラ:🔷, ストラレイ:🔷🔷, ガリザロト:🔷) -> eval: +0.1692
    [50] SUMMON | コスト🔷, 配置コア🔷🔷🔷🔷 ⚠️ストラレイ・ガリザロト消滅, (支払:ガリザロト:🔷, 配置:ストラレイ:🔷🔷🔷, ガリザロト:🔷) -> eval: +0.1738
    [51] SUMMON | コスト🔷, 配置コア🔷🔷🔷🔷🔷 ⚠️モラモーラ・ストラレイ・ガリザロト消滅, (支払:ガリザロト:🔷, 配置:モラモーラ:🔷, ストラレイ:🔷🔷🔷, ガリザロト:🔷) -> eval: +0.0953
    [52] MOVE_CORE | 🔷を移動 ⚠️モラモーラ消滅 -> eval: +0.2763
    [53] MOVE_CORE | 🔷を移動 ⚠️モラモーラ消滅 -> eval: +0.2884
    [54] MOVE_CORE | 🔷を移動 ⚠️モラモーラ消滅 -> eval: +0.2902
    [55] MOVE_CORE | 🔷を移動 ⚠️モラモーラ消滅 -> eval: +0.2898
    [56] MOVE_CORE | 🔷を移動 -> eval: +0.4579
    [57] MOVE_CORE | 🔷🔷を移動 -> eval: +0.4508
    [58] MOVE_CORE | 🔷🔷🔷を移動 ⚠️ストラレイ消滅 -> eval: +0.2426
    [59] MOVE_CORE | 🔷を移動 -> eval: +0.4648
    [60] MOVE_CORE | 🔷🔷を移動 -> eval: +0.4620
    [61] MOVE_CORE | 🔷🔷🔷を移動 ⚠️ストラレイ消滅 -> eval: +0.2760
    [62] MOVE_CORE | 🔷を移動 -> eval: +0.4654
    [63] MOVE_CORE | 🔷🔷を移動 -> eval: +0.4751
    [64] MOVE_CORE | 🔷🔷🔷を移動 ⚠️ストラレイ消滅 -> eval: +0.2946
    [65] MOVE_CORE | 🔷を移動 -> eval: +0.4669
    [66] MOVE_CORE | 🔷🔷を移動 -> eval: +0.4682
    [67] MOVE_CORE | 🔷🔷🔷を移動 ⚠️ストラレイ消滅 -> eval: +0.2816
    [68] MOVE_CORE | 🔷を移動 -> eval: +0.4695
    [69] MOVE_CORE | 🔷🔷を移動 ⚠️ガリザロト消滅 -> eval: +0.2700
    [70] MOVE_CORE | 🔷を移動 -> eval: +0.4766
    [71] MOVE_CORE | 🔷🔷を移動 ⚠️ガリザロト消滅 -> eval: +0.2924
    [72] MOVE_CORE | 🔷を移動 -> eval: +0.4772
    [73] MOVE_CORE | 🔷🔷を移動 ⚠️ガリザロト消滅 -> eval: +0.3081
    [74] MOVE_CORE | 🔷を移動 -> eval: +0.4783
    [75] MOVE_CORE | 🔷🔷を移動 ⚠️ガリザロト消滅 -> eval: +0.2982
  ステップ終了評価: +0.4786
  => 選択: ステップ終了 (候補最大 +0.4783 <= 終了評価 +0.4786)

Turn 5 | 手数 29 | 手番: P1(run2_run3.kann.weight) | アタック宣言
  盤面:
    P1: Life:2, Reserve:0, Hand:3枚, Field:[水泡群域(Lv1,コア0), モラモーラ(Lv1,コア1), ストラレイ(Lv2,コア3), ガリザロト(Lv1,コア2)]
    P2: Life:4, Reserve:0, Hand:4枚, Field:[ラスヘッド(Lv1,コア1), 深巣ダンテクレオ(Lv2,コア1s)]
  候補行動 (3件):
    [0] ATTACK | モラモーラ でアタック宣言 (Lv1, BP5000, 通ればライフ-🔷) -> eval: +0.5087
    [1] ATTACK | ストラレイ でアタック宣言 (Lv2, BP7000, 通ればライフ-🔷) -> eval: +0.5066
    [2] ATTACK | ガリザロト でアタック宣言 (Lv1, BP5000, 通ればライフ-🔷) -> eval: +0.5136
  ステップ終了評価: +0.4786
  => 選択: ATTACK | ガリザロト でアタック宣言 (Lv1, BP5000, 通ればライフ-🔷) (eval: +0.5136 > 終了評価 +0.4786)
     効果/結果: 🗡️ 「ガリザロト」がアタック宣言 (BP5000)

Turn 5 | 手数 30 | 手番: P2(run3_run4.kann.weight) | ブロック宣言
  盤面:
    P1: Life:2, Reserve:0, Hand:3枚, Field:[水泡群域(Lv1,コア0), モラモーラ(Lv1,コア1), ストラレイ(Lv2,コア3), ガリザロト(Lv1,コア2)]
    P2: Life:4, Reserve:0, Hand:4枚, Field:[ラスヘッド(Lv1,コア1), 深巣ダンテクレオ(Lv2,コア1s)]
  候補行動 (1件):
    [0] PASS_BLOCK | ライフでアタックを受ける (ライフ-🔷) -> eval: +0.2934
  => 選択: PASS_BLOCK | ライフでアタックを受ける (ライフ-🔷) (eval: +0.2934)
     効果/結果: 💔 ブロックせず: プレイヤー2 のライフ-1 (コアはリザーブへ)

Turn 5 | 手数 31 | 手番: P1(run2_run3.kann.weight) | アタック宣言
  盤面:
    P1: Life:2, Reserve:0, Hand:3枚, Field:[水泡群域(Lv1,コア0), モラモーラ(Lv1,コア1), ストラレイ(Lv2,コア3), ガリザロト(Lv1,コア2)]
    P2: Life:3, Reserve:1, Hand:4枚, Field:[ラスヘッド(Lv1,コア1), 深巣ダンテクレオ(Lv2,コア1s)]
  候補行動 (2件):
    [0] ATTACK | モラモーラ でアタック宣言 (Lv1, BP5000, 通ればライフ-🔷) -> eval: +0.5357
    [1] ATTACK | ストラレイ でアタック宣言 (Lv2, BP7000, 通ればライフ-🔷) -> eval: +0.5328
  ステップ終了評価: +0.5177
  => 選択: ATTACK | モラモーラ でアタック宣言 (Lv1, BP5000, 通ればライフ-🔷) (eval: +0.5357 > 終了評価 +0.5177)
     効果/結果: 🗡️ 「モラモーラ」がアタック宣言 (BP5000)

Turn 5 | 手数 32 | 手番: P2(run3_run4.kann.weight) | ブロック宣言
  盤面:
    P1: Life:2, Reserve:0, Hand:3枚, Field:[水泡群域(Lv1,コア0), モラモーラ(Lv1,コア1), ストラレイ(Lv2,コア3), ガリザロト(Lv1,コア2)]
    P2: Life:3, Reserve:1, Hand:4枚, Field:[ラスヘッド(Lv1,コア1), 深巣ダンテクレオ(Lv2,コア1s)]
  候補行動 (1件):
    [0] PASS_BLOCK | ライフでアタックを受ける (ライフ-🔷) -> eval: +0.3385
  => 選択: PASS_BLOCK | ライフでアタックを受ける (ライフ-🔷) (eval: +0.3385)
     効果/結果: 💔 ブロックせず: プレイヤー2 のライフ-1 (コアはリザーブへ)

Turn 5 | 手数 33 | 手番: P1(run2_run3.kann.weight) | アタック宣言
  盤面:
    P1: Life:2, Reserve:0, Hand:3枚, Field:[水泡群域(Lv1,コア0), モラモーラ(Lv1,コア1), ストラレイ(Lv2,コア3), ガリザロト(Lv1,コア2)]
    P2: Life:2, Reserve:2, Hand:4枚, Field:[ラスヘッド(Lv1,コア1), 深巣ダンテクレオ(Lv2,コア1s)]
  候補行動 (1件):
    [0] ATTACK | ストラレイ でアタック宣言 (Lv2, BP7000, 通ればライフ-🔷) -> eval: +0.5453
  ステップ終了評価: +0.5391
  => 選択: ATTACK | ストラレイ でアタック宣言 (Lv2, BP7000, 通ればライフ-🔷) (eval: +0.5453 > 終了評価 +0.5391)
     効果/結果: 🗡️ 「ストラレイ」がアタック宣言 (BP7000)

Turn 5 | 手数 34 | 手番: P2(run3_run4.kann.weight) | ブロック宣言
  盤面:
    P1: Life:2, Reserve:0, Hand:3枚, Field:[水泡群域(Lv1,コア0), モラモーラ(Lv1,コア1), ストラレイ(Lv2,コア3), ガリザロト(Lv1,コア2)]
    P2: Life:2, Reserve:2, Hand:4枚, Field:[ラスヘッド(Lv1,コア1), 深巣ダンテクレオ(Lv2,コア1s)]
  候補行動 (1件):
    [0] PASS_BLOCK | ライフでアタックを受ける (ライフ-🔷) -> eval: +0.3753
  => 選択: PASS_BLOCK | ライフでアタックを受ける (ライフ-🔷) (eval: +0.3753)
     効果/結果: 💔 ブロックせず: プレイヤー2 のライフ-1 (コアはリザーブへ)

Turn 5 | 手数 35 | 手番: P1(run2_run3.kann.weight) | アタック宣言
  盤面:
    P1: Life:2, Reserve:0, Hand:3枚, Field:[水泡群域(Lv1,コア0), モラモーラ(Lv1,コア1), ストラレイ(Lv2,コア3), ガリザロト(Lv1,コア2)]
    P2: Life:1, Reserve:3, Hand:4枚, Field:[ラスヘッド(Lv1,コア1), 深巣ダンテクレオ(Lv2,コア1s)]
  候補行動 (0件):
  ステップ終了評価: +0.5483
  => 選択: ステップ終了

Turn 5 | 手数 36 | 手番: P1(run2_run3.kann.weight) | 第2メインステップ
  盤面:
    P1: Life:2, Reserve:0, Hand:3枚, Field:[水泡群域(Lv1,コア0), モラモーラ(Lv1,コア1), ストラレイ(Lv2,コア3), ガリザロト(Lv1,コア2)]
    P2: Life:1, Reserve:3, Hand:4枚, Field:[ラスヘッド(Lv1,コア1), 深巣ダンテクレオ(Lv2,コア1s)]
  候補行動 (76件):
    [0] SUMMON | コスト🔷🔷🔷, 配置コア🔷 ⚠️モラモーラ・ストラレイ消滅, (支払:ストラレイ:🔷🔷🔷, 配置:モラモーラ:🔷) -> eval: +0.2691
    [1] SUMMON | コスト🔷🔷🔷, 配置コア🔷 ⚠️モラモーラ消滅, (支払:ストラレイ:🔷🔷, ガリザロト:🔷, 配置:モラモーラ:🔷) -> eval: +0.4021
    [2] SUMMON | コスト🔷🔷🔷, 配置コア🔷 ⚠️モラモーラ・ガリザロト消滅, (支払:ストラレイ:🔷, ガリザロト:🔷🔷, 配置:モラモーラ:🔷) -> eval: +0.2667
    [3] SUMMON | コスト🔷🔷🔷, 配置コア🔷 ⚠️ストラレイ消滅, (支払:ストラレイ:🔷🔷, ガリザロト:🔷, 配置:ストラレイ:🔷) -> eval: +0.4034
    [4] SUMMON | コスト🔷🔷🔷, 配置コア🔷 ⚠️ガリザロト消滅, (支払:ストラレイ:🔷, ガリザロト:🔷🔷, 配置:ストラレイ:🔷) -> eval: +0.4018
    [5] SUMMON | コスト🔷🔷🔷, 配置コア🔷🔷 ⚠️モラモーラ・ストラレイ消滅, (支払:ストラレイ:🔷🔷, ガリザロト:🔷, 配置:モラモーラ:🔷, ストラレイ:🔷) -> eval: +0.2690
    [6] SUMMON | コスト🔷🔷🔷, 配置コア🔷🔷 ⚠️モラモーラ・ガリザロト消滅, (支払:ストラレイ:🔷, ガリザロト:🔷🔷, 配置:モラモーラ:🔷, ストラレイ:🔷) -> eval: +0.2667
    [7] SUMMON | コスト🔷🔷🔷, 配置コア🔷🔷 ⚠️ストラレイ・ガリザロト消滅, (支払:ストラレイ:🔷, ガリザロト:🔷🔷, 配置:ストラレイ:🔷🔷) -> eval: +0.2690
    [8] SUMMON | コスト🔷🔷🔷, 配置コア🔷🔷🔷 ⚠️モラモーラ・ストラレイ・ガリザロト消滅, (支払:ストラレイ:🔷, ガリザロト:🔷🔷, 配置:モラモーラ:🔷, ストラレイ:🔷🔷) -> eval: +0.1488
    [9] SUMMON | コスト🔷, 配置コア🔷 ⚠️モラモーラ消滅, (支払:ストラレイ:🔷, 配置:モラモーラ:🔷) -> eval: +0.3831
    [10] SUMMON | コスト🔷, 配置コア🔷 ⚠️モラモーラ消滅, (支払:ガリザロト:🔷, 配置:モラモーラ:🔷) -> eval: +0.3888
    [11] SUMMON | コスト🔷, 配置コア🔷, (支払:ストラレイ:🔷, 配置:ストラレイ:🔷) -> eval: +0.5424
    [12] SUMMON | コスト🔷, 配置コア🔷, (支払:ガリザロト:🔷, 配置:ストラレイ:🔷) -> eval: +0.5423
    [13] SUMMON | コスト🔷, 配置コア🔷 ⚠️ガリザロト消滅, (支払:ガリザロト:🔷, 配置:ガリザロト:🔷) -> eval: +0.3886
    [14] SUMMON | コスト🔷, 配置コア🔷🔷 ⚠️モラモーラ消滅, (支払:ストラレイ:🔷, 配置:モラモーラ:🔷, ストラレイ:🔷) -> eval: +0.3829
    [15] SUMMON | コスト🔷, 配置コア🔷🔷 ⚠️モラモーラ消滅, (支払:ガリザロト:🔷, 配置:モラモーラ:🔷, ストラレイ:🔷) -> eval: +0.3833
    [16] SUMMON | コスト🔷, 配置コア🔷🔷 ⚠️モラモーラ・ガリザロト消滅, (支払:ガリザロト:🔷, 配置:モラモーラ:🔷, ガリザロト:🔷) -> eval: +0.2501
    [17] SUMMON | コスト🔷, 配置コア🔷🔷 ⚠️ストラレイ消滅, (支払:ストラレイ:🔷, 配置:ストラレイ:🔷🔷) -> eval: +0.3845
    [18] SUMMON | コスト🔷, 配置コア🔷🔷, (支払:ガリザロト:🔷, 配置:ストラレイ:🔷🔷) -> eval: +0.5434
    [19] SUMMON | コスト🔷, 配置コア🔷🔷 ⚠️ガリザロト消滅, (支払:ガリザロト:🔷, 配置:ストラレイ:🔷, ガリザロト:🔷) -> eval: +0.3823
    [20] SUMMON | コスト🔷, 配置コア🔷🔷🔷 ⚠️モラモーラ・ストラレイ消滅, (支払:ストラレイ:🔷, 配置:モラモーラ:🔷, ストラレイ:🔷🔷) -> eval: +0.2570
    [21] SUMMON | コスト🔷, 配置コア🔷🔷🔷 ⚠️モラモーラ消滅, (支払:ガリザロト:🔷, 配置:モラモーラ:🔷, ストラレイ:🔷🔷) -> eval: +0.3951
    [22] SUMMON | コスト🔷, 配置コア🔷🔷🔷 ⚠️モラモーラ・ガリザロト消滅, (支払:ガリザロト:🔷, 配置:モラモーラ:🔷, ストラレイ:🔷, ガリザロト:🔷) -> eval: +0.2542
    [23] SUMMON | コスト🔷, 配置コア🔷🔷🔷 ⚠️ストラレイ消滅, (支払:ガリザロト:🔷, 配置:ストラレイ:🔷🔷🔷) -> eval: +0.3965
    [24] SUMMON | コスト🔷, 配置コア🔷🔷🔷 ⚠️ガリザロト消滅, (支払:ガリザロト:🔷, 配置:ストラレイ:🔷🔷, ガリザロト:🔷) -> eval: +0.3946
    [25] SUMMON | コスト🔷, 配置コア🔷🔷🔷🔷 ⚠️モラモーラ・ストラレイ消滅, (支払:ガリザロト:🔷, 配置:モラモーラ:🔷, ストラレイ:🔷🔷🔷) -> eval: +0.2575
    [26] SUMMON | コスト🔷, 配置コア🔷🔷🔷🔷 ⚠️モラモーラ・ガリザロト消滅, (支払:ガリザロト:🔷, 配置:モラモーラ:🔷, ストラレイ:🔷🔷, ガリザロト:🔷) -> eval: +0.2549
    [27] SUMMON | コスト🔷, 配置コア🔷🔷🔷🔷 ⚠️ストラレイ・ガリザロト消滅, (支払:ガリザロト:🔷, 配置:ストラレイ:🔷🔷🔷, ガリザロト:🔷) -> eval: +0.2575
    [28] SUMMON | コスト🔷, 配置コア🔷🔷🔷🔷🔷 ⚠️モラモーラ・ストラレイ・ガリザロト消滅, (支払:ガリザロト:🔷, 配置:モラモーラ:🔷, ストラレイ:🔷🔷🔷, ガリザロト:🔷) -> eval: +0.1345
    [29] SUMMON | コスト🔷, 配置コアなし ⚠️モラモーラ消滅, (支払:モラモーラ:🔷, 配置:なし) -> eval: +0.3875
    [30] SUMMON | コスト🔷, 配置コアなし, (支払:ストラレイ:🔷, 配置:なし) -> eval: +0.5413
    [31] SUMMON | コスト🔷, 配置コアなし, (支払:ガリザロト:🔷, 配置:なし) -> eval: +0.5451
    [32] SUMMON | コスト🔷, 配置コア🔷 ⚠️モラモーラ消滅, (支払:ストラレイ:🔷, 配置:モラモーラ:🔷) -> eval: +0.3818
    [33] SUMMON | コスト🔷, 配置コア🔷 ⚠️モラモーラ消滅, (支払:ガリザロト:🔷, 配置:モラモーラ:🔷) -> eval: +0.3879
    [34] SUMMON | コスト🔷, 配置コア🔷, (支払:ストラレイ:🔷, 配置:ストラレイ:🔷) -> eval: +0.5429
    [35] SUMMON | コスト🔷, 配置コア🔷, (支払:ガリザロト:🔷, 配置:ストラレイ:🔷) -> eval: +0.5428
    [36] SUMMON | コスト🔷, 配置コア🔷 ⚠️ガリザロト消滅, (支払:ガリザロト:🔷, 配置:ガリザロト:🔷) -> eval: +0.3879
    [37] SUMMON | コスト🔷, 配置コア🔷🔷 ⚠️モラモーラ消滅, (支払:ストラレイ:🔷, 配置:モラモーラ:🔷, ストラレイ:🔷) -> eval: +0.3821
    [38] SUMMON | コスト🔷, 配置コア🔷🔷 ⚠️モラモーラ消滅, (支払:ガリザロト:🔷, 配置:モラモーラ:🔷, ストラレイ:🔷) -> eval: +0.3824
    [39] SUMMON | コスト🔷, 配置コア🔷🔷 ⚠️モラモーラ・ガリザロト消滅, (支払:ガリザロト:🔷, 配置:モラモーラ:🔷, ガリザロト:🔷) -> eval: +0.2483
    [40] SUMMON | コスト🔷, 配置コア🔷🔷 ⚠️ストラレイ消滅, (支払:ストラレイ:🔷, 配置:ストラレイ:🔷🔷) -> eval: +0.3838
    [41] SUMMON | コスト🔷, 配置コア🔷🔷, (支払:ガリザロト:🔷, 配置:ストラレイ:🔷🔷) -> eval: +0.5445
    [42] SUMMON | コスト🔷, 配置コア🔷🔷 ⚠️ガリザロト消滅, (支払:ガリザロト:🔷, 配置:ストラレイ:🔷, ガリザロト:🔷) -> eval: +0.3815
    [43] SUMMON | コスト🔷, 配置コア🔷🔷🔷 ⚠️モラモーラ・ストラレイ消滅, (支払:ストラレイ:🔷, 配置:モラモーラ:🔷, ストラレイ:🔷🔷) -> eval: +0.2438
    [44] SUMMON | コスト🔷, 配置コア🔷🔷🔷 ⚠️モラモーラ消滅, (支払:ガリザロト:🔷, 配置:モラモーラ:🔷, ストラレイ:🔷🔷) -> eval: +0.3828
    [45] SUMMON | コスト🔷, 配置コア🔷🔷🔷 ⚠️モラモーラ・ガリザロト消滅, (支払:ガリザロト:🔷, 配置:モラモーラ:🔷, ストラレイ:🔷, ガリザロト:🔷) -> eval: +0.2407
    [46] SUMMON | コスト🔷, 配置コア🔷🔷🔷 ⚠️ストラレイ消滅, (支払:ガリザロト:🔷, 配置:ストラレイ:🔷🔷🔷) -> eval: +0.3844
    [47] SUMMON | コスト🔷, 配置コア🔷🔷🔷 ⚠️ガリザロト消滅, (支払:ガリザロト:🔷, 配置:ストラレイ:🔷🔷, ガリザロト:🔷) -> eval: +0.3821
    [48] SUMMON | コスト🔷, 配置コア🔷🔷🔷🔷 ⚠️モラモーラ・ストラレイ消滅, (支払:ガリザロト:🔷, 配置:モラモーラ:🔷, ストラレイ:🔷🔷🔷) -> eval: +0.2444
    [49] SUMMON | コスト🔷, 配置コア🔷🔷🔷🔷 ⚠️モラモーラ・ガリザロト消滅, (支払:ガリザロト:🔷, 配置:モラモーラ:🔷, ストラレイ:🔷🔷, ガリザロト:🔷) -> eval: +0.2414
    [50] SUMMON | コスト🔷, 配置コア🔷🔷🔷🔷 ⚠️ストラレイ・ガリザロト消滅, (支払:ガリザロト:🔷, 配置:ストラレイ:🔷🔷🔷, ガリザロト:🔷) -> eval: +0.2444
    [51] SUMMON | コスト🔷, 配置コア🔷🔷🔷🔷🔷 ⚠️モラモーラ・ストラレイ・ガリザロト消滅, (支払:ガリザロト:🔷, 配置:モラモーラ:🔷, ストラレイ:🔷🔷🔷, ガリザロト:🔷) -> eval: +0.1199
    [52] MOVE_CORE | 🔷を移動 ⚠️モラモーラ消滅 -> eval: +0.3661
    [53] MOVE_CORE | 🔷を移動 ⚠️モラモーラ消滅 -> eval: +0.3797
    [54] MOVE_CORE | 🔷を移動 ⚠️モラモーラ消滅 -> eval: +0.3805
    [55] MOVE_CORE | 🔷を移動 ⚠️モラモーラ消滅 -> eval: +0.3799
    [56] MOVE_CORE | 🔷を移動 -> eval: +0.5279
    [57] MOVE_CORE | 🔷🔷を移動 -> eval: +0.5193
    [58] MOVE_CORE | 🔷🔷🔷を移動 ⚠️ストラレイ消滅 -> eval: +0.3322
    [59] MOVE_CORE | 🔷を移動 -> eval: +0.5365
    [60] MOVE_CORE | 🔷🔷を移動 -> eval: +0.5372
    [61] MOVE_CORE | 🔷🔷🔷を移動 ⚠️ストラレイ消滅 -> eval: +0.3734
    [62] MOVE_CORE | 🔷を移動 -> eval: +0.5367
    [63] MOVE_CORE | 🔷🔷を移動 -> eval: +0.5437
    [64] MOVE_CORE | 🔷🔷🔷を移動 ⚠️ストラレイ消滅 -> eval: +0.3823
    [65] MOVE_CORE | 🔷を移動 -> eval: +0.5375
    [66] MOVE_CORE | 🔷🔷を移動 -> eval: +0.5382
    [67] MOVE_CORE | 🔷🔷🔷を移動 ⚠️ストラレイ消滅 -> eval: +0.3721
    [68] MOVE_CORE | 🔷を移動 -> eval: +0.5385
    [69] MOVE_CORE | 🔷🔷を移動 ⚠️ガリザロト消滅 -> eval: +0.3561
    [70] MOVE_CORE | 🔷を移動 -> eval: +0.5471
    [71] MOVE_CORE | 🔷🔷を移動 ⚠️ガリザロト消滅 -> eval: +0.3839
    [72] MOVE_CORE | 🔷を移動 -> eval: +0.5474
    [73] MOVE_CORE | 🔷🔷を移動 ⚠️ガリザロト消滅 -> eval: +0.3920
    [74] MOVE_CORE | 🔷を移動 -> eval: +0.5479
    [75] MOVE_CORE | 🔷🔷を移動 ⚠️ガリザロト消滅 -> eval: +0.3842
  ステップ終了評価: +0.5483
  => 選択: ステップ終了 (候補最大 +0.5479 <= 終了評価 +0.5483)

Turn 5 | 手数 37 | 手番: P1(run2_run3.kann.weight) | エンドステップ
  盤面:
    P1: Life:2, Reserve:0, Hand:3枚, Field:[水泡群域(Lv1,コア0), モラモーラ(Lv1,コア1), ストラレイ(Lv2,コア3), ガリザロト(Lv1,コア2)]
    P2: Life:1, Reserve:3, Hand:4枚, Field:[ラスヘッド(Lv1,コア1), 深巣ダンテクレオ(Lv2,コア1s)]
  候補行動 (0件):
  ステップ終了評価: +0.4968
  => 選択: ステップ終了
     効果/結果: 【ターン 6】 手番: プレイヤー2
     効果/結果: 🔷 コアステップ: ボイドからリザーブへコア1個
     効果/結果: 🃏 ドローステップ: 「モラモーラ」をドロー (残り31枚)
     効果/結果: ♻️ リフレッシュステップ: トラッシュのコア5個をリザーブへ
     効果/結果: ♻️ リフレッシュステップ: 2体を回復

Turn 6 | 手数 38 | 手番: P2(run3_run4.kann.weight) | メインステップ
  盤面:
    P1: Life:2, Reserve:0, Hand:3枚, Field:[水泡群域(Lv1,コア0), モラモーラ(Lv1,コア1), ストラレイ(Lv2,コア3), ガリザロト(Lv1,コア2)]
    P2: Life:1, Reserve:9, Hand:5枚, Field:[ラスヘッド(Lv1,コア1), 深巣ダンテクレオ(Lv2,コア1s)]
  候補行動 (239件):
    [0] SUMMON | コスト🔷🔷, 配置コア🔷, (支払:R:🔷🔷, 配置:R:🔷) -> eval: +0.2629
    [1] SUMMON | コスト🔷🔷, 配置コア🔷 ⚠️ラスヘッド消滅, (支払:R:🔷, ラスヘッド:🔷, 配置:R:🔷) -> eval: +0.1524
    [2] SUMMON | コスト🔷🔷, 配置コア🔶 ⚠️深巣ダンテクレオ消滅, (支払:R:🔷🔷, 配置:深巣ダンテクレオ:🔶) -> eval: +0.1244
    [3] SUMMON | コスト🔷🔷, 配置コア🔶 ⚠️ラスヘッド・深巣ダンテクレオ消滅, (支払:R:🔷, ラスヘッド:🔷, 配置:深巣ダンテクレオ:🔶) -> eval: +0.0464
    [4] SUMMON | コスト🔷🔶, 配置コア🔷 ⚠️深巣ダンテクレオ消滅, (支払:R:🔷, 深巣ダンテクレオ:🔶, 配置:R:🔷) -> eval: +0.1522
    [5] SUMMON | コスト🔷🔶, 配置コア🔷 ⚠️ラスヘッド・深巣ダンテクレオ消滅, (支払:ラスヘッド:🔷, 深巣ダンテクレオ:🔶, 配置:R:🔷) -> eval: +0.0745
    [6] SUMMON | コスト🔷🔷, 配置コア🔷🔷, (支払:R:🔷🔷, 配置:R:🔷🔷) -> eval: +0.2895
    [7] SUMMON | コスト🔷🔷, 配置コア🔷🔷 ⚠️ラスヘッド消滅, (支払:R:🔷, ラスヘッド:🔷, 配置:R:🔷🔷) -> eval: +0.1783
    [8] SUMMON | コスト🔷🔷, 配置コア🔷🔶 ⚠️深巣ダンテクレオ消滅, (支払:R:🔷🔷, 配置:R:🔷, 深巣ダンテクレオ:🔶) -> eval: +0.1445
    [9] SUMMON | コスト🔷🔷, 配置コア🔷🔶 ⚠️ラスヘッド・深巣ダンテクレオ消滅, (支払:R:🔷, ラスヘッド:🔷, 配置:R:🔷, 深巣ダンテクレオ:🔶) -> eval: +0.0638
    [10] SUMMON | コスト🔷🔶, 配置コア🔷🔷 ⚠️深巣ダンテクレオ消滅, (支払:R:🔷, 深巣ダンテクレオ:🔶, 配置:R:🔷🔷) -> eval: +0.1795
    [11] SUMMON | コスト🔷🔶, 配置コア🔷🔷 ⚠️ラスヘッド・深巣ダンテクレオ消滅, (支払:ラスヘッド:🔷, 深巣ダンテクレオ:🔶, 配置:R:🔷🔷) -> eval: +0.0971
    [12] SUMMON | コスト🔷🔷, 配置コア🔷🔷🔷, (支払:R:🔷🔷, 配置:R:🔷🔷🔷) -> eval: +0.2965
    [13] SUMMON | コスト🔷🔷, 配置コア🔷🔷🔷 ⚠️ラスヘッド消滅, (支払:R:🔷, ラスヘッド:🔷, 配置:R:🔷🔷🔷) -> eval: +0.1870
    [14] SUMMON | コスト🔷🔷, 配置コア🔷🔷🔶 ⚠️深巣ダンテクレオ消滅, (支払:R:🔷🔷, 配置:R:🔷🔷, 深巣ダンテクレオ:🔶) -> eval: +0.1539
    [15] SUMMON | コスト🔷🔷, 配置コア🔷🔷🔶 ⚠️ラスヘッド・深巣ダンテクレオ消滅, (支払:R:🔷, ラスヘッド:🔷, 配置:R:🔷🔷, 深巣ダンテクレオ:🔶) -> eval: +0.0732
    [16] SUMMON | コスト🔷🔶, 配置コア🔷🔷🔷 ⚠️深巣ダンテクレオ消滅, (支払:R:🔷, 深巣ダンテクレオ:🔶, 配置:R:🔷🔷🔷) -> eval: +0.1882
    [17] SUMMON | コスト🔷🔶, 配置コア🔷🔷🔷 ⚠️ラスヘッド・深巣ダンテクレオ消滅, (支払:ラスヘッド:🔷, 深巣ダンテクレオ:🔶, 配置:R:🔷🔷🔷) -> eval: +0.1059
    [18] SUMMON | コスト🔷🔷, 配置コア🔷🔷🔷🔷, (支払:R:🔷🔷, 配置:R:🔷🔷🔷🔷) -> eval: +0.3042
    [19] SUMMON | コスト🔷🔷, 配置コア🔷🔷🔷🔷 ⚠️ラスヘッド消滅, (支払:R:🔷, ラスヘッド:🔷, 配置:R:🔷🔷🔷🔷) -> eval: +0.1964
    [20] SUMMON | コスト🔷🔷, 配置コア🔷🔷🔷🔶 ⚠️深巣ダンテクレオ消滅, (支払:R:🔷🔷, 配置:R:🔷🔷🔷, 深巣ダンテクレオ:🔶) -> eval: +0.1642
    [21] SUMMON | コスト🔷🔷, 配置コア🔷🔷🔷🔶 ⚠️ラスヘッド・深巣ダンテクレオ消滅, (支払:R:🔷, ラスヘッド:🔷, 配置:R:🔷🔷🔷, 深巣ダンテクレオ:🔶) -> eval: +0.0833
    [22] SUMMON | コスト🔷🔶, 配置コア🔷🔷🔷🔷 ⚠️深巣ダンテクレオ消滅, (支払:R:🔷, 深巣ダンテクレオ:🔶, 配置:R:🔷🔷🔷🔷) -> eval: +0.1976
    [23] SUMMON | コスト🔷🔶, 配置コア🔷🔷🔷🔷 ⚠️ラスヘッド・深巣ダンテクレオ消滅, (支払:ラスヘッド:🔷, 深巣ダンテクレオ:🔶, 配置:R:🔷🔷🔷🔷) -> eval: +0.1152
    [24] SUMMON | コスト🔷🔷, 配置コア🔷🔷🔷🔷🔷, (支払:R:🔷🔷, 配置:R:🔷🔷🔷🔷🔷) -> eval: +0.3125
    [25] SUMMON | コスト🔷🔷, 配置コア🔷🔷🔷🔷🔷 ⚠️ラスヘッド消滅, (支払:R:🔷, ラスヘッド:🔷, 配置:R:🔷🔷🔷🔷🔷) -> eval: +0.2064
    [26] SUMMON | コスト🔷🔷, 配置コア🔷🔷🔷🔷🔶 ⚠️深巣ダンテクレオ消滅, (支払:R:🔷🔷, 配置:R:🔷🔷🔷🔷, 深巣ダンテクレオ:🔶) -> eval: +0.1752
    [27] SUMMON | コスト🔷🔷, 配置コア🔷🔷🔷🔷🔶 ⚠️ラスヘッド・深巣ダンテクレオ消滅, (支払:R:🔷, ラスヘッド:🔷, 配置:R:🔷🔷🔷🔷, 深巣ダンテクレオ:🔶) -> eval: +0.0941
    [28] SUMMON | コスト🔷🔶, 配置コア🔷🔷🔷🔷🔷 ⚠️深巣ダンテクレオ消滅, (支払:R:🔷, 深巣ダンテクレオ:🔶, 配置:R:🔷🔷🔷🔷🔷) -> eval: +0.2076
    [29] SUMMON | コスト🔷🔶, 配置コア🔷🔷🔷🔷🔷 ⚠️ラスヘッド・深巣ダンテクレオ消滅, (支払:ラスヘッド:🔷, 深巣ダンテクレオ:🔶, 配置:R:🔷🔷🔷🔷🔷) -> eval: +0.1250
    [30] SUMMON | コスト🔷🔷, 配置コア🔷🔷🔷🔷🔷🔷, (支払:R:🔷🔷, 配置:R:🔷🔷🔷🔷🔷🔷) -> eval: +0.3216
    [31] SUMMON | コスト🔷🔷, 配置コア🔷🔷🔷🔷🔷🔷 ⚠️ラスヘッド消滅, (支払:R:🔷, ラスヘッド:🔷, 配置:R:🔷🔷🔷🔷🔷🔷) -> eval: +0.2170
    [32] SUMMON | コスト🔷🔷, 配置コア🔷🔷🔷🔷🔷🔶 ⚠️深巣ダンテクレオ消滅, (支払:R:🔷🔷, 配置:R:🔷🔷🔷🔷🔷, 深巣ダンテクレオ:🔶) -> eval: +0.1869
    [33] SUMMON | コスト🔷🔷, 配置コア🔷🔷🔷🔷🔷🔶 ⚠️ラスヘッド・深巣ダンテクレオ消滅, (支払:R:🔷, ラスヘッド:🔷, 配置:R:🔷🔷🔷🔷🔷, 深巣ダンテクレオ:🔶) -> eval: +0.1054
    [34] SUMMON | コスト🔷🔶, 配置コア🔷🔷🔷🔷🔷🔷 ⚠️深巣ダンテクレオ消滅, (支払:R:🔷, 深巣ダンテクレオ:🔶, 配置:R:🔷🔷🔷🔷🔷🔷) -> eval: +0.2182
    [35] SUMMON | コスト🔷🔶, 配置コア🔷🔷🔷🔷🔷🔷 ⚠️ラスヘッド・深巣ダンテクレオ消滅, (支払:ラスヘッド:🔷, 深巣ダンテクレオ:🔶, 配置:R:🔷🔷🔷🔷🔷🔷) -> eval: +0.1354
    [36] SUMMON | コスト🔷🔷, 配置コア🔷🔷🔷🔷🔷🔷🔷, (支払:R:🔷🔷, 配置:R:🔷🔷🔷🔷🔷🔷🔷) -> eval: +0.3312
    [37] SUMMON | コスト🔷🔷, 配置コア🔷🔷🔷🔷🔷🔷🔷 ⚠️ラスヘッド消滅, (支払:R:🔷, ラスヘッド:🔷, 配置:R:🔷🔷🔷🔷🔷🔷🔷) -> eval: +0.2281
    [38] SUMMON | コスト🔷🔷, 配置コア🔷🔷🔷🔷🔷🔷🔶 ⚠️深巣ダンテクレオ消滅, (支払:R:🔷🔷, 配置:R:🔷🔷🔷🔷🔷🔷, 深巣ダンテクレオ:🔶) -> eval: +0.1993
    [39] SUMMON | コスト🔷🔷, 配置コア🔷🔷🔷🔷🔷🔷🔶 ⚠️ラスヘッド・深巣ダンテクレオ消滅, (支払:R:🔷, ラスヘッド:🔷, 配置:R:🔷🔷🔷🔷🔷🔷, 深巣ダンテクレオ:🔶) -> eval: +0.1173
    [40] SUMMON | コスト🔷🔶, 配置コア🔷🔷🔷🔷🔷🔷🔷 ⚠️深巣ダンテクレオ消滅, (支払:R:🔷, 深巣ダンテクレオ:🔶, 配置:R:🔷🔷🔷🔷🔷🔷🔷) -> eval: +0.2294
    [41] SUMMON | コスト🔷🔶, 配置コア🔷🔷🔷🔷🔷🔷🔷 ⚠️ラスヘッド・深巣ダンテクレオ消滅, (支払:ラスヘッド:🔷, 深巣ダンテクレオ:🔶, 配置:R:🔷🔷🔷🔷🔷🔷🔷) -> eval: +0.1461
    [42] SUMMON | コスト🔷🔷, 配置コア🔷🔷🔷🔷🔷🔷🔷🔷 ⚠️ラスヘッド消滅, (支払:R:🔷, ラスヘッド:🔷, 配置:R:🔷🔷🔷🔷🔷🔷🔷🔷) -> eval: +0.2397
    [43] SUMMON | コスト🔷🔷, 配置コア🔷🔷🔷🔷🔷🔷🔷🔶 ⚠️深巣ダンテクレオ消滅, (支払:R:🔷🔷, 配置:R:🔷🔷🔷🔷🔷🔷🔷, 深巣ダンテクレオ:🔶) -> eval: +0.2121
    [44] SUMMON | コスト🔷🔷, 配置コア🔷🔷🔷🔷🔷🔷🔷🔶 ⚠️ラスヘッド・深巣ダンテクレオ消滅, (支払:R:🔷, ラスヘッド:🔷, 配置:R:🔷🔷🔷🔷🔷🔷🔷, 深巣ダンテクレオ:🔶) -> eval: +0.1297
    [45] SUMMON | コスト🔷🔶, 配置コア🔷🔷🔷🔷🔷🔷🔷🔷 ⚠️深巣ダンテクレオ消滅, (支払:R:🔷, 深巣ダンテクレオ:🔶, 配置:R:🔷🔷🔷🔷🔷🔷🔷🔷) -> eval: +0.2410
    [46] SUMMON | コスト🔷🔶, 配置コア🔷🔷🔷🔷🔷🔷🔷🔷 ⚠️ラスヘッド・深巣ダンテクレオ消滅, (支払:ラスヘッド:🔷, 深巣ダンテクレオ:🔶, 配置:R:🔷🔷🔷🔷🔷🔷🔷🔷) -> eval: +0.1573
    [47] SUMMON | コスト🔷🔷, 配置コア🔷🔷🔷🔷🔷🔷🔷🔷🔶 ⚠️ラスヘッド・深巣ダンテクレオ消滅, (支払:R:🔷, ラスヘッド:🔷, 配置:R:🔷🔷🔷🔷🔷🔷🔷🔷, 深巣ダンテクレオ:🔶) -> eval: +0.1424
    [48] SUMMON | コスト🔷🔶, 配置コア🔷🔷🔷🔷🔷🔷🔷🔷🔷 ⚠️ラスヘッド・深巣ダンテクレオ消滅, (支払:ラスヘッド:🔷, 深巣ダンテクレオ:🔶, 配置:R:🔷🔷🔷🔷🔷🔷🔷🔷🔷) -> eval: +0.1687
    [49] USE_MAGIC | コスト🔷🔷, コアは置かない, (支払:R:🔷🔷, 配置:なし) -> eval: +0.1420
    [50] USE_MAGIC | コスト🔷🔷, コアは置かない ⚠️ラスヘッド消滅, (支払:R:🔷, ラスヘッド:🔷, 配置:なし) -> eval: +0.0656
    [51] USE_MAGIC | コスト🔷🔶, コアは置かない ⚠️深巣ダンテクレオ消滅, (支払:R:🔷, 深巣ダンテクレオ:🔶, 配置:なし) -> eval: +0.0606
    [52] USE_MAGIC | コスト🔷🔶, コアは置かない ⚠️ラスヘッド・深巣ダンテクレオ消滅, (支払:ラスヘッド:🔷, 深巣ダンテクレオ:🔶, 配置:なし) -> eval: -0.0081
    [53] SUMMON | コスト🔷, 配置コア🔷, (支払:R:🔷, 配置:R:🔷) -> eval: +0.2593
    [54] SUMMON | コスト🔷, 配置コア🔷 ⚠️ラスヘッド消滅, (支払:ラスヘッド:🔷, 配置:R:🔷) -> eval: +0.1468
    [55] SUMMON | コスト🔷, 配置コア🔶 ⚠️深巣ダンテクレオ消滅, (支払:R:🔷, 配置:深巣ダンテクレオ:🔶) -> eval: +0.1219
    [56] SUMMON | コスト🔷, 配置コア🔶 ⚠️ラスヘッド・深巣ダンテクレオ消滅, (支払:ラスヘッド:🔷, 配置:深巣ダンテクレオ:🔶) -> eval: +0.0421
    [57] SUMMON | コスト🔶, 配置コア🔷 ⚠️深巣ダンテクレオ消滅, (支払:深巣ダンテクレオ:🔶, 配置:R:🔷) -> eval: +0.1468
    [58] SUMMON | コスト🔶, 配置コア🔷 ⚠️ラスヘッド・深巣ダンテクレオ消滅, (支払:深巣ダンテクレオ:🔶, 配置:ラスヘッド:🔷) -> eval: +0.0677
    [59] SUMMON | コスト🔷, 配置コア🔷🔷, (支払:R:🔷, 配置:R:🔷🔷) -> eval: +0.2642
    [60] SUMMON | コスト🔷, 配置コア🔷🔷 ⚠️ラスヘッド消滅, (支払:ラスヘッド:🔷, 配置:R:🔷🔷) -> eval: +0.1535
    [61] SUMMON | コスト🔷, 配置コア🔷🔶 ⚠️深巣ダンテクレオ消滅, (支払:R:🔷, 配置:R:🔷, 深巣ダンテクレオ:🔶) -> eval: +0.1294
    [62] SUMMON | コスト🔷, 配置コア🔷🔶 ⚠️ラスヘッド・深巣ダンテクレオ消滅, (支払:ラスヘッド:🔷, 配置:R:🔷, 深巣ダンテクレオ:🔶) -> eval: +0.0496
    [63] SUMMON | コスト🔶, 配置コア🔷🔷 ⚠️深巣ダンテクレオ消滅, (支払:深巣ダンテクレオ:🔶, 配置:R:🔷🔷) -> eval: +0.1535
    [64] SUMMON | コスト🔶, 配置コア🔷🔷 ⚠️ラスヘッド・深巣ダンテクレオ消滅, (支払:深巣ダンテクレオ:🔶, 配置:R:🔷, ラスヘッド:🔷) -> eval: +0.0746
    [65] SUMMON | コスト🔷, 配置コア🔷🔷🔷, (支払:R:🔷, 配置:R:🔷🔷🔷) -> eval: +0.2973
    [66] SUMMON | コスト🔷, 配置コア🔷🔷🔷 ⚠️ラスヘッド消滅, (支払:ラスヘッド:🔷, 配置:R:🔷🔷🔷) -> eval: +0.1857
    [67] SUMMON | コスト🔷, 配置コア🔷🔷🔶 ⚠️深巣ダンテクレオ消滅, (支払:R:🔷, 配置:R:🔷🔷, 深巣ダンテクレオ:🔶) -> eval: +0.1529
    [68] SUMMON | コスト🔷, 配置コア🔷🔷🔶 ⚠️ラスヘッド・深巣ダンテクレオ消滅, (支払:ラスヘッド:🔷, 配置:R:🔷🔷, 深巣ダンテクレオ:🔶) -> eval: +0.0712
    [69] SUMMON | コスト🔶, 配置コア🔷🔷🔷 ⚠️深巣ダンテクレオ消滅, (支払:深巣ダンテクレオ:🔶, 配置:R:🔷🔷🔷) -> eval: +0.1873
    [70] SUMMON | コスト🔶, 配置コア🔷🔷🔷 ⚠️ラスヘッド・深巣ダンテクレオ消滅, (支払:深巣ダンテクレオ:🔶, 配置:R:🔷🔷, ラスヘッド:🔷) -> eval: +0.1035
    [71] SUMMON | コスト🔷, 配置コア🔷🔷🔷🔷, (支払:R:🔷, 配置:R:🔷🔷🔷🔷) -> eval: +0.3043
    [72] SUMMON | コスト🔷, 配置コア🔷🔷🔷🔷 ⚠️ラスヘッド消滅, (支払:ラスヘッド:🔷, 配置:R:🔷🔷🔷🔷) -> eval: +0.1944
    [73] SUMMON | コスト🔷, 配置コア🔷🔷🔷🔶 ⚠️深巣ダンテクレオ消滅, (支払:R:🔷, 配置:R:🔷🔷🔷, 深巣ダンテクレオ:🔶) -> eval: +0.1625
    [74] SUMMON | コスト🔷, 配置コア🔷🔷🔷🔶 ⚠️ラスヘッド・深巣ダンテクレオ消滅, (支払:ラスヘッド:🔷, 配置:R:🔷🔷🔷, 深巣ダンテクレオ:🔶) -> eval: +0.0807
    [75] SUMMON | コスト🔶, 配置コア🔷🔷🔷🔷 ⚠️深巣ダンテクレオ消滅, (支払:深巣ダンテクレオ:🔶, 配置:R:🔷🔷🔷🔷) -> eval: +0.1960
    [76] SUMMON | コスト🔶, 配置コア🔷🔷🔷🔷 ⚠️ラスヘッド・深巣ダンテクレオ消滅, (支払:深巣ダンテクレオ:🔶, 配置:R:🔷🔷🔷, ラスヘッド:🔷) -> eval: +0.1124
    [77] SUMMON | コスト🔷, 配置コア🔷🔷🔷🔷🔷, (支払:R:🔷, 配置:R:🔷🔷🔷🔷🔷) -> eval: +0.3120
    [78] SUMMON | コスト🔷, 配置コア🔷🔷🔷🔷🔷 ⚠️ラスヘッド消滅, (支払:ラスヘッド:🔷, 配置:R:🔷🔷🔷🔷🔷) -> eval: +0.2038
    [79] SUMMON | コスト🔷, 配置コア🔷🔷🔷🔷🔶 ⚠️深巣ダンテクレオ消滅, (支払:R:🔷, 配置:R:🔷🔷🔷🔷, 深巣ダンテクレオ:🔶) -> eval: +0.1729
    [80] SUMMON | コスト🔷, 配置コア🔷🔷🔷🔷🔶 ⚠️ラスヘッド・深巣ダンテクレオ消滅, (支払:ラスヘッド:🔷, 配置:R:🔷🔷🔷🔷, 深巣ダンテクレオ:🔶) -> eval: +0.0910
    [81] SUMMON | コスト🔶, 配置コア🔷🔷🔷🔷🔷 ⚠️深巣ダンテクレオ消滅, (支払:深巣ダンテクレオ:🔶, 配置:R:🔷🔷🔷🔷🔷) -> eval: +0.2054
    [82] SUMMON | コスト🔶, 配置コア🔷🔷🔷🔷🔷 ⚠️ラスヘッド・深巣ダンテクレオ消滅, (支払:深巣ダンテクレオ:🔶, 配置:R:🔷🔷🔷🔷, ラスヘッド:🔷) -> eval: +0.1218
    [83] SUMMON | コスト🔷, 配置コア🔷🔷🔷🔷🔷🔷, (支払:R:🔷, 配置:R:🔷🔷🔷🔷🔷🔷) -> eval: +0.3204
    [84] SUMMON | コスト🔷, 配置コア🔷🔷🔷🔷🔷🔷 ⚠️ラスヘッド消滅, (支払:ラスヘッド:🔷, 配置:R:🔷🔷🔷🔷🔷🔷) -> eval: +0.2139
    [85] SUMMON | コスト🔷, 配置コア🔷🔷🔷🔷🔷🔶 ⚠️深巣ダンテクレオ消滅, (支払:R:🔷, 配置:R:🔷🔷🔷🔷🔷, 深巣ダンテクレオ:🔶) -> eval: +0.1841
    [86] SUMMON | コスト🔷, 配置コア🔷🔷🔷🔷🔷🔶 ⚠️ラスヘッド・深巣ダンテクレオ消滅, (支払:ラスヘッド:🔷, 配置:R:🔷🔷🔷🔷🔷, 深巣ダンテクレオ:🔶) -> eval: +0.1019
    [87] SUMMON | コスト🔶, 配置コア🔷🔷🔷🔷🔷🔷 ⚠️深巣ダンテクレオ消滅, (支払:深巣ダンテクレオ:🔶, 配置:R:🔷🔷🔷🔷🔷🔷) -> eval: +0.2155
    [88] SUMMON | コスト🔶, 配置コア🔷🔷🔷🔷🔷🔷 ⚠️ラスヘッド・深巣ダンテクレオ消滅, (支払:深巣ダンテクレオ:🔶, 配置:R:🔷🔷🔷🔷🔷, ラスヘッド:🔷) -> eval: +0.1317
    [89] SUMMON | コスト🔷, 配置コア🔷🔷🔷🔷🔷🔷🔷, (支払:R:🔷, 配置:R:🔷🔷🔷🔷🔷🔷🔷) -> eval: +0.3294
    [90] SUMMON | コスト🔷, 配置コア🔷🔷🔷🔷🔷🔷🔷 ⚠️ラスヘッド消滅, (支払:ラスヘッド:🔷, 配置:R:🔷🔷🔷🔷🔷🔷🔷) -> eval: +0.2245
    [91] SUMMON | コスト🔷, 配置コア🔷🔷🔷🔷🔷🔷🔶 ⚠️深巣ダンテクレオ消滅, (支払:R:🔷, 配置:R:🔷🔷🔷🔷🔷🔷, 深巣ダンテクレオ:🔶) -> eval: +0.1959
    [92] SUMMON | コスト🔷, 配置コア🔷🔷🔷🔷🔷🔷🔶 ⚠️ラスヘッド・深巣ダンテクレオ消滅, (支払:ラスヘッド:🔷, 配置:R:🔷🔷🔷🔷🔷🔷, 深巣ダンテクレオ:🔶) -> eval: +0.1135
    [93] SUMMON | コスト🔶, 配置コア🔷🔷🔷🔷🔷🔷🔷 ⚠️深巣ダンテクレオ消滅, (支払:深巣ダンテクレオ:🔶, 配置:R:🔷🔷🔷🔷🔷🔷🔷) -> eval: +0.2262
    [94] SUMMON | コスト🔶, 配置コア🔷🔷🔷🔷🔷🔷🔷 ⚠️ラスヘッド・深巣ダンテクレオ消滅, (支払:深巣ダンテクレオ:🔶, 配置:R:🔷🔷🔷🔷🔷🔷, ラスヘッド:🔷) -> eval: +0.1421
    [95] SUMMON | コスト🔷, 配置コア🔷🔷🔷🔷🔷🔷🔷🔷, (支払:R:🔷, 配置:R:🔷🔷🔷🔷🔷🔷🔷🔷) -> eval: +0.3390
    [96] SUMMON | コスト🔷, 配置コア🔷🔷🔷🔷🔷🔷🔷🔷 ⚠️ラスヘッド消滅, (支払:ラスヘッド:🔷, 配置:R:🔷🔷🔷🔷🔷🔷🔷🔷) -> eval: +0.2356
    [97] SUMMON | コスト🔷, 配置コア🔷🔷🔷🔷🔷🔷🔷🔶 ⚠️深巣ダンテクレオ消滅, (支払:R:🔷, 配置:R:🔷🔷🔷🔷🔷🔷🔷, 深巣ダンテクレオ:🔶) -> eval: +0.2083
    [98] SUMMON | コスト🔷, 配置コア🔷🔷🔷🔷🔷🔷🔷🔶 ⚠️ラスヘッド・深巣ダンテクレオ消滅, (支払:ラスヘッド:🔷, 配置:R:🔷🔷🔷🔷🔷🔷🔷, 深巣ダンテクレオ:🔶) -> eval: +0.1255
    [99] SUMMON | コスト🔶, 配置コア🔷🔷🔷🔷🔷🔷🔷🔷 ⚠️深巣ダンテクレオ消滅, (支払:深巣ダンテクレオ:🔶, 配置:R:🔷🔷🔷🔷🔷🔷🔷🔷) -> eval: +0.2373
    [100] SUMMON | コスト🔶, 配置コア🔷🔷🔷🔷🔷🔷🔷🔷 ⚠️ラスヘッド・深巣ダンテクレオ消滅, (支払:深巣ダンテクレオ:🔶, 配置:R:🔷🔷🔷🔷🔷🔷🔷, ラスヘッド:🔷) -> eval: +0.1530
    [101] SUMMON | コスト🔷, 配置コア🔷🔷🔷🔷🔷🔷🔷🔷🔷 ⚠️ラスヘッド消滅, (支払:ラスヘッド:🔷, 配置:R:🔷🔷🔷🔷🔷🔷🔷🔷🔷) -> eval: +0.2472
    [102] SUMMON | コスト🔷, 配置コア🔷🔷🔷🔷🔷🔷🔷🔷🔶 ⚠️深巣ダンテクレオ消滅, (支払:R:🔷, 配置:R:🔷🔷🔷🔷🔷🔷🔷🔷, 深巣ダンテクレオ:🔶) -> eval: +0.2212
    [103] SUMMON | コスト🔷, 配置コア🔷🔷🔷🔷🔷🔷🔷🔷🔶 ⚠️ラスヘッド・深巣ダンテクレオ消滅, (支払:ラスヘッド:🔷, 配置:R:🔷🔷🔷🔷🔷🔷🔷🔷, 深巣ダンテクレオ:🔶) -> eval: +0.1380
    [104] SUMMON | コスト🔶, 配置コア🔷🔷🔷🔷🔷🔷🔷🔷🔷 ⚠️深巣ダンテクレオ消滅, (支払:深巣ダンテクレオ:🔶, 配置:R:🔷🔷🔷🔷🔷🔷🔷🔷🔷) -> eval: +0.2489
    [105] SUMMON | コスト🔶, 配置コア🔷🔷🔷🔷🔷🔷🔷🔷🔷 ⚠️ラスヘッド・深巣ダンテクレオ消滅, (支払:深巣ダンテクレオ:🔶, 配置:R:🔷🔷🔷🔷🔷🔷🔷🔷, ラスヘッド:🔷) -> eval: +0.1641
    [106] SUMMON | コスト🔷, 配置コア🔷🔷🔷🔷🔷🔷🔷🔷🔷🔶 ⚠️ラスヘッド・深巣ダンテクレオ消滅, (支払:ラスヘッド:🔷, 配置:R:🔷🔷🔷🔷🔷🔷🔷🔷🔷, 深巣ダンテクレオ:🔶) -> eval: +0.1508
    [107] SUMMON | コスト🔶, 配置コア🔷🔷🔷🔷🔷🔷🔷🔷🔷🔷 ⚠️ラスヘッド・深巣ダンテクレオ消滅, (支払:深巣ダンテクレオ:🔶, 配置:R:🔷🔷🔷🔷🔷🔷🔷🔷🔷, ラスヘッド:🔷) -> eval: +0.1756
    [108] SUMMON | コスト🔷, 配置コアなし, (支払:R:🔷, 配置:なし) -> eval: +0.2575
    [109] SUMMON | コスト🔷, 配置コアなし ⚠️ラスヘッド消滅, (支払:ラスヘッド:🔷, 配置:なし) -> eval: +0.1425
    [110] SUMMON | コスト🔶, 配置コアなし ⚠️深巣ダンテクレオ消滅, (支払:深巣ダンテクレオ:🔶, 配置:なし) -> eval: +0.1429
    [111] SUMMON | コスト🔷, 配置コア🔷, (支払:R:🔷, 配置:R:🔷) -> eval: +0.2617
    [112] SUMMON | コスト🔷, 配置コア🔷 ⚠️ラスヘッド消滅, (支払:ラスヘッド:🔷, 配置:R:🔷) -> eval: +0.1484
    [113] SUMMON | コスト🔷, 配置コア🔶 ⚠️深巣ダンテクレオ消滅, (支払:R:🔷, 配置:深巣ダンテクレオ:🔶) -> eval: +0.1321
    [114] SUMMON | コスト🔷, 配置コア🔶 ⚠️ラスヘッド・深巣ダンテクレオ消滅, (支払:ラスヘッド:🔷, 配置:深巣ダンテクレオ:🔶) -> eval: +0.0478
    [115] SUMMON | コスト🔶, 配置コア🔷 ⚠️深巣ダンテクレオ消滅, (支払:深巣ダンテクレオ:🔶, 配置:R:🔷) -> eval: +0.1488
    [116] SUMMON | コスト🔶, 配置コア🔷 ⚠️ラスヘッド・深巣ダンテクレオ消滅, (支払:深巣ダンテクレオ:🔶, 配置:ラスヘッド:🔷) -> eval: +0.0684
    [117] SUMMON | コスト🔷, 配置コア🔷🔷, (支払:R:🔷, 配置:R:🔷🔷) -> eval: +0.2665
    [118] SUMMON | コスト🔷, 配置コア🔷🔷 ⚠️ラスヘッド消滅, (支払:ラスヘッド:🔷, 配置:R:🔷🔷) -> eval: +0.1552
    [119] SUMMON | コスト🔷, 配置コア🔷🔶 ⚠️深巣ダンテクレオ消滅, (支払:R:🔷, 配置:R:🔷, 深巣ダンテクレオ:🔶) -> eval: +0.1400
    [120] SUMMON | コスト🔷, 配置コア🔷🔶 ⚠️ラスヘッド・深巣ダンテクレオ消滅, (支払:ラスヘッド:🔷, 配置:R:🔷, 深巣ダンテクレオ:🔶) -> eval: +0.0559
    [121] SUMMON | コスト🔶, 配置コア🔷🔷 ⚠️深巣ダンテクレオ消滅, (支払:深巣ダンテクレオ:🔶, 配置:R:🔷🔷) -> eval: +0.1555
    [122] SUMMON | コスト🔶, 配置コア🔷🔷 ⚠️ラスヘッド・深巣ダンテクレオ消滅, (支払:深巣ダンテクレオ:🔶, 配置:R:🔷, ラスヘッド:🔷) -> eval: +0.0753
    [123] SUMMON | コスト🔷, 配置コア🔷🔷🔷, (支払:R:🔷, 配置:R:🔷🔷🔷) -> eval: +0.2722
    [124] SUMMON | コスト🔷, 配置コア🔷🔷🔷 ⚠️ラスヘッド消滅, (支払:ラスヘッド:🔷, 配置:R:🔷🔷🔷) -> eval: +0.1627
    [125] SUMMON | コスト🔷, 配置コア🔷🔷🔶 ⚠️深巣ダンテクレオ消滅, (支払:R:🔷, 配置:R:🔷🔷, 深巣ダンテクレオ:🔶) -> eval: +0.1488
    [126] SUMMON | コスト🔷, 配置コア🔷🔷🔶 ⚠️ラスヘッド・深巣ダンテクレオ消滅, (支払:ラスヘッド:🔷, 配置:R:🔷🔷, 深巣ダンテクレオ:🔶) -> eval: +0.0647
    [127] SUMMON | コスト🔶, 配置コア🔷🔷🔷 ⚠️深巣ダンテクレオ消滅, (支払:深巣ダンテクレオ:🔶, 配置:R:🔷🔷🔷) -> eval: +0.1631
    [128] SUMMON | コスト🔶, 配置コア🔷🔷🔷 ⚠️ラスヘッド・深巣ダンテクレオ消滅, (支払:深巣ダンテクレオ:🔶, 配置:R:🔷🔷, ラスヘッド:🔷) -> eval: +0.0828
    [129] SUMMON | コスト🔷, 配置コア🔷🔷🔷🔷, (支払:R:🔷, 配置:R:🔷🔷🔷🔷) -> eval: +0.2786
    [130] SUMMON | コスト🔷, 配置コア🔷🔷🔷🔷 ⚠️ラスヘッド消滅, (支払:ラスヘッド:🔷, 配置:R:🔷🔷🔷🔷) -> eval: +0.1711
    [131] SUMMON | コスト🔷, 配置コア🔷🔷🔷🔶 ⚠️深巣ダンテクレオ消滅, (支払:R:🔷, 配置:R:🔷🔷🔷, 深巣ダンテクレオ:🔶) -> eval: +0.1585
    [132] SUMMON | コスト🔷, 配置コア🔷🔷🔷🔶 ⚠️ラスヘッド・深巣ダンテクレオ消滅, (支払:ラスヘッド:🔷, 配置:R:🔷🔷🔷, 深巣ダンテクレオ:🔶) -> eval: +0.0743
    [133] SUMMON | コスト🔶, 配置コア🔷🔷🔷🔷 ⚠️深巣ダンテクレオ消滅, (支払:深巣ダンテクレオ:🔶, 配置:R:🔷🔷🔷🔷) -> eval: +0.1714
    [134] SUMMON | コスト🔶, 配置コア🔷🔷🔷🔷 ⚠️ラスヘッド・深巣ダンテクレオ消滅, (支払:深巣ダンテクレオ:🔶, 配置:R:🔷🔷🔷, ラスヘッド:🔷) -> eval: +0.0911
    [135] SUMMON | コスト🔷, 配置コア🔷🔷🔷🔷🔷, (支払:R:🔷, 配置:R:🔷🔷🔷🔷🔷) -> eval: +0.2858
    [136] SUMMON | コスト🔷, 配置コア🔷🔷🔷🔷🔷 ⚠️ラスヘッド消滅, (支払:ラスヘッド:🔷, 配置:R:🔷🔷🔷🔷🔷) -> eval: +0.1802
    [137] SUMMON | コスト🔷, 配置コア🔷🔷🔷🔷🔶 ⚠️深巣ダンテクレオ消滅, (支払:R:🔷, 配置:R:🔷🔷🔷🔷, 深巣ダンテクレオ:🔶) -> eval: +0.1689
    [138] SUMMON | コスト🔷, 配置コア🔷🔷🔷🔷🔶 ⚠️ラスヘッド・深巣ダンテクレオ消滅, (支払:ラスヘッド:🔷, 配置:R:🔷🔷🔷🔷, 深巣ダンテクレオ:🔶) -> eval: +0.0846
    [139] SUMMON | コスト🔶, 配置コア🔷🔷🔷🔷🔷 ⚠️深巣ダンテクレオ消滅, (支払:深巣ダンテクレオ:🔶, 配置:R:🔷🔷🔷🔷🔷) -> eval: +0.1806
    [140] SUMMON | コスト🔶, 配置コア🔷🔷🔷🔷🔷 ⚠️ラスヘッド・深巣ダンテクレオ消滅, (支払:深巣ダンテクレオ:🔶, 配置:R:🔷🔷🔷🔷, ラスヘッド:🔷) -> eval: +0.1001
    [141] SUMMON | コスト🔷, 配置コア🔷🔷🔷🔷🔷🔷, (支払:R:🔷, 配置:R:🔷🔷🔷🔷🔷🔷) -> eval: +0.2939
    [142] SUMMON | コスト🔷, 配置コア🔷🔷🔷🔷🔷🔷 ⚠️ラスヘッド消滅, (支払:ラスヘッド:🔷, 配置:R:🔷🔷🔷🔷🔷🔷) -> eval: +0.1900
    [143] SUMMON | コスト🔷, 配置コア🔷🔷🔷🔷🔷🔶 ⚠️深巣ダンテクレオ消滅, (支払:R:🔷, 配置:R:🔷🔷🔷🔷🔷, 深巣ダンテクレオ:🔶) -> eval: +0.1802
    [144] SUMMON | コスト🔷, 配置コア🔷🔷🔷🔷🔷🔶 ⚠️ラスヘッド・深巣ダンテクレオ消滅, (支払:ラスヘッド:🔷, 配置:R:🔷🔷🔷🔷🔷, 深巣ダンテクレオ:🔶) -> eval: +0.0956
    [145] SUMMON | コスト🔶, 配置コア🔷🔷🔷🔷🔷🔷 ⚠️深巣ダンテクレオ消滅, (支払:深巣ダンテクレオ:🔶, 配置:R:🔷🔷🔷🔷🔷🔷) -> eval: +0.1905
    [146] SUMMON | コスト🔶, 配置コア🔷🔷🔷🔷🔷🔷 ⚠️ラスヘッド・深巣ダンテクレオ消滅, (支払:深巣ダンテクレオ:🔶, 配置:R:🔷🔷🔷🔷🔷, ラスヘッド:🔷) -> eval: +0.1097
    [147] SUMMON | コスト🔷, 配置コア🔷🔷🔷🔷🔷🔷🔷, (支払:R:🔷, 配置:R:🔷🔷🔷🔷🔷🔷🔷) -> eval: +0.3027
    [148] SUMMON | コスト🔷, 配置コア🔷🔷🔷🔷🔷🔷🔷 ⚠️ラスヘッド消滅, (支払:ラスヘッド:🔷, 配置:R:🔷🔷🔷🔷🔷🔷🔷) -> eval: +0.2006
    [149] SUMMON | コスト🔷, 配置コア🔷🔷🔷🔷🔷🔷🔶 ⚠️深巣ダンテクレオ消滅, (支払:R:🔷, 配置:R:🔷🔷🔷🔷🔷🔷, 深巣ダンテクレオ:🔶) -> eval: +0.1921
    [150] SUMMON | コスト🔷, 配置コア🔷🔷🔷🔷🔷🔷🔶 ⚠️ラスヘッド・深巣ダンテクレオ消滅, (支払:ラスヘッド:🔷, 配置:R:🔷🔷🔷🔷🔷🔷, 深巣ダンテクレオ:🔶) -> eval: +0.1073
    [151] SUMMON | コスト🔶, 配置コア🔷🔷🔷🔷🔷🔷🔷 ⚠️深巣ダンテクレオ消滅, (支払:深巣ダンテクレオ:🔶, 配置:R:🔷🔷🔷🔷🔷🔷🔷) -> eval: +0.2011
    [152] SUMMON | コスト🔶, 配置コア🔷🔷🔷🔷🔷🔷🔷 ⚠️ラスヘッド・深巣ダンテクレオ消滅, (支払:深巣ダンテクレオ:🔶, 配置:R:🔷🔷🔷🔷🔷🔷, ラスヘッド:🔷) -> eval: +0.1199
    [153] SUMMON | コスト🔷, 配置コア🔷🔷🔷🔷🔷🔷🔷🔷, (支払:R:🔷, 配置:R:🔷🔷🔷🔷🔷🔷🔷🔷) -> eval: +0.3122
    [154] SUMMON | コスト🔷, 配置コア🔷🔷🔷🔷🔷🔷🔷🔷 ⚠️ラスヘッド消滅, (支払:ラスヘッド:🔷, 配置:R:🔷🔷🔷🔷🔷🔷🔷🔷) -> eval: +0.2118
    [155] SUMMON | コスト🔷, 配置コア🔷🔷🔷🔷🔷🔷🔷🔶 ⚠️深巣ダンテクレオ消滅, (支払:R:🔷, 配置:R:🔷🔷🔷🔷🔷🔷🔷, 深巣ダンテクレオ:🔶) -> eval: +0.2047
    [156] SUMMON | コスト🔷, 配置コア🔷🔷🔷🔷🔷🔷🔷🔶 ⚠️ラスヘッド・深巣ダンテクレオ消滅, (支払:ラスヘッド:🔷, 配置:R:🔷🔷🔷🔷🔷🔷🔷, 深巣ダンテクレオ:🔶) -> eval: +0.1195
    [157] SUMMON | コスト🔶, 配置コア🔷🔷🔷🔷🔷🔷🔷🔷 ⚠️深巣ダンテクレオ消滅, (支払:深巣ダンテクレオ:🔶, 配置:R:🔷🔷🔷🔷🔷🔷🔷🔷) -> eval: +0.2123
    [158] SUMMON | コスト🔶, 配置コア🔷🔷🔷🔷🔷🔷🔷🔷 ⚠️ラスヘッド・深巣ダンテクレオ消滅, (支払:深巣ダンテクレオ:🔶, 配置:R:🔷🔷🔷🔷🔷🔷🔷, ラスヘッド:🔷) -> eval: +0.1307
    [159] SUMMON | コスト🔷, 配置コア🔷🔷🔷🔷🔷🔷🔷🔷🔷 ⚠️ラスヘッド消滅, (支払:ラスヘッド:🔷, 配置:R:🔷🔷🔷🔷🔷🔷🔷🔷🔷) -> eval: +0.2235
    [160] SUMMON | コスト🔷, 配置コア🔷🔷🔷🔷🔷🔷🔷🔷🔶 ⚠️深巣ダンテクレオ消滅, (支払:R:🔷, 配置:R:🔷🔷🔷🔷🔷🔷🔷🔷, 深巣ダンテクレオ:🔶) -> eval: +0.2177
    [161] SUMMON | コスト🔷, 配置コア🔷🔷🔷🔷🔷🔷🔷🔷🔶 ⚠️ラスヘッド・深巣ダンテクレオ消滅, (支払:ラスヘッド:🔷, 配置:R:🔷🔷🔷🔷🔷🔷🔷🔷, 深巣ダンテクレオ:🔶) -> eval: +0.1321
    [162] SUMMON | コスト🔶, 配置コア🔷🔷🔷🔷🔷🔷🔷🔷🔷 ⚠️深巣ダンテクレオ消滅, (支払:深巣ダンテクレオ:🔶, 配置:R:🔷🔷🔷🔷🔷🔷🔷🔷🔷) -> eval: +0.2241
    [163] SUMMON | コスト🔶, 配置コア🔷🔷🔷🔷🔷🔷🔷🔷🔷 ⚠️ラスヘッド・深巣ダンテクレオ消滅, (支払:深巣ダンテクレオ:🔶, 配置:R:🔷🔷🔷🔷🔷🔷🔷🔷, ラスヘッド:🔷) -> eval: +0.1419
    [164] SUMMON | コスト🔷, 配置コア🔷🔷🔷🔷🔷🔷🔷🔷🔷🔶 ⚠️ラスヘッド・深巣ダンテクレオ消滅, (支払:ラスヘッド:🔷, 配置:R:🔷🔷🔷🔷🔷🔷🔷🔷🔷, 深巣ダンテクレオ:🔶) -> eval: +0.1452
    [165] SUMMON | コスト🔶, 配置コア🔷🔷🔷🔷🔷🔷🔷🔷🔷🔷 ⚠️ラスヘッド・深巣ダンテクレオ消滅, (支払:深巣ダンテクレオ:🔶, 配置:R:🔷🔷🔷🔷🔷🔷🔷🔷🔷, ラスヘッド:🔷) -> eval: +0.1535
    [166] SUMMON | コスト🔷🔷, 配置コア🔷, (支払:R:🔷🔷, 配置:R:🔷) -> eval: +0.2874
    [167] SUMMON | コスト🔷🔷, 配置コア🔷 ⚠️ラスヘッド消滅, (支払:R:🔷, ラスヘッド:🔷, 配置:R:🔷) -> eval: +0.1780
    [168] SUMMON | コスト🔷🔷, 配置コア🔶 ⚠️深巣ダンテクレオ消滅, (支払:R:🔷🔷, 配置:深巣ダンテクレオ:🔶) -> eval: +0.1420
    [169] SUMMON | コスト🔷🔷, 配置コア🔶 ⚠️ラスヘッド・深巣ダンテクレオ消滅, (支払:R:🔷, ラスヘッド:🔷, 配置:深巣ダンテクレオ:🔶) -> eval: +0.0658
    [170] SUMMON | コスト🔷🔶, 配置コア🔷 ⚠️深巣ダンテクレオ消滅, (支払:R:🔷, 深巣ダンテクレオ:🔶, 配置:R:🔷) -> eval: +0.1797
    [171] SUMMON | コスト🔷🔶, 配置コア🔷 ⚠️ラスヘッド・深巣ダンテクレオ消滅, (支払:ラスヘッド:🔷, 深巣ダンテクレオ:🔶, 配置:R:🔷) -> eval: +0.1010
    [172] SUMMON | コスト🔷🔷, 配置コア🔷🔷, (支払:R:🔷🔷, 配置:R:🔷🔷) -> eval: +0.2935
    [173] SUMMON | コスト🔷🔷, 配置コア🔷🔷 ⚠️ラスヘッド消滅, (支払:R:🔷, ラスヘッド:🔷, 配置:R:🔷🔷) -> eval: +0.1858
    [174] SUMMON | コスト🔷🔷, 配置コア🔷🔶 ⚠️深巣ダンテクレオ消滅, (支払:R:🔷🔷, 配置:R:🔷, 深巣ダンテクレオ:🔶) -> eval: +0.1501
    [175] SUMMON | コスト🔷🔷, 配置コア🔷🔶 ⚠️ラスヘッド・深巣ダンテクレオ消滅, (支払:R:🔷, ラスヘッド:🔷, 配置:R:🔷, 深巣ダンテクレオ:🔶) -> eval: +0.0744
    [176] SUMMON | コスト🔷🔶, 配置コア🔷🔷 ⚠️深巣ダンテクレオ消滅, (支払:R:🔷, 深巣ダンテクレオ:🔶, 配置:R:🔷🔷) -> eval: +0.1874
    [177] SUMMON | コスト🔷🔶, 配置コア🔷🔷 ⚠️ラスヘッド・深巣ダンテクレオ消滅, (支払:ラスヘッド:🔷, 深巣ダンテクレオ:🔶, 配置:R:🔷🔷) -> eval: +0.1093
    [178] SUMMON | コスト🔷🔷, 配置コア🔷🔷🔷, (支払:R:🔷🔷, 配置:R:🔷🔷🔷) -> eval: +0.3306
    [179] SUMMON | コスト🔷🔷, 配置コア🔷🔷🔷 ⚠️ラスヘッド消滅, (支払:R:🔷, ラスヘッド:🔷, 配置:R:🔷🔷🔷) -> eval: +0.2210
    [180] SUMMON | コスト🔷🔷, 配置コア🔷🔷🔶 ⚠️深巣ダンテクレオ消滅, (支払:R:🔷🔷, 配置:R:🔷🔷, 深巣ダンテクレオ:🔶) -> eval: +0.1808
    [181] SUMMON | コスト🔷🔷, 配置コア🔷🔷🔶 ⚠️ラスヘッド・深巣ダンテクレオ消滅, (支払:R:🔷, ラスヘッド:🔷, 配置:R:🔷🔷, 深巣ダンテクレオ:🔶) -> eval: +0.1030
    [182] SUMMON | コスト🔷🔶, 配置コア🔷🔷🔷 ⚠️深巣ダンテクレオ消滅, (支払:R:🔷, 深巣ダンテクレオ:🔶, 配置:R:🔷🔷🔷) -> eval: +0.2259
    [183] SUMMON | コスト🔷🔶, 配置コア🔷🔷🔷 ⚠️ラスヘッド・深巣ダンテクレオ消滅, (支払:ラスヘッド:🔷, 深巣ダンテクレオ:🔶, 配置:R:🔷🔷🔷) -> eval: +0.1433
    [184] SUMMON | コスト🔷🔷, 配置コア🔷🔷🔷🔷, (支払:R:🔷🔷, 配置:R:🔷🔷🔷🔷) -> eval: +0.3386
    [185] SUMMON | コスト🔷🔷, 配置コア🔷🔷🔷🔷 ⚠️ラスヘッド消滅, (支払:R:🔷, ラスヘッド:🔷, 配置:R:🔷🔷🔷🔷) -> eval: +0.2307
    [186] SUMMON | コスト🔷🔷, 配置コア🔷🔷🔷🔶 ⚠️深巣ダンテクレオ消滅, (支払:R:🔷🔷, 配置:R:🔷🔷🔷, 深巣ダンテクレオ:🔶) -> eval: +0.1909
    [187] SUMMON | コスト🔷🔷, 配置コア🔷🔷🔷🔶 ⚠️ラスヘッド・深巣ダンテクレオ消滅, (支払:R:🔷, ラスヘッド:🔷, 配置:R:🔷🔷🔷, 深巣ダンテクレオ:🔶) -> eval: +0.1135
    [188] SUMMON | コスト🔷🔶, 配置コア🔷🔷🔷🔷 ⚠️深巣ダンテクレオ消滅, (支払:R:🔷, 深巣ダンテクレオ:🔶, 配置:R:🔷🔷🔷🔷) -> eval: +0.2354
    [189] SUMMON | コスト🔷🔶, 配置コア🔷🔷🔷🔷 ⚠️ラスヘッド・深巣ダンテクレオ消滅, (支払:ラスヘッド:🔷, 深巣ダンテクレオ:🔶, 配置:R:🔷🔷🔷🔷) -> eval: +0.1533
    [190] SUMMON | コスト🔷🔷, 配置コア🔷🔷🔷🔷🔷, (支払:R:🔷🔷, 配置:R:🔷🔷🔷🔷🔷) -> eval: +0.3472
    [191] SUMMON | コスト🔷🔷, 配置コア🔷🔷🔷🔷🔷 ⚠️ラスヘッド消滅, (支払:R:🔷, ラスヘッド:🔷, 配置:R:🔷🔷🔷🔷🔷) -> eval: +0.2409
    [192] SUMMON | コスト🔷🔷, 配置コア🔷🔷🔷🔷🔶 ⚠️深巣ダンテクレオ消滅, (支払:R:🔷🔷, 配置:R:🔷🔷🔷🔷, 深巣ダンテクレオ:🔶) -> eval: +0.2018
    [193] SUMMON | コスト🔷🔷, 配置コア🔷🔷🔷🔷🔶 ⚠️ラスヘッド・深巣ダンテクレオ消滅, (支払:R:🔷, ラスヘッド:🔷, 配置:R:🔷🔷🔷🔷, 深巣ダンテクレオ:🔶) -> eval: +0.1247
    [194] SUMMON | コスト🔷🔶, 配置コア🔷🔷🔷🔷🔷 ⚠️深巣ダンテクレオ消滅, (支払:R:🔷, 深巣ダンテクレオ:🔶, 配置:R:🔷🔷🔷🔷🔷) -> eval: +0.2455
    [195] SUMMON | コスト🔷🔶, 配置コア🔷🔷🔷🔷🔷 ⚠️ラスヘッド・深巣ダンテクレオ消滅, (支払:ラスヘッド:🔷, 深巣ダンテクレオ:🔶, 配置:R:🔷🔷🔷🔷🔷) -> eval: +0.1637
    [196] SUMMON | コスト🔷🔷, 配置コア🔷🔷🔷🔷🔷🔷, (支払:R:🔷🔷, 配置:R:🔷🔷🔷🔷🔷🔷) -> eval: +0.3564
    [197] SUMMON | コスト🔷🔷, 配置コア🔷🔷🔷🔷🔷🔷 ⚠️ラスヘッド消滅, (支払:R:🔷, ラスヘッド:🔷, 配置:R:🔷🔷🔷🔷🔷🔷) -> eval: +0.2516
    [198] SUMMON | コスト🔷🔷, 配置コア🔷🔷🔷🔷🔷🔶 ⚠️深巣ダンテクレオ消滅, (支払:R:🔷🔷, 配置:R:🔷🔷🔷🔷🔷, 深巣ダンテクレオ:🔶) -> eval: +0.2133
    [199] SUMMON | コスト🔷🔷, 配置コア🔷🔷🔷🔷🔷🔶 ⚠️ラスヘッド・深巣ダンテクレオ消滅, (支払:R:🔷, ラスヘッド:🔷, 配置:R:🔷🔷🔷🔷🔷, 深巣ダンテクレオ:🔶) -> eval: +0.1364
    [200] SUMMON | コスト🔷🔶, 配置コア🔷🔷🔷🔷🔷🔷 ⚠️深巣ダンテクレオ消滅, (支払:R:🔷, 深巣ダンテクレオ:🔶, 配置:R:🔷🔷🔷🔷🔷🔷) -> eval: +0.2561
    [201] SUMMON | コスト🔷🔶, 配置コア🔷🔷🔷🔷🔷🔷 ⚠️ラスヘッド・深巣ダンテクレオ消滅, (支払:ラスヘッド:🔷, 深巣ダンテクレオ:🔶, 配置:R:🔷🔷🔷🔷🔷🔷) -> eval: +0.1745
    [202] SUMMON | コスト🔷🔷, 配置コア🔷🔷🔷🔷🔷🔷🔷, (支払:R:🔷🔷, 配置:R:🔷🔷🔷🔷🔷🔷🔷) -> eval: +0.3661
    [203] SUMMON | コスト🔷🔷, 配置コア🔷🔷🔷🔷🔷🔷🔷 ⚠️ラスヘッド消滅, (支払:R:🔷, ラスヘッド:🔷, 配置:R:🔷🔷🔷🔷🔷🔷🔷) -> eval: +0.2628
    [204] SUMMON | コスト🔷🔷, 配置コア🔷🔷🔷🔷🔷🔷🔶 ⚠️深巣ダンテクレオ消滅, (支払:R:🔷🔷, 配置:R:🔷🔷🔷🔷🔷🔷, 深巣ダンテクレオ:🔶) -> eval: +0.2255
    [205] SUMMON | コスト🔷🔷, 配置コア🔷🔷🔷🔷🔷🔷🔶 ⚠️ラスヘッド・深巣ダンテクレオ消滅, (支払:R:🔷, ラスヘッド:🔷, 配置:R:🔷🔷🔷🔷🔷🔷, 深巣ダンテクレオ:🔶) -> eval: +0.1486
    [206] SUMMON | コスト🔷🔶, 配置コア🔷🔷🔷🔷🔷🔷🔷 ⚠️深巣ダンテクレオ消滅, (支払:R:🔷, 深巣ダンテクレオ:🔶, 配置:R:🔷🔷🔷🔷🔷🔷🔷) -> eval: +0.2671
    [207] SUMMON | コスト🔷🔶, 配置コア🔷🔷🔷🔷🔷🔷🔷 ⚠️ラスヘッド・深巣ダンテクレオ消滅, (支払:ラスヘッド:🔷, 深巣ダンテクレオ:🔶, 配置:R:🔷🔷🔷🔷🔷🔷🔷) -> eval: +0.1856
    [208] SUMMON | コスト🔷🔷, 配置コア🔷🔷🔷🔷🔷🔷🔷🔷 ⚠️ラスヘッド消滅, (支払:R:🔷, ラスヘッド:🔷, 配置:R:🔷🔷🔷🔷🔷🔷🔷🔷) -> eval: +0.2743
    [209] SUMMON | コスト🔷🔷, 配置コア🔷🔷🔷🔷🔷🔷🔷🔶 ⚠️深巣ダンテクレオ消滅, (支払:R:🔷🔷, 配置:R:🔷🔷🔷🔷🔷🔷🔷, 深巣ダンテクレオ:🔶) -> eval: +0.2381
    [210] SUMMON | コスト🔷🔷, 配置コア🔷🔷🔷🔷🔷🔷🔷🔶 ⚠️ラスヘッド・深巣ダンテクレオ消滅, (支払:R:🔷, ラスヘッド:🔷, 配置:R:🔷🔷🔷🔷🔷🔷🔷, 深巣ダンテクレオ:🔶) -> eval: +0.1611
    [211] SUMMON | コスト🔷🔶, 配置コア🔷🔷🔷🔷🔷🔷🔷🔷 ⚠️深巣ダンテクレオ消滅, (支払:R:🔷, 深巣ダンテクレオ:🔶, 配置:R:🔷🔷🔷🔷🔷🔷🔷🔷) -> eval: +0.2785
    [212] SUMMON | コスト🔷🔶, 配置コア🔷🔷🔷🔷🔷🔷🔷🔷 ⚠️ラスヘッド・深巣ダンテクレオ消滅, (支払:ラスヘッド:🔷, 深巣ダンテクレオ:🔶, 配置:R:🔷🔷🔷🔷🔷🔷🔷🔷) -> eval: +0.1970
    [213] SUMMON | コスト🔷🔷, 配置コア🔷🔷🔷🔷🔷🔷🔷🔷🔶 ⚠️ラスヘッド・深巣ダンテクレオ消滅, (支払:R:🔷, ラスヘッド:🔷, 配置:R:🔷🔷🔷🔷🔷🔷🔷🔷, 深巣ダンテクレオ:🔶) -> eval: +0.1740
    [214] SUMMON | コスト🔷🔶, 配置コア🔷🔷🔷🔷🔷🔷🔷🔷🔷 ⚠️ラスヘッド・深巣ダンテクレオ消滅, (支払:ラスヘッド:🔷, 深巣ダンテクレオ:🔶, 配置:R:🔷🔷🔷🔷🔷🔷🔷🔷🔷) -> eval: +0.2085
    [215] MOVE_CORE | 🔷を移動 -> eval: +0.2248
    [216] MOVE_CORE | 🔷🔷を移動 -> eval: +0.2275
    [217] MOVE_CORE | 🔷🔷🔷を移動 -> eval: +0.2310
    [218] MOVE_CORE | 🔷🔷🔷🔷を移動 -> eval: +0.2354
    [219] MOVE_CORE | 🔷🔷🔷🔷🔷を移動 -> eval: +0.2406
    [220] MOVE_CORE | 🔷🔷🔷🔷🔷🔷を移動 -> eval: +0.2468
    [221] MOVE_CORE | 🔷🔷🔷🔷🔷🔷🔷を移動 -> eval: +0.2538
    [222] MOVE_CORE | 🔷🔷🔷🔷🔷🔷🔷🔷を移動 -> eval: +0.2617
    [223] MOVE_CORE | 🔷🔷🔷🔷🔷🔷🔷🔷🔷を移動 -> eval: +0.2704
    [224] MOVE_CORE | 🔷を移動 -> eval: +0.2265
    [225] MOVE_CORE | 🔷🔷を移動 -> eval: +0.2309
    [226] MOVE_CORE | 🔷🔷🔷を移動 -> eval: +0.2363
    [227] MOVE_CORE | 🔷🔷🔷🔷を移動 -> eval: +0.2426
    [228] MOVE_CORE | 🔷🔷🔷🔷🔷を移動 -> eval: +0.2499
    [229] MOVE_CORE | 🔷🔷🔷🔷🔷🔷を移動 -> eval: +0.2582
    [230] MOVE_CORE | 🔷🔷🔷🔷🔷🔷🔷を移動 -> eval: +0.2674
    [231] MOVE_CORE | 🔷🔷🔷🔷🔷🔷🔷🔷を移動 -> eval: +0.2775
    [232] MOVE_CORE | 🔷🔷🔷🔷🔷🔷🔷🔷🔷を移動 -> eval: +0.2885
    [233] MOVE_CORE | 🔷を移動 ⚠️ラスヘッド消滅 -> eval: +0.0969
    [234] MOVE_CORE | 🔷を移動 ⚠️ラスヘッド消滅 -> eval: +0.1021
    [235] MOVE_CORE | 🔶を移動 ⚠️深巣ダンテクレオ消滅 -> eval: +0.0992
    [236] MOVE_CORE | 🔶 ⇄ 🔷 を交換 -> eval: +0.2373
    [237] MOVE_CORE | 🔶を移動 ⚠️深巣ダンテクレオ消滅 -> eval: +0.0844
    [238] MOVE_CORE | 🔶 ⇄ 🔷 を交換 -> eval: +0.2193
  ステップ終了評価: +0.2229
  => 選択: SUMMON | コスト🔷🔷, 配置コア🔷🔷🔷🔷🔷🔷🔷, (支払:R:🔷🔷, 配置:R:🔷🔷🔷🔷🔷🔷🔷) (eval: +0.3661 > 終了評価 +0.2229)
     効果/結果: 🎴 「モラモーラ」を召喚 (コスト2をトラッシュへ)

Turn 6 | 手数 39 | 手番: P2(run3_run4.kann.weight) | メインステップ
  盤面:
    P1: Life:2, Reserve:0, Hand:3枚, Field:[水泡群域(Lv1,コア0), モラモーラ(Lv1,コア1), ストラレイ(Lv2,コア3), ガリザロト(Lv1,コア2)]
    P2: Life:1, Reserve:0, Hand:4枚, Field:[ラスヘッド(Lv1,コア1), 深巣ダンテクレオ(Lv2,コア1s), モラモーラ(Lv2,コア7)]
  候補行動 (158件):
    [0] SUMMON | コスト🔷🔷, 配置コア🔷 ⚠️ラスヘッド消滅, (支払:モラモーラ:🔷🔷, 配置:ラスヘッド:🔷) -> eval: +0.3007
    [1] SUMMON | コスト🔷🔷, 配置コア🔷, (支払:モラモーラ:🔷🔷, 配置:モラモーラ:🔷) -> eval: +0.3853
    [2] SUMMON | コスト🔷🔷, 配置コア🔶 ⚠️ラスヘッド・深巣ダンテクレオ消滅, (支払:ラスヘッド:🔷, モラモーラ:🔷, 配置:深巣ダンテクレオ:🔶) -> eval: +0.2084
    [3] SUMMON | コスト🔷🔷, 配置コア🔶 ⚠️深巣ダンテクレオ消滅, (支払:モラモーラ:🔷🔷, 配置:深巣ダンテクレオ:🔶) -> eval: +0.2736
    [4] SUMMON | コスト🔷🔶, 配置コア🔷 ⚠️ラスヘッド・深巣ダンテクレオ消滅, (支払:深巣ダンテクレオ:🔶, モラモーラ:🔷, 配置:ラスヘッド:🔷) -> eval: +0.2371
    [5] SUMMON | コスト🔷🔶, 配置コア🔷 ⚠️深巣ダンテクレオ消滅, (支払:深巣ダンテクレオ:🔶, モラモーラ:🔷, 配置:モラモーラ:🔷) -> eval: +0.3029
    [6] SUMMON | コスト🔷🔷, 配置コア🔷🔷 ⚠️ラスヘッド消滅, (支払:モラモーラ:🔷🔷, 配置:ラスヘッド:🔷, モラモーラ:🔷) -> eval: +0.3160
    [7] SUMMON | コスト🔷🔷, 配置コア🔷🔷, (支払:モラモーラ:🔷🔷, 配置:モラモーラ:🔷🔷) -> eval: +0.4031
    [8] SUMMON | コスト🔷🔷, 配置コア🔷🔶 ⚠️ラスヘッド・深巣ダンテクレオ消滅, (支払:モラモーラ:🔷🔷, 配置:ラスヘッド:🔷, 深巣ダンテクレオ:🔶) -> eval: +0.2198
    [9] SUMMON | コスト🔷🔷, 配置コア🔷🔶 ⚠️深巣ダンテクレオ消滅, (支払:モラモーラ:🔷🔷, 配置:深巣ダンテクレオ:🔶, モラモーラ:🔷) -> eval: +0.2859
    [10] SUMMON | コスト🔷🔶, 配置コア🔷🔷 ⚠️ラスヘッド・深巣ダンテクレオ消滅, (支払:深巣ダンテクレオ:🔶, モラモーラ:🔷, 配置:ラスヘッド:🔷, モラモーラ:🔷) -> eval: +0.2517
    [11] SUMMON | コスト🔷🔶, 配置コア🔷🔷 ⚠️深巣ダンテクレオ消滅, (支払:深巣ダンテクレオ:🔶, モラモーラ:🔷, 配置:モラモーラ:🔷🔷) -> eval: +0.3195
    [12] SUMMON | コスト🔷🔷, 配置コア🔷🔷🔷 ⚠️ラスヘッド消滅, (支払:モラモーラ:🔷🔷, 配置:ラスヘッド:🔷, モラモーラ:🔷🔷) -> eval: +0.3154
    [13] SUMMON | コスト🔷🔷, 配置コア🔷🔷🔷, (支払:モラモーラ:🔷🔷, 配置:モラモーラ:🔷🔷🔷) -> eval: +0.3799
    [14] SUMMON | コスト🔷🔷, 配置コア🔷🔷🔶 ⚠️ラスヘッド・深巣ダンテクレオ消滅, (支払:モラモーラ:🔷🔷, 配置:ラスヘッド:🔷, 深巣ダンテクレオ:🔶, モラモーラ:🔷) -> eval: +0.2205
    [15] SUMMON | コスト🔷🔷, 配置コア🔷🔷🔶 ⚠️深巣ダンテクレオ消滅, (支払:モラモーラ:🔷🔷, 配置:深巣ダンテクレオ:🔶, モラモーラ:🔷🔷) -> eval: +0.2864
    [16] SUMMON | コスト🔷🔶, 配置コア🔷🔷🔷 ⚠️ラスヘッド・深巣ダンテクレオ消滅, (支払:深巣ダンテクレオ:🔶, モラモーラ:🔷, 配置:ラスヘッド:🔷, モラモーラ:🔷🔷) -> eval: +0.2512
    [17] SUMMON | コスト🔷🔶, 配置コア🔷🔷🔷 ⚠️深巣ダンテクレオ消滅, (支払:深巣ダンテクレオ:🔶, モラモーラ:🔷, 配置:モラモーラ:🔷🔷🔷) -> eval: +0.3190
    [18] SUMMON | コスト🔷🔷, 配置コア🔷🔷🔷🔷 ⚠️ラスヘッド消滅, (支払:モラモーラ:🔷🔷, 配置:ラスヘッド:🔷, モラモーラ:🔷🔷🔷) -> eval: +0.2960
    [19] SUMMON | コスト🔷🔷, 配置コア🔷🔷🔷🔷, (支払:モラモーラ:🔷🔷, 配置:モラモーラ:🔷🔷🔷🔷) -> eval: +0.3803
    [20] SUMMON | コスト🔷🔷, 配置コア🔷🔷🔷🔶 ⚠️ラスヘッド・深巣ダンテクレオ消滅, (支払:モラモーラ:🔷🔷, 配置:ラスヘッド:🔷, 深巣ダンテクレオ:🔶, モラモーラ:🔷🔷) -> eval: +0.2214
    [21] SUMMON | コスト🔷🔷, 配置コア🔷🔷🔷🔶 ⚠️深巣ダンテクレオ消滅, (支払:モラモーラ:🔷🔷, 配置:深巣ダンテクレオ:🔶, モラモーラ:🔷🔷🔷) -> eval: +0.2631
    [22] SUMMON | コスト🔷🔶, 配置コア🔷🔷🔷🔷 ⚠️ラスヘッド・深巣ダンテクレオ消滅, (支払:深巣ダンテクレオ:🔶, モラモーラ:🔷, 配置:ラスヘッド:🔷, モラモーラ:🔷🔷🔷) -> eval: +0.2509
    [23] SUMMON | コスト🔷🔶, 配置コア🔷🔷🔷🔷 ⚠️深巣ダンテクレオ消滅, (支払:深巣ダンテクレオ:🔶, モラモーラ:🔷, 配置:モラモーラ:🔷🔷🔷🔷) -> eval: +0.2961
    [24] SUMMON | コスト🔷🔷, 配置コア🔷🔷🔷🔷🔷 ⚠️ラスヘッド消滅, (支払:モラモーラ:🔷🔷, 配置:ラスヘッド:🔷, モラモーラ:🔷🔷🔷🔷) -> eval: +0.2965
    [25] SUMMON | コスト🔷🔷, 配置コア🔷🔷🔷🔷🔷 ⚠️モラモーラ消滅, (支払:モラモーラ:🔷🔷, 配置:モラモーラ:🔷🔷🔷🔷🔷) -> eval: +0.2853
    [26] SUMMON | コスト🔷🔷, 配置コア🔷🔷🔷🔷🔶 ⚠️ラスヘッド・深巣ダンテクレオ消滅, (支払:モラモーラ:🔷🔷, 配置:ラスヘッド:🔷, 深巣ダンテクレオ:🔶, モラモーラ:🔷🔷🔷) -> eval: +0.2023
    [27] SUMMON | コスト🔷🔷, 配置コア🔷🔷🔷🔷🔶 ⚠️深巣ダンテクレオ消滅, (支払:モラモーラ:🔷🔷, 配置:深巣ダンテクレオ:🔶, モラモーラ:🔷🔷🔷🔷) -> eval: +0.2649
    [28] SUMMON | コスト🔷🔶, 配置コア🔷🔷🔷🔷🔷 ⚠️ラスヘッド・深巣ダンテクレオ消滅, (支払:深巣ダンテクレオ:🔶, モラモーラ:🔷, 配置:ラスヘッド:🔷, モラモーラ:🔷🔷🔷🔷) -> eval: +0.2319
    [29] SUMMON | コスト🔷🔶, 配置コア🔷🔷🔷🔷🔷 ⚠️深巣ダンテクレオ消滅, (支払:深巣ダンテクレオ:🔶, モラモーラ:🔷, 配置:モラモーラ:🔷🔷🔷🔷🔷) -> eval: +0.2967
    [30] SUMMON | コスト🔷🔷, 配置コア🔷🔷🔷🔷🔷🔷 ⚠️ラスヘッド・モラモーラ消滅, (支払:モラモーラ:🔷🔷, 配置:ラスヘッド:🔷, モラモーラ:🔷🔷🔷🔷🔷) -> eval: +0.2215
    [31] SUMMON | コスト🔷🔷, 配置コア🔷🔷🔷🔷🔷🔶 ⚠️ラスヘッド・深巣ダンテクレオ消滅, (支払:モラモーラ:🔷🔷, 配置:ラスヘッド:🔷, 深巣ダンテクレオ:🔶, モラモーラ:🔷🔷🔷🔷) -> eval: +0.2045
    [32] SUMMON | コスト🔷🔷, 配置コア🔷🔷🔷🔷🔷🔶 ⚠️深巣ダンテクレオ・モラモーラ消滅, (支払:モラモーラ:🔷🔷, 配置:深巣ダンテクレオ:🔶, モラモーラ:🔷🔷🔷🔷🔷) -> eval: +0.1925
    [33] SUMMON | コスト🔷🔶, 配置コア🔷🔷🔷🔷🔷🔷 ⚠️ラスヘッド・深巣ダンテクレオ消滅, (支払:深巣ダンテクレオ:🔶, モラモーラ:🔷, 配置:ラスヘッド:🔷, モラモーラ:🔷🔷🔷🔷🔷) -> eval: +0.2328
    [34] SUMMON | コスト🔷🔶, 配置コア🔷🔷🔷🔷🔷🔷 ⚠️深巣ダンテクレオ・モラモーラ消滅, (支払:深巣ダンテクレオ:🔶, モラモーラ:🔷, 配置:モラモーラ:🔷🔷🔷🔷🔷🔷) -> eval: +0.2223
    [35] SUMMON | コスト🔷🔷, 配置コア🔷🔷🔷🔷🔷🔷🔶 ⚠️ラスヘッド・深巣ダンテクレオ・モラモーラ消滅, (支払:モラモーラ:🔷🔷, 配置:ラスヘッド:🔷, 深巣ダンテクレオ:🔶, モラモーラ:🔷🔷🔷🔷🔷) -> eval: +0.1340
    [36] SUMMON | コスト🔷🔶, 配置コア🔷🔷🔷🔷🔷🔷🔷 ⚠️ラスヘッド・深巣ダンテクレオ・モラモーラ消滅, (支払:深巣ダンテクレオ:🔶, モラモーラ:🔷, 配置:ラスヘッド:🔷, モラモーラ:🔷🔷🔷🔷🔷🔷) -> eval: +0.1595
    [37] USE_MAGIC | コスト🔷, コアは置かない ⚠️ラスヘッド消滅, (支払:ラスヘッド:🔷, 配置:なし) -> eval: +0.2405
    [38] USE_MAGIC | コスト🔷, コアは置かない, (支払:モラモーラ:🔷, 配置:なし) -> eval: +0.3035
    [39] USE_MAGIC | コスト🔶, コアは置かない ⚠️深巣ダンテクレオ消滅, (支払:深巣ダンテクレオ:🔶, 配置:なし) -> eval: +0.2405
    [40] SUMMON | コスト🔷, 配置コア🔷 ⚠️ラスヘッド消滅, (支払:モラモーラ:🔷, 配置:ラスヘッド:🔷) -> eval: +0.3032
    [41] SUMMON | コスト🔷, 配置コア🔷, (支払:モラモーラ:🔷, 配置:モラモーラ:🔷) -> eval: +0.3874
    [42] SUMMON | コスト🔷, 配置コア🔶 ⚠️ラスヘッド・深巣ダンテクレオ消滅, (支払:ラスヘッド:🔷, 配置:深巣ダンテクレオ:🔶) -> eval: +0.2117
    [43] SUMMON | コスト🔷, 配置コア🔶 ⚠️深巣ダンテクレオ消滅, (支払:モラモーラ:🔷, 配置:深巣ダンテクレオ:🔶) -> eval: +0.2774
    [44] SUMMON | コスト🔶, 配置コア🔷 ⚠️ラスヘッド・深巣ダンテクレオ消滅, (支払:深巣ダンテクレオ:🔶, 配置:ラスヘッド:🔷) -> eval: +0.2387
    [45] SUMMON | コスト🔶, 配置コア🔷 ⚠️深巣ダンテクレオ消滅, (支払:深巣ダンテクレオ:🔶, 配置:モラモーラ:🔷) -> eval: +0.3048
    [46] SUMMON | コスト🔷, 配置コア🔷🔷 ⚠️ラスヘッド消滅, (支払:モラモーラ:🔷, 配置:ラスヘッド:🔷, モラモーラ:🔷) -> eval: +0.3018
    [47] SUMMON | コスト🔷, 配置コア🔷🔷, (支払:モラモーラ:🔷, 配置:モラモーラ:🔷🔷) -> eval: +0.3861
    [48] SUMMON | コスト🔷, 配置コア🔷🔶 ⚠️ラスヘッド・深巣ダンテクレオ消滅, (支払:モラモーラ:🔷, 配置:ラスヘッド:🔷, 深巣ダンテクレオ:🔶) -> eval: +0.2119
    [49] SUMMON | コスト🔷, 配置コア🔷🔶 ⚠️深巣ダンテクレオ消滅, (支払:モラモーラ:🔷, 配置:深巣ダンテクレオ:🔶, モラモーラ:🔷) -> eval: +0.2774
    [50] SUMMON | コスト🔶, 配置コア🔷🔷 ⚠️ラスヘッド・深巣ダンテクレオ消滅, (支払:深巣ダンテクレオ:🔶, 配置:ラスヘッド:🔷, モラモーラ:🔷) -> eval: +0.2375
    [51] SUMMON | コスト🔶, 配置コア🔷🔷 ⚠️深巣ダンテクレオ消滅, (支払:深巣ダンテクレオ:🔶, 配置:モラモーラ:🔷🔷) -> eval: +0.3034
    [52] SUMMON | コスト🔷, 配置コア🔷🔷🔷 ⚠️ラスヘッド消滅, (支払:モラモーラ:🔷, 配置:ラスヘッド:🔷, モラモーラ:🔷🔷) -> eval: +0.3229
    [53] SUMMON | コスト🔷, 配置コア🔷🔷🔷, (支払:モラモーラ:🔷, 配置:モラモーラ:🔷🔷🔷) -> eval: +0.4103
    [54] SUMMON | コスト🔷, 配置コア🔷🔷🔶 ⚠️ラスヘッド・深巣ダンテクレオ消滅, (支払:モラモーラ:🔷, 配置:ラスヘッド:🔷, 深巣ダンテクレオ:🔶, モラモーラ:🔷) -> eval: +0.2268
    [55] SUMMON | コスト🔷, 配置コア🔷🔷🔶 ⚠️深巣ダンテクレオ消滅, (支払:モラモーラ:🔷, 配置:深巣ダンテクレオ:🔶, モラモーラ:🔷🔷) -> eval: +0.2935
    [56] SUMMON | コスト🔶, 配置コア🔷🔷🔷 ⚠️ラスヘッド・深巣ダンテクレオ消滅, (支払:深巣ダンテクレオ:🔶, 配置:ラスヘッド:🔷, モラモーラ:🔷🔷) -> eval: +0.2574
    [57] SUMMON | コスト🔶, 配置コア🔷🔷🔷 ⚠️深巣ダンテクレオ消滅, (支払:深巣ダンテクレオ:🔶, 配置:モラモーラ:🔷🔷🔷) -> eval: +0.3261
    [58] SUMMON | コスト🔷, 配置コア🔷🔷🔷🔷 ⚠️ラスヘッド消滅, (支払:モラモーラ:🔷, 配置:ラスヘッド:🔷, モラモーラ:🔷🔷🔷) -> eval: +0.3224
    [59] SUMMON | コスト🔷, 配置コア🔷🔷🔷🔷, (支払:モラモーラ:🔷, 配置:モラモーラ:🔷🔷🔷🔷) -> eval: +0.3875
    [60] SUMMON | コスト🔷, 配置コア🔷🔷🔷🔶 ⚠️ラスヘッド・深巣ダンテクレオ消滅, (支払:モラモーラ:🔷, 配置:ラスヘッド:🔷, 深巣ダンテクレオ:🔶, モラモーラ:🔷🔷) -> eval: +0.2277
    [61] SUMMON | コスト🔷, 配置コア🔷🔷🔷🔶 ⚠️深巣ダンテクレオ消滅, (支払:モラモーラ:🔷, 配置:深巣ダンテクレオ:🔶, モラモーラ:🔷🔷🔷) -> eval: +0.2942
    [62] SUMMON | コスト🔶, 配置コア🔷🔷🔷🔷 ⚠️ラスヘッド・深巣ダンテクレオ消滅, (支払:深巣ダンテクレオ:🔶, 配置:ラスヘッド:🔷, モラモーラ:🔷🔷🔷) -> eval: +0.2571
    [63] SUMMON | コスト🔶, 配置コア🔷🔷🔷🔷 ⚠️深巣ダンテクレオ消滅, (支払:深巣ダンテクレオ:🔶, 配置:モラモーラ:🔷🔷🔷🔷) -> eval: +0.3257
    [64] SUMMON | コスト🔷, 配置コア🔷🔷🔷🔷🔷 ⚠️ラスヘッド消滅, (支払:モラモーラ:🔷, 配置:ラスヘッド:🔷, モラモーラ:🔷🔷🔷🔷) -> eval: +0.3034
    [65] SUMMON | コスト🔷, 配置コア🔷🔷🔷🔷🔷, (支払:モラモーラ:🔷, 配置:モラモーラ:🔷🔷🔷🔷🔷) -> eval: +0.3880
    [66] SUMMON | コスト🔷, 配置コア🔷🔷🔷🔷🔶 ⚠️ラスヘッド・深巣ダンテクレオ消滅, (支払:モラモーラ:🔷, 配置:ラスヘッド:🔷, 深巣ダンテクレオ:🔶, モラモーラ:🔷🔷🔷) -> eval: +0.2289
    [67] SUMMON | コスト🔷, 配置コア🔷🔷🔷🔷🔶 ⚠️深巣ダンテクレオ消滅, (支払:モラモーラ:🔷, 配置:深巣ダンテクレオ:🔶, モラモーラ:🔷🔷🔷🔷) -> eval: +0.2712
    [68] SUMMON | コスト🔶, 配置コア🔷🔷🔷🔷🔷 ⚠️ラスヘッド・深巣ダンテクレオ消滅, (支払:深巣ダンテクレオ:🔶, 配置:ラスヘッド:🔷, モラモーラ:🔷🔷🔷🔷) -> eval: +0.2569
    [69] SUMMON | コスト🔶, 配置コア🔷🔷🔷🔷🔷 ⚠️深巣ダンテクレオ消滅, (支払:深巣ダンテクレオ:🔶, 配置:モラモーラ:🔷🔷🔷🔷🔷) -> eval: +0.3033
    [70] SUMMON | コスト🔷, 配置コア🔷🔷🔷🔷🔷🔷 ⚠️ラスヘッド消滅, (支払:モラモーラ:🔷, 配置:ラスヘッド:🔷, モラモーラ:🔷🔷🔷🔷🔷) -> eval: +0.3040
    [71] SUMMON | コスト🔷, 配置コア🔷🔷🔷🔷🔷🔷 ⚠️モラモーラ消滅, (支払:モラモーラ:🔷, 配置:モラモーラ:🔷🔷🔷🔷🔷🔷) -> eval: +0.2923
    [72] SUMMON | コスト🔷, 配置コア🔷🔷🔷🔷🔷🔶 ⚠️ラスヘッド・深巣ダンテクレオ消滅, (支払:モラモーラ:🔷, 配置:ラスヘッド:🔷, 深巣ダンテクレオ:🔶, モラモーラ:🔷🔷🔷🔷) -> eval: +0.2102
    [73] SUMMON | コスト🔷, 配置コア🔷🔷🔷🔷🔷🔶 ⚠️深巣ダンテクレオ消滅, (支払:モラモーラ:🔷, 配置:深巣ダンテクレオ:🔶, モラモーラ:🔷🔷🔷🔷🔷) -> eval: +0.2732
    [74] SUMMON | コスト🔶, 配置コア🔷🔷🔷🔷🔷🔷 ⚠️ラスヘッド・深巣ダンテクレオ消滅, (支払:深巣ダンテクレオ:🔶, 配置:ラスヘッド:🔷, モラモーラ:🔷🔷🔷🔷🔷) -> eval: +0.2385
    [75] SUMMON | コスト🔶, 配置コア🔷🔷🔷🔷🔷🔷 ⚠️深巣ダンテクレオ消滅, (支払:深巣ダンテクレオ:🔶, 配置:モラモーラ:🔷🔷🔷🔷🔷🔷) -> eval: +0.3040
    [76] SUMMON | コスト🔷, 配置コア🔷🔷🔷🔷🔷🔷🔷 ⚠️ラスヘッド・モラモーラ消滅, (支払:モラモーラ:🔷, 配置:ラスヘッド:🔷, モラモーラ:🔷🔷🔷🔷🔷🔷) -> eval: +0.2287
    [77] SUMMON | コスト🔷, 配置コア🔷🔷🔷🔷🔷🔷🔶 ⚠️ラスヘッド・深巣ダンテクレオ消滅, (支払:モラモーラ:🔷, 配置:ラスヘッド:🔷, 深巣ダンテクレオ:🔶, モラモーラ:🔷🔷🔷🔷🔷) -> eval: +0.2126
    [78] SUMMON | コスト🔷, 配置コア🔷🔷🔷🔷🔷🔷🔶 ⚠️深巣ダンテクレオ・モラモーラ消滅, (支払:モラモーラ:🔷, 配置:深巣ダンテクレオ:🔶, モラモーラ:🔷🔷🔷🔷🔷🔷) -> eval: +0.2008
    [79] SUMMON | コスト🔶, 配置コア🔷🔷🔷🔷🔷🔷🔷 ⚠️ラスヘッド・深巣ダンテクレオ消滅, (支払:深巣ダンテクレオ:🔶, 配置:ラスヘッド:🔷, モラモーラ:🔷🔷🔷🔷🔷🔷) -> eval: +0.2395
    [80] SUMMON | コスト🔶, 配置コア🔷🔷🔷🔷🔷🔷🔷 ⚠️深巣ダンテクレオ・モラモーラ消滅, (支払:深巣ダンテクレオ:🔶, 配置:モラモーラ:🔷🔷🔷🔷🔷🔷🔷) -> eval: +0.2292
    [81] SUMMON | コスト🔷, 配置コア🔷🔷🔷🔷🔷🔷🔷🔶 ⚠️ラスヘッド・深巣ダンテクレオ・モラモーラ消滅, (支払:モラモーラ:🔷, 配置:ラスヘッド:🔷, 深巣ダンテクレオ:🔶, モラモーラ:🔷🔷🔷🔷🔷🔷) -> eval: +0.1418
    [82] SUMMON | コスト🔶, 配置コア🔷🔷🔷🔷🔷🔷🔷🔷 ⚠️ラスヘッド・深巣ダンテクレオ・モラモーラ消滅, (支払:深巣ダンテクレオ:🔶, 配置:ラスヘッド:🔷, モラモーラ:🔷🔷🔷🔷🔷🔷🔷) -> eval: +0.1652
    [83] SUMMON | コスト🔷, 配置コアなし ⚠️ラスヘッド消滅, (支払:ラスヘッド:🔷, 配置:なし) -> eval: +0.3062
    [84] SUMMON | コスト🔷, 配置コアなし, (支払:モラモーラ:🔷, 配置:なし) -> eval: +0.3910
    [85] SUMMON | コスト🔶, 配置コアなし ⚠️深巣ダンテクレオ消滅, (支払:深巣ダンテクレオ:🔶, 配置:なし) -> eval: +0.3093
    [86] SUMMON | コスト🔷, 配置コア🔷 ⚠️ラスヘッド消滅, (支払:モラモーラ:🔷, 配置:ラスヘッド:🔷) -> eval: +0.3046
    [87] SUMMON | コスト🔷, 配置コア🔷, (支払:モラモーラ:🔷, 配置:モラモーラ:🔷) -> eval: +0.3895
    [88] SUMMON | コスト🔷, 配置コア🔶 ⚠️ラスヘッド・深巣ダンテクレオ消滅, (支払:ラスヘッド:🔷, 配置:深巣ダンテクレオ:🔶) -> eval: +0.2221
    [89] SUMMON | コスト🔷, 配置コア🔶 ⚠️深巣ダンテクレオ消滅, (支払:モラモーラ:🔷, 配置:深巣ダンテクレオ:🔶) -> eval: +0.2891
    [90] SUMMON | コスト🔶, 配置コア🔷 ⚠️ラスヘッド・深巣ダンテクレオ消滅, (支払:深巣ダンテクレオ:🔶, 配置:ラスヘッド:🔷) -> eval: +0.2413
    [91] SUMMON | コスト🔶, 配置コア🔷 ⚠️深巣ダンテクレオ消滅, (支払:深巣ダンテクレオ:🔶, 配置:モラモーラ:🔷) -> eval: +0.3078
    [92] SUMMON | コスト🔷, 配置コア🔷🔷 ⚠️ラスヘッド消滅, (支払:モラモーラ:🔷, 配置:ラスヘッド:🔷, モラモーラ:🔷) -> eval: +0.3033
    [93] SUMMON | コスト🔷, 配置コア🔷🔷, (支払:モラモーラ:🔷, 配置:モラモーラ:🔷🔷) -> eval: +0.3884
    [94] SUMMON | コスト🔷, 配置コア🔷🔶 ⚠️ラスヘッド・深巣ダンテクレオ消滅, (支払:モラモーラ:🔷, 配置:ラスヘッド:🔷, 深巣ダンテクレオ:🔶) -> eval: +0.2227
    [95] SUMMON | コスト🔷, 配置コア🔷🔶 ⚠️深巣ダンテクレオ消滅, (支払:モラモーラ:🔷, 配置:深巣ダンテクレオ:🔶, モラモーラ:🔷) -> eval: +0.2896
    [96] SUMMON | コスト🔶, 配置コア🔷🔷 ⚠️ラスヘッド・深巣ダンテクレオ消滅, (支払:深巣ダンテクレオ:🔶, 配置:ラスヘッド:🔷, モラモーラ:🔷) -> eval: +0.2403
    [97] SUMMON | コスト🔶, 配置コア🔷🔷 ⚠️深巣ダンテクレオ消滅, (支払:深巣ダンテクレオ:🔶, 配置:モラモーラ:🔷🔷) -> eval: +0.3066
    [98] SUMMON | コスト🔷, 配置コア🔷🔷🔷 ⚠️ラスヘッド消滅, (支払:モラモーラ:🔷, 配置:ラスヘッド:🔷, モラモーラ:🔷🔷) -> eval: +0.3023
    [99] SUMMON | コスト🔷, 配置コア🔷🔷🔷, (支払:モラモーラ:🔷, 配置:モラモーラ:🔷🔷🔷) -> eval: +0.3875
    [100] SUMMON | コスト🔷, 配置コア🔷🔷🔶 ⚠️ラスヘッド・深巣ダンテクレオ消滅, (支払:モラモーラ:🔷, 配置:ラスヘッド:🔷, 深巣ダンテクレオ:🔶, モラモーラ:🔷) -> eval: +0.2236
    [101] SUMMON | コスト🔷, 配置コア🔷🔷🔶 ⚠️深巣ダンテクレオ消滅, (支払:モラモーラ:🔷, 配置:深巣ダンテクレオ:🔶, モラモーラ:🔷🔷) -> eval: +0.2903
    [102] SUMMON | コスト🔶, 配置コア🔷🔷🔷 ⚠️ラスヘッド・深巣ダンテクレオ消滅, (支払:深巣ダンテクレオ:🔶, 配置:ラスヘッド:🔷, モラモーラ:🔷🔷) -> eval: +0.2395
    [103] SUMMON | コスト🔶, 配置コア🔷🔷🔷 ⚠️深巣ダンテクレオ消滅, (支払:深巣ダンテクレオ:🔶, 配置:モラモーラ:🔷🔷🔷) -> eval: +0.3056
    [104] SUMMON | コスト🔷, 配置コア🔷🔷🔷🔷 ⚠️ラスヘッド消滅, (支払:モラモーラ:🔷, 配置:ラスヘッド:🔷, モラモーラ:🔷🔷🔷) -> eval: +0.3016
    [105] SUMMON | コスト🔷, 配置コア🔷🔷🔷🔷, (支払:モラモーラ:🔷, 配置:モラモーラ:🔷🔷🔷🔷) -> eval: +0.3616
    [106] SUMMON | コスト🔷, 配置コア🔷🔷🔷🔶 ⚠️ラスヘッド・深巣ダンテクレオ消滅, (支払:モラモーラ:🔷, 配置:ラスヘッド:🔷, 深巣ダンテクレオ:🔶, モラモーラ:🔷🔷) -> eval: +0.2248
    [107] SUMMON | コスト🔷, 配置コア🔷🔷🔷🔶 ⚠️深巣ダンテクレオ消滅, (支払:モラモーラ:🔷, 配置:深巣ダンテクレオ:🔶, モラモーラ:🔷🔷🔷) -> eval: +0.2914
    [108] SUMMON | コスト🔶, 配置コア🔷🔷🔷🔷 ⚠️ラスヘッド・深巣ダンテクレオ消滅, (支払:深巣ダンテクレオ:🔶, 配置:ラスヘッド:🔷, モラモーラ:🔷🔷🔷) -> eval: +0.2390
    [109] SUMMON | コスト🔶, 配置コア🔷🔷🔷🔷 ⚠️深巣ダンテクレオ消滅, (支払:深巣ダンテクレオ:🔶, 配置:モラモーラ:🔷🔷🔷🔷) -> eval: +0.3050
    [110] SUMMON | コスト🔷, 配置コア🔷🔷🔷🔷🔷 ⚠️ラスヘッド消滅, (支払:モラモーラ:🔷, 配置:ラスヘッド:🔷, モラモーラ:🔷🔷🔷🔷) -> eval: +0.2798
    [111] SUMMON | コスト🔷, 配置コア🔷🔷🔷🔷🔷, (支払:モラモーラ:🔷, 配置:モラモーラ:🔷🔷🔷🔷🔷) -> eval: +0.3619
    [112] SUMMON | コスト🔷, 配置コア🔷🔷🔷🔷🔶 ⚠️ラスヘッド・深巣ダンテクレオ消滅, (支払:モラモーラ:🔷, 配置:ラスヘッド:🔷, 深巣ダンテクレオ:🔶, モラモーラ:🔷🔷🔷) -> eval: +0.2263
    [113] SUMMON | コスト🔷, 配置コア🔷🔷🔷🔷🔶 ⚠️深巣ダンテクレオ消滅, (支払:モラモーラ:🔷, 配置:深巣ダンテクレオ:🔶, モラモーラ:🔷🔷🔷🔷) -> eval: +0.2679
    [114] SUMMON | コスト🔶, 配置コア🔷🔷🔷🔷🔷 ⚠️ラスヘッド・深巣ダンテクレオ消滅, (支払:深巣ダンテクレオ:🔶, 配置:ラスヘッド:🔷, モラモーラ:🔷🔷🔷🔷) -> eval: +0.2388
    [115] SUMMON | コスト🔶, 配置コア🔷🔷🔷🔷🔷 ⚠️深巣ダンテクレオ消滅, (支払:深巣ダンテクレオ:🔶, 配置:モラモーラ:🔷🔷🔷🔷🔷) -> eval: +0.2795
    [116] SUMMON | コスト🔷, 配置コア🔷🔷🔷🔷🔷🔷 ⚠️ラスヘッド消滅, (支払:モラモーラ:🔷, 配置:ラスヘッド:🔷, モラモーラ:🔷🔷🔷🔷🔷) -> eval: +0.2804
    [117] SUMMON | コスト🔷, 配置コア🔷🔷🔷🔷🔷🔷 ⚠️モラモーラ消滅, (支払:モラモーラ:🔷, 配置:モラモーラ:🔷🔷🔷🔷🔷🔷) -> eval: +0.2697
    [118] SUMMON | コスト🔷, 配置コア🔷🔷🔷🔷🔷🔶 ⚠️ラスヘッド・深巣ダンテクレオ消滅, (支払:モラモーラ:🔷, 配置:ラスヘッド:🔷, 深巣ダンテクレオ:🔶, モラモーラ:🔷🔷🔷🔷) -> eval: +0.2072
    [119] SUMMON | コスト🔷, 配置コア🔷🔷🔷🔷🔷🔶 ⚠️深巣ダンテクレオ消滅, (支払:モラモーラ:🔷, 配置:深巣ダンテクレオ:🔶, モラモーラ:🔷🔷🔷🔷🔷) -> eval: +0.2702
    [120] SUMMON | コスト🔶, 配置コア🔷🔷🔷🔷🔷🔷 ⚠️ラスヘッド・深巣ダンテクレオ消滅, (支払:深巣ダンテクレオ:🔶, 配置:ラスヘッド:🔷, モラモーラ:🔷🔷🔷🔷🔷) -> eval: +0.2178
    [121] SUMMON | コスト🔶, 配置コア🔷🔷🔷🔷🔷🔷 ⚠️深巣ダンテクレオ消滅, (支払:深巣ダンテクレオ:🔶, 配置:モラモーラ:🔷🔷🔷🔷🔷🔷) -> eval: +0.2802
    [122] SUMMON | コスト🔷, 配置コア🔷🔷🔷🔷🔷🔷🔷 ⚠️ラスヘッド・モラモーラ消滅, (支払:モラモーラ:🔷, 配置:ラスヘッド:🔷, モラモーラ:🔷🔷🔷🔷🔷🔷) -> eval: +0.2081
    [123] SUMMON | コスト🔷, 配置コア🔷🔷🔷🔷🔷🔷🔶 ⚠️ラスヘッド・深巣ダンテクレオ消滅, (支払:モラモーラ:🔷, 配置:ラスヘッド:🔷, 深巣ダンテクレオ:🔶, モラモーラ:🔷🔷🔷🔷🔷) -> eval: +0.2098
    [124] SUMMON | コスト🔷, 配置コア🔷🔷🔷🔷🔷🔷🔶 ⚠️深巣ダンテクレオ・モラモーラ消滅, (支払:モラモーラ:🔷, 配置:深巣ダンテクレオ:🔶, モラモーラ:🔷🔷🔷🔷🔷🔷) -> eval: +0.1973
    [125] SUMMON | コスト🔶, 配置コア🔷🔷🔷🔷🔷🔷🔷 ⚠️ラスヘッド・深巣ダンテクレオ消滅, (支払:深巣ダンテクレオ:🔶, 配置:ラスヘッド:🔷, モラモーラ:🔷🔷🔷🔷🔷🔷) -> eval: +0.2189
    [126] SUMMON | コスト🔶, 配置コア🔷🔷🔷🔷🔷🔷🔷 ⚠️深巣ダンテクレオ・モラモーラ消滅, (支払:深巣ダンテクレオ:🔶, 配置:モラモーラ:🔷🔷🔷🔷🔷🔷🔷) -> eval: +0.2073
    [127] SUMMON | コスト🔷, 配置コア🔷🔷🔷🔷🔷🔷🔷🔶 ⚠️ラスヘッド・深巣ダンテクレオ・モラモーラ消滅, (支払:モラモーラ:🔷, 配置:ラスヘッド:🔷, 深巣ダンテクレオ:🔶, モラモーラ:🔷🔷🔷🔷🔷🔷) -> eval: +0.1366
    [128] SUMMON | コスト🔶, 配置コア🔷🔷🔷🔷🔷🔷🔷🔷 ⚠️ラスヘッド・深巣ダンテクレオ・モラモーラ消滅, (支払:深巣ダンテクレオ:🔶, 配置:ラスヘッド:🔷, モラモーラ:🔷🔷🔷🔷🔷🔷🔷) -> eval: +0.1457
    [129] MOVE_CORE | 🔷を移動 ⚠️ラスヘッド消滅 -> eval: +0.2628
    [130] MOVE_CORE | 🔷を移動 ⚠️ラスヘッド消滅 -> eval: +0.2734
    [131] MOVE_CORE | 🔷を移動 ⚠️ラスヘッド消滅 -> eval: +0.2743
    [132] MOVE_CORE | 🔶を移動 ⚠️深巣ダンテクレオ消滅 -> eval: +0.2671
    [133] MOVE_CORE | 🔶を移動 ⚠️深巣ダンテクレオ消滅 -> eval: +0.2573
    [134] MOVE_CORE | 🔶 ⇄ 🔷 を交換 -> eval: +0.3684
    [135] MOVE_CORE | 🔶を移動 ⚠️深巣ダンテクレオ消滅 -> eval: +0.2381
    [136] MOVE_CORE | 🔶 ⇄ 🔷 を交換 -> eval: +0.3449
    [137] MOVE_CORE | 🔷を移動 -> eval: +0.3564
    [138] MOVE_CORE | 🔷🔷を移動 -> eval: +0.3472
    [139] MOVE_CORE | 🔷🔷🔷を移動 -> eval: +0.3386
    [140] MOVE_CORE | 🔷🔷🔷🔷を移動 -> eval: +0.3306
    [141] MOVE_CORE | 🔷🔷🔷🔷🔷を移動 -> eval: +0.2935
    [142] MOVE_CORE | 🔷🔷🔷🔷🔷🔷を移動 -> eval: +0.2874
    [143] MOVE_CORE | 🔷🔷🔷🔷🔷🔷🔷を移動 ⚠️モラモーラ消滅 -> eval: +0.1670
    [144] MOVE_CORE | 🔷を移動 -> eval: +0.3643
    [145] MOVE_CORE | 🔷🔷を移動 -> eval: +0.3628
    [146] MOVE_CORE | 🔷🔷🔷を移動 -> eval: +0.3615
    [147] MOVE_CORE | 🔷🔷🔷🔷を移動 -> eval: +0.3605
    [148] MOVE_CORE | 🔷🔷🔷🔷🔷を移動 -> eval: +0.3299
    [149] MOVE_CORE | 🔷🔷🔷🔷🔷🔷を移動 -> eval: +0.3300
    [150] MOVE_CORE | 🔷🔷🔷🔷🔷🔷🔷を移動 ⚠️モラモーラ消滅 -> eval: +0.2301
    [151] MOVE_CORE | 🔷を移動 -> eval: +0.3654
    [152] MOVE_CORE | 🔷🔷を移動 -> eval: +0.3650
    [153] MOVE_CORE | 🔷🔷🔷を移動 -> eval: +0.3650
    [154] MOVE_CORE | 🔷🔷🔷🔷を移動 -> eval: +0.3653
    [155] MOVE_CORE | 🔷🔷🔷🔷🔷を移動 -> eval: +0.3371
    [156] MOVE_CORE | 🔷🔷🔷🔷🔷🔷を移動 -> eval: +0.3388
    [157] MOVE_CORE | 🔷🔷🔷🔷🔷🔷🔷を移動 ⚠️モラモーラ消滅 -> eval: +0.2423
  ステップ終了評価: +0.3661
  => 選択: SUMMON | コスト🔷, 配置コア🔷🔷🔷, (支払:モラモーラ:🔷, 配置:モラモーラ:🔷🔷🔷) (eval: +0.4103 > 終了評価 +0.3661)
     効果/結果: 🎴 「フラッティ」を召喚 (コスト1をトラッシュへ) ※モラモーラから1個, モラモーラから3個

Turn 6 | 手数 40 | 手番: P2(run3_run4.kann.weight) | メインステップ
  盤面:
    P1: Life:2, Reserve:0, Hand:3枚, Field:[水泡群域(Lv1,コア0), モラモーラ(Lv1,コア1), ストラレイ(Lv2,コア3), ガリザロト(Lv1,コア2)]
    P2: Life:1, Reserve:0, Hand:3枚, Field:[ラスヘッド(Lv1,コア1), 深巣ダンテクレオ(Lv2,コア1s), モラモーラ(Lv2,コア3), フラッティ(Lv2,コア3)]
  候補行動 (212件):
    [0] SUMMON | コスト🔷🔷, 配置コア🔷 ⚠️ラスヘッド消滅, (支払:モラモーラ:🔷🔷, 配置:ラスヘッド:🔷) -> eval: +0.3270
    [1] SUMMON | コスト🔷🔷, 配置コア🔷 ⚠️ラスヘッド消滅, (支払:モラモーラ:🔷, フラッティ:🔷, 配置:ラスヘッド:🔷) -> eval: +0.3066
    [2] SUMMON | コスト🔷🔷, 配置コア🔷 ⚠️ラスヘッド消滅, (支払:フラッティ:🔷🔷, 配置:ラスヘッド:🔷) -> eval: +0.3244
    [3] SUMMON | コスト🔷🔷, 配置コア🔷 ⚠️モラモーラ消滅, (支払:モラモーラ:🔷🔷, 配置:モラモーラ:🔷) -> eval: +0.3160
    [4] SUMMON | コスト🔷🔷, 配置コア🔷, (支払:モラモーラ:🔷, フラッティ:🔷, 配置:モラモーラ:🔷) -> eval: +0.3822
    [5] SUMMON | コスト🔷🔷, 配置コア🔷, (支払:フラッティ:🔷🔷, 配置:モラモーラ:🔷) -> eval: +0.3827
    [6] SUMMON | コスト🔷🔷, 配置コア🔷 ⚠️フラッティ消滅, (支払:フラッティ:🔷🔷, 配置:フラッティ:🔷) -> eval: +0.3368
    [7] SUMMON | コスト🔷🔷, 配置コア🔶 ⚠️ラスヘッド・深巣ダンテクレオ消滅, (支払:ラスヘッド:🔷, モラモーラ:🔷, 配置:深巣ダンテクレオ:🔶) -> eval: +0.2340
    [8] SUMMON | コスト🔷🔷, 配置コア🔶 ⚠️ラスヘッド・深巣ダンテクレオ消滅, (支払:ラスヘッド:🔷, フラッティ:🔷, 配置:深巣ダンテクレオ:🔶) -> eval: +0.2313
    [9] SUMMON | コスト🔷🔷, 配置コア🔶 ⚠️深巣ダンテクレオ消滅, (支払:モラモーラ:🔷🔷, 配置:深巣ダンテクレオ:🔶) -> eval: +0.2959
    [10] SUMMON | コスト🔷🔷, 配置コア🔶 ⚠️深巣ダンテクレオ消滅, (支払:モラモーラ:🔷, フラッティ:🔷, 配置:深巣ダンテクレオ:🔶) -> eval: +0.2731
    [11] SUMMON | コスト🔷🔷, 配置コア🔶 ⚠️深巣ダンテクレオ消滅, (支払:フラッティ:🔷🔷, 配置:深巣ダンテクレオ:🔶) -> eval: +0.2940
    [12] SUMMON | コスト🔷🔶, 配置コア🔷 ⚠️ラスヘッド・深巣ダンテクレオ消滅, (支払:深巣ダンテクレオ:🔶, モラモーラ:🔷, 配置:ラスヘッド:🔷) -> eval: +0.2639
    [13] SUMMON | コスト🔷🔶, 配置コア🔷 ⚠️ラスヘッド・深巣ダンテクレオ消滅, (支払:深巣ダンテクレオ:🔶, フラッティ:🔷, 配置:ラスヘッド:🔷) -> eval: +0.2622
    [14] SUMMON | コスト🔷🔶, 配置コア🔷 ⚠️深巣ダンテクレオ消滅, (支払:深巣ダンテクレオ:🔶, モラモーラ:🔷, 配置:モラモーラ:🔷) -> eval: +0.3261
    [15] SUMMON | コスト🔷🔶, 配置コア🔷 ⚠️深巣ダンテクレオ消滅, (支払:深巣ダンテクレオ:🔶, フラッティ:🔷, 配置:モラモーラ:🔷) -> eval: +0.3040
    [16] SUMMON | コスト🔷🔶, 配置コア🔷 ⚠️深巣ダンテクレオ消滅, (支払:深巣ダンテクレオ:🔶, フラッティ:🔷, 配置:フラッティ:🔷) -> eval: +0.3249
    [17] SUMMON | コスト🔷🔷, 配置コア🔷🔷 ⚠️ラスヘッド・モラモーラ消滅, (支払:モラモーラ:🔷🔷, 配置:ラスヘッド:🔷, モラモーラ:🔷) -> eval: +0.2688
    [18] SUMMON | コスト🔷🔷, 配置コア🔷🔷 ⚠️ラスヘッド消滅, (支払:モラモーラ:🔷, フラッティ:🔷, 配置:ラスヘッド:🔷, モラモーラ:🔷) -> eval: +0.3240
    [19] SUMMON | コスト🔷🔷, 配置コア🔷🔷 ⚠️ラスヘッド消滅, (支払:フラッティ:🔷🔷, 配置:ラスヘッド:🔷, モラモーラ:🔷) -> eval: +0.3246
    [20] SUMMON | コスト🔷🔷, 配置コア🔷🔷 ⚠️ラスヘッド・フラッティ消滅, (支払:フラッティ:🔷🔷, 配置:ラスヘッド:🔷, フラッティ:🔷) -> eval: +0.2863
    [21] SUMMON | コスト🔷🔷, 配置コア🔷🔷 ⚠️モラモーラ消滅, (支払:モラモーラ:🔷, フラッティ:🔷, 配置:モラモーラ:🔷🔷) -> eval: +0.3142
    [22] SUMMON | コスト🔷🔷, 配置コア🔷🔷, (支払:フラッティ:🔷🔷, 配置:モラモーラ:🔷🔷) -> eval: +0.4023
    [23] SUMMON | コスト🔷🔷, 配置コア🔷🔷 ⚠️フラッティ消滅, (支払:フラッティ:🔷🔷, 配置:モラモーラ:🔷, フラッティ:🔷) -> eval: +0.3337
    [24] SUMMON | コスト🔷🔷, 配置コア🔷🔶 ⚠️ラスヘッド・深巣ダンテクレオ消滅, (支払:モラモーラ:🔷🔷, 配置:ラスヘッド:🔷, 深巣ダンテクレオ:🔶) -> eval: +0.2458
    [25] SUMMON | コスト🔷🔷, 配置コア🔷🔶 ⚠️ラスヘッド・深巣ダンテクレオ消滅, (支払:モラモーラ:🔷, フラッティ:🔷, 配置:ラスヘッド:🔷, 深巣ダンテクレオ:🔶) -> eval: +0.2262
    [26] SUMMON | コスト🔷🔷, 配置コア🔷🔶 ⚠️ラスヘッド・深巣ダンテクレオ消滅, (支払:フラッティ:🔷🔷, 配置:ラスヘッド:🔷, 深巣ダンテクレオ:🔶) -> eval: +0.2436
    [27] SUMMON | コスト🔷🔷, 配置コア🔷🔶 ⚠️深巣ダンテクレオ・モラモーラ消滅, (支払:モラモーラ:🔷🔷, 配置:深巣ダンテクレオ:🔶, モラモーラ:🔷) -> eval: +0.2371
    [28] SUMMON | コスト🔷🔷, 配置コア🔷🔶 ⚠️深巣ダンテクレオ消滅, (支払:モラモーラ:🔷, フラッティ:🔷, 配置:深巣ダンテクレオ:🔶, モラモーラ:🔷) -> eval: +0.2861
    [29] SUMMON | コスト🔷🔷, 配置コア🔷🔶 ⚠️深巣ダンテクレオ消滅, (支払:フラッティ:🔷🔷, 配置:深巣ダンテクレオ:🔶, モラモーラ:🔷) -> eval: +0.2868
    [30] SUMMON | コスト🔷🔷, 配置コア🔷🔶 ⚠️深巣ダンテクレオ・フラッティ消滅, (支払:フラッティ:🔷🔷, 配置:深巣ダンテクレオ:🔶, フラッティ:🔷) -> eval: +0.2600
    [31] SUMMON | コスト🔷🔶, 配置コア🔷🔷 ⚠️ラスヘッド・深巣ダンテクレオ消滅, (支払:深巣ダンテクレオ:🔶, モラモーラ:🔷, 配置:ラスヘッド:🔷, モラモーラ:🔷) -> eval: +0.2792
    [32] SUMMON | コスト🔷🔶, 配置コア🔷🔷 ⚠️ラスヘッド・深巣ダンテクレオ消滅, (支払:深巣ダンテクレオ:🔶, フラッティ:🔷, 配置:ラスヘッド:🔷, モラモーラ:🔷) -> eval: +0.2611
    [33] SUMMON | コスト🔷🔶, 配置コア🔷🔷 ⚠️ラスヘッド・深巣ダンテクレオ消滅, (支払:深巣ダンテクレオ:🔶, フラッティ:🔷, 配置:ラスヘッド:🔷, フラッティ:🔷) -> eval: +0.2780
    [34] SUMMON | コスト🔷🔶, 配置コア🔷🔷 ⚠️深巣ダンテクレオ・モラモーラ消滅, (支払:深巣ダンテクレオ:🔶, モラモーラ:🔷, 配置:モラモーラ:🔷🔷) -> eval: +0.2709
    [35] SUMMON | コスト🔷🔶, 配置コア🔷🔷 ⚠️深巣ダンテクレオ消滅, (支払:深巣ダンテクレオ:🔶, フラッティ:🔷, 配置:モラモーラ:🔷🔷) -> eval: +0.3225
    [36] SUMMON | コスト🔷🔶, 配置コア🔷🔷 ⚠️深巣ダンテクレオ消滅, (支払:深巣ダンテクレオ:🔶, フラッティ:🔷, 配置:モラモーラ:🔷, フラッティ:🔷) -> eval: +0.3230
    [37] SUMMON | コスト🔷🔶, 配置コア🔷🔷 ⚠️深巣ダンテクレオ・フラッティ消滅, (支払:深巣ダンテクレオ:🔶, フラッティ:🔷, 配置:フラッティ:🔷🔷) -> eval: +0.2911
    [38] SUMMON | コスト🔷🔷, 配置コア🔷🔷🔷 ⚠️ラスヘッド・モラモーラ消滅, (支払:モラモーラ:🔷, フラッティ:🔷, 配置:ラスヘッド:🔷, モラモーラ:🔷🔷) -> eval: +0.2530
    [39] SUMMON | コスト🔷🔷, 配置コア🔷🔷🔷 ⚠️ラスヘッド消滅, (支払:フラッティ:🔷🔷, 配置:ラスヘッド:🔷, モラモーラ:🔷🔷) -> eval: +0.3242
    [40] SUMMON | コスト🔷🔷, 配置コア🔷🔷🔷 ⚠️ラスヘッド・フラッティ消滅, (支払:フラッティ:🔷🔷, 配置:ラスヘッド:🔷, モラモーラ:🔷, フラッティ:🔷) -> eval: +0.2710
    [41] SUMMON | コスト🔷🔷, 配置コア🔷🔷🔷 ⚠️モラモーラ消滅, (支払:フラッティ:🔷🔷, 配置:モラモーラ:🔷🔷🔷) -> eval: +0.3144
    [42] SUMMON | コスト🔷🔷, 配置コア🔷🔷🔷 ⚠️フラッティ消滅, (支払:フラッティ:🔷🔷, 配置:モラモーラ:🔷🔷, フラッティ:🔷) -> eval: +0.3338
    [43] SUMMON | コスト🔷🔷, 配置コア🔷🔷🔶 ⚠️ラスヘッド・深巣ダンテクレオ・モラモーラ消滅, (支払:モラモーラ:🔷🔷, 配置:ラスヘッド:🔷, 深巣ダンテクレオ:🔶, モラモーラ:🔷) -> eval: +0.1791
    [44] SUMMON | コスト🔷🔷, 配置コア🔷🔷🔶 ⚠️ラスヘッド・深巣ダンテクレオ消滅, (支払:モラモーラ:🔷, フラッティ:🔷, 配置:ラスヘッド:🔷, 深巣ダンテクレオ:🔶, モラモーラ:🔷) -> eval: +0.2270
    [45] SUMMON | コスト🔷🔷, 配置コア🔷🔷🔶 ⚠️ラスヘッド・深巣ダンテクレオ消滅, (支払:フラッティ:🔷🔷, 配置:ラスヘッド:🔷, 深巣ダンテクレオ:🔶, モラモーラ:🔷) -> eval: +0.2274
    [46] SUMMON | コスト🔷🔷, 配置コア🔷🔷🔶 ⚠️ラスヘッド・深巣ダンテクレオ・フラッティ消滅, (支払:フラッティ:🔷🔷, 配置:ラスヘッド:🔷, 深巣ダンテクレオ:🔶, フラッティ:🔷) -> eval: +0.2004
    [47] SUMMON | コスト🔷🔷, 配置コア🔷🔷🔶 ⚠️深巣ダンテクレオ・モラモーラ消滅, (支払:モラモーラ:🔷, フラッティ:🔷, 配置:深巣ダンテクレオ:🔶, モラモーラ:🔷🔷) -> eval: +0.2179
    [48] SUMMON | コスト🔷🔷, 配置コア🔷🔷🔶 ⚠️深巣ダンテクレオ消滅, (支払:フラッティ:🔷🔷, 配置:深巣ダンテクレオ:🔶, モラモーラ:🔷🔷) -> eval: +0.2871
    [49] SUMMON | コスト🔷🔷, 配置コア🔷🔷🔶 ⚠️深巣ダンテクレオ・フラッティ消滅, (支払:フラッティ:🔷🔷, 配置:深巣ダンテクレオ:🔶, モラモーラ:🔷, フラッティ:🔷) -> eval: +0.2407
    [50] SUMMON | コスト🔷🔶, 配置コア🔷🔷🔷 ⚠️ラスヘッド・深巣ダンテクレオ・モラモーラ消滅, (支払:深巣ダンテクレオ:🔶, モラモーラ:🔷, 配置:ラスヘッド:🔷, モラモーラ:🔷🔷) -> eval: +0.2080
    [51] SUMMON | コスト🔷🔶, 配置コア🔷🔷🔷 ⚠️ラスヘッド・深巣ダンテクレオ消滅, (支払:深巣ダンテクレオ:🔶, フラッティ:🔷, 配置:ラスヘッド:🔷, モラモーラ:🔷🔷) -> eval: +0.2610
    [52] SUMMON | コスト🔷🔶, 配置コア🔷🔷🔷 ⚠️ラスヘッド・深巣ダンテクレオ消滅, (支払:深巣ダンテクレオ:🔶, フラッティ:🔷, 配置:ラスヘッド:🔷, モラモーラ:🔷, フラッティ:🔷) -> eval: +0.2613
    [53] SUMMON | コスト🔷🔶, 配置コア🔷🔷🔷 ⚠️ラスヘッド・深巣ダンテクレオ・フラッティ消滅, (支払:深巣ダンテクレオ:🔶, フラッティ:🔷, 配置:ラスヘッド:🔷, フラッティ:🔷🔷) -> eval: +0.2272
    [54] SUMMON | コスト🔷🔶, 配置コア🔷🔷🔷 ⚠️深巣ダンテクレオ・モラモーラ消滅, (支払:深巣ダンテクレオ:🔶, フラッティ:🔷, 配置:モラモーラ:🔷🔷🔷) -> eval: +0.2523
    [55] SUMMON | コスト🔷🔶, 配置コア🔷🔷🔷 ⚠️深巣ダンテクレオ消滅, (支払:深巣ダンテクレオ:🔶, フラッティ:🔷, 配置:モラモーラ:🔷🔷, フラッティ:🔷) -> eval: +0.3227
    [56] SUMMON | コスト🔷🔶, 配置コア🔷🔷🔷 ⚠️深巣ダンテクレオ・フラッティ消滅, (支払:深巣ダンテクレオ:🔶, フラッティ:🔷, 配置:モラモーラ:🔷, フラッティ:🔷🔷) -> eval: +0.2721
    [57] SUMMON | コスト🔷🔷, 配置コア🔷🔷🔷🔷 ⚠️ラスヘッド・モラモーラ消滅, (支払:フラッティ:🔷🔷, 配置:ラスヘッド:🔷, モラモーラ:🔷🔷🔷) -> eval: +0.2535
    [58] SUMMON | コスト🔷🔷, 配置コア🔷🔷🔷🔷 ⚠️ラスヘッド・フラッティ消滅, (支払:フラッティ:🔷🔷, 配置:ラスヘッド:🔷, モラモーラ:🔷🔷, フラッティ:🔷) -> eval: +0.2712
    [59] SUMMON | コスト🔷🔷, 配置コア🔷🔷🔷🔷 ⚠️モラモーラ・フラッティ消滅, (支払:フラッティ:🔷🔷, 配置:モラモーラ:🔷🔷🔷, フラッティ:🔷) -> eval: +0.2610
    [60] SUMMON | コスト🔷🔷, 配置コア🔷🔷🔷🔶 ⚠️ラスヘッド・深巣ダンテクレオ・モラモーラ消滅, (支払:モラモーラ:🔷, フラッティ:🔷, 配置:ラスヘッド:🔷, 深巣ダンテクレオ:🔶, モラモーラ:🔷🔷) -> eval: +0.1631
    [61] SUMMON | コスト🔷🔷, 配置コア🔷🔷🔷🔶 ⚠️ラスヘッド・深巣ダンテクレオ消滅, (支払:フラッティ:🔷🔷, 配置:ラスヘッド:🔷, 深巣ダンテクレオ:🔶, モラモーラ:🔷🔷) -> eval: +0.2283
    [62] SUMMON | コスト🔷🔷, 配置コア🔷🔷🔷🔶 ⚠️ラスヘッド・深巣ダンテクレオ・フラッティ消滅, (支払:フラッティ:🔷🔷, 配置:ラスヘッド:🔷, 深巣ダンテクレオ:🔶, モラモーラ:🔷, フラッティ:🔷) -> eval: +0.1845
    [63] SUMMON | コスト🔷🔷, 配置コア🔷🔷🔷🔶 ⚠️深巣ダンテクレオ・モラモーラ消滅, (支払:フラッティ:🔷🔷, 配置:深巣ダンテクレオ:🔶, モラモーラ:🔷🔷🔷) -> eval: +0.2194
    [64] SUMMON | コスト🔷🔷, 配置コア🔷🔷🔷🔶 ⚠️深巣ダンテクレオ・フラッティ消滅, (支払:フラッティ:🔷🔷, 配置:深巣ダンテクレオ:🔶, モラモーラ:🔷🔷, フラッティ:🔷) -> eval: +0.2421
    [65] SUMMON | コスト🔷🔶, 配置コア🔷🔷🔷🔷 ⚠️ラスヘッド・深巣ダンテクレオ・モラモーラ消滅, (支払:深巣ダンテクレオ:🔶, フラッティ:🔷, 配置:ラスヘッド:🔷, モラモーラ:🔷🔷🔷) -> eval: +0.1924
    [66] SUMMON | コスト🔷🔶, 配置コア🔷🔷🔷🔷 ⚠️ラスヘッド・深巣ダンテクレオ消滅, (支払:深巣ダンテクレオ:🔶, フラッティ:🔷, 配置:ラスヘッド:🔷, モラモーラ:🔷🔷, フラッティ:🔷) -> eval: +0.2613
    [67] SUMMON | コスト🔷🔶, 配置コア🔷🔷🔷🔷 ⚠️ラスヘッド・深巣ダンテクレオ・フラッティ消滅, (支払:深巣ダンテクレオ:🔶, フラッティ:🔷, 配置:ラスヘッド:🔷, モラモーラ:🔷, フラッティ:🔷🔷) -> eval: +0.2113
    [68] SUMMON | コスト🔷🔶, 配置コア🔷🔷🔷🔷 ⚠️深巣ダンテクレオ・モラモーラ消滅, (支払:深巣ダンテクレオ:🔶, フラッティ:🔷, 配置:モラモーラ:🔷🔷🔷, フラッティ:🔷) -> eval: +0.2527
    [69] SUMMON | コスト🔷🔶, 配置コア🔷🔷🔷🔷 ⚠️深巣ダンテクレオ・フラッティ消滅, (支払:深巣ダンテクレオ:🔶, フラッティ:🔷, 配置:モラモーラ:🔷🔷, フラッティ:🔷🔷) -> eval: +0.2724
    [70] SUMMON | コスト🔷🔷, 配置コア🔷🔷🔷🔷🔷 ⚠️ラスヘッド・モラモーラ・フラッティ消滅, (支払:フラッティ:🔷🔷, 配置:ラスヘッド:🔷, モラモーラ:🔷🔷🔷, フラッティ:🔷) -> eval: +0.2018
    [71] SUMMON | コスト🔷🔷, 配置コア🔷🔷🔷🔷🔶 ⚠️ラスヘッド・深巣ダンテクレオ・モラモーラ消滅, (支払:フラッティ:🔷🔷, 配置:ラスヘッド:🔷, 深巣ダンテクレオ:🔶, モラモーラ:🔷🔷🔷) -> eval: +0.1651
    [72] SUMMON | コスト🔷🔷, 配置コア🔷🔷🔷🔷🔶 ⚠️ラスヘッド・深巣ダンテクレオ・フラッティ消滅, (支払:フラッティ:🔷🔷, 配置:ラスヘッド:🔷, 深巣ダンテクレオ:🔶, モラモーラ:🔷🔷, フラッティ:🔷) -> eval: +0.1863
    [73] SUMMON | コスト🔷🔷, 配置コア🔷🔷🔷🔷🔶 ⚠️深巣ダンテクレオ・モラモーラ・フラッティ消滅, (支払:フラッティ:🔷🔷, 配置:深巣ダンテクレオ:🔶, モラモーラ:🔷🔷🔷, フラッティ:🔷) -> eval: +0.1762
    [74] SUMMON | コスト🔷🔶, 配置コア🔷🔷🔷🔷🔷 ⚠️ラスヘッド・深巣ダンテクレオ・モラモーラ消滅, (支払:深巣ダンテクレオ:🔶, フラッティ:🔷, 配置:ラスヘッド:🔷, モラモーラ:🔷🔷🔷, フラッティ:🔷) -> eval: +0.1932
    [75] SUMMON | コスト🔷🔶, 配置コア🔷🔷🔷🔷🔷 ⚠️ラスヘッド・深巣ダンテクレオ・フラッティ消滅, (支払:深巣ダンテクレオ:🔶, フラッティ:🔷, 配置:ラスヘッド:🔷, モラモーラ:🔷🔷, フラッティ:🔷🔷) -> eval: +0.2120
    [76] SUMMON | コスト🔷🔶, 配置コア🔷🔷🔷🔷🔷 ⚠️深巣ダンテクレオ・モラモーラ・フラッティ消滅, (支払:深巣ダンテクレオ:🔶, フラッティ:🔷, 配置:モラモーラ:🔷🔷🔷, フラッティ:🔷🔷) -> eval: +0.2030
    [77] SUMMON | コスト🔷🔷, 配置コア🔷🔷🔷🔷🔷🔶 ⚠️ラスヘッド・深巣ダンテクレオ・モラモーラ・フラッティ消滅, (支払:フラッティ:🔷🔷, 配置:ラスヘッド:🔷, 深巣ダンテクレオ:🔶, モラモーラ:🔷🔷🔷, フラッティ:🔷) -> eval: +0.1148
    [78] SUMMON | コスト🔷🔶, 配置コア🔷🔷🔷🔷🔷🔷 ⚠️ラスヘッド・深巣ダンテクレオ・モラモーラ・フラッティ消滅, (支払:深巣ダンテクレオ:🔶, フラッティ:🔷, 配置:ラスヘッド:🔷, モラモーラ:🔷🔷🔷, フラッティ:🔷🔷) -> eval: +0.1362
    [79] USE_MAGIC | コスト🔷, コアは置かない ⚠️ラスヘッド消滅, (支払:ラスヘッド:🔷, 配置:なし) -> eval: +0.2833
    [80] USE_MAGIC | コスト🔷, コアは置かない, (支払:モラモーラ:🔷, 配置:なし) -> eval: +0.3299
    [81] USE_MAGIC | コスト🔷, コアは置かない, (支払:フラッティ:🔷, 配置:なし) -> eval: +0.3263
    [82] USE_MAGIC | コスト🔶, コアは置かない ⚠️深巣ダンテクレオ消滅, (支払:深巣ダンテクレオ:🔶, 配置:なし) -> eval: +0.2866
    [83] SUMMON | コスト🔷, 配置コアなし ⚠️ラスヘッド消滅, (支払:ラスヘッド:🔷, 配置:なし) -> eval: +0.3500
    [84] SUMMON | コスト🔷, 配置コアなし, (支払:モラモーラ:🔷, 配置:なし) -> eval: +0.4116
    [85] SUMMON | コスト🔷, 配置コアなし, (支払:フラッティ:🔷, 配置:なし) -> eval: +0.4085
    [86] SUMMON | コスト🔶, 配置コアなし ⚠️深巣ダンテクレオ消滅, (支払:深巣ダンテクレオ:🔶, 配置:なし) -> eval: +0.3520
    [87] SUMMON | コスト🔷, 配置コア🔷 ⚠️ラスヘッド消滅, (支払:モラモーラ:🔷, 配置:ラスヘッド:🔷) -> eval: +0.3335
    [88] SUMMON | コスト🔷, 配置コア🔷 ⚠️ラスヘッド消滅, (支払:フラッティ:🔷, 配置:ラスヘッド:🔷) -> eval: +0.3298
    [89] SUMMON | コスト🔷, 配置コア🔷, (支払:モラモーラ:🔷, 配置:モラモーラ:🔷) -> eval: +0.4109
    [90] SUMMON | コスト🔷, 配置コア🔷, (支払:フラッティ:🔷, 配置:モラモーラ:🔷) -> eval: +0.3873
    [91] SUMMON | コスト🔷, 配置コア🔷, (支払:フラッティ:🔷, 配置:フラッティ:🔷) -> eval: +0.4081
    [92] SUMMON | コスト🔷, 配置コア🔶 ⚠️ラスヘッド・深巣ダンテクレオ消滅, (支払:ラスヘッド:🔷, 配置:深巣ダンテクレオ:🔶) -> eval: +0.2653
    [93] SUMMON | コスト🔷, 配置コア🔶 ⚠️深巣ダンテクレオ消滅, (支払:モラモーラ:🔷, 配置:深巣ダンテクレオ:🔶) -> eval: +0.3128
    [94] SUMMON | コスト🔷, 配置コア🔶 ⚠️深巣ダンテクレオ消滅, (支払:フラッティ:🔷, 配置:深巣ダンテクレオ:🔶) -> eval: +0.3098
    [95] SUMMON | コスト🔶, 配置コア🔷 ⚠️ラスヘッド・深巣ダンテクレオ消滅, (支払:深巣ダンテクレオ:🔶, 配置:ラスヘッド:🔷) -> eval: +0.2855
    [96] SUMMON | コスト🔶, 配置コア🔷 ⚠️深巣ダンテクレオ消滅, (支払:深巣ダンテクレオ:🔶, 配置:モラモーラ:🔷) -> eval: +0.3321
    [97] SUMMON | コスト🔶, 配置コア🔷 ⚠️深巣ダンテクレオ消滅, (支払:深巣ダンテクレオ:🔶, 配置:フラッティ:🔷) -> eval: +0.3299
    [98] SUMMON | コスト🔷, 配置コア🔷🔷 ⚠️ラスヘッド消滅, (支払:モラモーラ:🔷, 配置:ラスヘッド:🔷, モラモーラ:🔷) -> eval: +0.3327
    [99] SUMMON | コスト🔷, 配置コア🔷🔷 ⚠️ラスヘッド消滅, (支払:フラッティ:🔷, 配置:ラスヘッド:🔷, モラモーラ:🔷) -> eval: +0.3118
    [100] SUMMON | コスト🔷, 配置コア🔷🔷 ⚠️ラスヘッド消滅, (支払:フラッティ:🔷, 配置:ラスヘッド:🔷, フラッティ:🔷) -> eval: +0.3295
    [101] SUMMON | コスト🔷, 配置コア🔷🔷 ⚠️モラモーラ消滅, (支払:モラモーラ:🔷, 配置:モラモーラ:🔷🔷) -> eval: +0.3213
    [102] SUMMON | コスト🔷, 配置コア🔷🔷, (支払:フラッティ:🔷, 配置:モラモーラ:🔷🔷) -> eval: +0.3866
    [103] SUMMON | コスト🔷, 配置コア🔷🔷, (支払:フラッティ:🔷, 配置:モラモーラ:🔷, フラッティ:🔷) -> eval: +0.3871
    [104] SUMMON | コスト🔷, 配置コア🔷🔷 ⚠️フラッティ消滅, (支払:フラッティ:🔷, 配置:フラッティ:🔷🔷) -> eval: +0.3432
    [105] SUMMON | コスト🔷, 配置コア🔷🔶 ⚠️ラスヘッド・深巣ダンテクレオ消滅, (支払:モラモーラ:🔷, 配置:ラスヘッド:🔷, 深巣ダンテクレオ:🔶) -> eval: +0.2505
    [106] SUMMON | コスト🔷, 配置コア🔷🔶 ⚠️ラスヘッド・深巣ダンテクレオ消滅, (支払:フラッティ:🔷, 配置:ラスヘッド:🔷, 深巣ダンテクレオ:🔶) -> eval: +0.2472
    [107] SUMMON | コスト🔷, 配置コア🔷🔶 ⚠️深巣ダンテクレオ消滅, (支払:モラモーラ:🔷, 配置:深巣ダンテクレオ:🔶, モラモーラ:🔷) -> eval: +0.3132
    [108] SUMMON | コスト🔷, 配置コア🔷🔶 ⚠️深巣ダンテクレオ消滅, (支払:フラッティ:🔷, 配置:深巣ダンテクレオ:🔶, モラモーラ:🔷) -> eval: +0.2906
    [109] SUMMON | コスト🔷, 配置コア🔷🔶 ⚠️深巣ダンテクレオ消滅, (支払:フラッティ:🔷, 配置:深巣ダンテクレオ:🔶, フラッティ:🔷) -> eval: +0.3108
    [110] SUMMON | コスト🔶, 配置コア🔷🔷 ⚠️ラスヘッド・深巣ダンテクレオ消滅, (支払:深巣ダンテクレオ:🔶, 配置:ラスヘッド:🔷, モラモーラ:🔷) -> eval: +0.2688
    [111] SUMMON | コスト🔶, 配置コア🔷🔷 ⚠️ラスヘッド・深巣ダンテクレオ消滅, (支払:深巣ダンテクレオ:🔶, 配置:ラスヘッド:🔷, フラッティ:🔷) -> eval: +0.2664
    [112] SUMMON | コスト🔶, 配置コア🔷🔷 ⚠️深巣ダンテクレオ消滅, (支払:深巣ダンテクレオ:🔶, 配置:モラモーラ:🔷🔷) -> eval: +0.3314
    [113] SUMMON | コスト🔶, 配置コア🔷🔷 ⚠️深巣ダンテクレオ消滅, (支払:深巣ダンテクレオ:🔶, 配置:モラモーラ:🔷, フラッティ:🔷) -> eval: +0.3086
    [114] SUMMON | コスト🔶, 配置コア🔷🔷 ⚠️深巣ダンテクレオ消滅, (支払:深巣ダンテクレオ:🔶, 配置:フラッティ:🔷🔷) -> eval: +0.3296
    [115] SUMMON | コスト🔷, 配置コア🔷🔷🔷 ⚠️ラスヘッド・モラモーラ消滅, (支払:モラモーラ:🔷, 配置:ラスヘッド:🔷, モラモーラ:🔷🔷) -> eval: +0.2595
    [116] SUMMON | コスト🔷, 配置コア🔷🔷🔷 ⚠️ラスヘッド消滅, (支払:フラッティ:🔷, 配置:ラスヘッド:🔷, モラモーラ:🔷🔷) -> eval: +0.3112
    [117] SUMMON | コスト🔷, 配置コア🔷🔷🔷 ⚠️ラスヘッド消滅, (支払:フラッティ:🔷, 配置:ラスヘッド:🔷, モラモーラ:🔷, フラッティ:🔷) -> eval: +0.3117
    [118] SUMMON | コスト🔷, 配置コア🔷🔷🔷 ⚠️ラスヘッド・フラッティ消滅, (支払:フラッティ:🔷, 配置:ラスヘッド:🔷, フラッティ:🔷🔷) -> eval: +0.2789
    [119] SUMMON | コスト🔷, 配置コア🔷🔷🔷 ⚠️モラモーラ消滅, (支払:フラッティ:🔷, 配置:モラモーラ:🔷🔷🔷) -> eval: +0.3006
    [120] SUMMON | コスト🔷, 配置コア🔷🔷🔷, (支払:フラッティ:🔷, 配置:モラモーラ:🔷🔷, フラッティ:🔷) -> eval: +0.3865
    [121] SUMMON | コスト🔷, 配置コア🔷🔷🔷 ⚠️フラッティ消滅, (支払:フラッティ:🔷, 配置:モラモーラ:🔷, フラッティ:🔷🔷) -> eval: +0.3221
    [122] SUMMON | コスト🔷, 配置コア🔷🔷🔶 ⚠️ラスヘッド・深巣ダンテクレオ消滅, (支払:モラモーラ:🔷, 配置:ラスヘッド:🔷, 深巣ダンテクレオ:🔶, モラモーラ:🔷) -> eval: +0.2515
    [123] SUMMON | コスト🔷, 配置コア🔷🔷🔶 ⚠️ラスヘッド・深巣ダンテクレオ消滅, (支払:フラッティ:🔷, 配置:ラスヘッド:🔷, 深巣ダンテクレオ:🔶, モラモーラ:🔷) -> eval: +0.2318
    [124] SUMMON | コスト🔷, 配置コア🔷🔷🔶 ⚠️ラスヘッド・深巣ダンテクレオ消滅, (支払:フラッティ:🔷, 配置:ラスヘッド:🔷, 深巣ダンテクレオ:🔶, フラッティ:🔷) -> eval: +0.2487
    [125] SUMMON | コスト🔷, 配置コア🔷🔷🔶 ⚠️深巣ダンテクレオ・モラモーラ消滅, (支払:モラモーラ:🔷, 配置:深巣ダンテクレオ:🔶, モラモーラ:🔷🔷) -> eval: +0.2430
    [126] SUMMON | コスト🔷, 配置コア🔷🔷🔶 ⚠️深巣ダンテクレオ消滅, (支払:フラッティ:🔷, 配置:深巣ダンテクレオ:🔶, モラモーラ:🔷🔷) -> eval: +0.2912
    [127] SUMMON | コスト🔷, 配置コア🔷🔷🔶 ⚠️深巣ダンテクレオ消滅, (支払:フラッティ:🔷, 配置:深巣ダンテクレオ:🔶, モラモーラ:🔷, フラッティ:🔷) -> eval: +0.2919
    [128] SUMMON | コスト🔷, 配置コア🔷🔷🔶 ⚠️深巣ダンテクレオ・フラッティ消滅, (支払:フラッティ:🔷, 配置:深巣ダンテクレオ:🔶, フラッティ:🔷🔷) -> eval: +0.2666
    [129] SUMMON | コスト🔶, 配置コア🔷🔷🔷 ⚠️ラスヘッド・深巣ダンテクレオ消滅, (支払:深巣ダンテクレオ:🔶, 配置:ラスヘッド:🔷, モラモーラ:🔷🔷) -> eval: +0.2685
    [130] SUMMON | コスト🔶, 配置コア🔷🔷🔷 ⚠️ラスヘッド・深巣ダンテクレオ消滅, (支払:深巣ダンテクレオ:🔶, 配置:ラスヘッド:🔷, モラモーラ:🔷, フラッティ:🔷) -> eval: +0.2486
    [131] SUMMON | コスト🔶, 配置コア🔷🔷🔷 ⚠️ラスヘッド・深巣ダンテクレオ消滅, (支払:深巣ダンテクレオ:🔶, 配置:ラスヘッド:🔷, フラッティ:🔷🔷) -> eval: +0.2663
    [132] SUMMON | コスト🔶, 配置コア🔷🔷🔷 ⚠️深巣ダンテクレオ・モラモーラ消滅, (支払:深巣ダンテクレオ:🔶, 配置:モラモーラ:🔷🔷🔷) -> eval: +0.2598
    [133] SUMMON | コスト🔶, 配置コア🔷🔷🔷 ⚠️深巣ダンテクレオ消滅, (支払:深巣ダンテクレオ:🔶, 配置:モラモーラ:🔷🔷, フラッティ:🔷) -> eval: +0.3081
    [134] SUMMON | コスト🔶, 配置コア🔷🔷🔷 ⚠️深巣ダンテクレオ消滅, (支払:深巣ダンテクレオ:🔶, 配置:モラモーラ:🔷, フラッティ:🔷🔷) -> eval: +0.3085
    [135] SUMMON | コスト🔶, 配置コア🔷🔷🔷 ⚠️深巣ダンテクレオ・フラッティ消滅, (支払:深巣ダンテクレオ:🔶, 配置:フラッティ:🔷🔷🔷) -> eval: +0.2822
    [136] SUMMON | コスト🔷, 配置コア🔷🔷🔷🔷 ⚠️ラスヘッド・モラモーラ消滅, (支払:フラッティ:🔷, 配置:ラスヘッド:🔷, モラモーラ:🔷🔷🔷) -> eval: +0.2420
    [137] SUMMON | コスト🔷, 配置コア🔷🔷🔷🔷 ⚠️ラスヘッド消滅, (支払:フラッティ:🔷, 配置:ラスヘッド:🔷, モラモーラ:🔷🔷, フラッティ:🔷) -> eval: +0.3112
    [138] SUMMON | コスト🔷, 配置コア🔷🔷🔷🔷 ⚠️ラスヘッド・フラッティ消滅, (支払:フラッティ:🔷, 配置:ラスヘッド:🔷, モラモーラ:🔷, フラッティ:🔷🔷) -> eval: +0.2617
    [139] SUMMON | コスト🔷, 配置コア🔷🔷🔷🔷 ⚠️モラモーラ消滅, (支払:フラッティ:🔷, 配置:モラモーラ:🔷🔷🔷, フラッティ:🔷) -> eval: +0.3007
    [140] SUMMON | コスト🔷, 配置コア🔷🔷🔷🔷 ⚠️フラッティ消滅, (支払:フラッティ:🔷, 配置:モラモーラ:🔷🔷, フラッティ:🔷🔷) -> eval: +0.3222
    [141] SUMMON | コスト🔷, 配置コア🔷🔷🔷🔶 ⚠️ラスヘッド・深巣ダンテクレオ・モラモーラ消滅, (支払:モラモーラ:🔷, 配置:ラスヘッド:🔷, 深巣ダンテクレオ:🔶, モラモーラ:🔷🔷) -> eval: +0.1842
    [142] SUMMON | コスト🔷, 配置コア🔷🔷🔷🔶 ⚠️ラスヘッド・深巣ダンテクレオ消滅, (支払:フラッティ:🔷, 配置:ラスヘッド:🔷, 深巣ダンテクレオ:🔶, モラモーラ:🔷🔷) -> eval: +0.2330
    [143] SUMMON | コスト🔷, 配置コア🔷🔷🔷🔶 ⚠️ラスヘッド・深巣ダンテクレオ消滅, (支払:フラッティ:🔷, 配置:ラスヘッド:🔷, 深巣ダンテクレオ:🔶, モラモーラ:🔷, フラッティ:🔷) -> eval: +0.2335
    [144] SUMMON | コスト🔷, 配置コア🔷🔷🔷🔶 ⚠️ラスヘッド・深巣ダンテクレオ・フラッティ消滅, (支払:フラッティ:🔷, 配置:ラスヘッド:🔷, 深巣ダンテクレオ:🔶, フラッティ:🔷🔷) -> eval: +0.2059
    [145] SUMMON | コスト🔷, 配置コア🔷🔷🔷🔶 ⚠️深巣ダンテクレオ・モラモーラ消滅, (支払:フラッティ:🔷, 配置:深巣ダンテクレオ:🔶, モラモーラ:🔷🔷🔷) -> eval: +0.2241
    [146] SUMMON | コスト🔷, 配置コア🔷🔷🔷🔶 ⚠️深巣ダンテクレオ消滅, (支払:フラッティ:🔷, 配置:深巣ダンテクレオ:🔶, モラモーラ:🔷🔷, フラッティ:🔷) -> eval: +0.2927
    [147] SUMMON | コスト🔷, 配置コア🔷🔷🔷🔶 ⚠️深巣ダンテクレオ・フラッティ消滅, (支払:フラッティ:🔷, 配置:深巣ダンテクレオ:🔶, モラモーラ:🔷, フラッティ:🔷🔷) -> eval: +0.2475
    [148] SUMMON | コスト🔶, 配置コア🔷🔷🔷🔷 ⚠️ラスヘッド・深巣ダンテクレオ・モラモーラ消滅, (支払:深巣ダンテクレオ:🔶, 配置:ラスヘッド:🔷, モラモーラ:🔷🔷🔷) -> eval: +0.1974
    [149] SUMMON | コスト🔶, 配置コア🔷🔷🔷🔷 ⚠️ラスヘッド・深巣ダンテクレオ消滅, (支払:深巣ダンテクレオ:🔶, 配置:ラスヘッド:🔷, モラモーラ:🔷🔷, フラッティ:🔷) -> eval: +0.2486
    [150] SUMMON | コスト🔶, 配置コア🔷🔷🔷🔷 ⚠️ラスヘッド・深巣ダンテクレオ消滅, (支払:深巣ダンテクレオ:🔶, 配置:ラスヘッド:🔷, モラモーラ:🔷, フラッティ:🔷🔷) -> eval: +0.2488
    [151] SUMMON | コスト🔶, 配置コア🔷🔷🔷🔷 ⚠️ラスヘッド・深巣ダンテクレオ・フラッティ消滅, (支払:深巣ダンテクレオ:🔶, 配置:ラスヘッド:🔷, フラッティ:🔷🔷🔷) -> eval: +0.2183
    [152] SUMMON | コスト🔶, 配置コア🔷🔷🔷🔷 ⚠️深巣ダンテクレオ・モラモーラ消滅, (支払:深巣ダンテクレオ:🔶, 配置:モラモーラ:🔷🔷🔷, フラッティ:🔷) -> eval: +0.2394
    [153] SUMMON | コスト🔶, 配置コア🔷🔷🔷🔷 ⚠️深巣ダンテクレオ消滅, (支払:深巣ダンテクレオ:🔶, 配置:モラモーラ:🔷🔷, フラッティ:🔷🔷) -> eval: +0.3081
    [154] SUMMON | コスト🔶, 配置コア🔷🔷🔷🔷 ⚠️深巣ダンテクレオ・フラッティ消滅, (支払:深巣ダンテクレオ:🔶, 配置:モラモーラ:🔷, フラッティ:🔷🔷🔷) -> eval: +0.2610
    [155] SUMMON | コスト🔷, 配置コア🔷🔷🔷🔷🔷 ⚠️ラスヘッド・モラモーラ消滅, (支払:フラッティ:🔷, 配置:ラスヘッド:🔷, モラモーラ:🔷🔷🔷, フラッティ:🔷) -> eval: +0.2425
    [156] SUMMON | コスト🔷, 配置コア🔷🔷🔷🔷🔷 ⚠️ラスヘッド・フラッティ消滅, (支払:フラッティ:🔷, 配置:ラスヘッド:🔷, モラモーラ:🔷🔷, フラッティ:🔷🔷) -> eval: +0.2620
    [157] SUMMON | コスト🔷, 配置コア🔷🔷🔷🔷🔷 ⚠️モラモーラ・フラッティ消滅, (支払:フラッティ:🔷, 配置:モラモーラ:🔷🔷🔷, フラッティ:🔷🔷) -> eval: +0.2521
    [158] SUMMON | コスト🔷, 配置コア🔷🔷🔷🔷🔶 ⚠️ラスヘッド・深巣ダンテクレオ・モラモーラ消滅, (支払:フラッティ:🔷, 配置:ラスヘッド:🔷, 深巣ダンテクレオ:🔶, モラモーラ:🔷🔷🔷) -> eval: +0.1686
    [159] SUMMON | コスト🔷, 配置コア🔷🔷🔷🔷🔶 ⚠️ラスヘッド・深巣ダンテクレオ消滅, (支払:フラッティ:🔷, 配置:ラスヘッド:🔷, 深巣ダンテクレオ:🔶, モラモーラ:🔷🔷, フラッティ:🔷) -> eval: +0.2348
    [160] SUMMON | コスト🔷, 配置コア🔷🔷🔷🔷🔶 ⚠️ラスヘッド・深巣ダンテクレオ・フラッティ消滅, (支払:フラッティ:🔷, 配置:ラスヘッド:🔷, 深巣ダンテクレオ:🔶, モラモーラ:🔷, フラッティ:🔷🔷) -> eval: +0.1904
    [161] SUMMON | コスト🔷, 配置コア🔷🔷🔷🔷🔶 ⚠️深巣ダンテクレオ・モラモーラ消滅, (支払:フラッティ:🔷, 配置:深巣ダンテクレオ:🔶, モラモーラ:🔷🔷🔷, フラッティ:🔷) -> eval: +0.2261
    [162] SUMMON | コスト🔷, 配置コア🔷🔷🔷🔷🔶 ⚠️深巣ダンテクレオ・フラッティ消滅, (支払:フラッティ:🔷, 配置:深巣ダンテクレオ:🔶, モラモーラ:🔷🔷, フラッティ:🔷🔷) -> eval: +0.2495
    [163] SUMMON | コスト🔶, 配置コア🔷🔷🔷🔷🔷 ⚠️ラスヘッド・深巣ダンテクレオ・モラモーラ消滅, (支払:深巣ダンテクレオ:🔶, 配置:ラスヘッド:🔷, モラモーラ:🔷🔷🔷, フラッティ:🔷) -> eval: +0.1805
    [164] SUMMON | コスト🔶, 配置コア🔷🔷🔷🔷🔷 ⚠️ラスヘッド・深巣ダンテクレオ消滅, (支払:深巣ダンテクレオ:🔶, 配置:ラスヘッド:🔷, モラモーラ:🔷🔷, フラッティ:🔷🔷) -> eval: +0.2489
    [165] SUMMON | コスト🔶, 配置コア🔷🔷🔷🔷🔷 ⚠️ラスヘッド・深巣ダンテクレオ・フラッティ消滅, (支払:深巣ダンテクレオ:🔶, 配置:ラスヘッド:🔷, モラモーラ:🔷, フラッティ:🔷🔷🔷) -> eval: +0.2010
    [166] SUMMON | コスト🔶, 配置コア🔷🔷🔷🔷🔷 ⚠️深巣ダンテクレオ・モラモーラ消滅, (支払:深巣ダンテクレオ:🔶, 配置:モラモーラ:🔷🔷🔷, フラッティ:🔷🔷) -> eval: +0.2399
    [167] SUMMON | コスト🔶, 配置コア🔷🔷🔷🔷🔷 ⚠️深巣ダンテクレオ・フラッティ消滅, (支払:深巣ダンテクレオ:🔶, 配置:モラモーラ:🔷🔷, フラッティ:🔷🔷🔷) -> eval: +0.2615
    [168] SUMMON | コスト🔷, 配置コア🔷🔷🔷🔷🔷🔷 ⚠️ラスヘッド・モラモーラ・フラッティ消滅, (支払:フラッティ:🔷, 配置:ラスヘッド:🔷, モラモーラ:🔷🔷🔷, フラッティ:🔷🔷) -> eval: +0.1939
    [169] SUMMON | コスト🔷, 配置コア🔷🔷🔷🔷🔷🔶 ⚠️ラスヘッド・深巣ダンテクレオ・モラモーラ消滅, (支払:フラッティ:🔷, 配置:ラスヘッド:🔷, 深巣ダンテクレオ:🔶, モラモーラ:🔷🔷🔷, フラッティ:🔷) -> eval: +0.1710
    [170] SUMMON | コスト🔷, 配置コア🔷🔷🔷🔷🔷🔶 ⚠️ラスヘッド・深巣ダンテクレオ・フラッティ消滅, (支払:フラッティ:🔷, 配置:ラスヘッド:🔷, 深巣ダンテクレオ:🔶, モラモーラ:🔷🔷, フラッティ:🔷🔷) -> eval: +0.1927
    [171] SUMMON | コスト🔷, 配置コア🔷🔷🔷🔷🔷🔶 ⚠️深巣ダンテクレオ・モラモーラ・フラッティ消滅, (支払:フラッティ:🔷, 配置:深巣ダンテクレオ:🔶, モラモーラ:🔷🔷🔷, フラッティ:🔷🔷) -> eval: +0.1824
    [172] SUMMON | コスト🔶, 配置コア🔷🔷🔷🔷🔷🔷 ⚠️ラスヘッド・深巣ダンテクレオ・モラモーラ消滅, (支払:深巣ダンテクレオ:🔶, 配置:ラスヘッド:🔷, モラモーラ:🔷🔷🔷, フラッティ:🔷🔷) -> eval: +0.1816
    [173] SUMMON | コスト🔶, 配置コア🔷🔷🔷🔷🔷🔷 ⚠️ラスヘッド・深巣ダンテクレオ・フラッティ消滅, (支払:深巣ダンテクレオ:🔶, 配置:ラスヘッド:🔷, モラモーラ:🔷🔷, フラッティ:🔷🔷🔷) -> eval: +0.2019
    [174] SUMMON | コスト🔶, 配置コア🔷🔷🔷🔷🔷🔷 ⚠️深巣ダンテクレオ・モラモーラ・フラッティ消滅, (支払:深巣ダンテクレオ:🔶, 配置:モラモーラ:🔷🔷🔷, フラッティ:🔷🔷🔷) -> eval: +0.1921
    [175] SUMMON | コスト🔷, 配置コア🔷🔷🔷🔷🔷🔷🔶 ⚠️ラスヘッド・深巣ダンテクレオ・モラモーラ・フラッティ消滅, (支払:フラッティ:🔷, 配置:ラスヘッド:🔷, 深巣ダンテクレオ:🔶, モラモーラ:🔷🔷🔷, フラッティ:🔷🔷) -> eval: +0.1187
    [176] SUMMON | コスト🔶, 配置コア🔷🔷🔷🔷🔷🔷🔷 ⚠️ラスヘッド・深巣ダンテクレオ・モラモーラ・フラッティ消滅, (支払:深巣ダンテクレオ:🔶, 配置:ラスヘッド:🔷, モラモーラ:🔷🔷🔷, フラッティ:🔷🔷🔷) -> eval: +0.1256
    [177] MOVE_CORE | 🔷を移動 ⚠️ラスヘッド消滅 -> eval: +0.3121
    [178] MOVE_CORE | 🔷を移動 ⚠️ラスヘッド消滅 -> eval: +0.3229
    [179] MOVE_CORE | 🔷を移動 ⚠️ラスヘッド消滅 -> eval: +0.3229
    [180] MOVE_CORE | 🔷を移動 ⚠️ラスヘッド消滅 -> eval: +0.3224
    [181] MOVE_CORE | 🔶を移動 ⚠️深巣ダンテクレオ消滅 -> eval: +0.3153
    [182] MOVE_CORE | 🔶を移動 ⚠️深巣ダンテクレオ消滅 -> eval: +0.3092
    [183] MOVE_CORE | 🔶 ⇄ 🔷 を交換 -> eval: +0.4145
    [184] MOVE_CORE | 🔶を移動 ⚠️深巣ダンテクレオ消滅 -> eval: +0.2892
    [185] MOVE_CORE | 🔶 ⇄ 🔷 を交換 -> eval: +0.3891
    [186] MOVE_CORE | 🔶を移動 ⚠️深巣ダンテクレオ消滅 -> eval: +0.2942
    [187] MOVE_CORE | 🔶 ⇄ 🔷 を交換 -> eval: +0.3959
    [188] MOVE_CORE | 🔷を移動 -> eval: +0.3780
    [189] MOVE_CORE | 🔷🔷を移動 -> eval: +0.3692
    [190] MOVE_CORE | 🔷🔷🔷を移動 ⚠️モラモーラ消滅 -> eval: +0.2601
    [191] MOVE_CORE | 🔷を移動 -> eval: +0.3866
    [192] MOVE_CORE | 🔷🔷を移動 -> eval: +0.3862
    [193] MOVE_CORE | 🔷🔷🔷を移動 ⚠️モラモーラ消滅 -> eval: +0.2895
    [194] MOVE_CORE | 🔷を移動 -> eval: +0.3879
    [195] MOVE_CORE | 🔷🔷を移動 -> eval: +0.3888
    [196] MOVE_CORE | 🔷🔷🔷を移動 ⚠️モラモーラ消滅 -> eval: +0.2931
    [197] MOVE_CORE | 🔷を移動 -> eval: +0.3875
    [198] MOVE_CORE | 🔷🔷を移動 -> eval: +0.3880
    [199] MOVE_CORE | 🔷🔷🔷を移動 ⚠️モラモーラ消滅 -> eval: +0.2923
    [200] MOVE_CORE | 🔷を移動 -> eval: +0.3762
    [201] MOVE_CORE | 🔷🔷を移動 -> eval: +0.3676
    [202] MOVE_CORE | 🔷🔷🔷を移動 ⚠️フラッティ消滅 -> eval: +0.2839
    [203] MOVE_CORE | 🔷を移動 -> eval: +0.3847
    [204] MOVE_CORE | 🔷🔷を移動 -> eval: +0.3845
    [205] MOVE_CORE | 🔷🔷🔷を移動 ⚠️フラッティ消滅 -> eval: +0.3127
    [206] MOVE_CORE | 🔷を移動 -> eval: +0.3860
    [207] MOVE_CORE | 🔷🔷を移動 -> eval: +0.3871
    [208] MOVE_CORE | 🔷🔷🔷を移動 ⚠️フラッティ消滅 -> eval: +0.3162
    [209] MOVE_CORE | 🔷を移動 -> eval: +0.3861
    [210] MOVE_CORE | 🔷🔷を移動 -> eval: +0.3874
    [211] MOVE_CORE | 🔷🔷🔷を移動 ⚠️フラッティ消滅 -> eval: +0.3164
  ステップ終了評価: +0.4103
  => 選択: MOVE_CORE | 🔶 ⇄ 🔷 を交換 (eval: +0.4145 > 終了評価 +0.4103)
     効果/結果: 🔷 「深巣ダンテクレオ」➔「ラスヘッド」 ソウルコア1個 / 「ラスヘッド」➔「深巣ダンテクレオ」 通常コア1個

Turn 6 | 手数 41 | 手番: P2(run3_run4.kann.weight) | メインステップ
  盤面:
    P1: Life:2, Reserve:0, Hand:3枚, Field:[水泡群域(Lv1,コア0), モラモーラ(Lv1,コア1), ストラレイ(Lv2,コア3), ガリザロト(Lv1,コア2)]
    P2: Life:1, Reserve:0, Hand:3枚, Field:[ラスヘッド(Lv2,コア1s), 深巣ダンテクレオ(Lv1,コア1), モラモーラ(Lv2,コア3), フラッティ(Lv2,コア3)]
  候補行動 (211件):
    [0] SUMMON | コスト🔷🔷, 配置コア🔷 ⚠️深巣ダンテクレオ消滅, (支払:モラモーラ:🔷🔷, 配置:深巣ダンテクレオ:🔷) -> eval: +0.3150
    [1] SUMMON | コスト🔷🔷, 配置コア🔷 ⚠️深巣ダンテクレオ消滅, (支払:モラモーラ:🔷, フラッティ:🔷, 配置:深巣ダンテクレオ:🔷) -> eval: +0.2941
    [2] SUMMON | コスト🔷🔷, 配置コア🔷 ⚠️深巣ダンテクレオ消滅, (支払:フラッティ:🔷🔷, 配置:深巣ダンテクレオ:🔷) -> eval: +0.3122
    [3] SUMMON | コスト🔷🔷, 配置コア🔷 ⚠️モラモーラ消滅, (支払:モラモーラ:🔷🔷, 配置:モラモーラ:🔷) -> eval: +0.3191
    [4] SUMMON | コスト🔷🔷, 配置コア🔷, (支払:モラモーラ:🔷, フラッティ:🔷, 配置:モラモーラ:🔷) -> eval: +0.3847
    [5] SUMMON | コスト🔷🔷, 配置コア🔷, (支払:フラッティ:🔷🔷, 配置:モラモーラ:🔷) -> eval: +0.3852
    [6] SUMMON | コスト🔷🔷, 配置コア🔷 ⚠️フラッティ消滅, (支払:フラッティ:🔷🔷, 配置:フラッティ:🔷) -> eval: +0.3399
    [7] SUMMON | コスト🔷🔷, 配置コア🔶 ⚠️ラスヘッド・深巣ダンテクレオ消滅, (支払:深巣ダンテクレオ:🔷, モラモーラ:🔷, 配置:ラスヘッド:🔶) -> eval: +0.2340
    [8] SUMMON | コスト🔷🔷, 配置コア🔶 ⚠️ラスヘッド・深巣ダンテクレオ消滅, (支払:深巣ダンテクレオ:🔷, フラッティ:🔷, 配置:ラスヘッド:🔶) -> eval: +0.2313
    [9] SUMMON | コスト🔷🔷, 配置コア🔶 ⚠️ラスヘッド消滅, (支払:モラモーラ:🔷🔷, 配置:ラスヘッド:🔶) -> eval: +0.3068
    [10] SUMMON | コスト🔷🔷, 配置コア🔶 ⚠️ラスヘッド消滅, (支払:モラモーラ:🔷, フラッティ:🔷, 配置:ラスヘッド:🔶) -> eval: +0.2847
    [11] SUMMON | コスト🔷🔷, 配置コア🔶 ⚠️ラスヘッド消滅, (支払:フラッティ:🔷🔷, 配置:ラスヘッド:🔶) -> eval: +0.3049
    [12] SUMMON | コスト🔷🔶, 配置コア🔷 ⚠️ラスヘッド・深巣ダンテクレオ消滅, (支払:ラスヘッド:🔶, モラモーラ:🔷, 配置:深巣ダンテクレオ:🔷) -> eval: +0.2639
    [13] SUMMON | コスト🔷🔶, 配置コア🔷 ⚠️ラスヘッド・深巣ダンテクレオ消滅, (支払:ラスヘッド:🔶, フラッティ:🔷, 配置:深巣ダンテクレオ:🔷) -> eval: +0.2622
    [14] SUMMON | コスト🔷🔶, 配置コア🔷 ⚠️ラスヘッド消滅, (支払:ラスヘッド:🔶, モラモーラ:🔷, 配置:モラモーラ:🔷) -> eval: +0.3369
    [15] SUMMON | コスト🔷🔶, 配置コア🔷 ⚠️ラスヘッド消滅, (支払:ラスヘッド:🔶, フラッティ:🔷, 配置:モラモーラ:🔷) -> eval: +0.3157
    [16] SUMMON | コスト🔷🔶, 配置コア🔷 ⚠️ラスヘッド消滅, (支払:ラスヘッド:🔶, フラッティ:🔷, 配置:フラッティ:🔷) -> eval: +0.3359
    [17] SUMMON | コスト🔷🔷, 配置コア🔷🔷 ⚠️深巣ダンテクレオ・モラモーラ消滅, (支払:モラモーラ:🔷🔷, 配置:深巣ダンテクレオ:🔷, モラモーラ:🔷) -> eval: +0.2553
    [18] SUMMON | コスト🔷🔷, 配置コア🔷🔷 ⚠️深巣ダンテクレオ消滅, (支払:モラモーラ:🔷, フラッティ:🔷, 配置:深巣ダンテクレオ:🔷, モラモーラ:🔷) -> eval: +0.3122
    [19] SUMMON | コスト🔷🔷, 配置コア🔷🔷 ⚠️深巣ダンテクレオ消滅, (支払:フラッティ:🔷🔷, 配置:深巣ダンテクレオ:🔷, モラモーラ:🔷) -> eval: +0.3127
    [20] SUMMON | コスト🔷🔷, 配置コア🔷🔷 ⚠️深巣ダンテクレオ・フラッティ消滅, (支払:フラッティ:🔷🔷, 配置:深巣ダンテクレオ:🔷, フラッティ:🔷) -> eval: +0.2740
    [21] SUMMON | コスト🔷🔷, 配置コア🔷🔷 ⚠️モラモーラ消滅, (支払:モラモーラ:🔷, フラッティ:🔷, 配置:モラモーラ:🔷🔷) -> eval: +0.3162
    [22] SUMMON | コスト🔷🔷, 配置コア🔷🔷, (支払:フラッティ:🔷🔷, 配置:モラモーラ:🔷🔷) -> eval: +0.4047
    [23] SUMMON | コスト🔷🔷, 配置コア🔷🔷 ⚠️フラッティ消滅, (支払:フラッティ:🔷🔷, 配置:モラモーラ:🔷, フラッティ:🔷) -> eval: +0.3359
    [24] SUMMON | コスト🔷🔷, 配置コア🔷🔶 ⚠️ラスヘッド・深巣ダンテクレオ消滅, (支払:モラモーラ:🔷🔷, 配置:ラスヘッド:🔶, 深巣ダンテクレオ:🔷) -> eval: +0.2458
    [25] SUMMON | コスト🔷🔷, 配置コア🔷🔶 ⚠️ラスヘッド・深巣ダンテクレオ消滅, (支払:モラモーラ:🔷, フラッティ:🔷, 配置:ラスヘッド:🔶, 深巣ダンテクレオ:🔷) -> eval: +0.2262
    [26] SUMMON | コスト🔷🔷, 配置コア🔷🔶 ⚠️ラスヘッド・深巣ダンテクレオ消滅, (支払:フラッティ:🔷🔷, 配置:ラスヘッド:🔶, 深巣ダンテクレオ:🔷) -> eval: +0.2436
    [27] SUMMON | コスト🔷🔷, 配置コア🔷🔶 ⚠️ラスヘッド・モラモーラ消滅, (支払:モラモーラ:🔷🔷, 配置:ラスヘッド:🔶, モラモーラ:🔷) -> eval: +0.2498
    [28] SUMMON | コスト🔷🔷, 配置コア🔷🔶 ⚠️ラスヘッド消滅, (支払:モラモーラ:🔷, フラッティ:🔷, 配置:ラスヘッド:🔶, モラモーラ:🔷) -> eval: +0.2974
    [29] SUMMON | コスト🔷🔷, 配置コア🔷🔶 ⚠️ラスヘッド消滅, (支払:フラッティ:🔷🔷, 配置:ラスヘッド:🔶, モラモーラ:🔷) -> eval: +0.2982
    [30] SUMMON | コスト🔷🔷, 配置コア🔷🔶 ⚠️ラスヘッド・フラッティ消滅, (支払:フラッティ:🔷🔷, 配置:ラスヘッド:🔶, フラッティ:🔷) -> eval: +0.2713
    [31] SUMMON | コスト🔷🔶, 配置コア🔷🔷 ⚠️ラスヘッド・深巣ダンテクレオ消滅, (支払:ラスヘッド:🔶, モラモーラ:🔷, 配置:深巣ダンテクレオ:🔷, モラモーラ:🔷) -> eval: +0.2792
    [32] SUMMON | コスト🔷🔶, 配置コア🔷🔷 ⚠️ラスヘッド・深巣ダンテクレオ消滅, (支払:ラスヘッド:🔶, フラッティ:🔷, 配置:深巣ダンテクレオ:🔷, モラモーラ:🔷) -> eval: +0.2611
    [33] SUMMON | コスト🔷🔶, 配置コア🔷🔷 ⚠️ラスヘッド・深巣ダンテクレオ消滅, (支払:ラスヘッド:🔶, フラッティ:🔷, 配置:深巣ダンテクレオ:🔷, フラッティ:🔷) -> eval: +0.2780
    [34] SUMMON | コスト🔷🔶, 配置コア🔷🔷 ⚠️ラスヘッド・モラモーラ消滅, (支払:ラスヘッド:🔶, モラモーラ:🔷, 配置:モラモーラ:🔷🔷) -> eval: +0.2830
    [35] SUMMON | コスト🔷🔶, 配置コア🔷🔷 ⚠️ラスヘッド消滅, (支払:ラスヘッド:🔶, フラッティ:🔷, 配置:モラモーラ:🔷🔷) -> eval: +0.3333
    [36] SUMMON | コスト🔷🔶, 配置コア🔷🔷 ⚠️ラスヘッド消滅, (支払:ラスヘッド:🔶, フラッティ:🔷, 配置:モラモーラ:🔷, フラッティ:🔷) -> eval: +0.3340
    [37] SUMMON | コスト🔷🔶, 配置コア🔷🔷 ⚠️ラスヘッド・フラッティ消滅, (支払:ラスヘッド:🔶, フラッティ:🔷, 配置:フラッティ:🔷🔷) -> eval: +0.3016
    [38] SUMMON | コスト🔷🔷, 配置コア🔷🔷🔷 ⚠️深巣ダンテクレオ・モラモーラ消滅, (支払:モラモーラ:🔷, フラッティ:🔷, 配置:深巣ダンテクレオ:🔷, モラモーラ:🔷🔷) -> eval: +0.2392
    [39] SUMMON | コスト🔷🔷, 配置コア🔷🔷🔷 ⚠️深巣ダンテクレオ消滅, (支払:フラッティ:🔷🔷, 配置:深巣ダンテクレオ:🔷, モラモーラ:🔷🔷) -> eval: +0.3124
    [40] SUMMON | コスト🔷🔷, 配置コア🔷🔷🔷 ⚠️深巣ダンテクレオ・フラッティ消滅, (支払:フラッティ:🔷🔷, 配置:深巣ダンテクレオ:🔷, モラモーラ:🔷, フラッティ:🔷) -> eval: +0.2582
    [41] SUMMON | コスト🔷🔷, 配置コア🔷🔷🔷 ⚠️モラモーラ消滅, (支払:フラッティ:🔷🔷, 配置:モラモーラ:🔷🔷🔷) -> eval: +0.3164
    [42] SUMMON | コスト🔷🔷, 配置コア🔷🔷🔷 ⚠️フラッティ消滅, (支払:フラッティ:🔷🔷, 配置:モラモーラ:🔷🔷, フラッティ:🔷) -> eval: +0.3360
    [43] SUMMON | コスト🔷🔷, 配置コア🔷🔷🔶 ⚠️ラスヘッド・深巣ダンテクレオ・モラモーラ消滅, (支払:モラモーラ:🔷🔷, 配置:ラスヘッド:🔶, 深巣ダンテクレオ:🔷, モラモーラ:🔷) -> eval: +0.1791
    [44] SUMMON | コスト🔷🔷, 配置コア🔷🔷🔶 ⚠️ラスヘッド・深巣ダンテクレオ消滅, (支払:モラモーラ:🔷, フラッティ:🔷, 配置:ラスヘッド:🔶, 深巣ダンテクレオ:🔷, モラモーラ:🔷) -> eval: +0.2270
    [45] SUMMON | コスト🔷🔷, 配置コア🔷🔷🔶 ⚠️ラスヘッド・深巣ダンテクレオ消滅, (支払:フラッティ:🔷🔷, 配置:ラスヘッド:🔶, 深巣ダンテクレオ:🔷, モラモーラ:🔷) -> eval: +0.2274
    [46] SUMMON | コスト🔷🔷, 配置コア🔷🔷🔶 ⚠️ラスヘッド・深巣ダンテクレオ・フラッティ消滅, (支払:フラッティ:🔷🔷, 配置:ラスヘッド:🔶, 深巣ダンテクレオ:🔷, フラッティ:🔷) -> eval: +0.2004
    [47] SUMMON | コスト🔷🔷, 配置コア🔷🔷🔶 ⚠️ラスヘッド・モラモーラ消滅, (支払:モラモーラ:🔷, フラッティ:🔷, 配置:ラスヘッド:🔶, モラモーラ:🔷🔷) -> eval: +0.2311
    [48] SUMMON | コスト🔷🔷, 配置コア🔷🔷🔶 ⚠️ラスヘッド消滅, (支払:フラッティ:🔷🔷, 配置:ラスヘッド:🔶, モラモーラ:🔷🔷) -> eval: +0.2984
    [49] SUMMON | コスト🔷🔷, 配置コア🔷🔷🔶 ⚠️ラスヘッド・フラッティ消滅, (支払:フラッティ:🔷🔷, 配置:ラスヘッド:🔶, モラモーラ:🔷, フラッティ:🔷) -> eval: +0.2527
    [50] SUMMON | コスト🔷🔶, 配置コア🔷🔷🔷 ⚠️ラスヘッド・深巣ダンテクレオ・モラモーラ消滅, (支払:ラスヘッド:🔶, モラモーラ:🔷, 配置:深巣ダンテクレオ:🔷, モラモーラ:🔷🔷) -> eval: +0.2080
    [51] SUMMON | コスト🔷🔶, 配置コア🔷🔷🔷 ⚠️ラスヘッド・深巣ダンテクレオ消滅, (支払:ラスヘッド:🔶, フラッティ:🔷, 配置:深巣ダンテクレオ:🔷, モラモーラ:🔷🔷) -> eval: +0.2610
    [52] SUMMON | コスト🔷🔶, 配置コア🔷🔷🔷 ⚠️ラスヘッド・深巣ダンテクレオ消滅, (支払:ラスヘッド:🔶, フラッティ:🔷, 配置:深巣ダンテクレオ:🔷, モラモーラ:🔷, フラッティ:🔷) -> eval: +0.2613
    [53] SUMMON | コスト🔷🔶, 配置コア🔷🔷🔷 ⚠️ラスヘッド・深巣ダンテクレオ・フラッティ消滅, (支払:ラスヘッド:🔶, フラッティ:🔷, 配置:深巣ダンテクレオ:🔷, フラッティ:🔷🔷) -> eval: +0.2272
    [54] SUMMON | コスト🔷🔶, 配置コア🔷🔷🔷 ⚠️ラスヘッド・モラモーラ消滅, (支払:ラスヘッド:🔶, フラッティ:🔷, 配置:モラモーラ:🔷🔷🔷) -> eval: +0.2650
    [55] SUMMON | コスト🔷🔶, 配置コア🔷🔷🔷 ⚠️ラスヘッド消滅, (支払:ラスヘッド:🔶, フラッティ:🔷, 配置:モラモーラ:🔷🔷, フラッティ:🔷) -> eval: +0.3334
    [56] SUMMON | コスト🔷🔶, 配置コア🔷🔷🔷 ⚠️ラスヘッド・フラッティ消滅, (支払:ラスヘッド:🔶, フラッティ:🔷, 配置:モラモーラ:🔷, フラッティ:🔷🔷) -> eval: +0.2836
    [57] SUMMON | コスト🔷🔷, 配置コア🔷🔷🔷🔷 ⚠️深巣ダンテクレオ・モラモーラ消滅, (支払:フラッティ:🔷🔷, 配置:深巣ダンテクレオ:🔷, モラモーラ:🔷🔷🔷) -> eval: +0.2399
    [58] SUMMON | コスト🔷🔷, 配置コア🔷🔷🔷🔷 ⚠️深巣ダンテクレオ・フラッティ消滅, (支払:フラッティ:🔷🔷, 配置:深巣ダンテクレオ:🔷, モラモーラ:🔷🔷, フラッティ:🔷) -> eval: +0.2586
    [59] SUMMON | コスト🔷🔷, 配置コア🔷🔷🔷🔷 ⚠️モラモーラ・フラッティ消滅, (支払:フラッティ:🔷🔷, 配置:モラモーラ:🔷🔷🔷, フラッティ:🔷) -> eval: +0.2626
    [60] SUMMON | コスト🔷🔷, 配置コア🔷🔷🔷🔶 ⚠️ラスヘッド・深巣ダンテクレオ・モラモーラ消滅, (支払:モラモーラ:🔷, フラッティ:🔷, 配置:ラスヘッド:🔶, 深巣ダンテクレオ:🔷, モラモーラ:🔷🔷) -> eval: +0.1631
    [61] SUMMON | コスト🔷🔷, 配置コア🔷🔷🔷🔶 ⚠️ラスヘッド・深巣ダンテクレオ消滅, (支払:フラッティ:🔷🔷, 配置:ラスヘッド:🔶, 深巣ダンテクレオ:🔷, モラモーラ:🔷🔷) -> eval: +0.2283
    [62] SUMMON | コスト🔷🔷, 配置コア🔷🔷🔷🔶 ⚠️ラスヘッド・深巣ダンテクレオ・フラッティ消滅, (支払:フラッティ:🔷🔷, 配置:ラスヘッド:🔶, 深巣ダンテクレオ:🔷, モラモーラ:🔷, フラッティ:🔷) -> eval: +0.1845
    [63] SUMMON | コスト🔷🔷, 配置コア🔷🔷🔷🔶 ⚠️ラスヘッド・モラモーラ消滅, (支払:フラッティ:🔷🔷, 配置:ラスヘッド:🔶, モラモーラ:🔷🔷🔷) -> eval: +0.2323
    [64] SUMMON | コスト🔷🔷, 配置コア🔷🔷🔷🔶 ⚠️ラスヘッド・フラッティ消滅, (支払:フラッティ:🔷🔷, 配置:ラスヘッド:🔶, モラモーラ:🔷🔷, フラッティ:🔷) -> eval: +0.2540
    [65] SUMMON | コスト🔷🔶, 配置コア🔷🔷🔷🔷 ⚠️ラスヘッド・深巣ダンテクレオ・モラモーラ消滅, (支払:ラスヘッド:🔶, フラッティ:🔷, 配置:深巣ダンテクレオ:🔷, モラモーラ:🔷🔷🔷) -> eval: +0.1924
    [66] SUMMON | コスト🔷🔶, 配置コア🔷🔷🔷🔷 ⚠️ラスヘッド・深巣ダンテクレオ消滅, (支払:ラスヘッド:🔶, フラッティ:🔷, 配置:深巣ダンテクレオ:🔷, モラモーラ:🔷🔷, フラッティ:🔷) -> eval: +0.2613
    [67] SUMMON | コスト🔷🔶, 配置コア🔷🔷🔷🔷 ⚠️ラスヘッド・深巣ダンテクレオ・フラッティ消滅, (支払:ラスヘッド:🔶, フラッティ:🔷, 配置:深巣ダンテクレオ:🔷, モラモーラ:🔷, フラッティ:🔷🔷) -> eval: +0.2113
    [68] SUMMON | コスト🔷🔶, 配置コア🔷🔷🔷🔷 ⚠️ラスヘッド・モラモーラ消滅, (支払:ラスヘッド:🔶, フラッティ:🔷, 配置:モラモーラ:🔷🔷🔷, フラッティ:🔷) -> eval: +0.2652
    [69] SUMMON | コスト🔷🔶, 配置コア🔷🔷🔷🔷 ⚠️ラスヘッド・フラッティ消滅, (支払:ラスヘッド:🔶, フラッティ:🔷, 配置:モラモーラ:🔷🔷, フラッティ:🔷🔷) -> eval: +0.2837
    [70] SUMMON | コスト🔷🔷, 配置コア🔷🔷🔷🔷🔷 ⚠️深巣ダンテクレオ・モラモーラ・フラッティ消滅, (支払:フラッティ:🔷🔷, 配置:深巣ダンテクレオ:🔷, モラモーラ:🔷🔷🔷, フラッティ:🔷) -> eval: +0.1876
    [71] SUMMON | コスト🔷🔷, 配置コア🔷🔷🔷🔷🔶 ⚠️ラスヘッド・深巣ダンテクレオ・モラモーラ消滅, (支払:フラッティ:🔷🔷, 配置:ラスヘッド:🔶, 深巣ダンテクレオ:🔷, モラモーラ:🔷🔷🔷) -> eval: +0.1651
    [72] SUMMON | コスト🔷🔷, 配置コア🔷🔷🔷🔷🔶 ⚠️ラスヘッド・深巣ダンテクレオ・フラッティ消滅, (支払:フラッティ:🔷🔷, 配置:ラスヘッド:🔶, 深巣ダンテクレオ:🔷, モラモーラ:🔷🔷, フラッティ:🔷) -> eval: +0.1863
    [73] SUMMON | コスト🔷🔷, 配置コア🔷🔷🔷🔷🔶 ⚠️ラスヘッド・モラモーラ・フラッティ消滅, (支払:フラッティ:🔷🔷, 配置:ラスヘッド:🔶, モラモーラ:🔷🔷🔷, フラッティ:🔷) -> eval: +0.1909
    [74] SUMMON | コスト🔷🔶, 配置コア🔷🔷🔷🔷🔷 ⚠️ラスヘッド・深巣ダンテクレオ・モラモーラ消滅, (支払:ラスヘッド:🔶, フラッティ:🔷, 配置:深巣ダンテクレオ:🔷, モラモーラ:🔷🔷🔷, フラッティ:🔷) -> eval: +0.1932
    [75] SUMMON | コスト🔷🔶, 配置コア🔷🔷🔷🔷🔷 ⚠️ラスヘッド・深巣ダンテクレオ・フラッティ消滅, (支払:ラスヘッド:🔶, フラッティ:🔷, 配置:深巣ダンテクレオ:🔷, モラモーラ:🔷🔷, フラッティ:🔷🔷) -> eval: +0.2120
    [76] SUMMON | コスト🔷🔶, 配置コア🔷🔷🔷🔷🔷 ⚠️ラスヘッド・モラモーラ・フラッティ消滅, (支払:ラスヘッド:🔶, フラッティ:🔷, 配置:モラモーラ:🔷🔷🔷, フラッティ:🔷🔷) -> eval: +0.2160
    [77] SUMMON | コスト🔷🔷, 配置コア🔷🔷🔷🔷🔷🔶 ⚠️ラスヘッド・深巣ダンテクレオ・モラモーラ・フラッティ消滅, (支払:フラッティ:🔷🔷, 配置:ラスヘッド:🔶, 深巣ダンテクレオ:🔷, モラモーラ:🔷🔷🔷, フラッティ:🔷) -> eval: +0.1148
    [78] SUMMON | コスト🔷🔶, 配置コア🔷🔷🔷🔷🔷🔷 ⚠️ラスヘッド・深巣ダンテクレオ・モラモーラ・フラッティ消滅, (支払:ラスヘッド:🔶, フラッティ:🔷, 配置:深巣ダンテクレオ:🔷, モラモーラ:🔷🔷🔷, フラッティ:🔷🔷) -> eval: +0.1362
    [79] USE_MAGIC | コスト🔷, コアは置かない ⚠️深巣ダンテクレオ消滅, (支払:深巣ダンテクレオ:🔷, 配置:なし) -> eval: +0.2714
    [80] USE_MAGIC | コスト🔷, コアは置かない, (支払:モラモーラ:🔷, 配置:なし) -> eval: +0.3307
    [81] USE_MAGIC | コスト🔷, コアは置かない, (支払:フラッティ:🔷, 配置:なし) -> eval: +0.3279
    [82] USE_MAGIC | コスト🔶, コアは置かない ⚠️ラスヘッド消滅, (支払:ラスヘッド:🔶, 配置:なし) -> eval: +0.2970
    [83] SUMMON | コスト🔷, 配置コアなし ⚠️深巣ダンテクレオ消滅, (支払:深巣ダンテクレオ:🔷, 配置:なし) -> eval: +0.3385
    [84] SUMMON | コスト🔷, 配置コアなし, (支払:モラモーラ:🔷, 配置:なし) -> eval: +0.4149
    [85] SUMMON | コスト🔷, 配置コアなし, (支払:フラッティ:🔷, 配置:なし) -> eval: +0.4125
    [86] SUMMON | コスト🔶, 配置コアなし ⚠️ラスヘッド消滅, (支払:ラスヘッド:🔶, 配置:なし) -> eval: +0.3620
    [87] SUMMON | コスト🔷, 配置コア🔷 ⚠️深巣ダンテクレオ消滅, (支払:モラモーラ:🔷, 配置:深巣ダンテクレオ:🔷) -> eval: +0.3215
    [88] SUMMON | コスト🔷, 配置コア🔷 ⚠️深巣ダンテクレオ消滅, (支払:フラッティ:🔷, 配置:深巣ダンテクレオ:🔷) -> eval: +0.3177
    [89] SUMMON | コスト🔷, 配置コア🔷, (支払:モラモーラ:🔷, 配置:モラモーラ:🔷) -> eval: +0.4141
    [90] SUMMON | コスト🔷, 配置コア🔷, (支払:フラッティ:🔷, 配置:モラモーラ:🔷) -> eval: +0.3905
    [91] SUMMON | コスト🔷, 配置コア🔷, (支払:フラッティ:🔷, 配置:フラッティ:🔷) -> eval: +0.4120
    [92] SUMMON | コスト🔷, 配置コア🔶 ⚠️ラスヘッド・深巣ダンテクレオ消滅, (支払:深巣ダンテクレオ:🔷, 配置:ラスヘッド:🔶) -> eval: +0.2653
    [93] SUMMON | コスト🔷, 配置コア🔶 ⚠️ラスヘッド消滅, (支払:モラモーラ:🔷, 配置:ラスヘッド:🔶) -> eval: +0.3233
    [94] SUMMON | コスト🔷, 配置コア🔶 ⚠️ラスヘッド消滅, (支払:フラッティ:🔷, 配置:ラスヘッド:🔶) -> eval: +0.3202
    [95] SUMMON | コスト🔶, 配置コア🔷 ⚠️ラスヘッド・深巣ダンテクレオ消滅, (支払:ラスヘッド:🔶, 配置:深巣ダンテクレオ:🔷) -> eval: +0.2855
    [96] SUMMON | コスト🔶, 配置コア🔷 ⚠️ラスヘッド消滅, (支払:ラスヘッド:🔶, 配置:モラモーラ:🔷) -> eval: +0.3430
    [97] SUMMON | コスト🔶, 配置コア🔷 ⚠️ラスヘッド消滅, (支払:ラスヘッド:🔶, 配置:フラッティ:🔷) -> eval: +0.3408
    [98] SUMMON | コスト🔷, 配置コア🔷🔷 ⚠️深巣ダンテクレオ消滅, (支払:モラモーラ:🔷, 配置:深巣ダンテクレオ:🔷, モラモーラ:🔷) -> eval: +0.3209
    [99] SUMMON | コスト🔷, 配置コア🔷🔷 ⚠️深巣ダンテクレオ消滅, (支払:フラッティ:🔷, 配置:深巣ダンテクレオ:🔷, モラモーラ:🔷) -> eval: +0.2994
    [100] SUMMON | コスト🔷, 配置コア🔷🔷 ⚠️深巣ダンテクレオ消滅, (支払:フラッティ:🔷, 配置:深巣ダンテクレオ:🔷, フラッティ:🔷) -> eval: +0.3175
    [101] SUMMON | コスト🔷, 配置コア🔷🔷 ⚠️モラモーラ消滅, (支払:モラモーラ:🔷, 配置:モラモーラ:🔷🔷) -> eval: +0.3249
    [102] SUMMON | コスト🔷, 配置コア🔷🔷, (支払:フラッティ:🔷, 配置:モラモーラ:🔷🔷) -> eval: +0.3898
    [103] SUMMON | コスト🔷, 配置コア🔷🔷, (支払:フラッティ:🔷, 配置:モラモーラ:🔷, フラッティ:🔷) -> eval: +0.3903
    [104] SUMMON | コスト🔷, 配置コア🔷🔷 ⚠️フラッティ消滅, (支払:フラッティ:🔷, 配置:フラッティ:🔷🔷) -> eval: +0.3470
    [105] SUMMON | コスト🔷, 配置コア🔷🔶 ⚠️ラスヘッド・深巣ダンテクレオ消滅, (支払:モラモーラ:🔷, 配置:ラスヘッド:🔶, 深巣ダンテクレオ:🔷) -> eval: +0.2505
    [106] SUMMON | コスト🔷, 配置コア🔷🔶 ⚠️ラスヘッド・深巣ダンテクレオ消滅, (支払:フラッティ:🔷, 配置:ラスヘッド:🔶, 深巣ダンテクレオ:🔷) -> eval: +0.2472
    [107] SUMMON | コスト🔷, 配置コア🔷🔶 ⚠️ラスヘッド消滅, (支払:モラモーラ:🔷, 配置:ラスヘッド:🔶, モラモーラ:🔷) -> eval: +0.3236
    [108] SUMMON | コスト🔷, 配置コア🔷🔶 ⚠️ラスヘッド消滅, (支払:フラッティ:🔷, 配置:ラスヘッド:🔶, モラモーラ:🔷) -> eval: +0.3016
    [109] SUMMON | コスト🔷, 配置コア🔷🔶 ⚠️ラスヘッド消滅, (支払:フラッティ:🔷, 配置:ラスヘッド:🔶, フラッティ:🔷) -> eval: +0.3212
    [110] SUMMON | コスト🔶, 配置コア🔷🔷 ⚠️ラスヘッド・深巣ダンテクレオ消滅, (支払:ラスヘッド:🔶, 配置:深巣ダンテクレオ:🔷, モラモーラ:🔷) -> eval: +0.2688
    [111] SUMMON | コスト🔶, 配置コア🔷🔷 ⚠️ラスヘッド・深巣ダンテクレオ消滅, (支払:ラスヘッド:🔶, 配置:深巣ダンテクレオ:🔷, フラッティ:🔷) -> eval: +0.2664
    [112] SUMMON | コスト🔶, 配置コア🔷🔷 ⚠️ラスヘッド消滅, (支払:ラスヘッド:🔶, 配置:モラモーラ:🔷🔷) -> eval: +0.3421
    [113] SUMMON | コスト🔶, 配置コア🔷🔷 ⚠️ラスヘッド消滅, (支払:ラスヘッド:🔶, 配置:モラモーラ:🔷, フラッティ:🔷) -> eval: +0.3202
    [114] SUMMON | コスト🔶, 配置コア🔷🔷 ⚠️ラスヘッド消滅, (支払:ラスヘッド:🔶, 配置:フラッティ:🔷🔷) -> eval: +0.3403
    [115] SUMMON | コスト🔷, 配置コア🔷🔷🔷 ⚠️深巣ダンテクレオ・モラモーラ消滅, (支払:モラモーラ:🔷, 配置:深巣ダンテクレオ:🔷, モラモーラ:🔷🔷) -> eval: +0.2453
    [116] SUMMON | コスト🔷, 配置コア🔷🔷🔷 ⚠️深巣ダンテクレオ消滅, (支払:フラッティ:🔷, 配置:深巣ダンテクレオ:🔷, モラモーラ:🔷🔷) -> eval: +0.2990
    [117] SUMMON | コスト🔷, 配置コア🔷🔷🔷 ⚠️深巣ダンテクレオ消滅, (支払:フラッティ:🔷, 配置:深巣ダンテクレオ:🔷, モラモーラ:🔷, フラッティ:🔷) -> eval: +0.2994
    [118] SUMMON | コスト🔷, 配置コア🔷🔷🔷 ⚠️深巣ダンテクレオ・フラッティ消滅, (支払:フラッティ:🔷, 配置:深巣ダンテクレオ:🔷, フラッティ:🔷🔷) -> eval: +0.2661
    [119] SUMMON | コスト🔷, 配置コア🔷🔷🔷 ⚠️モラモーラ消滅, (支払:フラッティ:🔷, 配置:モラモーラ:🔷🔷🔷) -> eval: +0.3033
    [120] SUMMON | コスト🔷, 配置コア🔷🔷🔷, (支払:フラッティ:🔷, 配置:モラモーラ:🔷🔷, フラッティ:🔷) -> eval: +0.3896
    [121] SUMMON | コスト🔷, 配置コア🔷🔷🔷 ⚠️フラッティ消滅, (支払:フラッティ:🔷, 配置:モラモーラ:🔷, フラッティ:🔷🔷) -> eval: +0.3251
    [122] SUMMON | コスト🔷, 配置コア🔷🔷🔶 ⚠️ラスヘッド・深巣ダンテクレオ消滅, (支払:モラモーラ:🔷, 配置:ラスヘッド:🔶, 深巣ダンテクレオ:🔷, モラモーラ:🔷) -> eval: +0.2515
    [123] SUMMON | コスト🔷, 配置コア🔷🔷🔶 ⚠️ラスヘッド・深巣ダンテクレオ消滅, (支払:フラッティ:🔷, 配置:ラスヘッド:🔶, 深巣ダンテクレオ:🔷, モラモーラ:🔷) -> eval: +0.2318
    [124] SUMMON | コスト🔷, 配置コア🔷🔷🔶 ⚠️ラスヘッド・深巣ダンテクレオ消滅, (支払:フラッティ:🔷, 配置:ラスヘッド:🔶, 深巣ダンテクレオ:🔷, フラッティ:🔷) -> eval: +0.2487
    [125] SUMMON | コスト🔷, 配置コア🔷🔷🔶 ⚠️ラスヘッド・モラモーラ消滅, (支払:モラモーラ:🔷, 配置:ラスヘッド:🔶, モラモーラ:🔷🔷) -> eval: +0.2553
    [126] SUMMON | コスト🔷, 配置コア🔷🔷🔶 ⚠️ラスヘッド消滅, (支払:フラッティ:🔷, 配置:ラスヘッド:🔶, モラモーラ:🔷🔷) -> eval: +0.3020
    [127] SUMMON | コスト🔷, 配置コア🔷🔷🔶 ⚠️ラスヘッド消滅, (支払:フラッティ:🔷, 配置:ラスヘッド:🔶, モラモーラ:🔷, フラッティ:🔷) -> eval: +0.3029
    [128] SUMMON | コスト🔷, 配置コア🔷🔷🔶 ⚠️ラスヘッド・フラッティ消滅, (支払:フラッティ:🔷, 配置:ラスヘッド:🔶, フラッティ:🔷🔷) -> eval: +0.2776
    [129] SUMMON | コスト🔶, 配置コア🔷🔷🔷 ⚠️ラスヘッド・深巣ダンテクレオ消滅, (支払:ラスヘッド:🔶, 配置:深巣ダンテクレオ:🔷, モラモーラ:🔷🔷) -> eval: +0.2685
    [130] SUMMON | コスト🔶, 配置コア🔷🔷🔷 ⚠️ラスヘッド・深巣ダンテクレオ消滅, (支払:ラスヘッド:🔶, 配置:深巣ダンテクレオ:🔷, モラモーラ:🔷, フラッティ:🔷) -> eval: +0.2486
    [131] SUMMON | コスト🔶, 配置コア🔷🔷🔷 ⚠️ラスヘッド・深巣ダンテクレオ消滅, (支払:ラスヘッド:🔶, 配置:深巣ダンテクレオ:🔷, フラッティ:🔷🔷) -> eval: +0.2663
    [132] SUMMON | コスト🔶, 配置コア🔷🔷🔷 ⚠️ラスヘッド・モラモーラ消滅, (支払:ラスヘッド:🔶, 配置:モラモーラ:🔷🔷🔷) -> eval: +0.2725
    [133] SUMMON | コスト🔶, 配置コア🔷🔷🔷 ⚠️ラスヘッド消滅, (支払:ラスヘッド:🔶, 配置:モラモーラ:🔷🔷, フラッティ:🔷) -> eval: +0.3194
    [134] SUMMON | コスト🔶, 配置コア🔷🔷🔷 ⚠️ラスヘッド消滅, (支払:ラスヘッド:🔶, 配置:モラモーラ:🔷, フラッティ:🔷🔷) -> eval: +0.3200
    [135] SUMMON | コスト🔶, 配置コア🔷🔷🔷 ⚠️ラスヘッド・フラッティ消滅, (支払:ラスヘッド:🔶, 配置:フラッティ:🔷🔷🔷) -> eval: +0.2934
    [136] SUMMON | コスト🔷, 配置コア🔷🔷🔷🔷 ⚠️深巣ダンテクレオ・モラモーラ消滅, (支払:フラッティ:🔷, 配置:深巣ダンテクレオ:🔷, モラモーラ:🔷🔷🔷) -> eval: +0.2276
    [137] SUMMON | コスト🔷, 配置コア🔷🔷🔷🔷 ⚠️深巣ダンテクレオ消滅, (支払:フラッティ:🔷, 配置:深巣ダンテクレオ:🔷, モラモーラ:🔷🔷, フラッティ:🔷) -> eval: +0.2991
    [138] SUMMON | コスト🔷, 配置コア🔷🔷🔷🔷 ⚠️深巣ダンテクレオ・フラッティ消滅, (支払:フラッティ:🔷, 配置:深巣ダンテクレオ:🔷, モラモーラ:🔷, フラッティ:🔷🔷) -> eval: +0.2484
    [139] SUMMON | コスト🔷, 配置コア🔷🔷🔷🔷 ⚠️モラモーラ消滅, (支払:フラッティ:🔷, 配置:モラモーラ:🔷🔷🔷, フラッティ:🔷) -> eval: +0.3034
    [140] SUMMON | コスト🔷, 配置コア🔷🔷🔷🔷 ⚠️フラッティ消滅, (支払:フラッティ:🔷, 配置:モラモーラ:🔷🔷, フラッティ:🔷🔷) -> eval: +0.3251
    [141] SUMMON | コスト🔷, 配置コア🔷🔷🔷🔶 ⚠️ラスヘッド・深巣ダンテクレオ・モラモーラ消滅, (支払:モラモーラ:🔷, 配置:ラスヘッド:🔶, 深巣ダンテクレオ:🔷, モラモーラ:🔷🔷) -> eval: +0.1842
    [142] SUMMON | コスト🔷, 配置コア🔷🔷🔷🔶 ⚠️ラスヘッド・深巣ダンテクレオ消滅, (支払:フラッティ:🔷, 配置:ラスヘッド:🔶, 深巣ダンテクレオ:🔷, モラモーラ:🔷🔷) -> eval: +0.2330
    [143] SUMMON | コスト🔷, 配置コア🔷🔷🔷🔶 ⚠️ラスヘッド・深巣ダンテクレオ消滅, (支払:フラッティ:🔷, 配置:ラスヘッド:🔶, 深巣ダンテクレオ:🔷, モラモーラ:🔷, フラッティ:🔷) -> eval: +0.2335
    [144] SUMMON | コスト🔷, 配置コア🔷🔷🔷🔶 ⚠️ラスヘッド・深巣ダンテクレオ・フラッティ消滅, (支払:フラッティ:🔷, 配置:ラスヘッド:🔶, 深巣ダンテクレオ:🔷, フラッティ:🔷🔷) -> eval: +0.2059
    [145] SUMMON | コスト🔷, 配置コア🔷🔷🔷🔶 ⚠️ラスヘッド・モラモーラ消滅, (支払:フラッティ:🔷, 配置:ラスヘッド:🔶, モラモーラ:🔷🔷🔷) -> eval: +0.2370
    [146] SUMMON | コスト🔷, 配置コア🔷🔷🔷🔶 ⚠️ラスヘッド消滅, (支払:フラッティ:🔷, 配置:ラスヘッド:🔶, モラモーラ:🔷🔷, フラッティ:🔷) -> eval: +0.3034
    [147] SUMMON | コスト🔷, 配置コア🔷🔷🔷🔶 ⚠️ラスヘッド・フラッティ消滅, (支払:フラッティ:🔷, 配置:ラスヘッド:🔶, モラモーラ:🔷, フラッティ:🔷🔷) -> eval: +0.2592
    [148] SUMMON | コスト🔶, 配置コア🔷🔷🔷🔷 ⚠️ラスヘッド・深巣ダンテクレオ・モラモーラ消滅, (支払:ラスヘッド:🔶, 配置:深巣ダンテクレオ:🔷, モラモーラ:🔷🔷🔷) -> eval: +0.1974
    [149] SUMMON | コスト🔶, 配置コア🔷🔷🔷🔷 ⚠️ラスヘッド・深巣ダンテクレオ消滅, (支払:ラスヘッド:🔶, 配置:深巣ダンテクレオ:🔷, モラモーラ:🔷🔷, フラッティ:🔷) -> eval: +0.2486
    [150] SUMMON | コスト🔶, 配置コア🔷🔷🔷🔷 ⚠️ラスヘッド・深巣ダンテクレオ消滅, (支払:ラスヘッド:🔶, 配置:深巣ダンテクレオ:🔷, モラモーラ:🔷, フラッティ:🔷🔷) -> eval: +0.2488
    [151] SUMMON | コスト🔶, 配置コア🔷🔷🔷🔷 ⚠️ラスヘッド・深巣ダンテクレオ・フラッティ消滅, (支払:ラスヘッド:🔶, 配置:深巣ダンテクレオ:🔷, フラッティ:🔷🔷🔷) -> eval: +0.2183
    [152] SUMMON | コスト🔶, 配置コア🔷🔷🔷🔷 ⚠️ラスヘッド・モラモーラ消滅, (支払:ラスヘッド:🔶, 配置:モラモーラ:🔷🔷🔷, フラッティ:🔷) -> eval: +0.2528
    [153] SUMMON | コスト🔶, 配置コア🔷🔷🔷🔷 ⚠️ラスヘッド消滅, (支払:ラスヘッド:🔶, 配置:モラモーラ:🔷🔷, フラッティ:🔷🔷) -> eval: +0.3193
    [154] SUMMON | コスト🔶, 配置コア🔷🔷🔷🔷 ⚠️ラスヘッド・フラッティ消滅, (支払:ラスヘッド:🔶, 配置:モラモーラ:🔷, フラッティ:🔷🔷🔷) -> eval: +0.2732
    [155] SUMMON | コスト🔷, 配置コア🔷🔷🔷🔷🔷 ⚠️深巣ダンテクレオ・モラモーラ消滅, (支払:フラッティ:🔷, 配置:深巣ダンテクレオ:🔷, モラモーラ:🔷🔷🔷, フラッティ:🔷) -> eval: +0.2283
    [156] SUMMON | コスト🔷, 配置コア🔷🔷🔷🔷🔷 ⚠️深巣ダンテクレオ・フラッティ消滅, (支払:フラッティ:🔷, 配置:深巣ダンテクレオ:🔷, モラモーラ:🔷🔷, フラッティ:🔷🔷) -> eval: +0.2488
    [157] SUMMON | コスト🔷, 配置コア🔷🔷🔷🔷🔷 ⚠️モラモーラ・フラッティ消滅, (支払:フラッティ:🔷, 配置:モラモーラ:🔷🔷🔷, フラッティ:🔷🔷) -> eval: +0.2533
    [158] SUMMON | コスト🔷, 配置コア🔷🔷🔷🔷🔶 ⚠️ラスヘッド・深巣ダンテクレオ・モラモーラ消滅, (支払:フラッティ:🔷, 配置:ラスヘッド:🔶, 深巣ダンテクレオ:🔷, モラモーラ:🔷🔷🔷) -> eval: +0.1686
    [159] SUMMON | コスト🔷, 配置コア🔷🔷🔷🔷🔶 ⚠️ラスヘッド・深巣ダンテクレオ消滅, (支払:フラッティ:🔷, 配置:ラスヘッド:🔶, 深巣ダンテクレオ:🔷, モラモーラ:🔷🔷, フラッティ:🔷) -> eval: +0.2348
    [160] SUMMON | コスト🔷, 配置コア🔷🔷🔷🔷🔶 ⚠️ラスヘッド・深巣ダンテクレオ・フラッティ消滅, (支払:フラッティ:🔷, 配置:ラスヘッド:🔶, 深巣ダンテクレオ:🔷, モラモーラ:🔷, フラッティ:🔷🔷) -> eval: +0.1904
    [161] SUMMON | コスト🔷, 配置コア🔷🔷🔷🔷🔶 ⚠️ラスヘッド・モラモーラ消滅, (支払:フラッティ:🔷, 配置:ラスヘッド:🔶, モラモーラ:🔷🔷🔷, フラッティ:🔷) -> eval: +0.2387
    [162] SUMMON | コスト🔷, 配置コア🔷🔷🔷🔷🔶 ⚠️ラスヘッド・フラッティ消滅, (支払:フラッティ:🔷, 配置:ラスヘッド:🔶, モラモーラ:🔷🔷, フラッティ:🔷🔷) -> eval: +0.2610
    [163] SUMMON | コスト🔶, 配置コア🔷🔷🔷🔷🔷 ⚠️ラスヘッド・深巣ダンテクレオ・モラモーラ消滅, (支払:ラスヘッド:🔶, 配置:深巣ダンテクレオ:🔷, モラモーラ:🔷🔷🔷, フラッティ:🔷) -> eval: +0.1805
    [164] SUMMON | コスト🔶, 配置コア🔷🔷🔷🔷🔷 ⚠️ラスヘッド・深巣ダンテクレオ消滅, (支払:ラスヘッド:🔶, 配置:深巣ダンテクレオ:🔷, モラモーラ:🔷🔷, フラッティ:🔷🔷) -> eval: +0.2489
    [165] SUMMON | コスト🔶, 配置コア🔷🔷🔷🔷🔷 ⚠️ラスヘッド・深巣ダンテクレオ・フラッティ消滅, (支払:ラスヘッド:🔶, 配置:深巣ダンテクレオ:🔷, モラモーラ:🔷, フラッティ:🔷🔷🔷) -> eval: +0.2010
    [166] SUMMON | コスト🔶, 配置コア🔷🔷🔷🔷🔷 ⚠️ラスヘッド・モラモーラ消滅, (支払:ラスヘッド:🔶, 配置:モラモーラ:🔷🔷🔷, フラッティ:🔷🔷) -> eval: +0.2530
    [167] SUMMON | コスト🔶, 配置コア🔷🔷🔷🔷🔷 ⚠️ラスヘッド・フラッティ消滅, (支払:ラスヘッド:🔶, 配置:モラモーラ:🔷🔷, フラッティ:🔷🔷🔷) -> eval: +0.2734
    [168] SUMMON | コスト🔷, 配置コア🔷🔷🔷🔷🔷🔷 ⚠️深巣ダンテクレオ・モラモーラ・フラッティ消滅, (支払:フラッティ:🔷, 配置:深巣ダンテクレオ:🔷, モラモーラ:🔷🔷🔷, フラッティ:🔷🔷) -> eval: +0.1785
    [169] SUMMON | コスト🔷, 配置コア🔷🔷🔷🔷🔷🔶 ⚠️ラスヘッド・深巣ダンテクレオ・モラモーラ消滅, (支払:フラッティ:🔷, 配置:ラスヘッド:🔶, 深巣ダンテクレオ:🔷, モラモーラ:🔷🔷🔷, フラッティ:🔷) -> eval: +0.1710
    [170] SUMMON | コスト🔷, 配置コア🔷🔷🔷🔷🔷🔶 ⚠️ラスヘッド・深巣ダンテクレオ・フラッティ消滅, (支払:フラッティ:🔷, 配置:ラスヘッド:🔶, 深巣ダンテクレオ:🔷, モラモーラ:🔷🔷, フラッティ:🔷🔷) -> eval: +0.1927
    [171] SUMMON | コスト🔷, 配置コア🔷🔷🔷🔷🔷🔶 ⚠️ラスヘッド・モラモーラ・フラッティ消滅, (支払:フラッティ:🔷, 配置:ラスヘッド:🔶, モラモーラ:🔷🔷🔷, フラッティ:🔷🔷) -> eval: +0.1974
    [172] SUMMON | コスト🔶, 配置コア🔷🔷🔷🔷🔷🔷 ⚠️ラスヘッド・深巣ダンテクレオ・モラモーラ消滅, (支払:ラスヘッド:🔶, 配置:深巣ダンテクレオ:🔷, モラモーラ:🔷🔷🔷, フラッティ:🔷🔷) -> eval: +0.1816
    [173] SUMMON | コスト🔶, 配置コア🔷🔷🔷🔷🔷🔷 ⚠️ラスヘッド・深巣ダンテクレオ・フラッティ消滅, (支払:ラスヘッド:🔶, 配置:深巣ダンテクレオ:🔷, モラモーラ:🔷🔷, フラッティ:🔷🔷🔷) -> eval: +0.2019
    [174] SUMMON | コスト🔶, 配置コア🔷🔷🔷🔷🔷🔷 ⚠️ラスヘッド・モラモーラ・フラッティ消滅, (支払:ラスヘッド:🔶, 配置:モラモーラ:🔷🔷🔷, フラッティ:🔷🔷🔷) -> eval: +0.2064
    [175] SUMMON | コスト🔷, 配置コア🔷🔷🔷🔷🔷🔷🔶 ⚠️ラスヘッド・深巣ダンテクレオ・モラモーラ・フラッティ消滅, (支払:フラッティ:🔷, 配置:ラスヘッド:🔶, 深巣ダンテクレオ:🔷, モラモーラ:🔷🔷🔷, フラッティ:🔷🔷) -> eval: +0.1187
    [176] SUMMON | コスト🔶, 配置コア🔷🔷🔷🔷🔷🔷🔷 ⚠️ラスヘッド・深巣ダンテクレオ・モラモーラ・フラッティ消滅, (支払:ラスヘッド:🔶, 配置:深巣ダンテクレオ:🔷, モラモーラ:🔷🔷🔷, フラッティ:🔷🔷🔷) -> eval: +0.1256
    [177] MOVE_CORE | 🔶を移動 ⚠️ラスヘッド消滅 -> eval: +0.3277
    [178] MOVE_CORE | 🔶を移動 ⚠️ラスヘッド消滅 -> eval: +0.3229
    [179] MOVE_CORE | 🔶を移動 ⚠️ラスヘッド消滅 -> eval: +0.3044
    [180] MOVE_CORE | 🔶 ⇄ 🔷 を交換 -> eval: +0.3891
    [181] MOVE_CORE | 🔶を移動 ⚠️ラスヘッド消滅 -> eval: +0.3074
    [182] MOVE_CORE | 🔶 ⇄ 🔷 を交換 -> eval: +0.3959
    [183] MOVE_CORE | 🔷を移動 ⚠️深巣ダンテクレオ消滅 -> eval: +0.2984
    [184] MOVE_CORE | 🔷を移動 ⚠️深巣ダンテクレオ消滅 -> eval: +0.3092
    [185] MOVE_CORE | 🔷を移動 ⚠️深巣ダンテクレオ消滅 -> eval: +0.3093
    [186] MOVE_CORE | 🔷を移動 ⚠️深巣ダンテクレオ消滅 -> eval: +0.3088
    [187] MOVE_CORE | 🔷を移動 -> eval: +0.3817
    [188] MOVE_CORE | 🔷🔷を移動 -> eval: +0.3728
    [189] MOVE_CORE | 🔷🔷🔷を移動 ⚠️モラモーラ消滅 -> eval: +0.2630
    [190] MOVE_CORE | 🔷を移動 -> eval: +0.3915
    [191] MOVE_CORE | 🔷🔷を移動 -> eval: +0.3921
    [192] MOVE_CORE | 🔷🔷🔷を移動 ⚠️モラモーラ消滅 -> eval: +0.2961
    [193] MOVE_CORE | 🔷を移動 -> eval: +0.3913
    [194] MOVE_CORE | 🔷🔷を移動 -> eval: +0.3918
    [195] MOVE_CORE | 🔷🔷🔷を移動 ⚠️モラモーラ消滅 -> eval: +0.2940
    [196] MOVE_CORE | 🔷を移動 -> eval: +0.3912
    [197] MOVE_CORE | 🔷🔷を移動 -> eval: +0.3916
    [198] MOVE_CORE | 🔷🔷🔷を移動 ⚠️モラモーラ消滅 -> eval: +0.2953
    [199] MOVE_CORE | 🔷を移動 -> eval: +0.3806
    [200] MOVE_CORE | 🔷🔷を移動 -> eval: +0.3720
    [201] MOVE_CORE | 🔷🔷🔷を移動 ⚠️フラッティ消滅 -> eval: +0.2871
    [202] MOVE_CORE | 🔷を移動 -> eval: +0.3902
    [203] MOVE_CORE | 🔷🔷を移動 -> eval: +0.3911
    [204] MOVE_CORE | 🔷🔷🔷を移動 ⚠️フラッティ消滅 -> eval: +0.3196
    [205] MOVE_CORE | 🔷を移動 -> eval: +0.3900
    [206] MOVE_CORE | 🔷🔷を移動 -> eval: +0.3907
    [207] MOVE_CORE | 🔷🔷🔷を移動 ⚠️フラッティ消滅 -> eval: +0.3174
    [208] MOVE_CORE | 🔷を移動 -> eval: +0.3905
    [209] MOVE_CORE | 🔷🔷を移動 -> eval: +0.3918
    [210] MOVE_CORE | 🔷🔷🔷を移動 ⚠️フラッティ消滅 -> eval: +0.3194
  ステップ終了評価: +0.4145
  => 選択: SUMMON | コスト🔷, 配置コアなし, (支払:モラモーラ:🔷, 配置:なし) (eval: +0.4149 > 終了評価 +0.4145)
     効果/結果: 🎴 「最奥：緑淵深」を召喚 (コスト1をトラッシュへ) ※モラモーラから1個

Turn 6 | 手数 42 | 手番: P2(run3_run4.kann.weight) | メインステップ
  盤面:
    P1: Life:2, Reserve:0, Hand:3枚, Field:[水泡群域(Lv1,コア0), モラモーラ(Lv1,コア1), ストラレイ(Lv2,コア3), ガリザロト(Lv1,コア2)]
    P2: Life:1, Reserve:0, Hand:2枚, Field:[ラスヘッド(Lv2,コア1s), 深巣ダンテクレオ(Lv1,コア1), モラモーラ(Lv1,コア2), フラッティ(Lv2,コア3), 最奥：緑淵深(Lv1,コア0)]
  候補行動 (97件):
    [0] SUMMON | コスト🔷🔷, 配置コア🔷 ⚠️深巣ダンテクレオ・モラモーラ消滅, (支払:モラモーラ:🔷🔷, 配置:深巣ダンテクレオ:🔷) -> eval: +0.2736
    [1] SUMMON | コスト🔷🔷, 配置コア🔷 ⚠️深巣ダンテクレオ消滅, (支払:モラモーラ:🔷, フラッティ:🔷, 配置:深巣ダンテクレオ:🔷) -> eval: +0.3269
    [2] SUMMON | コスト🔷🔷, 配置コア🔷 ⚠️深巣ダンテクレオ消滅, (支払:フラッティ:🔷🔷, 配置:深巣ダンテクレオ:🔷) -> eval: +0.3270
    [3] SUMMON | コスト🔷🔷, 配置コア🔷 ⚠️モラモーラ消滅, (支払:モラモーラ:🔷, フラッティ:🔷, 配置:モラモーラ:🔷) -> eval: +0.3303
    [4] SUMMON | コスト🔷🔷, 配置コア🔷, (支払:フラッティ:🔷🔷, 配置:モラモーラ:🔷) -> eval: +0.4084
    [5] SUMMON | コスト🔷🔷, 配置コア🔷 ⚠️フラッティ消滅, (支払:フラッティ:🔷🔷, 配置:フラッティ:🔷) -> eval: +0.3479
    [6] SUMMON | コスト🔷🔷, 配置コア🔶 ⚠️ラスヘッド・深巣ダンテクレオ消滅, (支払:深巣ダンテクレオ:🔷, モラモーラ:🔷, 配置:ラスヘッド:🔶) -> eval: +0.2643
    [7] SUMMON | コスト🔷🔷, 配置コア🔶 ⚠️ラスヘッド・深巣ダンテクレオ消滅, (支払:深巣ダンテクレオ:🔷, フラッティ:🔷, 配置:ラスヘッド:🔶) -> eval: +0.2477
    [8] SUMMON | コスト🔷🔷, 配置コア🔶 ⚠️ラスヘッド・モラモーラ消滅, (支払:モラモーラ:🔷🔷, 配置:ラスヘッド:🔶) -> eval: +0.2675
    [9] SUMMON | コスト🔷🔷, 配置コア🔶 ⚠️ラスヘッド消滅, (支払:モラモーラ:🔷, フラッティ:🔷, 配置:ラスヘッド:🔶) -> eval: +0.3153
    [10] SUMMON | コスト🔷🔷, 配置コア🔶 ⚠️ラスヘッド消滅, (支払:フラッティ:🔷🔷, 配置:ラスヘッド:🔶) -> eval: +0.3158
    [11] SUMMON | コスト🔷🔶, 配置コア🔷 ⚠️ラスヘッド・深巣ダンテクレオ消滅, (支払:ラスヘッド:🔶, モラモーラ:🔷, 配置:深巣ダンテクレオ:🔷) -> eval: +0.2950
    [12] SUMMON | コスト🔷🔶, 配置コア🔷 ⚠️ラスヘッド・深巣ダンテクレオ消滅, (支払:ラスヘッド:🔶, フラッティ:🔷, 配置:深巣ダンテクレオ:🔷) -> eval: +0.2784
    [13] SUMMON | コスト🔷🔶, 配置コア🔷 ⚠️ラスヘッド・モラモーラ消滅, (支払:ラスヘッド:🔶, モラモーラ:🔷, 配置:モラモーラ:🔷) -> eval: +0.2982
    [14] SUMMON | コスト🔷🔶, 配置コア🔷 ⚠️ラスヘッド消滅, (支払:ラスヘッド:🔶, フラッティ:🔷, 配置:モラモーラ:🔷) -> eval: +0.3453
    [15] SUMMON | コスト🔷🔶, 配置コア🔷 ⚠️ラスヘッド消滅, (支払:ラスヘッド:🔶, フラッティ:🔷, 配置:フラッティ:🔷) -> eval: +0.3457
    [16] SUMMON | コスト🔷🔷, 配置コア🔷🔷 ⚠️深巣ダンテクレオ・モラモーラ消滅, (支払:モラモーラ:🔷, フラッティ:🔷, 配置:深巣ダンテクレオ:🔷, モラモーラ:🔷) -> eval: +0.2761
    [17] SUMMON | コスト🔷🔷, 配置コア🔷🔷 ⚠️深巣ダンテクレオ消滅, (支払:フラッティ:🔷🔷, 配置:深巣ダンテクレオ:🔷, モラモーラ:🔷) -> eval: +0.3457
    [18] SUMMON | コスト🔷🔷, 配置コア🔷🔷 ⚠️深巣ダンテクレオ・フラッティ消滅, (支払:フラッティ:🔷🔷, 配置:深巣ダンテクレオ:🔷, フラッティ:🔷) -> eval: +0.2921
    [19] SUMMON | コスト🔷🔷, 配置コア🔷🔷 ⚠️モラモーラ消滅, (支払:フラッティ:🔷🔷, 配置:モラモーラ:🔷🔷) -> eval: +0.3488
    [20] SUMMON | コスト🔷🔷, 配置コア🔷🔷 ⚠️フラッティ消滅, (支払:フラッティ:🔷🔷, 配置:モラモーラ:🔷, フラッティ:🔷) -> eval: +0.3648
    [21] SUMMON | コスト🔷🔷, 配置コア🔷🔶 ⚠️ラスヘッド・深巣ダンテクレオ・モラモーラ消滅, (支払:モラモーラ:🔷🔷, 配置:ラスヘッド:🔶, 深巣ダンテクレオ:🔷) -> eval: +0.2111
    [22] SUMMON | コスト🔷🔷, 配置コア🔷🔶 ⚠️ラスヘッド・深巣ダンテクレオ消滅, (支払:モラモーラ:🔷, フラッティ:🔷, 配置:ラスヘッド:🔶, 深巣ダンテクレオ:🔷) -> eval: +0.2605
    [23] SUMMON | コスト🔷🔷, 配置コア🔷🔶 ⚠️ラスヘッド・深巣ダンテクレオ消滅, (支払:フラッティ:🔷🔷, 配置:ラスヘッド:🔶, 深巣ダンテクレオ:🔷) -> eval: +0.2606
    [24] SUMMON | コスト🔷🔷, 配置コア🔷🔶 ⚠️ラスヘッド・モラモーラ消滅, (支払:モラモーラ:🔷, フラッティ:🔷, 配置:ラスヘッド:🔶, モラモーラ:🔷) -> eval: +0.2638
    [25] SUMMON | コスト🔷🔷, 配置コア🔷🔶 ⚠️ラスヘッド消滅, (支払:フラッティ:🔷🔷, 配置:ラスヘッド:🔶, モラモーラ:🔷) -> eval: +0.3289
    [26] SUMMON | コスト🔷🔷, 配置コア🔷🔶 ⚠️ラスヘッド・フラッティ消滅, (支払:フラッティ:🔷🔷, 配置:ラスヘッド:🔶, フラッティ:🔷) -> eval: +0.2800
    [27] SUMMON | コスト🔷🔶, 配置コア🔷🔷 ⚠️ラスヘッド・深巣ダンテクレオ・モラモーラ消滅, (支払:ラスヘッド:🔶, モラモーラ:🔷, 配置:深巣ダンテクレオ:🔷, モラモーラ:🔷) -> eval: +0.2423
    [28] SUMMON | コスト🔷🔶, 配置コア🔷🔷 ⚠️ラスヘッド・深巣ダンテクレオ消滅, (支払:ラスヘッド:🔶, フラッティ:🔷, 配置:深巣ダンテクレオ:🔷, モラモーラ:🔷) -> eval: +0.2955
    [29] SUMMON | コスト🔷🔶, 配置コア🔷🔷 ⚠️ラスヘッド・深巣ダンテクレオ消滅, (支払:ラスヘッド:🔶, フラッティ:🔷, 配置:深巣ダンテクレオ:🔷, フラッティ:🔷) -> eval: +0.2956
    [30] SUMMON | コスト🔷🔶, 配置コア🔷🔷 ⚠️ラスヘッド・モラモーラ消滅, (支払:ラスヘッド:🔶, フラッティ:🔷, 配置:モラモーラ:🔷🔷) -> eval: +0.2987
    [31] SUMMON | コスト🔷🔶, 配置コア🔷🔷 ⚠️ラスヘッド消滅, (支払:ラスヘッド:🔶, フラッティ:🔷, 配置:モラモーラ:🔷, フラッティ:🔷) -> eval: +0.3637
    [32] SUMMON | コスト🔷🔶, 配置コア🔷🔷 ⚠️ラスヘッド・フラッティ消滅, (支払:ラスヘッド:🔶, フラッティ:🔷, 配置:フラッティ:🔷🔷) -> eval: +0.3140
    [33] SUMMON | コスト🔷🔷, 配置コア🔷🔷🔷 ⚠️深巣ダンテクレオ・モラモーラ消滅, (支払:フラッティ:🔷🔷, 配置:深巣ダンテクレオ:🔷, モラモーラ:🔷🔷) -> eval: +0.2766
    [34] SUMMON | コスト🔷🔷, 配置コア🔷🔷🔷 ⚠️深巣ダンテクレオ・フラッティ消滅, (支払:フラッティ:🔷🔷, 配置:深巣ダンテクレオ:🔷, モラモーラ:🔷, フラッティ:🔷) -> eval: +0.2920
    [35] SUMMON | コスト🔷🔷, 配置コア🔷🔷🔷 ⚠️モラモーラ・フラッティ消滅, (支払:フラッティ:🔷🔷, 配置:モラモーラ:🔷🔷, フラッティ:🔷) -> eval: +0.2953
    [36] SUMMON | コスト🔷🔷, 配置コア🔷🔷🔶 ⚠️ラスヘッド・深巣ダンテクレオ・モラモーラ消滅, (支払:モラモーラ:🔷, フラッティ:🔷, 配置:ラスヘッド:🔶, 深巣ダンテクレオ:🔷, モラモーラ:🔷) -> eval: +0.1979
    [37] SUMMON | コスト🔷🔷, 配置コア🔷🔷🔶 ⚠️ラスヘッド・深巣ダンテクレオ消滅, (支払:フラッティ:🔷🔷, 配置:ラスヘッド:🔶, 深巣ダンテクレオ:🔷, モラモーラ:🔷) -> eval: +0.2613
    [38] SUMMON | コスト🔷🔷, 配置コア🔷🔷🔶 ⚠️ラスヘッド・深巣ダンテクレオ・フラッティ消滅, (支払:フラッティ:🔷🔷, 配置:ラスヘッド:🔶, 深巣ダンテクレオ:🔷, フラッティ:🔷) -> eval: +0.2143
    [39] SUMMON | コスト🔷🔷, 配置コア🔷🔷🔶 ⚠️ラスヘッド・モラモーラ消滅, (支払:フラッティ:🔷🔷, 配置:ラスヘッド:🔶, モラモーラ:🔷🔷) -> eval: +0.2646
    [40] SUMMON | コスト🔷🔷, 配置コア🔷🔷🔶 ⚠️ラスヘッド・フラッティ消滅, (支払:フラッティ:🔷🔷, 配置:ラスヘッド:🔶, モラモーラ:🔷, フラッティ:🔷) -> eval: +0.2805
    [41] SUMMON | コスト🔷🔶, 配置コア🔷🔷🔷 ⚠️ラスヘッド・深巣ダンテクレオ・モラモーラ消滅, (支払:ラスヘッド:🔶, フラッティ:🔷, 配置:深巣ダンテクレオ:🔷, モラモーラ:🔷🔷) -> eval: +0.2290
    [42] SUMMON | コスト🔷🔶, 配置コア🔷🔷🔷 ⚠️ラスヘッド・深巣ダンテクレオ消滅, (支払:ラスヘッド:🔶, フラッティ:🔷, 配置:深巣ダンテクレオ:🔷, モラモーラ:🔷, フラッティ:🔷) -> eval: +0.2956
    [43] SUMMON | コスト🔷🔶, 配置コア🔷🔷🔷 ⚠️ラスヘッド・深巣ダンテクレオ・フラッティ消滅, (支払:ラスヘッド:🔶, フラッティ:🔷, 配置:深巣ダンテクレオ:🔷, フラッティ:🔷🔷) -> eval: +0.2447
    [44] SUMMON | コスト🔷🔶, 配置コア🔷🔷🔷 ⚠️ラスヘッド・モラモーラ消滅, (支払:ラスヘッド:🔶, フラッティ:🔷, 配置:モラモーラ:🔷🔷, フラッティ:🔷) -> eval: +0.2987
    [45] SUMMON | コスト🔷🔶, 配置コア🔷🔷🔷 ⚠️ラスヘッド・フラッティ消滅, (支払:ラスヘッド:🔶, フラッティ:🔷, 配置:モラモーラ:🔷, フラッティ:🔷🔷) -> eval: +0.3136
    [46] SUMMON | コスト🔷🔷, 配置コア🔷🔷🔷🔷 ⚠️深巣ダンテクレオ・モラモーラ・フラッティ消滅, (支払:フラッティ:🔷🔷, 配置:深巣ダンテクレオ:🔷, モラモーラ:🔷🔷, フラッティ:🔷) -> eval: +0.2234
    [47] SUMMON | コスト🔷🔷, 配置コア🔷🔷🔷🔶 ⚠️ラスヘッド・深巣ダンテクレオ・モラモーラ消滅, (支払:フラッティ:🔷🔷, 配置:ラスヘッド:🔶, 深巣ダンテクレオ:🔷, モラモーラ:🔷🔷) -> eval: +0.1993
    [48] SUMMON | コスト🔷🔷, 配置コア🔷🔷🔷🔶 ⚠️ラスヘッド・深巣ダンテクレオ・フラッティ消滅, (支払:フラッティ:🔷🔷, 配置:ラスヘッド:🔶, 深巣ダンテクレオ:🔷, モラモーラ:🔷, フラッティ:🔷) -> eval: +0.2154
    [49] SUMMON | コスト🔷🔷, 配置コア🔷🔷🔷🔶 ⚠️ラスヘッド・モラモーラ・フラッティ消滅, (支払:フラッティ:🔷🔷, 配置:ラスヘッド:🔶, モラモーラ:🔷🔷, フラッティ:🔷) -> eval: +0.2187
    [50] SUMMON | コスト🔷🔶, 配置コア🔷🔷🔷🔷 ⚠️ラスヘッド・深巣ダンテクレオ・モラモーラ消滅, (支払:ラスヘッド:🔶, フラッティ:🔷, 配置:深巣ダンテクレオ:🔷, モラモーラ:🔷🔷, フラッティ:🔷) -> eval: +0.2296
    [51] SUMMON | コスト🔷🔶, 配置コア🔷🔷🔷🔷 ⚠️ラスヘッド・深巣ダンテクレオ・フラッティ消滅, (支払:ラスヘッド:🔶, フラッティ:🔷, 配置:深巣ダンテクレオ:🔷, モラモーラ:🔷, フラッティ:🔷🔷) -> eval: +0.2449
    [52] SUMMON | コスト🔷🔶, 配置コア🔷🔷🔷🔷 ⚠️ラスヘッド・モラモーラ・フラッティ消滅, (支払:ラスヘッド:🔶, フラッティ:🔷, 配置:モラモーラ:🔷🔷, フラッティ:🔷🔷) -> eval: +0.2481
    [53] SUMMON | コスト🔷🔷, 配置コア🔷🔷🔷🔷🔶 ⚠️ラスヘッド・深巣ダンテクレオ・モラモーラ・フラッティ消滅, (支払:フラッティ:🔷🔷, 配置:ラスヘッド:🔶, 深巣ダンテクレオ:🔷, モラモーラ:🔷🔷, フラッティ:🔷) -> eval: +0.1480
    [54] SUMMON | コスト🔷🔶, 配置コア🔷🔷🔷🔷🔷 ⚠️ラスヘッド・深巣ダンテクレオ・モラモーラ・フラッティ消滅, (支払:ラスヘッド:🔶, フラッティ:🔷, 配置:深巣ダンテクレオ:🔷, モラモーラ:🔷🔷, フラッティ:🔷🔷) -> eval: +0.1721
    [55] USE_MAGIC | コスト🔷, コアは置かない ⚠️深巣ダンテクレオ消滅, (支払:深巣ダンテクレオ:🔷, 配置:なし) -> eval: +0.2828
    [56] USE_MAGIC | コスト🔷, コアは置かない, (支払:モラモーラ:🔷, 配置:なし) -> eval: +0.3548
    [57] USE_MAGIC | コスト🔷, コアは置かない, (支払:フラッティ:🔷, 配置:なし) -> eval: +0.3341
    [58] USE_MAGIC | コスト🔶, コアは置かない ⚠️ラスヘッド消滅, (支払:ラスヘッド:🔶, 配置:なし) -> eval: +0.3060
    [59] MOVE_CORE | 🔶を移動 ⚠️ラスヘッド消滅 -> eval: +0.3331
    [60] MOVE_CORE | 🔶を移動 ⚠️ラスヘッド消滅 -> eval: +0.3348
    [61] MOVE_CORE | 🔶 ⇄ 🔷 を交換 -> eval: +0.4116
    [62] MOVE_CORE | 🔶を移動 ⚠️ラスヘッド消滅 -> eval: +0.3328
    [63] MOVE_CORE | 🔶 ⇄ 🔷 を交換 -> eval: +0.3940
    [64] MOVE_CORE | 🔶を移動 ⚠️ラスヘッド消滅 -> eval: +0.3138
    [65] MOVE_CORE | 🔶 ⇄ 🔷 を交換 -> eval: +0.3901
    [66] MOVE_CORE | 🔶を移動 ⚠️ラスヘッド消滅 -> eval: +0.3233
    [67] MOVE_CORE | 🔷を移動 ⚠️深巣ダンテクレオ消滅 -> eval: +0.3115
    [68] MOVE_CORE | 🔷を移動 ⚠️深巣ダンテクレオ消滅 -> eval: +0.3226
    [69] MOVE_CORE | 🔷を移動 ⚠️深巣ダンテクレオ消滅 -> eval: +0.3385
    [70] MOVE_CORE | 🔷を移動 ⚠️深巣ダンテクレオ消滅 -> eval: +0.3226
    [71] MOVE_CORE | 🔷を移動 ⚠️深巣ダンテクレオ消滅 -> eval: +0.3215
    [72] MOVE_CORE | 🔷を移動 -> eval: +0.4050
    [73] MOVE_CORE | 🔷🔷を移動 ⚠️モラモーラ消滅 -> eval: +0.3049
    [74] MOVE_CORE | 🔷を移動 -> eval: +0.4149
    [75] MOVE_CORE | 🔷🔷を移動 ⚠️モラモーラ消滅 -> eval: +0.3272
    [76] MOVE_CORE | 🔷を移動 -> eval: +0.4150
    [77] MOVE_CORE | 🔷🔷を移動 ⚠️モラモーラ消滅 -> eval: +0.3266
    [78] MOVE_CORE | 🔷を移動 -> eval: +0.4152
    [79] MOVE_CORE | 🔷🔷を移動 ⚠️モラモーラ消滅 -> eval: +0.3271
    [80] MOVE_CORE | 🔷を移動 -> eval: +0.4141
    [81] MOVE_CORE | 🔷🔷を移動 ⚠️モラモーラ消滅 -> eval: +0.3249
    [82] MOVE_CORE | 🔷を移動 -> eval: +0.3813
    [83] MOVE_CORE | 🔷🔷を移動 -> eval: +0.3719
    [84] MOVE_CORE | 🔷🔷🔷を移動 ⚠️フラッティ消滅 -> eval: +0.2939
    [85] MOVE_CORE | 🔷を移動 -> eval: +0.3913
    [86] MOVE_CORE | 🔷🔷を移動 -> eval: +0.3916
    [87] MOVE_CORE | 🔷🔷🔷を移動 ⚠️フラッティ消滅 -> eval: +0.3274
    [88] MOVE_CORE | 🔷を移動 -> eval: +0.3914
    [89] MOVE_CORE | 🔷🔷を移動 -> eval: +0.3918
    [90] MOVE_CORE | 🔷🔷🔷を移動 ⚠️フラッティ消滅 -> eval: +0.3268
    [91] MOVE_CORE | 🔷を移動 -> eval: +0.4125
    [92] MOVE_CORE | 🔷🔷を移動 -> eval: +0.4135
    [93] MOVE_CORE | 🔷🔷🔷を移動 ⚠️フラッティ消滅 -> eval: +0.3492
    [94] MOVE_CORE | 🔷を移動 -> eval: +0.3905
    [95] MOVE_CORE | 🔷🔷を移動 -> eval: +0.3903
    [96] MOVE_CORE | 🔷🔷🔷を移動 ⚠️フラッティ消滅 -> eval: +0.3251
  ステップ終了評価: +0.4149
  => 選択: MOVE_CORE | 🔷を移動 (eval: +0.4152 > 終了評価 +0.4149)
     効果/結果: 🔷 「モラモーラ」➔「フラッティ」 通常コア1個

Turn 6 | 手数 43 | 手番: P2(run3_run4.kann.weight) | メインステップ
  盤面:
    P1: Life:2, Reserve:0, Hand:3枚, Field:[水泡群域(Lv1,コア0), モラモーラ(Lv1,コア1), ストラレイ(Lv2,コア3), ガリザロト(Lv1,コア2)]
    P2: Life:1, Reserve:0, Hand:2枚, Field:[ラスヘッド(Lv2,コア1s), 深巣ダンテクレオ(Lv1,コア1), モラモーラ(Lv1,コア1), フラッティ(Lv2,コア4), 最奥：緑淵深(Lv1,コア0)]
  候補行動 (85件):
    [0] SUMMON | コスト🔷🔷, 配置コア🔷 ⚠️深巣ダンテクレオ・モラモーラ消滅, (支払:モラモーラ:🔷, フラッティ:🔷, 配置:深巣ダンテクレオ:🔷) -> eval: +0.2736
    [1] SUMMON | コスト🔷🔷, 配置コア🔷 ⚠️深巣ダンテクレオ消滅, (支払:フラッティ:🔷🔷, 配置:深巣ダンテクレオ:🔷) -> eval: +0.3269
    [2] SUMMON | コスト🔷🔷, 配置コア🔷 ⚠️モラモーラ消滅, (支払:フラッティ:🔷🔷, 配置:モラモーラ:🔷) -> eval: +0.3303
    [3] SUMMON | コスト🔷🔷, 配置コア🔷, (支払:フラッティ:🔷🔷, 配置:フラッティ:🔷) -> eval: +0.4084
    [4] SUMMON | コスト🔷🔷, 配置コア🔶 ⚠️ラスヘッド・深巣ダンテクレオ・モラモーラ消滅, (支払:深巣ダンテクレオ:🔷, モラモーラ:🔷, 配置:ラスヘッド:🔶) -> eval: +0.1997
    [5] SUMMON | コスト🔷🔷, 配置コア🔶 ⚠️ラスヘッド・深巣ダンテクレオ消滅, (支払:深巣ダンテクレオ:🔷, フラッティ:🔷, 配置:ラスヘッド:🔶) -> eval: +0.2643
    [6] SUMMON | コスト🔷🔷, 配置コア🔶 ⚠️ラスヘッド・モラモーラ消滅, (支払:モラモーラ:🔷, フラッティ:🔷, 配置:ラスヘッド:🔶) -> eval: +0.2675
    [7] SUMMON | コスト🔷🔷, 配置コア🔶 ⚠️ラスヘッド消滅, (支払:フラッティ:🔷🔷, 配置:ラスヘッド:🔶) -> eval: +0.3153
    [8] SUMMON | コスト🔷🔶, 配置コア🔷 ⚠️ラスヘッド・深巣ダンテクレオ・モラモーラ消滅, (支払:ラスヘッド:🔶, モラモーラ:🔷, 配置:深巣ダンテクレオ:🔷) -> eval: +0.2277
    [9] SUMMON | コスト🔷🔶, 配置コア🔷 ⚠️ラスヘッド・深巣ダンテクレオ消滅, (支払:ラスヘッド:🔶, フラッティ:🔷, 配置:深巣ダンテクレオ:🔷) -> eval: +0.2950
    [10] SUMMON | コスト🔷🔶, 配置コア🔷 ⚠️ラスヘッド・モラモーラ消滅, (支払:ラスヘッド:🔶, フラッティ:🔷, 配置:モラモーラ:🔷) -> eval: +0.2982
    [11] SUMMON | コスト🔷🔶, 配置コア🔷 ⚠️ラスヘッド消滅, (支払:ラスヘッド:🔶, フラッティ:🔷, 配置:フラッティ:🔷) -> eval: +0.3453
    [12] SUMMON | コスト🔷🔷, 配置コア🔷🔷 ⚠️深巣ダンテクレオ・モラモーラ消滅, (支払:フラッティ:🔷🔷, 配置:深巣ダンテクレオ:🔷, モラモーラ:🔷) -> eval: +0.2761
    [13] SUMMON | コスト🔷🔷, 配置コア🔷🔷 ⚠️深巣ダンテクレオ消滅, (支払:フラッティ:🔷🔷, 配置:深巣ダンテクレオ:🔷, フラッティ:🔷) -> eval: +0.3457
    [14] SUMMON | コスト🔷🔷, 配置コア🔷🔷 ⚠️モラモーラ消滅, (支払:フラッティ:🔷🔷, 配置:モラモーラ:🔷, フラッティ:🔷) -> eval: +0.3488
    [15] SUMMON | コスト🔷🔷, 配置コア🔷🔷 ⚠️フラッティ消滅, (支払:フラッティ:🔷🔷, 配置:フラッティ:🔷🔷) -> eval: +0.3648
    [16] SUMMON | コスト🔷🔷, 配置コア🔷🔶 ⚠️ラスヘッド・深巣ダンテクレオ・モラモーラ消滅, (支払:モラモーラ:🔷, フラッティ:🔷, 配置:ラスヘッド:🔶, 深巣ダンテクレオ:🔷) -> eval: +0.2111
    [17] SUMMON | コスト🔷🔷, 配置コア🔷🔶 ⚠️ラスヘッド・深巣ダンテクレオ消滅, (支払:フラッティ:🔷🔷, 配置:ラスヘッド:🔶, 深巣ダンテクレオ:🔷) -> eval: +0.2605
    [18] SUMMON | コスト🔷🔷, 配置コア🔷🔶 ⚠️ラスヘッド・モラモーラ消滅, (支払:フラッティ:🔷🔷, 配置:ラスヘッド:🔶, モラモーラ:🔷) -> eval: +0.2638
    [19] SUMMON | コスト🔷🔷, 配置コア🔷🔶 ⚠️ラスヘッド消滅, (支払:フラッティ:🔷🔷, 配置:ラスヘッド:🔶, フラッティ:🔷) -> eval: +0.3289
    [20] SUMMON | コスト🔷🔶, 配置コア🔷🔷 ⚠️ラスヘッド・深巣ダンテクレオ・モラモーラ消滅, (支払:ラスヘッド:🔶, フラッティ:🔷, 配置:深巣ダンテクレオ:🔷, モラモーラ:🔷) -> eval: +0.2423
    [21] SUMMON | コスト🔷🔶, 配置コア🔷🔷 ⚠️ラスヘッド・深巣ダンテクレオ消滅, (支払:ラスヘッド:🔶, フラッティ:🔷, 配置:深巣ダンテクレオ:🔷, フラッティ:🔷) -> eval: +0.2955
    [22] SUMMON | コスト🔷🔶, 配置コア🔷🔷 ⚠️ラスヘッド・モラモーラ消滅, (支払:ラスヘッド:🔶, フラッティ:🔷, 配置:モラモーラ:🔷, フラッティ:🔷) -> eval: +0.2987
    [23] SUMMON | コスト🔷🔶, 配置コア🔷🔷 ⚠️ラスヘッド消滅, (支払:ラスヘッド:🔶, フラッティ:🔷, 配置:フラッティ:🔷🔷) -> eval: +0.3637
    [24] SUMMON | コスト🔷🔷, 配置コア🔷🔷🔷 ⚠️深巣ダンテクレオ・モラモーラ消滅, (支払:フラッティ:🔷🔷, 配置:深巣ダンテクレオ:🔷, モラモーラ:🔷, フラッティ:🔷) -> eval: +0.2766
    [25] SUMMON | コスト🔷🔷, 配置コア🔷🔷🔷 ⚠️深巣ダンテクレオ・フラッティ消滅, (支払:フラッティ:🔷🔷, 配置:深巣ダンテクレオ:🔷, フラッティ:🔷🔷) -> eval: +0.2920
    [26] SUMMON | コスト🔷🔷, 配置コア🔷🔷🔷 ⚠️モラモーラ・フラッティ消滅, (支払:フラッティ:🔷🔷, 配置:モラモーラ:🔷, フラッティ:🔷🔷) -> eval: +0.2953
    [27] SUMMON | コスト🔷🔷, 配置コア🔷🔷🔶 ⚠️ラスヘッド・深巣ダンテクレオ・モラモーラ消滅, (支払:フラッティ:🔷🔷, 配置:ラスヘッド:🔶, 深巣ダンテクレオ:🔷, モラモーラ:🔷) -> eval: +0.1979
    [28] SUMMON | コスト🔷🔷, 配置コア🔷🔷🔶 ⚠️ラスヘッド・深巣ダンテクレオ消滅, (支払:フラッティ:🔷🔷, 配置:ラスヘッド:🔶, 深巣ダンテクレオ:🔷, フラッティ:🔷) -> eval: +0.2613
    [29] SUMMON | コスト🔷🔷, 配置コア🔷🔷🔶 ⚠️ラスヘッド・モラモーラ消滅, (支払:フラッティ:🔷🔷, 配置:ラスヘッド:🔶, モラモーラ:🔷, フラッティ:🔷) -> eval: +0.2646
    [30] SUMMON | コスト🔷🔷, 配置コア🔷🔷🔶 ⚠️ラスヘッド・フラッティ消滅, (支払:フラッティ:🔷🔷, 配置:ラスヘッド:🔶, フラッティ:🔷🔷) -> eval: +0.2805
    [31] SUMMON | コスト🔷🔶, 配置コア🔷🔷🔷 ⚠️ラスヘッド・深巣ダンテクレオ・モラモーラ消滅, (支払:ラスヘッド:🔶, フラッティ:🔷, 配置:深巣ダンテクレオ:🔷, モラモーラ:🔷, フラッティ:🔷) -> eval: +0.2290
    [32] SUMMON | コスト🔷🔶, 配置コア🔷🔷🔷 ⚠️ラスヘッド・深巣ダンテクレオ消滅, (支払:ラスヘッド:🔶, フラッティ:🔷, 配置:深巣ダンテクレオ:🔷, フラッティ:🔷🔷) -> eval: +0.2956
    [33] SUMMON | コスト🔷🔶, 配置コア🔷🔷🔷 ⚠️ラスヘッド・モラモーラ消滅, (支払:ラスヘッド:🔶, フラッティ:🔷, 配置:モラモーラ:🔷, フラッティ:🔷🔷) -> eval: +0.2987
    [34] SUMMON | コスト🔷🔶, 配置コア🔷🔷🔷 ⚠️ラスヘッド・フラッティ消滅, (支払:ラスヘッド:🔶, フラッティ:🔷, 配置:フラッティ:🔷🔷🔷) -> eval: +0.3136
    [35] SUMMON | コスト🔷🔷, 配置コア🔷🔷🔷🔷 ⚠️深巣ダンテクレオ・モラモーラ・フラッティ消滅, (支払:フラッティ:🔷🔷, 配置:深巣ダンテクレオ:🔷, モラモーラ:🔷, フラッティ:🔷🔷) -> eval: +0.2234
    [36] SUMMON | コスト🔷🔷, 配置コア🔷🔷🔷🔶 ⚠️ラスヘッド・深巣ダンテクレオ・モラモーラ消滅, (支払:フラッティ:🔷🔷, 配置:ラスヘッド:🔶, 深巣ダンテクレオ:🔷, モラモーラ:🔷, フラッティ:🔷) -> eval: +0.1993
    [37] SUMMON | コスト🔷🔷, 配置コア🔷🔷🔷🔶 ⚠️ラスヘッド・深巣ダンテクレオ・フラッティ消滅, (支払:フラッティ:🔷🔷, 配置:ラスヘッド:🔶, 深巣ダンテクレオ:🔷, フラッティ:🔷🔷) -> eval: +0.2154
    [38] SUMMON | コスト🔷🔷, 配置コア🔷🔷🔷🔶 ⚠️ラスヘッド・モラモーラ・フラッティ消滅, (支払:フラッティ:🔷🔷, 配置:ラスヘッド:🔶, モラモーラ:🔷, フラッティ:🔷🔷) -> eval: +0.2187
    [39] SUMMON | コスト🔷🔶, 配置コア🔷🔷🔷🔷 ⚠️ラスヘッド・深巣ダンテクレオ・モラモーラ消滅, (支払:ラスヘッド:🔶, フラッティ:🔷, 配置:深巣ダンテクレオ:🔷, モラモーラ:🔷, フラッティ:🔷🔷) -> eval: +0.2296
    [40] SUMMON | コスト🔷🔶, 配置コア🔷🔷🔷🔷 ⚠️ラスヘッド・深巣ダンテクレオ・フラッティ消滅, (支払:ラスヘッド:🔶, フラッティ:🔷, 配置:深巣ダンテクレオ:🔷, フラッティ:🔷🔷🔷) -> eval: +0.2449
    [41] SUMMON | コスト🔷🔶, 配置コア🔷🔷🔷🔷 ⚠️ラスヘッド・モラモーラ・フラッティ消滅, (支払:ラスヘッド:🔶, フラッティ:🔷, 配置:モラモーラ:🔷, フラッティ:🔷🔷🔷) -> eval: +0.2481
    [42] SUMMON | コスト🔷🔷, 配置コア🔷🔷🔷🔷🔶 ⚠️ラスヘッド・深巣ダンテクレオ・モラモーラ・フラッティ消滅, (支払:フラッティ:🔷🔷, 配置:ラスヘッド:🔶, 深巣ダンテクレオ:🔷, モラモーラ:🔷, フラッティ:🔷🔷) -> eval: +0.1480
    [43] SUMMON | コスト🔷🔶, 配置コア🔷🔷🔷🔷🔷 ⚠️ラスヘッド・深巣ダンテクレオ・モラモーラ・フラッティ消滅, (支払:ラスヘッド:🔶, フラッティ:🔷, 配置:深巣ダンテクレオ:🔷, モラモーラ:🔷, フラッティ:🔷🔷🔷) -> eval: +0.1721
    [44] USE_MAGIC | コスト🔷, コアは置かない ⚠️深巣ダンテクレオ消滅, (支払:深巣ダンテクレオ:🔷, 配置:なし) -> eval: +0.2831
    [45] USE_MAGIC | コスト🔷, コアは置かない ⚠️モラモーラ消滅, (支払:モラモーラ:🔷, 配置:なし) -> eval: +0.2862
    [46] USE_MAGIC | コスト🔷, コアは置かない, (支払:フラッティ:🔷, 配置:なし) -> eval: +0.3548
    [47] USE_MAGIC | コスト🔶, コアは置かない ⚠️ラスヘッド消滅, (支払:ラスヘッド:🔶, 配置:なし) -> eval: +0.3063
    [48] MOVE_CORE | 🔶を移動 ⚠️ラスヘッド消滅 -> eval: +0.3333
    [49] MOVE_CORE | 🔶を移動 ⚠️ラスヘッド消滅 -> eval: +0.3351
    [50] MOVE_CORE | 🔶 ⇄ 🔷 を交換 -> eval: +0.4119
    [51] MOVE_CORE | 🔶を移動 ⚠️ラスヘッド消滅 -> eval: +0.3172
    [52] MOVE_CORE | 🔶 ⇄ 🔷 を交換 -> eval: +0.3940
    [53] MOVE_CORE | 🔶を移動 ⚠️ラスヘッド消滅 -> eval: +0.3151
    [54] MOVE_CORE | 🔶 ⇄ 🔷 を交換 -> eval: +0.3911
    [55] MOVE_CORE | 🔶を移動 ⚠️ラスヘッド消滅 -> eval: +0.3231
    [56] MOVE_CORE | 🔷を移動 ⚠️深巣ダンテクレオ消滅 -> eval: +0.3118
    [57] MOVE_CORE | 🔷を移動 ⚠️深巣ダンテクレオ消滅 -> eval: +0.3230
    [58] MOVE_CORE | 🔷を移動 ⚠️深巣ダンテクレオ消滅 -> eval: +0.3226
    [59] MOVE_CORE | 🔷を移動 ⚠️深巣ダンテクレオ消滅 -> eval: +0.3230
    [60] MOVE_CORE | 🔷を移動 ⚠️深巣ダンテクレオ消滅 -> eval: +0.3218
    [61] MOVE_CORE | 🔷を移動 ⚠️モラモーラ消滅 -> eval: +0.3159
    [62] MOVE_CORE | 🔷を移動 ⚠️モラモーラ消滅 -> eval: +0.3271
    [63] MOVE_CORE | 🔷を移動 ⚠️モラモーラ消滅 -> eval: +0.3268
    [64] MOVE_CORE | 🔷を移動 ⚠️モラモーラ消滅 -> eval: +0.3271
    [65] MOVE_CORE | 🔷を移動 ⚠️モラモーラ消滅 -> eval: +0.3259
    [66] MOVE_CORE | 🔷を移動 -> eval: +0.4050
    [67] MOVE_CORE | 🔷🔷を移動 -> eval: +0.3715
    [68] MOVE_CORE | 🔷🔷🔷を移動 -> eval: +0.3624
    [69] MOVE_CORE | 🔷🔷🔷🔷を移動 ⚠️フラッティ消滅 -> eval: +0.2833
    [70] MOVE_CORE | 🔷を移動 -> eval: +0.4149
    [71] MOVE_CORE | 🔷🔷を移動 -> eval: +0.3912
    [72] MOVE_CORE | 🔷🔷🔷を移動 -> eval: +0.3915
    [73] MOVE_CORE | 🔷🔷🔷🔷を移動 ⚠️フラッティ消滅 -> eval: +0.3279
    [74] MOVE_CORE | 🔷を移動 -> eval: +0.4150
    [75] MOVE_CORE | 🔷🔷を移動 -> eval: +0.3915
    [76] MOVE_CORE | 🔷🔷🔷を移動 -> eval: +0.3920
    [77] MOVE_CORE | 🔷🔷🔷🔷を移動 ⚠️フラッティ消滅 -> eval: +0.3272
    [78] MOVE_CORE | 🔷🔷を移動 -> eval: +0.4125
    [79] MOVE_CORE | 🔷🔷🔷を移動 -> eval: +0.4135
    [80] MOVE_CORE | 🔷🔷🔷🔷を移動 ⚠️フラッティ消滅 -> eval: +0.3492
    [81] MOVE_CORE | 🔷を移動 -> eval: +0.4141
    [82] MOVE_CORE | 🔷🔷を移動 -> eval: +0.3898
    [83] MOVE_CORE | 🔷🔷🔷を移動 -> eval: +0.3896
    [84] MOVE_CORE | 🔷🔷🔷🔷を移動 ⚠️フラッティ消滅 -> eval: +0.3251
  ステップ終了評価: +0.4152
  => 選択: ステップ終了 (候補最大 +0.4150 <= 終了評価 +0.4152)

Turn 6 | 手数 44 | 手番: P2(run3_run4.kann.weight) | アタック宣言
  盤面:
    P1: Life:2, Reserve:0, Hand:3枚, Field:[水泡群域(Lv1,コア0), モラモーラ(Lv1,コア1), ストラレイ(Lv2,コア3), ガリザロト(Lv1,コア2)]
    P2: Life:1, Reserve:0, Hand:2枚, Field:[ラスヘッド(Lv2,コア1s), 深巣ダンテクレオ(Lv1,コア1), モラモーラ(Lv1,コア1), フラッティ(Lv2,コア4), 最奥：緑淵深(Lv1,コア0)]
  候補行動 (4件):
    [0] ATTACK | ラスヘッド でアタック宣言 (Lv2, BP5000, 通ればライフ-🔷) -> eval: +0.4459
    [1] ATTACK | 深巣ダンテクレオ でアタック宣言 (Lv1, BP6000, 通ればライフ-🔷) -> eval: +0.4519
    [2] ATTACK | モラモーラ でアタック宣言 (Lv1, BP5000, 通ればライフ-🔷) -> eval: +0.4524
    [3] ATTACK | フラッティ でアタック宣言 (Lv2, BP3000, 通ればライフ-🔷) -> eval: +0.4498
  ステップ終了評価: +0.4152
  => 選択: ATTACK | モラモーラ でアタック宣言 (Lv1, BP5000, 通ればライフ-🔷) (eval: +0.4524 > 終了評価 +0.4152)
     効果/結果: 🗡️ 「モラモーラ」がアタック宣言 (BP5000)

Turn 6 | 手数 45 | 手番: P1(run2_run3.kann.weight) | ブロック宣言
  盤面:
    P1: Life:2, Reserve:0, Hand:3枚, Field:[水泡群域(Lv1,コア0), モラモーラ(Lv1,コア1), ストラレイ(Lv2,コア3), ガリザロト(Lv1,コア2)]
    P2: Life:1, Reserve:0, Hand:2枚, Field:[ラスヘッド(Lv2,コア1s), 深巣ダンテクレオ(Lv1,コア1), モラモーラ(Lv1,コア1), フラッティ(Lv2,コア4), 最奥：緑淵深(Lv1,コア0)]
  候補行動 (1件):
    [0] PASS_BLOCK | ライフでアタックを受ける (ライフ-🔷) -> eval: +0.4756
  => 選択: PASS_BLOCK | ライフでアタックを受ける (ライフ-🔷) (eval: +0.4756)
     効果/結果: 💔 ブロックせず: プレイヤー1 のライフ-1 (コアはリザーブへ)

Turn 6 | 手数 46 | 手番: P2(run3_run4.kann.weight) | アタック宣言
  盤面:
    P1: Life:1, Reserve:1, Hand:3枚, Field:[水泡群域(Lv1,コア0), モラモーラ(Lv1,コア1), ストラレイ(Lv2,コア3), ガリザロト(Lv1,コア2)]
    P2: Life:1, Reserve:0, Hand:2枚, Field:[ラスヘッド(Lv2,コア1s), 深巣ダンテクレオ(Lv1,コア1), モラモーラ(Lv1,コア1), フラッティ(Lv2,コア4), 最奥：緑淵深(Lv1,コア0)]
  候補行動 (3件):
    [0] ATTACK | ラスヘッド でアタック宣言 (Lv2, BP5000, 通ればライフ-🔷) -> eval: +0.4889
    [1] ATTACK | 深巣ダンテクレオ でアタック宣言 (Lv1, BP6000, 通ればライフ-🔷) -> eval: +0.4937
    [2] ATTACK | フラッティ でアタック宣言 (Lv2, BP3000, 通ればライフ-🔷) -> eval: +0.4921
  ステップ終了評価: +0.4652
  => 選択: ATTACK | 深巣ダンテクレオ でアタック宣言 (Lv1, BP6000, 通ればライフ-🔷) (eval: +0.4937 > 終了評価 +0.4652)
     効果/結果: 🗡️ 「深巣ダンテクレオ」がアタック宣言 (BP6000)

Turn 6 | 手数 47 | 手番: P1(run2_run3.kann.weight) | ブロック宣言
  盤面:
    P1: Life:1, Reserve:1, Hand:3枚, Field:[水泡群域(Lv1,コア0), モラモーラ(Lv1,コア1), ストラレイ(Lv2,コア3), ガリザロト(Lv1,コア2)]
    P2: Life:1, Reserve:0, Hand:2枚, Field:[ラスヘッド(Lv2,コア1s), 深巣ダンテクレオ(Lv1,コア1), モラモーラ(Lv1,コア1), フラッティ(Lv2,コア4), 最奥：緑淵深(Lv1,コア0)]
  候補行動 (1件):
    [0] PASS_BLOCK | ライフでアタックを受ける (ライフ-🔷) -> eval: +0.4959
  => 選択: PASS_BLOCK | ライフでアタックを受ける (ライフ-🔷) (eval: +0.4959)
     効果/結果: 💔 ブロックせず: プレイヤー1 のライフ-1 (コアはリザーブへ)
     効果/結果: 🏁 プレイヤー1 のライフが0になりました

  【決着】 勝者: P2(run3_run4.kann.weight) (6ターン / 48 手)
-----------------------------------------------------------------
対戦 7/10 [シード: -3631848859892095566]
  先手(P1): run3_run4.kann.weight
  後手(P2): run2_run3.kann.weight
-----------------------------------------------------------------
Turn 1 | 手数 0 | 手番: P1(run3_run4.kann.weight) | メインステップ
  盤面:
    P1: Life:5, Reserve:4s, Hand:5枚, Field:[空]
    P2: Life:5, Reserve:4s, Hand:4枚, Field:[空]
  候補行動 (4件):
    [0] SUMMON | コスト🔷🔷🔷, 配置コア🔶, (支払:R:🔷🔷🔷, 配置:R:🔶) -> eval: +0.0154
    [1] SUMMON | コスト🔷🔷🔶, 配置コア🔷, (支払:R:🔷🔷🔶, 配置:R:🔷) -> eval: -0.0184
    [2] SUMMON | コスト🔷🔷🔷, 配置コア🔶, (支払:R:🔷🔷🔷, 配置:R:🔶) -> eval: +0.0155
    [3] SUMMON | コスト🔷🔷🔶, 配置コア🔷, (支払:R:🔷🔷🔶, 配置:R:🔷) -> eval: -0.0203
  ステップ終了評価: -0.1179
  => 選択: SUMMON | コスト🔷🔷🔷, 配置コア🔶, (支払:R:🔷🔷🔷, 配置:R:🔶) (eval: +0.0155 > 終了評価 -0.1179)
     効果/結果: 🎴 「ストラレイ」を召喚 (コスト3をトラッシュへ)

Turn 1 | 手数 1 | 手番: P1(run3_run4.kann.weight) | メインステップ
  盤面:
    P1: Life:5, Reserve:0, Hand:4枚, Field:[ストラレイ(Lv1,コア1s)]
    P2: Life:5, Reserve:4s, Hand:4枚, Field:[空]
  候補行動 (1件):
    [0] MOVE_CORE | 🔶を移動 ⚠️ストラレイ消滅 -> eval: -0.1171
  ステップ終了評価: +0.0155
  => 選択: ステップ終了 (候補最大 -0.1171 <= 終了評価 +0.0155)

Turn 1 | 手数 2 | 手番: P1(run3_run4.kann.weight) | エンドステップ
  盤面:
    P1: Life:5, Reserve:0, Hand:4枚, Field:[ストラレイ(Lv1,コア1s)]
    P2: Life:5, Reserve:4s, Hand:4枚, Field:[空]
  候補行動 (0件):
  ステップ終了評価: +0.0028
  => 選択: ステップ終了
     効果/結果: 【ターン 2】 手番: プレイヤー2
     効果/結果: 🔷 コアステップ: ボイドからリザーブへコア1個
     効果/結果: 🃏 ドローステップ: 「深巣ダンテクレオ」をドロー (残り35枚)

Turn 2 | 手数 3 | 手番: P2(run2_run3.kann.weight) | メインステップ
  盤面:
    P1: Life:5, Reserve:0, Hand:4枚, Field:[ストラレイ(Lv1,コア1s)]
    P2: Life:5, Reserve:5s, Hand:5枚, Field:[空]
  候補行動 (7件):
    [0] SUMMON | コスト🔷🔷🔷, 配置コアなし, (支払:R:🔷🔷🔷, 配置:なし) -> eval: -0.1465
    [1] SUMMON | コスト🔷🔷🔶, 配置コアなし, (支払:R:🔷🔷🔶, 配置:なし) -> eval: -0.1465
    [2] SUMMON | コスト🔷🔷🔷, 配置コア🔷, (支払:R:🔷🔷🔷, 配置:R:🔷) -> eval: -0.1389
    [3] SUMMON | コスト🔷🔷🔷, 配置コア🔶, (支払:R:🔷🔷🔷, 配置:R:🔶) -> eval: -0.0926
    [4] SUMMON | コスト🔷🔷🔶, 配置コア🔷, (支払:R:🔷🔷🔶, 配置:R:🔷) -> eval: -0.1389
    [5] SUMMON | コスト🔷🔷🔷, 配置コア🔷🔶, (支払:R:🔷🔷🔷, 配置:R:🔷🔶) -> eval: -0.0852
    [6] SUMMON | コスト🔷🔷🔶, 配置コア🔷🔷, (支払:R:🔷🔷🔶, 配置:R:🔷🔷) -> eval: -0.1301
  ステップ終了評価: -0.2796
  => 選択: SUMMON | コスト🔷🔷🔷, 配置コア🔷🔶, (支払:R:🔷🔷🔷, 配置:R:🔷🔶) (eval: -0.0852 > 終了評価 -0.2796)
     効果/結果: 🎴 「最奥：緑淵深」を召喚 (コスト3をトラッシュへ)

Turn 2 | 手数 4 | 手番: P2(run2_run3.kann.weight) | メインステップ
  盤面:
    P1: Life:5, Reserve:0, Hand:4枚, Field:[ストラレイ(Lv1,コア1s)]
    P2: Life:5, Reserve:0, Hand:4枚, Field:[最奥：緑淵深(Lv2,コア2s)]
  候補行動 (3件):
    [0] MOVE_CORE | 🔷を移動 -> eval: -0.0926
    [1] MOVE_CORE | 🔶を移動 -> eval: -0.1389
    [2] MOVE_CORE | 🔷🔶を移動 -> eval: -0.1465
  ステップ終了評価: -0.0852
  => 選択: ステップ終了 (候補最大 -0.0926 <= 終了評価 -0.0852)

Turn 2 | 手数 5 | 手番: P2(run2_run3.kann.weight) | アタック宣言
  盤面:
    P1: Life:5, Reserve:0, Hand:4枚, Field:[ストラレイ(Lv1,コア1s)]
    P2: Life:5, Reserve:0, Hand:4枚, Field:[最奥：緑淵深(Lv2,コア2s)]
  候補行動 (0件):
  ステップ終了評価: -0.0852
  => 選択: ステップ終了

Turn 2 | 手数 6 | 手番: P2(run2_run3.kann.weight) | 第2メインステップ
  盤面:
    P1: Life:5, Reserve:0, Hand:4枚, Field:[ストラレイ(Lv1,コア1s)]
    P2: Life:5, Reserve:0, Hand:4枚, Field:[最奥：緑淵深(Lv2,コア2s)]
  候補行動 (3件):
    [0] MOVE_CORE | 🔷を移動 -> eval: -0.0926
    [1] MOVE_CORE | 🔶を移動 -> eval: -0.1389
    [2] MOVE_CORE | 🔷🔶を移動 -> eval: -0.1465
  ステップ終了評価: -0.0852
  => 選択: ステップ終了 (候補最大 -0.0926 <= 終了評価 -0.0852)

Turn 2 | 手数 7 | 手番: P2(run2_run3.kann.weight) | エンドステップ
  盤面:
    P1: Life:5, Reserve:0, Hand:4枚, Field:[ストラレイ(Lv1,コア1s)]
    P2: Life:5, Reserve:0, Hand:4枚, Field:[最奥：緑淵深(Lv2,コア2s)]
  候補行動 (0件):
  ステップ終了評価: -0.0721
  => 選択: ステップ終了
     効果/結果: 【ターン 3】 手番: プレイヤー1
     効果/結果: 🔷 コアステップ: ボイドからリザーブへコア1個
     効果/結果: 🃏 ドローステップ: 「モラモーラ」をドロー (残り34枚)
     効果/結果: ♻️ リフレッシュステップ: トラッシュのコア3個をリザーブへ

Turn 3 | 手数 8 | 手番: P1(run3_run4.kann.weight) | メインステップ
  盤面:
    P1: Life:5, Reserve:4, Hand:5枚, Field:[ストラレイ(Lv1,コア1s)]
    P2: Life:5, Reserve:0, Hand:4枚, Field:[最奥：緑淵深(Lv2,コア2s)]
  候補行動 (23件):
    [0] SUMMON | コスト🔷🔷, 配置コア🔷, (支払:R:🔷🔷, 配置:R:🔷) -> eval: +0.0389
    [1] SUMMON | コスト🔷🔷, 配置コア🔶 ⚠️ストラレイ消滅, (支払:R:🔷🔷, 配置:ストラレイ:🔶) -> eval: -0.1330
    [2] SUMMON | コスト🔷🔶, 配置コア🔷 ⚠️ストラレイ消滅, (支払:R:🔷, ストラレイ:🔶, 配置:R:🔷) -> eval: -0.1275
    [3] SUMMON | コスト🔷🔷, 配置コア🔷🔷, (支払:R:🔷🔷, 配置:R:🔷🔷) -> eval: +0.0828
    [4] SUMMON | コスト🔷🔷, 配置コア🔷🔶 ⚠️ストラレイ消滅, (支払:R:🔷🔷, 配置:R:🔷, ストラレイ:🔶) -> eval: -0.1107
    [5] SUMMON | コスト🔷🔶, 配置コア🔷🔷 ⚠️ストラレイ消滅, (支払:R:🔷, ストラレイ:🔶, 配置:R:🔷🔷) -> eval: -0.0931
    [6] SUMMON | コスト🔷🔷, 配置コア🔷🔷🔶 ⚠️ストラレイ消滅, (支払:R:🔷🔷, 配置:R:🔷🔷, ストラレイ:🔶) -> eval: -0.1013
    [7] SUMMON | コスト🔷🔶, 配置コア🔷🔷🔷 ⚠️ストラレイ消滅, (支払:R:🔷, ストラレイ:🔶, 配置:R:🔷🔷🔷) -> eval: -0.0841
    [8] SUMMON | コスト🔷🔷🔷🔷, 配置コア🔶 ⚠️ストラレイ消滅, (支払:R:🔷🔷🔷🔷, 配置:ストラレイ:🔶) -> eval: -0.0986
    [9] SUMMON | コスト🔷🔷🔷🔶, 配置コア🔷 ⚠️ストラレイ消滅, (支払:R:🔷🔷🔷, ストラレイ:🔶, 配置:R:🔷) -> eval: -0.0831
    [10] SUMMON | コスト🔷🔷🔷🔷, 配置コア🔶 ⚠️ストラレイ消滅, (支払:R:🔷🔷🔷🔷, 配置:ストラレイ:🔶) -> eval: -0.0872
    [11] SUMMON | コスト🔷🔷🔷🔶, 配置コア🔷 ⚠️ストラレイ消滅, (支払:R:🔷🔷🔷, ストラレイ:🔶, 配置:R:🔷) -> eval: -0.0831
    [12] SUMMON | コスト🔷🔷🔷, 配置コア🔷, (支払:R:🔷🔷🔷, 配置:R:🔷) -> eval: +0.0550
    [13] SUMMON | コスト🔷🔷🔷, 配置コア🔶 ⚠️ストラレイ消滅, (支払:R:🔷🔷🔷, 配置:ストラレイ:🔶) -> eval: -0.1136
    [14] SUMMON | コスト🔷🔷🔶, 配置コア🔷 ⚠️ストラレイ消滅, (支払:R:🔷🔷, ストラレイ:🔶, 配置:R:🔷) -> eval: -0.0979
    [15] SUMMON | コスト🔷🔷🔷, 配置コア🔷🔶 ⚠️ストラレイ消滅, (支払:R:🔷🔷🔷, 配置:R:🔷, ストラレイ:🔶) -> eval: -0.1050
    [16] SUMMON | コスト🔷🔷🔶, 配置コア🔷🔷 ⚠️ストラレイ消滅, (支払:R:🔷🔷, ストラレイ:🔶, 配置:R:🔷🔷) -> eval: -0.0892
    [17] MOVE_CORE | 🔷を移動 -> eval: -0.0423
    [18] MOVE_CORE | 🔷🔷を移動 -> eval: +0.0020
    [19] MOVE_CORE | 🔷🔷🔷を移動 -> eval: +0.0145
    [20] MOVE_CORE | 🔷🔷🔷🔷を移動 -> eval: +0.0273
    [21] MOVE_CORE | 🔶を移動 ⚠️ストラレイ消滅 -> eval: -0.2520
    [22] MOVE_CORE | 🔶 ⇄ 🔷 を交換 -> eval: -0.1202
  ステップ終了評価: -0.0538
  => 選択: SUMMON | コスト🔷🔷, 配置コア🔷🔷, (支払:R:🔷🔷, 配置:R:🔷🔷) (eval: +0.0828 > 終了評価 -0.0538)
     効果/結果: 🎴 「パッファー」を召喚 (コスト2をトラッシュへ)

Turn 3 | 手数 9 | 手番: P1(run3_run4.kann.weight) | メインステップ
  盤面:
    P1: Life:5, Reserve:0, Hand:4枚, Field:[ストラレイ(Lv1,コア1s), パッファー(Lv2,コア2)]
    P2: Life:5, Reserve:0, Hand:4枚, Field:[最奥：緑淵深(Lv2,コア2s)]
  候補行動 (9件):
    [0] SUMMON | コスト🔷🔷, 配置コア🔶 ⚠️ストラレイ・パッファー消滅, (支払:パッファー:🔷🔷, 配置:ストラレイ:🔶) -> eval: -0.1545
    [1] SUMMON | コスト🔷🔶, 配置コア🔷 ⚠️ストラレイ・パッファー消滅, (支払:ストラレイ:🔶, パッファー:🔷, 配置:パッファー:🔷) -> eval: -0.1121
    [2] MOVE_CORE | 🔶を移動 ⚠️ストラレイ消滅 -> eval: -0.0931
    [3] MOVE_CORE | 🔶を移動 ⚠️ストラレイ消滅 -> eval: -0.1013
    [4] MOVE_CORE | 🔶 ⇄ 🔷 を交換 -> eval: +0.1170
    [5] MOVE_CORE | 🔷を移動 -> eval: +0.0389
    [6] MOVE_CORE | 🔷🔷を移動 ⚠️パッファー消滅 -> eval: -0.1192
    [7] MOVE_CORE | 🔷を移動 -> eval: +0.0465
    [8] MOVE_CORE | 🔷🔷を移動 ⚠️パッファー消滅 -> eval: -0.0751
  ステップ終了評価: +0.0828
  => 選択: MOVE_CORE | 🔶 ⇄ 🔷 を交換 (eval: +0.1170 > 終了評価 +0.0828)
     効果/結果: 🔷 「ストラレイ」➔「パッファー」 ソウルコア1個 / 「パッファー」➔「ストラレイ」 通常コア1個

Turn 3 | 手数 10 | 手番: P1(run3_run4.kann.weight) | メインステップ
  盤面:
    P1: Life:5, Reserve:0, Hand:4枚, Field:[ストラレイ(Lv1,コア1), パッファー(Lv2,コア2s)]
    P2: Life:5, Reserve:0, Hand:4枚, Field:[最奥：緑淵深(Lv2,コア2s)]
  候補行動 (10件):
    [0] SUMMON | コスト🔷🔷, 配置コア🔶 ⚠️ストラレイ・パッファー消滅, (支払:ストラレイ:🔷, パッファー:🔷, 配置:パッファー:🔶) -> eval: -0.1545
    [1] SUMMON | コスト🔷🔶, 配置コア🔷 ⚠️ストラレイ・パッファー消滅, (支払:パッファー:🔷🔶, 配置:ストラレイ:🔷) -> eval: -0.1121
    [2] MOVE_CORE | 🔷を移動 ⚠️ストラレイ消滅 -> eval: -0.1107
    [3] MOVE_CORE | 🔷を移動 ⚠️ストラレイ消滅 -> eval: -0.1013
    [4] MOVE_CORE | 🔷を移動 -> eval: +0.0852
    [5] MOVE_CORE | 🔶を移動 -> eval: +0.0086
    [6] MOVE_CORE | 🔷🔶を移動 ⚠️パッファー消滅 -> eval: -0.1065
    [7] MOVE_CORE | 🔷を移動 -> eval: +0.0928
    [8] MOVE_CORE | 🔶を移動 -> eval: +0.0465
    [9] MOVE_CORE | 🔷🔶を移動 ⚠️パッファー消滅 -> eval: -0.0751
  ステップ終了評価: +0.1170
  => 選択: ステップ終了 (候補最大 +0.0928 <= 終了評価 +0.1170)

Turn 3 | 手数 11 | 手番: P1(run3_run4.kann.weight) | アタック宣言
  盤面:
    P1: Life:5, Reserve:0, Hand:4枚, Field:[ストラレイ(Lv1,コア1), パッファー(Lv2,コア2s)]
    P2: Life:5, Reserve:0, Hand:4枚, Field:[最奥：緑淵深(Lv2,コア2s)]
  候補行動 (2件):
    [0] ATTACK | ストラレイ でアタック宣言 (Lv1, BP4000, 通ればライフ-🔷) -> eval: +0.1659
    [1] ATTACK | パッファー でアタック宣言 (Lv2, BP3000, 通ればライフ-🔷) -> eval: +0.1331
  ステップ終了評価: +0.1170
  => 選択: ATTACK | ストラレイ でアタック宣言 (Lv1, BP4000, 通ればライフ-🔷) (eval: +0.1659 > 終了評価 +0.1170)
     効果/結果: 🗡️ 「ストラレイ」がアタック宣言 (BP4000)

Turn 3 | 手数 12 | 手番: P2(run2_run3.kann.weight) | ブロック宣言
  盤面:
    P1: Life:5, Reserve:0, Hand:4枚, Field:[ストラレイ(Lv1,コア1), パッファー(Lv2,コア2s)]
    P2: Life:5, Reserve:0, Hand:4枚, Field:[最奥：緑淵深(Lv2,コア2s)]
  候補行動 (1件):
    [0] PASS_BLOCK | ライフでアタックを受ける (ライフ-🔷) -> eval: +0.1635
  => 選択: PASS_BLOCK | ライフでアタックを受ける (ライフ-🔷) (eval: +0.1635)
     効果/結果: 💔 ブロックせず: プレイヤー2 のライフ-1 (コアはリザーブへ)

Turn 3 | 手数 13 | 手番: P1(run3_run4.kann.weight) | アタック宣言
  盤面:
    P1: Life:5, Reserve:0, Hand:4枚, Field:[ストラレイ(Lv1,コア1), パッファー(Lv2,コア2s)]
    P2: Life:4, Reserve:1, Hand:4枚, Field:[最奥：緑淵深(Lv2,コア2s)]
  候補行動 (1件):
    [0] ATTACK | パッファー でアタック宣言 (Lv2, BP3000, 通ればライフ-🔷) -> eval: +0.1841
  ステップ終了評価: +0.1725
  => 選択: ATTACK | パッファー でアタック宣言 (Lv2, BP3000, 通ればライフ-🔷) (eval: +0.1841 > 終了評価 +0.1725)
     効果/結果: 🗡️ 「パッファー」がアタック宣言 (BP3000)

Turn 3 | 手数 14 | 手番: P2(run2_run3.kann.weight) | ブロック宣言
  盤面:
    P1: Life:5, Reserve:0, Hand:4枚, Field:[ストラレイ(Lv1,コア1), パッファー(Lv2,コア2s)]
    P2: Life:4, Reserve:1, Hand:4枚, Field:[最奥：緑淵深(Lv2,コア2s)]
  候補行動 (1件):
    [0] PASS_BLOCK | ライフでアタックを受ける (ライフ-🔷) -> eval: +0.3025
  => 選択: PASS_BLOCK | ライフでアタックを受ける (ライフ-🔷) (eval: +0.3025)
     効果/結果: 💔 ブロックせず: プレイヤー2 のライフ-1 (コアはリザーブへ)

Turn 3 | 手数 15 | 手番: P1(run3_run4.kann.weight) | アタック宣言
  盤面:
    P1: Life:5, Reserve:0, Hand:4枚, Field:[ストラレイ(Lv1,コア1), パッファー(Lv2,コア2s)]
    P2: Life:3, Reserve:2, Hand:4枚, Field:[最奥：緑淵深(Lv2,コア2s)]
  候補行動 (0件):
  ステップ終了評価: +0.1914
  => 選択: ステップ終了

Turn 3 | 手数 16 | 手番: P1(run3_run4.kann.weight) | 第2メインステップ
  盤面:
    P1: Life:5, Reserve:0, Hand:4枚, Field:[ストラレイ(Lv1,コア1), パッファー(Lv2,コア2s)]
    P2: Life:3, Reserve:2, Hand:4枚, Field:[最奥：緑淵深(Lv2,コア2s)]
  候補行動 (11件):
    [0] SUMMON | コスト🔷🔷, 配置コア🔶 ⚠️ストラレイ・パッファー消滅, (支払:ストラレイ:🔷, パッファー:🔷, 配置:パッファー:🔶) -> eval: -0.1224
    [1] SUMMON | コスト🔷🔶, 配置コア🔷 ⚠️ストラレイ・パッファー消滅, (支払:パッファー:🔷🔶, 配置:ストラレイ:🔷) -> eval: -0.0789
    [2] MOVE_CORE | 🔷を移動 ⚠️ストラレイ消滅 -> eval: -0.0505
    [3] MOVE_CORE | 🔷を移動 ⚠️ストラレイ消滅 -> eval: -0.0387
    [4] MOVE_CORE | 🔷を移動 -> eval: +0.1578
    [5] MOVE_CORE | 🔶を移動 -> eval: +0.1092
    [6] MOVE_CORE | 🔷🔶を移動 ⚠️パッファー消滅 -> eval: -0.0343
    [7] MOVE_CORE | 🔷を移動 -> eval: +0.1684
    [8] MOVE_CORE | 🔶を移動 -> eval: +0.1273
    [9] MOVE_CORE | 🔷🔶を移動 ⚠️パッファー消滅 -> eval: -0.0130
    [10] MOVE_CORE | 🔶 ⇄ 🔷 を交換 -> eval: +0.1540
  ステップ終了評価: +0.1914
  => 選択: ステップ終了 (候補最大 +0.1684 <= 終了評価 +0.1914)

Turn 3 | 手数 17 | 手番: P1(run3_run4.kann.weight) | エンドステップ
  盤面:
    P1: Life:5, Reserve:0, Hand:4枚, Field:[ストラレイ(Lv1,コア1), パッファー(Lv2,コア2s)]
    P2: Life:3, Reserve:2, Hand:4枚, Field:[最奥：緑淵深(Lv2,コア2s)]
  候補行動 (0件):
  ステップ終了評価: +0.2452
  => 選択: ステップ終了
     効果/結果: 【ターン 4】 手番: プレイヤー2
     効果/結果: 🔷 コアステップ: ボイドからリザーブへコア1個
     効果/結果: 🃏 ドローステップ: 「ストラレイ」をドロー (残り33枚)
     効果/結果: ♻️ リフレッシュステップ: トラッシュのコア3個をリザーブへ

Turn 4 | 手数 18 | 手番: P2(run2_run3.kann.weight) | メインステップ
  盤面:
    P1: Life:5, Reserve:0, Hand:4枚, Field:[ストラレイ(Lv1,コア1), パッファー(Lv2,コア2s)]
    P2: Life:3, Reserve:6, Hand:5枚, Field:[最奥：緑淵深(Lv2,コア2s)]
  候補行動 (111件):
    [0] SUMMON | コスト🔷🔷🔷🔷, 配置コア🔷, (支払:R:🔷🔷🔷🔷, 配置:R:🔷) -> eval: +0.3466
    [1] SUMMON | コスト🔷🔷🔷🔷, 配置コア🔷, (支払:R:🔷🔷🔷, 最奥：緑淵深:🔷, 配置:R:🔷) -> eval: +0.3443
    [2] SUMMON | コスト🔷🔷🔷🔷, 配置コア🔶, (支払:R:🔷🔷🔷🔷, 配置:最奥：緑淵深:🔶) -> eval: +0.3510
    [3] SUMMON | コスト🔷🔷🔷🔷, 配置コア🔶, (支払:R:🔷🔷🔷, 最奥：緑淵深:🔷, 配置:最奥：緑淵深:🔶) -> eval: +0.3504
    [4] SUMMON | コスト🔷🔷🔷🔶, 配置コア🔷, (支払:R:🔷🔷🔷, 最奥：緑淵深:🔶, 配置:R:🔷) -> eval: +0.3460
    [5] SUMMON | コスト🔷🔷🔷🔶, 配置コア🔷, (支払:R:🔷🔷, 最奥：緑淵深:🔷🔶, 配置:R:🔷) -> eval: +0.3439
    [6] SUMMON | コスト🔷🔷🔷🔷, 配置コア🔷🔷, (支払:R:🔷🔷🔷🔷, 配置:R:🔷🔷) -> eval: +0.3518
    [7] SUMMON | コスト🔷🔷🔷🔷, 配置コア🔷🔷, (支払:R:🔷🔷🔷, 最奥：緑淵深:🔷, 配置:R:🔷🔷) -> eval: +0.3487
    [8] SUMMON | コスト🔷🔷🔷🔷, 配置コア🔷🔶, (支払:R:🔷🔷🔷🔷, 配置:R:🔷, 最奥：緑淵深:🔶) -> eval: +0.3543
    [9] SUMMON | コスト🔷🔷🔷🔷, 配置コア🔷🔶, (支払:R:🔷🔷🔷, 最奥：緑淵深:🔷, 配置:R:🔷, 最奥：緑淵深:🔶) -> eval: +0.3531
    [10] SUMMON | コスト🔷🔷🔷🔶, 配置コア🔷🔷, (支払:R:🔷🔷🔷, 最奥：緑淵深:🔶, 配置:R:🔷🔷) -> eval: +0.3522
    [11] SUMMON | コスト🔷🔷🔷🔶, 配置コア🔷🔷, (支払:R:🔷🔷, 最奥：緑淵深:🔷🔶, 配置:R:🔷🔷) -> eval: +0.3493
    [12] SUMMON | コスト🔷🔷🔷🔷, 配置コア🔷🔷🔷, (支払:R:🔷🔷🔷, 最奥：緑淵深:🔷, 配置:R:🔷🔷🔷) -> eval: +0.3797
    [13] SUMMON | コスト🔷🔷🔷🔷, 配置コア🔷🔷🔶, (支払:R:🔷🔷🔷🔷, 配置:R:🔷🔷, 最奥：緑淵深:🔶) -> eval: +0.3702
    [14] SUMMON | コスト🔷🔷🔷🔷, 配置コア🔷🔷🔶, (支払:R:🔷🔷🔷, 最奥：緑淵深:🔷, 配置:R:🔷🔷, 最奥：緑淵深:🔶) -> eval: +0.3678
    [15] SUMMON | コスト🔷🔷🔷🔶, 配置コア🔷🔷🔷, (支払:R:🔷🔷🔷, 最奥：緑淵深:🔶, 配置:R:🔷🔷🔷) -> eval: +0.3880
    [16] SUMMON | コスト🔷🔷🔷🔶, 配置コア🔷🔷🔷, (支払:R:🔷🔷, 最奥：緑淵深:🔷🔶, 配置:R:🔷🔷🔷) -> eval: +0.3840
    [17] SUMMON | コスト🔷🔷🔷🔷, 配置コア🔷🔷🔷🔶, (支払:R:🔷🔷🔷, 最奥：緑淵深:🔷, 配置:R:🔷🔷🔷, 最奥：緑淵深:🔶) -> eval: +0.3737
    [18] SUMMON | コスト🔷🔷🔷🔶, 配置コア🔷🔷🔷🔷, (支払:R:🔷🔷, 最奥：緑淵深:🔷🔶, 配置:R:🔷🔷🔷🔷) -> eval: +0.3927
    [19] SUMMON | コスト🔷🔷🔷🔷, 配置コア🔷, (支払:R:🔷🔷🔷🔷, 配置:R:🔷) -> eval: +0.3563
    [20] SUMMON | コスト🔷🔷🔷🔷, 配置コア🔷, (支払:R:🔷🔷🔷, 最奥：緑淵深:🔷, 配置:R:🔷) -> eval: +0.3539
    [21] SUMMON | コスト🔷🔷🔷🔷, 配置コア🔶, (支払:R:🔷🔷🔷🔷, 配置:最奥：緑淵深:🔶) -> eval: +0.3637
    [22] SUMMON | コスト🔷🔷🔷🔷, 配置コア🔶, (支払:R:🔷🔷🔷, 最奥：緑淵深:🔷, 配置:最奥：緑淵深:🔶) -> eval: +0.3627
    [23] SUMMON | コスト🔷🔷🔷🔶, 配置コア🔷, (支払:R:🔷🔷🔷, 最奥：緑淵深:🔶, 配置:R:🔷) -> eval: +0.3568
    [24] SUMMON | コスト🔷🔷🔷🔶, 配置コア🔷, (支払:R:🔷🔷, 最奥：緑淵深:🔷🔶, 配置:R:🔷) -> eval: +0.3545
    [25] SUMMON | コスト🔷🔷🔷🔷, 配置コア🔷🔷, (支払:R:🔷🔷🔷🔷, 配置:R:🔷🔷) -> eval: +0.3616
    [26] SUMMON | コスト🔷🔷🔷🔷, 配置コア🔷🔷, (支払:R:🔷🔷🔷, 最奥：緑淵深:🔷, 配置:R:🔷🔷) -> eval: +0.3584
    [27] SUMMON | コスト🔷🔷🔷🔷, 配置コア🔷🔶, (支払:R:🔷🔷🔷🔷, 配置:R:🔷, 最奥：緑淵深:🔶) -> eval: +0.3682
    [28] SUMMON | コスト🔷🔷🔷🔷, 配置コア🔷🔶, (支払:R:🔷🔷🔷, 最奥：緑淵深:🔷, 配置:R:🔷, 最奥：緑淵深:🔶) -> eval: +0.3665
    [29] SUMMON | コスト🔷🔷🔷🔶, 配置コア🔷🔷, (支払:R:🔷🔷🔷, 最奥：緑淵深:🔶, 配置:R:🔷🔷) -> eval: +0.3631
    [30] SUMMON | コスト🔷🔷🔷🔶, 配置コア🔷🔷, (支払:R:🔷🔷, 最奥：緑淵深:🔷🔶, 配置:R:🔷🔷) -> eval: +0.3600
    [31] SUMMON | コスト🔷🔷🔷🔷, 配置コア🔷🔷🔷, (支払:R:🔷🔷🔷, 最奥：緑淵深:🔷, 配置:R:🔷🔷🔷) -> eval: +0.3642
    [32] SUMMON | コスト🔷🔷🔷🔷, 配置コア🔷🔷🔶, (支払:R:🔷🔷🔷🔷, 配置:R:🔷🔷, 最奥：緑淵深:🔶) -> eval: +0.3739
    [33] SUMMON | コスト🔷🔷🔷🔷, 配置コア🔷🔷🔶, (支払:R:🔷🔷🔷, 最奥：緑淵深:🔷, 配置:R:🔷🔷, 最奥：緑淵深:🔶) -> eval: +0.3714
    [34] SUMMON | コスト🔷🔷🔷🔶, 配置コア🔷🔷🔷, (支払:R:🔷🔷🔷, 最奥：緑淵深:🔶, 配置:R:🔷🔷🔷) -> eval: +0.3705
    [35] SUMMON | コスト🔷🔷🔷🔶, 配置コア🔷🔷🔷, (支払:R:🔷🔷, 最奥：緑淵深:🔷🔶, 配置:R:🔷🔷🔷) -> eval: +0.3666
    [36] SUMMON | コスト🔷🔷🔷🔷, 配置コア🔷🔷🔷🔶, (支払:R:🔷🔷🔷, 最奥：緑淵深:🔷, 配置:R:🔷🔷🔷, 最奥：緑淵深:🔶) -> eval: +0.3773
    [37] SUMMON | コスト🔷🔷🔷🔶, 配置コア🔷🔷🔷🔷, (支払:R:🔷🔷, 最奥：緑淵深:🔷🔶, 配置:R:🔷🔷🔷🔷) -> eval: +0.3744
    [38] SUMMON | コスト🔷🔷🔷🔷, 配置コア🔷, (支払:R:🔷🔷🔷🔷, 配置:R:🔷) -> eval: +0.3563
    [39] SUMMON | コスト🔷🔷🔷🔷, 配置コア🔷, (支払:R:🔷🔷🔷, 最奥：緑淵深:🔷, 配置:R:🔷) -> eval: +0.3539
    [40] SUMMON | コスト🔷🔷🔷🔷, 配置コア🔶, (支払:R:🔷🔷🔷🔷, 配置:最奥：緑淵深:🔶) -> eval: +0.3590
    [41] SUMMON | コスト🔷🔷🔷🔷, 配置コア🔶, (支払:R:🔷🔷🔷, 最奥：緑淵深:🔷, 配置:最奥：緑淵深:🔶) -> eval: +0.3583
    [42] SUMMON | コスト🔷🔷🔷🔶, 配置コア🔷, (支払:R:🔷🔷🔷, 最奥：緑淵深:🔶, 配置:R:🔷) -> eval: +0.3568
    [43] SUMMON | コスト🔷🔷🔷🔶, 配置コア🔷, (支払:R:🔷🔷, 最奥：緑淵深:🔷🔶, 配置:R:🔷) -> eval: +0.3545
    [44] SUMMON | コスト🔷🔷🔷🔷, 配置コア🔷🔷, (支払:R:🔷🔷🔷🔷, 配置:R:🔷🔷) -> eval: +0.3795
    [45] SUMMON | コスト🔷🔷🔷🔷, 配置コア🔷🔷, (支払:R:🔷🔷🔷, 最奥：緑淵深:🔷, 配置:R:🔷🔷) -> eval: +0.3762
    [46] SUMMON | コスト🔷🔷🔷🔷, 配置コア🔷🔶, (支払:R:🔷🔷🔷🔷, 配置:R:🔷, 最奥：緑淵深:🔶) -> eval: +0.3682
    [47] SUMMON | コスト🔷🔷🔷🔷, 配置コア🔷🔶, (支払:R:🔷🔷🔷, 最奥：緑淵深:🔷, 配置:R:🔷, 最奥：緑淵深:🔶) -> eval: +0.3665
    [48] SUMMON | コスト🔷🔷🔷🔶, 配置コア🔷🔷, (支払:R:🔷🔷🔷, 最奥：緑淵深:🔶, 配置:R:🔷🔷) -> eval: +0.3832
    [49] SUMMON | コスト🔷🔷🔷🔶, 配置コア🔷🔷, (支払:R:🔷🔷, 最奥：緑淵深:🔷🔶, 配置:R:🔷🔷) -> eval: +0.3801
    [50] SUMMON | コスト🔷🔷🔷🔷, 配置コア🔷🔷🔷, (支払:R:🔷🔷🔷, 最奥：緑淵深:🔷, 配置:R:🔷🔷🔷) -> eval: +0.3830
    [51] SUMMON | コスト🔷🔷🔷🔷, 配置コア🔷🔷🔶, (支払:R:🔷🔷🔷🔷, 配置:R:🔷🔷, 最奥：緑淵深:🔶) -> eval: +0.3739
    [52] SUMMON | コスト🔷🔷🔷🔷, 配置コア🔷🔷🔶, (支払:R:🔷🔷🔷, 最奥：緑淵深:🔷, 配置:R:🔷🔷, 最奥：緑淵深:🔶) -> eval: +0.3714
    [53] SUMMON | コスト🔷🔷🔷🔶, 配置コア🔷🔷🔷, (支払:R:🔷🔷🔷, 最奥：緑淵深:🔶, 配置:R:🔷🔷🔷) -> eval: +0.3916
    [54] SUMMON | コスト🔷🔷🔷🔶, 配置コア🔷🔷🔷, (支払:R:🔷🔷, 最奥：緑淵深:🔷🔶, 配置:R:🔷🔷🔷) -> eval: +0.3876
    [55] SUMMON | コスト🔷🔷🔷🔷, 配置コア🔷🔷🔷🔶, (支払:R:🔷🔷🔷, 最奥：緑淵深:🔷, 配置:R:🔷🔷🔷, 最奥：緑淵深:🔶) -> eval: +0.3773
    [56] SUMMON | コスト🔷🔷🔷🔶, 配置コア🔷🔷🔷🔷, (支払:R:🔷🔷, 最奥：緑淵深:🔷🔶, 配置:R:🔷🔷🔷🔷) -> eval: +0.3963
    [57] SUMMON | コスト🔷🔷🔷🔷🔷, 配置コア🔷, (支払:R:🔷🔷🔷🔷🔷, 配置:R:🔷) -> eval: +0.3646
    [58] SUMMON | コスト🔷🔷🔷🔷🔷, 配置コア🔷, (支払:R:🔷🔷🔷🔷, 最奥：緑淵深:🔷, 配置:R:🔷) -> eval: +0.3614
    [59] SUMMON | コスト🔷🔷🔷🔷🔷, 配置コア🔶, (支払:R:🔷🔷🔷🔷🔷, 配置:最奥：緑淵深:🔶) -> eval: +0.3778
    [60] SUMMON | コスト🔷🔷🔷🔷🔷, 配置コア🔶, (支払:R:🔷🔷🔷🔷, 最奥：緑淵深:🔷, 配置:最奥：緑淵深:🔶) -> eval: +0.3761
    [61] SUMMON | コスト🔷🔷🔷🔷🔶, 配置コア🔷, (支払:R:🔷🔷🔷🔷, 最奥：緑淵深:🔶, 配置:R:🔷) -> eval: +0.3656
    [62] SUMMON | コスト🔷🔷🔷🔷🔶, 配置コア🔷, (支払:R:🔷🔷🔷, 最奥：緑淵深:🔷🔶, 配置:R:🔷) -> eval: +0.3626
    [63] SUMMON | コスト🔷🔷🔷🔷🔷, 配置コア🔷🔷, (支払:R:🔷🔷🔷🔷, 最奥：緑淵深:🔷, 配置:R:🔷🔷) -> eval: +0.3668
    [64] SUMMON | コスト🔷🔷🔷🔷🔷, 配置コア🔷🔶, (支払:R:🔷🔷🔷🔷🔷, 配置:R:🔷, 最奥：緑淵深:🔶) -> eval: +0.3832
    [65] SUMMON | コスト🔷🔷🔷🔷🔷, 配置コア🔷🔶, (支払:R:🔷🔷🔷🔷, 最奥：緑淵深:🔷, 配置:R:🔷, 最奥：緑淵深:🔶) -> eval: +0.3807
    [66] SUMMON | コスト🔷🔷🔷🔷🔶, 配置コア🔷🔷, (支払:R:🔷🔷🔷🔷, 最奥：緑淵深:🔶, 配置:R:🔷🔷) -> eval: +0.3727
    [67] SUMMON | コスト🔷🔷🔷🔷🔶, 配置コア🔷🔷, (支払:R:🔷🔷🔷, 最奥：緑淵深:🔷🔶, 配置:R:🔷🔷) -> eval: +0.3688
    [68] SUMMON | コスト🔷🔷🔷🔷🔷, 配置コア🔷🔷🔶, (支払:R:🔷🔷🔷🔷, 最奥：緑淵深:🔷, 配置:R:🔷🔷, 最奥：緑淵深:🔶) -> eval: +0.3864
    [69] SUMMON | コスト🔷🔷🔷🔷🔶, 配置コア🔷🔷🔷, (支払:R:🔷🔷🔷, 最奥：緑淵深:🔷🔶, 配置:R:🔷🔷🔷) -> eval: +0.3762
    [70] SUMMON | コスト🔷🔷, 配置コア🔷, (支払:R:🔷🔷, 配置:R:🔷) -> eval: +0.3322
    [71] SUMMON | コスト🔷🔷, 配置コア🔷, (支払:R:🔷, 最奥：緑淵深:🔷, 配置:R:🔷) -> eval: +0.3317
    [72] SUMMON | コスト🔷🔷, 配置コア🔶, (支払:R:🔷🔷, 配置:最奥：緑淵深:🔶) -> eval: +0.3403
    [73] SUMMON | コスト🔷🔷, 配置コア🔶, (支払:R:🔷, 最奥：緑淵深:🔷, 配置:最奥：緑淵深:🔶) -> eval: +0.3412
    [74] SUMMON | コスト🔷🔶, 配置コア🔷, (支払:R:🔷, 最奥：緑淵深:🔶, 配置:R:🔷) -> eval: +0.3333
    [75] SUMMON | コスト🔷🔶, 配置コア🔷, (支払:最奥：緑淵深:🔷🔶, 配置:R:🔷) -> eval: +0.3328
    [76] SUMMON | コスト🔷🔷, 配置コア🔷🔷, (支払:R:🔷🔷, 配置:R:🔷🔷) -> eval: +0.3358
    [77] SUMMON | コスト🔷🔷, 配置コア🔷🔷, (支払:R:🔷, 最奥：緑淵深:🔷, 配置:R:🔷🔷) -> eval: +0.3345
    [78] SUMMON | コスト🔷🔷, 配置コア🔷🔶, (支払:R:🔷🔷, 配置:R:🔷, 最奥：緑淵深:🔶) -> eval: +0.3424
    [79] SUMMON | コスト🔷🔷, 配置コア🔷🔶, (支払:R:🔷, 最奥：緑淵深:🔷, 配置:R:🔷, 最奥：緑淵深:🔶) -> eval: +0.3427
    [80] SUMMON | コスト🔷🔶, 配置コア🔷🔷, (支払:R:🔷, 最奥：緑淵深:🔶, 配置:R:🔷🔷) -> eval: +0.3380
    [81] SUMMON | コスト🔷🔶, 配置コア🔷🔷, (支払:最奥：緑淵深:🔷🔶, 配置:R:🔷🔷) -> eval: +0.3369
    [82] SUMMON | コスト🔷🔷, 配置コア🔷🔷🔷, (支払:R:🔷🔷, 配置:R:🔷🔷🔷) -> eval: +0.3726
    [83] SUMMON | コスト🔷🔷, 配置コア🔷🔷🔷, (支払:R:🔷, 最奥：緑淵深:🔷, 配置:R:🔷🔷🔷) -> eval: +0.3702
    [84] SUMMON | コスト🔷🔷, 配置コア🔷🔷🔶, (支払:R:🔷🔷, 配置:R:🔷🔷, 最奥：緑淵深:🔶) -> eval: +0.3619
    [85] SUMMON | コスト🔷🔷, 配置コア🔷🔷🔶, (支払:R:🔷, 最奥：緑淵深:🔷, 配置:R:🔷🔷, 最奥：緑淵深:🔶) -> eval: +0.3612
    [86] SUMMON | コスト🔷🔶, 配置コア🔷🔷🔷, (支払:R:🔷, 最奥：緑淵深:🔶, 配置:R:🔷🔷🔷) -> eval: +0.3797
    [87] SUMMON | コスト🔷🔶, 配置コア🔷🔷🔷, (支払:最奥：緑淵深:🔷🔶, 配置:R:🔷🔷🔷) -> eval: +0.3776
    [88] SUMMON | コスト🔷🔷, 配置コア🔷🔷🔷🔷, (支払:R:🔷🔷, 配置:R:🔷🔷🔷🔷) -> eval: +0.3800
    [89] SUMMON | コスト🔷🔷, 配置コア🔷🔷🔷🔷, (支払:R:🔷, 最奥：緑淵深:🔷, 配置:R:🔷🔷🔷🔷) -> eval: +0.3767
    [90] SUMMON | コスト🔷🔷, 配置コア🔷🔷🔷🔶, (支払:R:🔷🔷, 配置:R:🔷🔷🔷, 最奥：緑淵深:🔶) -> eval: +0.3673
    [91] SUMMON | コスト🔷🔷, 配置コア🔷🔷🔷🔶, (支払:R:🔷, 最奥：緑淵深:🔷, 配置:R:🔷🔷🔷, 最奥：緑淵深:🔶) -> eval: +0.3659
    [92] SUMMON | コスト🔷🔶, 配置コア🔷🔷🔷🔷, (支払:R:🔷, 最奥：緑淵深:🔶, 配置:R:🔷🔷🔷🔷) -> eval: +0.3878
    [93] SUMMON | コスト🔷🔶, 配置コア🔷🔷🔷🔷, (支払:最奥：緑淵深:🔷🔶, 配置:R:🔷🔷🔷🔷) -> eval: +0.3849
    [94] SUMMON | コスト🔷🔷, 配置コア🔷🔷🔷🔷🔷, (支払:R:🔷, 最奥：緑淵深:🔷, 配置:R:🔷🔷🔷🔷🔷) -> eval: +0.3845
    [95] SUMMON | コスト🔷🔷, 配置コア🔷🔷🔷🔷🔶, (支払:R:🔷🔷, 配置:R:🔷🔷🔷🔷, 最奥：緑淵深:🔶) -> eval: +0.3739
    [96] SUMMON | コスト🔷🔷, 配置コア🔷🔷🔷🔷🔶, (支払:R:🔷, 最奥：緑淵深:🔷, 配置:R:🔷🔷🔷🔷, 最奥：緑淵深:🔶) -> eval: +0.3716
    [97] SUMMON | コスト🔷🔶, 配置コア🔷🔷🔷🔷🔷, (支払:R:🔷, 最奥：緑淵深:🔶, 配置:R:🔷🔷🔷🔷🔷) -> eval: +0.3969
    [98] SUMMON | コスト🔷🔶, 配置コア🔷🔷🔷🔷🔷, (支払:最奥：緑淵深:🔷🔶, 配置:R:🔷🔷🔷🔷🔷) -> eval: +0.3932
    [99] SUMMON | コスト🔷🔷, 配置コア🔷🔷🔷🔷🔷🔶, (支払:R:🔷, 最奥：緑淵深:🔷, 配置:R:🔷🔷🔷🔷🔷, 最奥：緑淵深:🔶) -> eval: +0.3786
    [100] SUMMON | コスト🔷🔶, 配置コア🔷🔷🔷🔷🔷🔷, (支払:最奥：緑淵深:🔷🔶, 配置:R:🔷🔷🔷🔷🔷🔷) -> eval: +0.4026
    [101] MOVE_CORE | 🔷を移動 -> eval: +0.2762
    [102] MOVE_CORE | 🔷🔷を移動 -> eval: +0.2777
    [103] MOVE_CORE | 🔷🔷🔷を移動 -> eval: +0.2805
    [104] MOVE_CORE | 🔷🔷🔷🔷を移動 -> eval: +0.2845
    [105] MOVE_CORE | 🔷🔷🔷🔷🔷を移動 -> eval: +0.2900
    [106] MOVE_CORE | 🔷🔷🔷🔷🔷🔷を移動 -> eval: +0.2970
    [107] MOVE_CORE | 🔷を移動 -> eval: +0.2761
    [108] MOVE_CORE | 🔶を移動 -> eval: +0.2533
    [109] MOVE_CORE | 🔷🔶を移動 -> eval: +0.2533
    [110] MOVE_CORE | 🔶 ⇄ 🔷 を交換 -> eval: +0.2541
  ステップ終了評価: +0.2757
  => 選択: SUMMON | コスト🔷🔶, 配置コア🔷🔷🔷🔷🔷🔷, (支払:最奥：緑淵深:🔷🔶, 配置:R:🔷🔷🔷🔷🔷🔷) (eval: +0.4026 > 終了評価 +0.2757)
     効果/結果: 🎴 「ストラレイ」を召喚 (コスト2をトラッシュへ) ※最奥：緑淵深から2個

Turn 4 | 手数 19 | 手番: P2(run2_run3.kann.weight) | メインステップ
  盤面:
    P1: Life:5, Reserve:0, Hand:4枚, Field:[ストラレイ(Lv1,コア1), パッファー(Lv2,コア2s)]
    P2: Life:3, Reserve:0, Hand:4枚, Field:[最奥：緑淵深(Lv1,コア0), ストラレイ(Lv2,コア6)]
  候補行動 (23件):
    [0] SUMMON | コスト🔷🔷🔷, 配置コア🔷, (支払:ストラレイ:🔷🔷🔷, 配置:ストラレイ:🔷) -> eval: +0.4188
    [1] SUMMON | コスト🔷🔷🔷, 配置コア🔷🔷, (支払:ストラレイ:🔷🔷🔷, 配置:ストラレイ:🔷🔷) -> eval: +0.4203
    [2] SUMMON | コスト🔷🔷🔷, 配置コア🔷🔷🔷 ⚠️ストラレイ消滅, (支払:ストラレイ:🔷🔷🔷, 配置:ストラレイ:🔷🔷🔷) -> eval: +0.2668
    [3] SUMMON | コスト🔷🔷🔷, 配置コア🔷, (支払:ストラレイ:🔷🔷🔷, 配置:ストラレイ:🔷) -> eval: +0.4293
    [4] SUMMON | コスト🔷🔷🔷, 配置コア🔷🔷, (支払:ストラレイ:🔷🔷🔷, 配置:ストラレイ:🔷🔷) -> eval: +0.4307
    [5] SUMMON | コスト🔷🔷🔷, 配置コア🔷🔷🔷 ⚠️ストラレイ消滅, (支払:ストラレイ:🔷🔷🔷, 配置:ストラレイ:🔷🔷🔷) -> eval: +0.2576
    [6] SUMMON | コスト🔷🔷🔷, 配置コア🔷, (支払:ストラレイ:🔷🔷🔷, 配置:ストラレイ:🔷) -> eval: +0.4293
    [7] SUMMON | コスト🔷🔷🔷, 配置コア🔷🔷, (支払:ストラレイ:🔷🔷🔷, 配置:ストラレイ:🔷🔷) -> eval: +0.4472
    [8] SUMMON | コスト🔷🔷🔷, 配置コア🔷🔷🔷 ⚠️ストラレイ消滅, (支払:ストラレイ:🔷🔷🔷, 配置:ストラレイ:🔷🔷🔷) -> eval: +0.2716
    [9] SUMMON | コスト🔷🔷🔷🔷, 配置コア🔷, (支払:ストラレイ:🔷🔷🔷🔷, 配置:ストラレイ:🔷) -> eval: +0.4327
    [10] SUMMON | コスト🔷🔷🔷🔷, 配置コア🔷🔷 ⚠️ストラレイ消滅, (支払:ストラレイ:🔷🔷🔷🔷, 配置:ストラレイ:🔷🔷) -> eval: +0.2581
    [11] MOVE_CORE | 🔷を移動 -> eval: +0.3932
    [12] MOVE_CORE | 🔷🔷を移動 -> eval: +0.3849
    [13] MOVE_CORE | 🔷🔷🔷を移動 -> eval: +0.3776
    [14] MOVE_CORE | 🔷🔷🔷🔷を移動 -> eval: +0.3369
    [15] MOVE_CORE | 🔷🔷🔷🔷🔷を移動 -> eval: +0.3328
    [16] MOVE_CORE | 🔷🔷🔷🔷🔷🔷を移動 ⚠️ストラレイ消滅 -> eval: +0.1279
    [17] MOVE_CORE | 🔷を移動 -> eval: +0.3969
    [18] MOVE_CORE | 🔷🔷を移動 -> eval: +0.3918
    [19] MOVE_CORE | 🔷🔷🔷を移動 -> eval: +0.3873
    [20] MOVE_CORE | 🔷🔷🔷🔷を移動 -> eval: +0.3481
    [21] MOVE_CORE | 🔷🔷🔷🔷🔷を移動 -> eval: +0.3458
    [22] MOVE_CORE | 🔷🔷🔷🔷🔷🔷を移動 ⚠️ストラレイ消滅 -> eval: +0.1753
  ステップ終了評価: +0.4026
  => 選択: SUMMON | コスト🔷🔷🔷, 配置コア🔷🔷, (支払:ストラレイ:🔷🔷🔷, 配置:ストラレイ:🔷🔷) (eval: +0.4472 > 終了評価 +0.4026)
     効果/結果: 🎴 「重顎ドロゴリアス」を召喚 (コスト3をトラッシュへ) ※ストラレイから3個, ストラレイから2個

Turn 4 | 手数 20 | 手番: P2(run2_run3.kann.weight) | メインステップ
  盤面:
    P1: Life:5, Reserve:0, Hand:4枚, Field:[ストラレイ(Lv1,コア1), パッファー(Lv2,コア2s)]
    P2: Life:3, Reserve:0, Hand:3枚, Field:[最奥：緑淵深(Lv1,コア0), ストラレイ(Lv1,コア1), 重顎ドロゴリアス(Lv2,コア2)]
  候補行動 (10件):
    [0] SUMMON | コスト🔷🔷, 配置コア🔷 ⚠️ストラレイ・重顎ドロゴリアス消滅, (支払:重顎ドロゴリアス:🔷🔷, 配置:ストラレイ:🔷) -> eval: +0.2125
    [1] MOVE_CORE | 🔷を移動 ⚠️ストラレイ消滅 -> eval: +0.2585
    [2] MOVE_CORE | 🔷を移動 ⚠️ストラレイ消滅 -> eval: +0.2677
    [3] MOVE_CORE | 🔷を移動 ⚠️ストラレイ消滅 -> eval: +0.2716
    [4] MOVE_CORE | 🔷を移動 -> eval: +0.4233
    [5] MOVE_CORE | 🔷🔷を移動 ⚠️重顎ドロゴリアス消滅 -> eval: +0.2289
    [6] MOVE_CORE | 🔷を移動 -> eval: +0.4273
    [7] MOVE_CORE | 🔷🔷を移動 ⚠️重顎ドロゴリアス消滅 -> eval: +0.2463
    [8] MOVE_CORE | 🔷を移動 -> eval: +0.4293
    [9] MOVE_CORE | 🔷🔷を移動 ⚠️重顎ドロゴリアス消滅 -> eval: +0.2772
  ステップ終了評価: +0.4472
  => 選択: ステップ終了 (候補最大 +0.4293 <= 終了評価 +0.4472)

Turn 4 | 手数 21 | 手番: P2(run2_run3.kann.weight) | アタック宣言
  盤面:
    P1: Life:5, Reserve:0, Hand:4枚, Field:[ストラレイ(Lv1,コア1), パッファー(Lv2,コア2s)]
    P2: Life:3, Reserve:0, Hand:3枚, Field:[最奥：緑淵深(Lv1,コア0), ストラレイ(Lv1,コア1), 重顎ドロゴリアス(Lv2,コア2)]
  候補行動 (2件):
    [0] ATTACK | ストラレイ でアタック宣言 (Lv1, BP4000, 通ればライフ-🔷) -> eval: +0.4902
    [1] ATTACK | 重顎ドロゴリアス でアタック宣言 (Lv2, BP6000, 通ればライフ-🔷) -> eval: +0.4913
  ステップ終了評価: +0.4472
  => 選択: ATTACK | 重顎ドロゴリアス でアタック宣言 (Lv2, BP6000, 通ればライフ-🔷) (eval: +0.4913 > 終了評価 +0.4472)
     効果/結果: 🗡️ 「重顎ドロゴリアス」がアタック宣言 (BP6000)

Turn 4 | 手数 22 | 手番: P1(run3_run4.kann.weight) | ブロック宣言
  盤面:
    P1: Life:5, Reserve:0, Hand:4枚, Field:[ストラレイ(Lv1,コア1), パッファー(Lv2,コア2s)]
    P2: Life:3, Reserve:0, Hand:3枚, Field:[最奥：緑淵深(Lv1,コア0), ストラレイ(Lv1,コア1), 重顎ドロゴリアス(Lv2,コア2)]
  候補行動 (1件):
    [0] PASS_BLOCK | ライフでアタックを受ける (ライフ-🔷) -> eval: +0.1494
  => 選択: PASS_BLOCK | ライフでアタックを受ける (ライフ-🔷) (eval: +0.1494)
     効果/結果: 💔 ブロックせず: プレイヤー1 のライフ-1 (コアはリザーブへ)

Turn 4 | 手数 23 | 手番: P2(run2_run3.kann.weight) | アタック宣言
  盤面:
    P1: Life:4, Reserve:1, Hand:4枚, Field:[ストラレイ(Lv1,コア1), パッファー(Lv2,コア2s)]
    P2: Life:3, Reserve:0, Hand:3枚, Field:[最奥：緑淵深(Lv1,コア0), ストラレイ(Lv1,コア1), 重顎ドロゴリアス(Lv2,コア2)]
  候補行動 (1件):
    [0] ATTACK | ストラレイ でアタック宣言 (Lv1, BP4000, 通ればライフ-🔷) -> eval: +0.5252
  ステップ終了評価: +0.4970
  => 選択: ATTACK | ストラレイ でアタック宣言 (Lv1, BP4000, 通ればライフ-🔷) (eval: +0.5252 > 終了評価 +0.4970)
     効果/結果: 🗡️ 「ストラレイ」がアタック宣言 (BP4000)

Turn 4 | 手数 24 | 手番: P1(run3_run4.kann.weight) | ブロック宣言
  盤面:
    P1: Life:4, Reserve:1, Hand:4枚, Field:[ストラレイ(Lv1,コア1), パッファー(Lv2,コア2s)]
    P2: Life:3, Reserve:0, Hand:3枚, Field:[最奥：緑淵深(Lv1,コア0), ストラレイ(Lv1,コア1), 重顎ドロゴリアス(Lv2,コア2)]
  候補行動 (1件):
    [0] PASS_BLOCK | ライフでアタックを受ける (ライフ-🔷) -> eval: +0.1825
  => 選択: PASS_BLOCK | ライフでアタックを受ける (ライフ-🔷) (eval: +0.1825)
     効果/結果: 💔 ブロックせず: プレイヤー1 のライフ-1 (コアはリザーブへ)

Turn 4 | 手数 25 | 手番: P2(run2_run3.kann.weight) | アタック宣言
  盤面:
    P1: Life:3, Reserve:2, Hand:4枚, Field:[ストラレイ(Lv1,コア1), パッファー(Lv2,コア2s)]
    P2: Life:3, Reserve:0, Hand:3枚, Field:[最奥：緑淵深(Lv1,コア0), ストラレイ(Lv1,コア1), 重顎ドロゴリアス(Lv2,コア2)]
  候補行動 (0件):
  ステップ終了評価: +0.5305
  => 選択: ステップ終了

Turn 4 | 手数 26 | 手番: P2(run2_run3.kann.weight) | 第2メインステップ
  盤面:
    P1: Life:3, Reserve:2, Hand:4枚, Field:[ストラレイ(Lv1,コア1), パッファー(Lv2,コア2s)]
    P2: Life:3, Reserve:0, Hand:3枚, Field:[最奥：緑淵深(Lv1,コア0), ストラレイ(Lv1,コア1), 重顎ドロゴリアス(Lv2,コア2)]
  候補行動 (10件):
    [0] SUMMON | コスト🔷🔷, 配置コア🔷 ⚠️ストラレイ・重顎ドロゴリアス消滅, (支払:重顎ドロゴリアス:🔷🔷, 配置:ストラレイ:🔷) -> eval: +0.2262
    [1] MOVE_CORE | 🔷を移動 ⚠️ストラレイ消滅 -> eval: +0.3234
    [2] MOVE_CORE | 🔷を移動 ⚠️ストラレイ消滅 -> eval: +0.3354
    [3] MOVE_CORE | 🔷を移動 ⚠️ストラレイ消滅 -> eval: +0.3375
    [4] MOVE_CORE | 🔷を移動 -> eval: +0.5060
    [5] MOVE_CORE | 🔷🔷を移動 ⚠️重顎ドロゴリアス消滅 -> eval: +0.2941
    [6] MOVE_CORE | 🔷を移動 -> eval: +0.5128
    [7] MOVE_CORE | 🔷🔷を移動 ⚠️重顎ドロゴリアス消滅 -> eval: +0.3172
    [8] MOVE_CORE | 🔷を移動 -> eval: +0.5139
    [9] MOVE_CORE | 🔷🔷を移動 ⚠️重顎ドロゴリアス消滅 -> eval: +0.3415
  ステップ終了評価: +0.5305
  => 選択: ステップ終了 (候補最大 +0.5139 <= 終了評価 +0.5305)

Turn 4 | 手数 27 | 手番: P2(run2_run3.kann.weight) | エンドステップ
  盤面:
    P1: Life:3, Reserve:2, Hand:4枚, Field:[ストラレイ(Lv1,コア1), パッファー(Lv2,コア2s)]
    P2: Life:3, Reserve:0, Hand:3枚, Field:[最奥：緑淵深(Lv1,コア0), ストラレイ(Lv1,コア1), 重顎ドロゴリアス(Lv2,コア2)]
  候補行動 (0件):
  ステップ終了評価: +0.3564
  => 選択: ステップ終了
     効果/結果: 【ターン 5】 手番: プレイヤー1
     効果/結果: 🔷 コアステップ: ボイドからリザーブへコア1個
     効果/結果: 🃏 ドローステップ: 「海幻コエラ＝カンサス」をドロー (残り32枚)
     効果/結果: ♻️ リフレッシュステップ: トラッシュのコア2個をリザーブへ
     効果/結果: ♻️ リフレッシュステップ: 2体を回復

Turn 5 | 手数 28 | 手番: P1(run3_run4.kann.weight) | メインステップ
  盤面:
    P1: Life:3, Reserve:5, Hand:5枚, Field:[ストラレイ(Lv1,コア1), パッファー(Lv2,コア2s)]
    P2: Life:3, Reserve:0, Hand:3枚, Field:[最奥：緑淵深(Lv1,コア0), ストラレイ(Lv1,コア1), 重顎ドロゴリアス(Lv2,コア2)]
  候補行動 (240件):
    [0] SUMMON | コスト🔷🔷🔷🔷, 配置コア🔷, (支払:R:🔷🔷🔷🔷, 配置:R:🔷) -> eval: +0.0755
    [1] SUMMON | コスト🔷🔷🔷🔷, 配置コア🔷 ⚠️ストラレイ消滅, (支払:R:🔷🔷🔷, ストラレイ:🔷, 配置:R:🔷) -> eval: -0.0362
    [2] SUMMON | コスト🔷🔷🔷🔷, 配置コア🔷, (支払:R:🔷🔷🔷, パッファー:🔷, 配置:R:🔷) -> eval: +0.0527
    [3] SUMMON | コスト🔷🔷🔷🔷, 配置コア🔷 ⚠️ストラレイ消滅, (支払:R:🔷🔷, ストラレイ:🔷, パッファー:🔷, 配置:R:🔷) -> eval: -0.0586
    [4] SUMMON | コスト🔷🔷🔷🔷, 配置コア🔶, (支払:R:🔷🔷🔷🔷, 配置:パッファー:🔶) -> eval: +0.0678
    [5] SUMMON | コスト🔷🔷🔷🔷, 配置コア🔶 ⚠️ストラレイ消滅, (支払:R:🔷🔷🔷, ストラレイ:🔷, 配置:パッファー:🔶) -> eval: -0.0479
    [6] SUMMON | コスト🔷🔷🔷🔷, 配置コア🔶 ⚠️パッファー消滅, (支払:R:🔷🔷🔷, パッファー:🔷, 配置:パッファー:🔶) -> eval: -0.0321
    [7] SUMMON | コスト🔷🔷🔷🔷, 配置コア🔶 ⚠️ストラレイ・パッファー消滅, (支払:R:🔷🔷, ストラレイ:🔷, パッファー:🔷, 配置:パッファー:🔶) -> eval: -0.1149
    [8] SUMMON | コスト🔷🔷🔷🔶, 配置コア🔷, (支払:R:🔷🔷🔷, パッファー:🔶, 配置:R:🔷) -> eval: +0.0732
    [9] SUMMON | コスト🔷🔷🔷🔶, 配置コア🔷 ⚠️ストラレイ消滅, (支払:R:🔷🔷, ストラレイ:🔷, パッファー:🔶, 配置:R:🔷) -> eval: -0.0276
    [10] SUMMON | コスト🔷🔷🔷🔶, 配置コア🔷 ⚠️パッファー消滅, (支払:R:🔷🔷, パッファー:🔷🔶, 配置:R:🔷) -> eval: -0.0137
    [11] SUMMON | コスト🔷🔷🔷🔶, 配置コア🔷 ⚠️ストラレイ・パッファー消滅, (支払:R:🔷, ストラレイ:🔷, パッファー:🔷🔶, 配置:R:🔷) -> eval: -0.0920
    [12] SUMMON | コスト🔷🔷🔷🔷, 配置コア🔷🔷 ⚠️ストラレイ消滅, (支払:R:🔷🔷🔷, ストラレイ:🔷, 配置:R:🔷🔷) -> eval: -0.0227
    [13] SUMMON | コスト🔷🔷🔷🔷, 配置コア🔷🔷, (支払:R:🔷🔷🔷, パッファー:🔷, 配置:R:🔷🔷) -> eval: +0.0635
    [14] SUMMON | コスト🔷🔷🔷🔷, 配置コア🔷🔷 ⚠️ストラレイ消滅, (支払:R:🔷🔷, ストラレイ:🔷, パッファー:🔷, 配置:R:🔷🔷) -> eval: -0.0459
    [15] SUMMON | コスト🔷🔷🔷🔷, 配置コア🔷🔶, (支払:R:🔷🔷🔷🔷, 配置:R:🔷, パッファー:🔶) -> eval: +0.0792
    [16] SUMMON | コスト🔷🔷🔷🔷, 配置コア🔷🔶 ⚠️ストラレイ消滅, (支払:R:🔷🔷🔷, ストラレイ:🔷, 配置:R:🔷, パッファー:🔶) -> eval: -0.0344
    [17] SUMMON | コスト🔷🔷🔷🔷, 配置コア🔷🔶 ⚠️パッファー消滅, (支払:R:🔷🔷🔷, パッファー:🔷, 配置:R:🔷, パッファー:🔶) -> eval: -0.0184
    [18] SUMMON | コスト🔷🔷🔷🔷, 配置コア🔷🔶 ⚠️ストラレイ・パッファー消滅, (支払:R:🔷🔷, ストラレイ:🔷, パッファー:🔷, 配置:R:🔷, パッファー:🔶) -> eval: -0.1020
    [19] SUMMON | コスト🔷🔷🔷🔶, 配置コア🔷🔷, (支払:R:🔷🔷🔷, パッファー:🔶, 配置:R:🔷🔷) -> eval: +0.0849
    [20] SUMMON | コスト🔷🔷🔷🔶, 配置コア🔷🔷 ⚠️ストラレイ消滅, (支払:R:🔷🔷, ストラレイ:🔷, パッファー:🔶, 配置:R:🔷🔷) -> eval: -0.0145
    [21] SUMMON | コスト🔷🔷🔷🔶, 配置コア🔷🔷 ⚠️パッファー消滅, (支払:R:🔷🔷, パッファー:🔷🔶, 配置:R:🔷🔷) -> eval: -0.0005
    [22] SUMMON | コスト🔷🔷🔷🔶, 配置コア🔷🔷 ⚠️ストラレイ・パッファー消滅, (支払:R:🔷, ストラレイ:🔷, パッファー:🔷🔶, 配置:R:🔷🔷) -> eval: -0.0799
    [23] SUMMON | コスト🔷🔷🔷🔷, 配置コア🔷🔷🔷 ⚠️ストラレイ消滅, (支払:R:🔷🔷, ストラレイ:🔷, パッファー:🔷, 配置:R:🔷🔷🔷) -> eval: -0.0322
    [24] SUMMON | コスト🔷🔷🔷🔷, 配置コア🔷🔷🔶 ⚠️ストラレイ消滅, (支払:R:🔷🔷🔷, ストラレイ:🔷, 配置:R:🔷🔷, パッファー:🔶) -> eval: -0.0197
    [25] SUMMON | コスト🔷🔷🔷🔷, 配置コア🔷🔷🔶 ⚠️パッファー消滅, (支払:R:🔷🔷🔷, パッファー:🔷, 配置:R:🔷🔷, パッファー:🔶) -> eval: -0.0036
    [26] SUMMON | コスト🔷🔷🔷🔷, 配置コア🔷🔷🔶 ⚠️ストラレイ・パッファー消滅, (支払:R:🔷🔷, ストラレイ:🔷, パッファー:🔷, 配置:R:🔷🔷, パッファー:🔶) -> eval: -0.0882
    [27] SUMMON | コスト🔷🔷🔷🔶, 配置コア🔷🔷🔷 ⚠️ストラレイ消滅, (支払:R:🔷🔷, ストラレイ:🔷, パッファー:🔶, 配置:R:🔷🔷🔷) -> eval: -0.0005
    [28] SUMMON | コスト🔷🔷🔷🔶, 配置コア🔷🔷🔷 ⚠️パッファー消滅, (支払:R:🔷🔷, パッファー:🔷🔶, 配置:R:🔷🔷🔷) -> eval: +0.0135
    [29] SUMMON | コスト🔷🔷🔷🔶, 配置コア🔷🔷🔷 ⚠️ストラレイ・パッファー消滅, (支払:R:🔷, ストラレイ:🔷, パッファー:🔷🔶, 配置:R:🔷🔷🔷) -> eval: -0.0670
    [30] SUMMON | コスト🔷🔷🔷🔷, 配置コア🔷🔷🔷🔶 ⚠️ストラレイ・パッファー消滅, (支払:R:🔷🔷, ストラレイ:🔷, パッファー:🔷, 配置:R:🔷🔷🔷, パッファー:🔶) -> eval: -0.0736
    [31] SUMMON | コスト🔷🔷🔷🔶, 配置コア🔷🔷🔷🔷 ⚠️ストラレイ・パッファー消滅, (支払:R:🔷, ストラレイ:🔷, パッファー:🔷🔶, 配置:R:🔷🔷🔷🔷) -> eval: -0.0533
    [32] SUMMON | コスト🔷🔷🔷, 配置コア🔷, (支払:R:🔷🔷🔷, 配置:R:🔷) -> eval: +0.0618
    [33] SUMMON | コスト🔷🔷🔷, 配置コア🔷 ⚠️ストラレイ消滅, (支払:R:🔷🔷, ストラレイ:🔷, 配置:R:🔷) -> eval: -0.0508
    [34] SUMMON | コスト🔷🔷🔷, 配置コア🔷, (支払:R:🔷🔷, パッファー:🔷, 配置:R:🔷) -> eval: +0.0402
    [35] SUMMON | コスト🔷🔷🔷, 配置コア🔷 ⚠️ストラレイ消滅, (支払:R:🔷, ストラレイ:🔷, パッファー:🔷, 配置:R:🔷) -> eval: -0.0719
    [36] SUMMON | コスト🔷🔷🔷, 配置コア🔶, (支払:R:🔷🔷🔷, 配置:パッファー:🔶) -> eval: +0.0341
    [37] SUMMON | コスト🔷🔷🔷, 配置コア🔶 ⚠️ストラレイ消滅, (支払:R:🔷🔷, ストラレイ:🔷, 配置:パッファー:🔶) -> eval: -0.0797
    [38] SUMMON | コスト🔷🔷🔷, 配置コア🔶 ⚠️パッファー消滅, (支払:R:🔷🔷, パッファー:🔷, 配置:パッファー:🔶) -> eval: -0.0644
    [39] SUMMON | コスト🔷🔷🔷, 配置コア🔶 ⚠️ストラレイ・パッファー消滅, (支払:R:🔷, ストラレイ:🔷, パッファー:🔷, 配置:パッファー:🔶) -> eval: -0.1418
    [40] SUMMON | コスト🔷🔷🔶, 配置コア🔷, (支払:R:🔷🔷, パッファー:🔶, 配置:R:🔷) -> eval: +0.0600
    [41] SUMMON | コスト🔷🔷🔶, 配置コア🔷 ⚠️ストラレイ消滅, (支払:R:🔷, ストラレイ:🔷, パッファー:🔶, 配置:R:🔷) -> eval: -0.0414
    [42] SUMMON | コスト🔷🔷🔶, 配置コア🔷 ⚠️パッファー消滅, (支払:R:🔷, パッファー:🔷🔶, 配置:R:🔷) -> eval: -0.0276
    [43] SUMMON | コスト🔷🔷🔶, 配置コア🔷 ⚠️ストラレイ・パッファー消滅, (支払:ストラレイ:🔷, パッファー:🔷🔶, 配置:R:🔷) -> eval: -0.1046
    [44] SUMMON | コスト🔷🔷🔷, 配置コア🔷🔷, (支払:R:🔷🔷🔷, 配置:R:🔷🔷) -> eval: +0.0727
    [45] SUMMON | コスト🔷🔷🔷, 配置コア🔷🔷 ⚠️ストラレイ消滅, (支払:R:🔷🔷, ストラレイ:🔷, 配置:R:🔷🔷) -> eval: -0.0383
    [46] SUMMON | コスト🔷🔷🔷, 配置コア🔷🔷, (支払:R:🔷🔷, パッファー:🔷, 配置:R:🔷🔷) -> eval: +0.0498
    [47] SUMMON | コスト🔷🔷🔷, 配置コア🔷🔷 ⚠️ストラレイ消滅, (支払:R:🔷, ストラレイ:🔷, パッファー:🔷, 配置:R:🔷🔷) -> eval: -0.0604
    [48] SUMMON | コスト🔷🔷🔷, 配置コア🔷🔶, (支払:R:🔷🔷🔷, 配置:R:🔷, パッファー:🔶) -> eval: +0.0438
    [49] SUMMON | コスト🔷🔷🔷, 配置コア🔷🔶 ⚠️ストラレイ消滅, (支払:R:🔷🔷, ストラレイ:🔷, 配置:R:🔷, パッファー:🔶) -> eval: -0.0678
    [50] SUMMON | コスト🔷🔷🔷, 配置コア🔷🔶 ⚠️パッファー消滅, (支払:R:🔷🔷, パッファー:🔷, 配置:R:🔷, パッファー:🔶) -> eval: -0.0523
    [51] SUMMON | コスト🔷🔷🔷, 配置コア🔷🔶 ⚠️ストラレイ・パッファー消滅, (支払:R:🔷, ストラレイ:🔷, パッファー:🔷, 配置:R:🔷, パッファー:🔶) -> eval: -0.1306
    [52] SUMMON | コスト🔷🔷🔶, 配置コア🔷🔷, (支払:R:🔷🔷, パッファー:🔶, 配置:R:🔷🔷) -> eval: +0.0705
    [53] SUMMON | コスト🔷🔷🔶, 配置コア🔷🔷 ⚠️ストラレイ消滅, (支払:R:🔷, ストラレイ:🔷, パッファー:🔶, 配置:R:🔷🔷) -> eval: -0.0295
    [54] SUMMON | コスト🔷🔷🔶, 配置コア🔷🔷 ⚠️パッファー消滅, (支払:R:🔷, パッファー:🔷🔶, 配置:R:🔷🔷) -> eval: -0.0154
    [55] SUMMON | コスト🔷🔷🔶, 配置コア🔷🔷 ⚠️ストラレイ・パッファー消滅, (支払:ストラレイ:🔷, パッファー:🔷🔶, 配置:R:🔷🔷) -> eval: -0.0935
    [56] SUMMON | コスト🔷🔷🔷, 配置コア🔷🔷🔷 ⚠️ストラレイ消滅, (支払:R:🔷🔷, ストラレイ:🔷, 配置:R:🔷🔷🔷) -> eval: +0.0028
    [57] SUMMON | コスト🔷🔷🔷, 配置コア🔷🔷🔷, (支払:R:🔷🔷, パッファー:🔷, 配置:R:🔷🔷🔷) -> eval: +0.0955
    [58] SUMMON | コスト🔷🔷🔷, 配置コア🔷🔷🔷 ⚠️ストラレイ消滅, (支払:R:🔷, ストラレイ:🔷, パッファー:🔷, 配置:R:🔷🔷🔷) -> eval: -0.0201
    [59] SUMMON | コスト🔷🔷🔷, 配置コア🔷🔷🔶, (支払:R:🔷🔷🔷, 配置:R:🔷🔷, パッファー:🔶) -> eval: +0.0742
    [60] SUMMON | コスト🔷🔷🔷, 配置コア🔷🔷🔶 ⚠️ストラレイ消滅, (支払:R:🔷🔷, ストラレイ:🔷, 配置:R:🔷🔷, パッファー:🔶) -> eval: -0.0371
    [61] SUMMON | コスト🔷🔷🔷, 配置コア🔷🔷🔶 ⚠️パッファー消滅, (支払:R:🔷🔷, パッファー:🔷, 配置:R:🔷🔷, パッファー:🔶) -> eval: -0.0209
    [62] SUMMON | コスト🔷🔷🔷, 配置コア🔷🔷🔶 ⚠️ストラレイ・パッファー消滅, (支払:R:🔷, ストラレイ:🔷, パッファー:🔷, 配置:R:🔷🔷, パッファー:🔶) -> eval: -0.1047
    [63] SUMMON | コスト🔷🔷🔶, 配置コア🔷🔷🔷, (支払:R:🔷🔷, パッファー:🔶, 配置:R:🔷🔷🔷) -> eval: +0.1199
    [64] SUMMON | コスト🔷🔷🔶, 配置コア🔷🔷🔷 ⚠️ストラレイ消滅, (支払:R:🔷, ストラレイ:🔷, パッファー:🔶, 配置:R:🔷🔷🔷) -> eval: +0.0145
    [65] SUMMON | コスト🔷🔷🔶, 配置コア🔷🔷🔷 ⚠️パッファー消滅, (支払:R:🔷, パッファー:🔷🔶, 配置:R:🔷🔷🔷) -> eval: +0.0287
    [66] SUMMON | コスト🔷🔷🔶, 配置コア🔷🔷🔷 ⚠️ストラレイ・パッファー消滅, (支払:ストラレイ:🔷, パッファー:🔷🔶, 配置:R:🔷🔷🔷) -> eval: -0.0588
    [67] SUMMON | コスト🔷🔷🔷, 配置コア🔷🔷🔷🔷 ⚠️ストラレイ消滅, (支払:R:🔷, ストラレイ:🔷, パッファー:🔷, 配置:R:🔷🔷🔷🔷) -> eval: -0.0057
    [68] SUMMON | コスト🔷🔷🔷, 配置コア🔷🔷🔷🔶 ⚠️ストラレイ消滅, (支払:R:🔷🔷, ストラレイ:🔷, 配置:R:🔷🔷🔷, パッファー:🔶) -> eval: -0.0223
    [69] SUMMON | コスト🔷🔷🔷, 配置コア🔷🔷🔷🔶 ⚠️パッファー消滅, (支払:R:🔷🔷, パッファー:🔷, 配置:R:🔷🔷🔷, パッファー:🔶) -> eval: -0.0060
    [70] SUMMON | コスト🔷🔷🔷, 配置コア🔷🔷🔷🔶 ⚠️ストラレイ・パッファー消滅, (支払:R:🔷, ストラレイ:🔷, パッファー:🔷, 配置:R:🔷🔷🔷, パッファー:🔶) -> eval: -0.0908
    [71] SUMMON | コスト🔷🔷🔶, 配置コア🔷🔷🔷🔷 ⚠️ストラレイ消滅, (支払:R:🔷, ストラレイ:🔷, パッファー:🔶, 配置:R:🔷🔷🔷🔷) -> eval: +0.0291
    [72] SUMMON | コスト🔷🔷🔶, 配置コア🔷🔷🔷🔷 ⚠️パッファー消滅, (支払:R:🔷, パッファー:🔷🔶, 配置:R:🔷🔷🔷🔷) -> eval: +0.0433
    [73] SUMMON | コスト🔷🔷🔶, 配置コア🔷🔷🔷🔷 ⚠️ストラレイ・パッファー消滅, (支払:ストラレイ:🔷, パッファー:🔷🔶, 配置:R:🔷🔷🔷🔷) -> eval: -0.0452
    [74] SUMMON | コスト🔷🔷🔷, 配置コア🔷🔷🔷🔷🔶 ⚠️ストラレイ・パッファー消滅, (支払:R:🔷, ストラレイ:🔷, パッファー:🔷, 配置:R:🔷🔷🔷🔷, パッファー:🔶) -> eval: -0.0760
    [75] SUMMON | コスト🔷🔷🔶, 配置コア🔷🔷🔷🔷🔷 ⚠️ストラレイ・パッファー消滅, (支払:ストラレイ:🔷, パッファー:🔷🔶, 配置:R:🔷🔷🔷🔷🔷) -> eval: -0.0310
    [76] SUMMON | コスト🔷🔷🔷, 配置コア🔷, (支払:R:🔷🔷🔷, 配置:R:🔷) -> eval: +0.0618
    [77] SUMMON | コスト🔷🔷🔷, 配置コア🔷 ⚠️ストラレイ消滅, (支払:R:🔷🔷, ストラレイ:🔷, 配置:R:🔷) -> eval: -0.0508
    [78] SUMMON | コスト🔷🔷🔷, 配置コア🔷, (支払:R:🔷🔷, パッファー:🔷, 配置:R:🔷) -> eval: +0.0402
    [79] SUMMON | コスト🔷🔷🔷, 配置コア🔷 ⚠️ストラレイ消滅, (支払:R:🔷, ストラレイ:🔷, パッファー:🔷, 配置:R:🔷) -> eval: -0.0719
    [80] SUMMON | コスト🔷🔷🔷, 配置コア🔶, (支払:R:🔷🔷🔷, 配置:パッファー:🔶) -> eval: +0.0470
    [81] SUMMON | コスト🔷🔷🔷, 配置コア🔶 ⚠️ストラレイ消滅, (支払:R:🔷🔷, ストラレイ:🔷, 配置:パッファー:🔶) -> eval: -0.0675
    [82] SUMMON | コスト🔷🔷🔷, 配置コア🔶 ⚠️パッファー消滅, (支払:R:🔷🔷, パッファー:🔷, 配置:パッファー:🔶) -> eval: -0.0517
    [83] SUMMON | コスト🔷🔷🔷, 配置コア🔶 ⚠️ストラレイ・パッファー消滅, (支払:R:🔷, ストラレイ:🔷, パッファー:🔷, 配置:パッファー:🔶) -> eval: -0.1333
    [84] SUMMON | コスト🔷🔷🔶, 配置コア🔷, (支払:R:🔷🔷, パッファー:🔶, 配置:R:🔷) -> eval: +0.0600
    [85] SUMMON | コスト🔷🔷🔶, 配置コア🔷 ⚠️ストラレイ消滅, (支払:R:🔷, ストラレイ:🔷, パッファー:🔶, 配置:R:🔷) -> eval: -0.0414
    [86] SUMMON | コスト🔷🔷🔶, 配置コア🔷 ⚠️パッファー消滅, (支払:R:🔷, パッファー:🔷🔶, 配置:R:🔷) -> eval: -0.0276
    [87] SUMMON | コスト🔷🔷🔶, 配置コア🔷 ⚠️ストラレイ・パッファー消滅, (支払:ストラレイ:🔷, パッファー:🔷🔶, 配置:R:🔷) -> eval: -0.1046
    [88] SUMMON | コスト🔷🔷🔷, 配置コア🔷🔷, (支払:R:🔷🔷🔷, 配置:R:🔷🔷) -> eval: +0.0727
    [89] SUMMON | コスト🔷🔷🔷, 配置コア🔷🔷 ⚠️ストラレイ消滅, (支払:R:🔷🔷, ストラレイ:🔷, 配置:R:🔷🔷) -> eval: -0.0383
    [90] SUMMON | コスト🔷🔷🔷, 配置コア🔷🔷, (支払:R:🔷🔷, パッファー:🔷, 配置:R:🔷🔷) -> eval: +0.0498
    [91] SUMMON | コスト🔷🔷🔷, 配置コア🔷🔷 ⚠️ストラレイ消滅, (支払:R:🔷, ストラレイ:🔷, パッファー:🔷, 配置:R:🔷🔷) -> eval: -0.0604
    [92] SUMMON | コスト🔷🔷🔷, 配置コア🔷🔶, (支払:R:🔷🔷🔷, 配置:R:🔷, パッファー:🔶) -> eval: +0.0574
    [93] SUMMON | コスト🔷🔷🔷, 配置コア🔷🔶 ⚠️ストラレイ消滅, (支払:R:🔷🔷, ストラレイ:🔷, 配置:R:🔷, パッファー:🔶) -> eval: -0.0549
    [94] SUMMON | コスト🔷🔷🔷, 配置コア🔷🔶 ⚠️パッファー消滅, (支払:R:🔷🔷, パッファー:🔷, 配置:R:🔷, パッファー:🔶) -> eval: -0.0389
    [95] SUMMON | コスト🔷🔷🔷, 配置コア🔷🔶 ⚠️ストラレイ・パッファー消滅, (支払:R:🔷, ストラレイ:🔷, パッファー:🔷, 配置:R:🔷, パッファー:🔶) -> eval: -0.1214
    [96] SUMMON | コスト🔷🔷🔶, 配置コア🔷🔷, (支払:R:🔷🔷, パッファー:🔶, 配置:R:🔷🔷) -> eval: +0.0705
    [97] SUMMON | コスト🔷🔷🔶, 配置コア🔷🔷 ⚠️ストラレイ消滅, (支払:R:🔷, ストラレイ:🔷, パッファー:🔶, 配置:R:🔷🔷) -> eval: -0.0295
    [98] SUMMON | コスト🔷🔷🔶, 配置コア🔷🔷 ⚠️パッファー消滅, (支払:R:🔷, パッファー:🔷🔶, 配置:R:🔷🔷) -> eval: -0.0154
    [99] SUMMON | コスト🔷🔷🔶, 配置コア🔷🔷 ⚠️ストラレイ・パッファー消滅, (支払:ストラレイ:🔷, パッファー:🔷🔶, 配置:R:🔷🔷) -> eval: -0.0935
    [100] SUMMON | コスト🔷🔷🔷, 配置コア🔷🔷🔷 ⚠️ストラレイ消滅, (支払:R:🔷🔷, ストラレイ:🔷, 配置:R:🔷🔷🔷) -> eval: -0.0247
    [101] SUMMON | コスト🔷🔷🔷, 配置コア🔷🔷🔷, (支払:R:🔷🔷, パッファー:🔷, 配置:R:🔷🔷🔷) -> eval: +0.0607
    [102] SUMMON | コスト🔷🔷🔷, 配置コア🔷🔷🔷 ⚠️ストラレイ消滅, (支払:R:🔷, ストラレイ:🔷, パッファー:🔷, 配置:R:🔷🔷🔷) -> eval: -0.0477
    [103] SUMMON | コスト🔷🔷🔷, 配置コア🔷🔷🔶, (支払:R:🔷🔷🔷, 配置:R:🔷🔷, パッファー:🔶) -> eval: +0.0690
    [104] SUMMON | コスト🔷🔷🔷, 配置コア🔷🔷🔶 ⚠️ストラレイ消滅, (支払:R:🔷🔷, ストラレイ:🔷, 配置:R:🔷🔷, パッファー:🔶) -> eval: -0.0412
    [105] SUMMON | コスト🔷🔷🔷, 配置コア🔷🔷🔶 ⚠️パッファー消滅, (支払:R:🔷🔷, パッファー:🔷, 配置:R:🔷🔷, パッファー:🔶) -> eval: -0.0250
    [106] SUMMON | コスト🔷🔷🔷, 配置コア🔷🔷🔶 ⚠️ストラレイ・パッファー消滅, (支払:R:🔷, ストラレイ:🔷, パッファー:🔷, 配置:R:🔷🔷, パッファー:🔶) -> eval: -0.1086
    [107] SUMMON | コスト🔷🔷🔶, 配置コア🔷🔷🔷, (支払:R:🔷🔷, パッファー:🔶, 配置:R:🔷🔷🔷) -> eval: +0.0821
    [108] SUMMON | コスト🔷🔷🔶, 配置コア🔷🔷🔷 ⚠️ストラレイ消滅, (支払:R:🔷, ストラレイ:🔷, パッファー:🔶, 配置:R:🔷🔷🔷) -> eval: -0.0164
    [109] SUMMON | コスト🔷🔷🔶, 配置コア🔷🔷🔷 ⚠️パッファー消滅, (支払:R:🔷, パッファー:🔷🔶, 配置:R:🔷🔷🔷) -> eval: -0.0023
    [110] SUMMON | コスト🔷🔷🔶, 配置コア🔷🔷🔷 ⚠️ストラレイ・パッファー消滅, (支払:ストラレイ:🔷, パッファー:🔷🔶, 配置:R:🔷🔷🔷) -> eval: -0.0814
    [111] SUMMON | コスト🔷🔷🔷, 配置コア🔷🔷🔷🔷 ⚠️ストラレイ消滅, (支払:R:🔷, ストラレイ:🔷, パッファー:🔷, 配置:R:🔷🔷🔷🔷) -> eval: -0.0339
    [112] SUMMON | コスト🔷🔷🔷, 配置コア🔷🔷🔷🔶 ⚠️ストラレイ消滅, (支払:R:🔷🔷, ストラレイ:🔷, 配置:R:🔷🔷🔷, パッファー:🔶) -> eval: -0.0264
    [113] SUMMON | コスト🔷🔷🔷, 配置コア🔷🔷🔷🔶 ⚠️パッファー消滅, (支払:R:🔷🔷, パッファー:🔷, 配置:R:🔷🔷🔷, パッファー:🔶) -> eval: -0.0100
    [114] SUMMON | コスト🔷🔷🔷, 配置コア🔷🔷🔷🔶 ⚠️ストラレイ・パッファー消滅, (支払:R:🔷, ストラレイ:🔷, パッファー:🔷, 配置:R:🔷🔷🔷, パッファー:🔶) -> eval: -0.0947
    [115] SUMMON | コスト🔷🔷🔶, 配置コア🔷🔷🔷🔷 ⚠️ストラレイ消滅, (支払:R:🔷, ストラレイ:🔷, パッファー:🔶, 配置:R:🔷🔷🔷🔷) -> eval: -0.0023
    [116] SUMMON | コスト🔷🔷🔶, 配置コア🔷🔷🔷🔷 ⚠️パッファー消滅, (支払:R:🔷, パッファー:🔷🔶, 配置:R:🔷🔷🔷🔷) -> eval: +0.0118
    [117] SUMMON | コスト🔷🔷🔶, 配置コア🔷🔷🔷🔷 ⚠️ストラレイ・パッファー消滅, (支払:ストラレイ:🔷, パッファー:🔷🔶, 配置:R:🔷🔷🔷🔷) -> eval: -0.0685
    [118] SUMMON | コスト🔷🔷🔷, 配置コア🔷🔷🔷🔷🔶 ⚠️ストラレイ・パッファー消滅, (支払:R:🔷, ストラレイ:🔷, パッファー:🔷, 配置:R:🔷🔷🔷🔷, パッファー:🔶) -> eval: -0.0800
    [119] SUMMON | コスト🔷🔷🔶, 配置コア🔷🔷🔷🔷🔷 ⚠️ストラレイ・パッファー消滅, (支払:ストラレイ:🔷, パッファー:🔷🔶, 配置:R:🔷🔷🔷🔷🔷) -> eval: -0.0548
    [120] SUMMON | コスト🔷🔷, 配置コア🔷, (支払:R:🔷🔷, 配置:R:🔷) -> eval: +0.0558
    [121] SUMMON | コスト🔷🔷, 配置コア🔷 ⚠️ストラレイ消滅, (支払:R:🔷, ストラレイ:🔷, 配置:R:🔷) -> eval: -0.0591
    [122] SUMMON | コスト🔷🔷, 配置コア🔷, (支払:R:🔷, パッファー:🔷, 配置:R:🔷) -> eval: +0.0356
    [123] SUMMON | コスト🔷🔷, 配置コア🔷 ⚠️ストラレイ消滅, (支払:ストラレイ:🔷, パッファー:🔷, 配置:R:🔷) -> eval: -0.0790
    [124] SUMMON | コスト🔷🔷, 配置コア🔶, (支払:R:🔷🔷, 配置:パッファー:🔶) -> eval: +0.0294
    [125] SUMMON | コスト🔷🔷, 配置コア🔶 ⚠️ストラレイ消滅, (支払:R:🔷, ストラレイ:🔷, 配置:パッファー:🔶) -> eval: -0.0869
    [126] SUMMON | コスト🔷🔷, 配置コア🔶 ⚠️パッファー消滅, (支払:R:🔷, パッファー:🔷, 配置:パッファー:🔶) -> eval: -0.0718
    [127] SUMMON | コスト🔷🔷, 配置コア🔶 ⚠️ストラレイ・パッファー消滅, (支払:ストラレイ:🔷, パッファー:🔷, 配置:パッファー:🔶) -> eval: -0.1492
    [128] SUMMON | コスト🔷🔶, 配置コア🔷, (支払:R:🔷, パッファー:🔶, 配置:R:🔷) -> eval: +0.0552
    [129] SUMMON | コスト🔷🔶, 配置コア🔷 ⚠️ストラレイ消滅, (支払:ストラレイ:🔷, パッファー:🔶, 配置:R:🔷) -> eval: -0.0485
    [130] SUMMON | コスト🔷🔶, 配置コア🔷 ⚠️パッファー消滅, (支払:パッファー:🔷🔶, 配置:R:🔷) -> eval: -0.0349
    [131] SUMMON | コスト🔷🔶, 配置コア🔷 ⚠️ストラレイ・パッファー消滅, (支払:パッファー:🔷🔶, 配置:ストラレイ:🔷) -> eval: -0.1120
    [132] SUMMON | コスト🔷🔷, 配置コア🔷🔷, (支払:R:🔷🔷, 配置:R:🔷🔷) -> eval: +0.0656
    [133] SUMMON | コスト🔷🔷, 配置コア🔷🔷 ⚠️ストラレイ消滅, (支払:R:🔷, ストラレイ:🔷, 配置:R:🔷🔷) -> eval: -0.0477
    [134] SUMMON | コスト🔷🔷, 配置コア🔷🔷, (支払:R:🔷, パッファー:🔷, 配置:R:🔷🔷) -> eval: +0.0441
    [135] SUMMON | コスト🔷🔷, 配置コア🔷🔷 ⚠️ストラレイ消滅, (支払:ストラレイ:🔷, パッファー:🔷, 配置:R:🔷🔷) -> eval: -0.0685
    [136] SUMMON | コスト🔷🔷, 配置コア🔷🔶, (支払:R:🔷🔷, 配置:R:🔷, パッファー:🔶) -> eval: +0.0379
    [137] SUMMON | コスト🔷🔷, 配置コア🔷🔶 ⚠️ストラレイ消滅, (支払:R:🔷, ストラレイ:🔷, 配置:R:🔷, パッファー:🔶) -> eval: -0.0760
    [138] SUMMON | コスト🔷🔷, 配置コア🔷🔶 ⚠️パッファー消滅, (支払:R:🔷, パッファー:🔷, 配置:R:🔷, パッファー:🔶) -> eval: -0.0607
    [139] SUMMON | コスト🔷🔷, 配置コア🔷🔶 ⚠️ストラレイ・パッファー消滅, (支払:ストラレイ:🔷, パッファー:🔷, 配置:R:🔷, パッファー:🔶) -> eval: -0.1389
    [140] SUMMON | コスト🔷🔶, 配置コア🔷🔷, (支払:R:🔷, パッファー:🔶, 配置:R:🔷🔷) -> eval: +0.0645
    [141] SUMMON | コスト🔷🔶, 配置コア🔷🔷 ⚠️ストラレイ消滅, (支払:ストラレイ:🔷, パッファー:🔶, 配置:R:🔷🔷) -> eval: -0.0376
    [142] SUMMON | コスト🔷🔶, 配置コア🔷🔷 ⚠️パッファー消滅, (支払:パッファー:🔷🔶, 配置:R:🔷🔷) -> eval: -0.0238
    [143] SUMMON | コスト🔷🔶, 配置コア🔷🔷 ⚠️ストラレイ・パッファー消滅, (支払:パッファー:🔷🔶, 配置:R:🔷, ストラレイ:🔷) -> eval: -0.1018
    [144] SUMMON | コスト🔷🔷, 配置コア🔷🔷🔷, (支払:R:🔷🔷, 配置:R:🔷🔷🔷) -> eval: +0.1183
    [145] SUMMON | コスト🔷🔷, 配置コア🔷🔷🔷 ⚠️ストラレイ消滅, (支払:R:🔷, ストラレイ:🔷, 配置:R:🔷🔷🔷) -> eval: -0.0015
    [146] SUMMON | コスト🔷🔷, 配置コア🔷🔷🔷, (支払:R:🔷, パッファー:🔷, 配置:R:🔷🔷🔷) -> eval: +0.0961
    [147] SUMMON | コスト🔷🔷, 配置コア🔷🔷🔷 ⚠️ストラレイ消滅, (支払:ストラレイ:🔷, パッファー:🔷, 配置:R:🔷🔷🔷) -> eval: -0.0235
    [148] SUMMON | コスト🔷🔷, 配置コア🔷🔷🔶, (支払:R:🔷🔷, 配置:R:🔷🔷, パッファー:🔶) -> eval: +0.0723
    [149] SUMMON | コスト🔷🔷, 配置コア🔷🔷🔶 ⚠️ストラレイ消滅, (支払:R:🔷, ストラレイ:🔷, 配置:R:🔷🔷, パッファー:🔶) -> eval: -0.0424
    [150] SUMMON | コスト🔷🔷, 配置コア🔷🔷🔶 ⚠️パッファー消滅, (支払:R:🔷, パッファー:🔷, 配置:R:🔷🔷, パッファー:🔶) -> eval: -0.0265
    [151] SUMMON | コスト🔷🔷, 配置コア🔷🔷🔶 ⚠️ストラレイ・パッファー消滅, (支払:ストラレイ:🔷, パッファー:🔷, 配置:R:🔷🔷, パッファー:🔶) -> eval: -0.1103
    [152] SUMMON | コスト🔷🔶, 配置コア🔷🔷🔷, (支払:R:🔷, パッファー:🔶, 配置:R:🔷🔷🔷) -> eval: +0.1211
    [153] SUMMON | コスト🔷🔶, 配置コア🔷🔷🔷 ⚠️ストラレイ消滅, (支払:ストラレイ:🔷, パッファー:🔶, 配置:R:🔷🔷🔷) -> eval: +0.0119
    [154] SUMMON | コスト🔷🔶, 配置コア🔷🔷🔷 ⚠️パッファー消滅, (支払:パッファー:🔷🔶, 配置:R:🔷🔷🔷) -> eval: +0.0259
    [155] SUMMON | コスト🔷🔶, 配置コア🔷🔷🔷 ⚠️ストラレイ・パッファー消滅, (支払:パッファー:🔷🔶, 配置:R:🔷🔷, ストラレイ:🔷) -> eval: -0.0627
    [156] SUMMON | コスト🔷🔷, 配置コア🔷🔷🔷🔷 ⚠️ストラレイ消滅, (支払:R:🔷, ストラレイ:🔷, 配置:R:🔷🔷🔷🔷) -> eval: +0.0128
    [157] SUMMON | コスト🔷🔷, 配置コア🔷🔷🔷🔷, (支払:R:🔷, パッファー:🔷, 配置:R:🔷🔷🔷🔷) -> eval: +0.1079
    [158] SUMMON | コスト🔷🔷, 配置コア🔷🔷🔷🔷 ⚠️ストラレイ消滅, (支払:ストラレイ:🔷, パッファー:🔷, 配置:R:🔷🔷🔷🔷) -> eval: -0.0098
    [159] SUMMON | コスト🔷🔷, 配置コア🔷🔷🔷🔶, (支払:R:🔷🔷, 配置:R:🔷🔷🔷, パッファー:🔶) -> eval: +0.0841
    [160] SUMMON | コスト🔷🔷, 配置コア🔷🔷🔷🔶 ⚠️ストラレイ消滅, (支払:R:🔷, ストラレイ:🔷, 配置:R:🔷🔷🔷, パッファー:🔶) -> eval: -0.0285
    [161] SUMMON | コスト🔷🔷, 配置コア🔷🔷🔷🔶 ⚠️パッファー消滅, (支払:R:🔷, パッファー:🔷, 配置:R:🔷🔷🔷, パッファー:🔶) -> eval: -0.0124
    [162] SUMMON | コスト🔷🔷, 配置コア🔷🔷🔷🔶 ⚠️ストラレイ・パッファー消滅, (支払:ストラレイ:🔷, パッファー:🔷, 配置:R:🔷🔷🔷, パッファー:🔶) -> eval: -0.0972
    [163] SUMMON | コスト🔷🔶, 配置コア🔷🔷🔷🔷, (支払:R:🔷, パッファー:🔶, 配置:R:🔷🔷🔷🔷) -> eval: +0.1337
    [164] SUMMON | コスト🔷🔶, 配置コア🔷🔷🔷🔷 ⚠️ストラレイ消滅, (支払:ストラレイ:🔷, パッファー:🔶, 配置:R:🔷🔷🔷🔷) -> eval: +0.0258
    [165] SUMMON | コスト🔷🔶, 配置コア🔷🔷🔷🔷 ⚠️パッファー消滅, (支払:パッファー:🔷🔶, 配置:R:🔷🔷🔷🔷) -> eval: +0.0397
    [166] SUMMON | コスト🔷🔶, 配置コア🔷🔷🔷🔷 ⚠️ストラレイ・パッファー消滅, (支払:パッファー:🔷🔶, 配置:R:🔷🔷🔷, ストラレイ:🔷) -> eval: -0.0498
    [167] SUMMON | コスト🔷🔷, 配置コア🔷🔷🔷🔷🔷 ⚠️ストラレイ消滅, (支払:ストラレイ:🔷, パッファー:🔷, 配置:R:🔷🔷🔷🔷🔷) -> eval: +0.0046
    [168] SUMMON | コスト🔷🔷, 配置コア🔷🔷🔷🔷🔶 ⚠️ストラレイ消滅, (支払:R:🔷, ストラレイ:🔷, 配置:R:🔷🔷🔷🔷, パッファー:🔶) -> eval: -0.0135
    [169] SUMMON | コスト🔷🔷, 配置コア🔷🔷🔷🔷🔶 ⚠️パッファー消滅, (支払:R:🔷, パッファー:🔷, 配置:R:🔷🔷🔷🔷, パッファー:🔶) -> eval: +0.0026
    [170] SUMMON | コスト🔷🔷, 配置コア🔷🔷🔷🔷🔶 ⚠️ストラレイ・パッファー消滅, (支払:ストラレイ:🔷, パッファー:🔷, 配置:R:🔷🔷🔷🔷, パッファー:🔶) -> eval: -0.0831
    [171] SUMMON | コスト🔷🔶, 配置コア🔷🔷🔷🔷🔷 ⚠️ストラレイ消滅, (支払:ストラレイ:🔷, パッファー:🔶, 配置:R:🔷🔷🔷🔷🔷) -> eval: +0.0405
    [172] SUMMON | コスト🔷🔶, 配置コア🔷🔷🔷🔷🔷 ⚠️パッファー消滅, (支払:パッファー:🔷🔶, 配置:R:🔷🔷🔷🔷🔷) -> eval: +0.0544
    [173] SUMMON | コスト🔷🔶, 配置コア🔷🔷🔷🔷🔷 ⚠️ストラレイ・パッファー消滅, (支払:パッファー:🔷🔶, 配置:R:🔷🔷🔷🔷, ストラレイ:🔷) -> eval: -0.0360
    [174] SUMMON | コスト🔷🔷, 配置コア🔷🔷🔷🔷🔷🔶 ⚠️ストラレイ・パッファー消滅, (支払:ストラレイ:🔷, パッファー:🔷, 配置:R:🔷🔷🔷🔷🔷, パッファー:🔶) -> eval: -0.0681
    [175] SUMMON | コスト🔷🔶, 配置コア🔷🔷🔷🔷🔷🔷 ⚠️ストラレイ・パッファー消滅, (支払:パッファー:🔷🔶, 配置:R:🔷🔷🔷🔷🔷, ストラレイ:🔷) -> eval: -0.0217
    [176] SUMMON | コスト🔷🔷🔷, 配置コア🔷, (支払:R:🔷🔷🔷, 配置:R:🔷) -> eval: +0.0609
    [177] SUMMON | コスト🔷🔷🔷, 配置コア🔷 ⚠️ストラレイ消滅, (支払:R:🔷🔷, ストラレイ:🔷, 配置:R:🔷) -> eval: -0.0523
    [178] SUMMON | コスト🔷🔷🔷, 配置コア🔷, (支払:R:🔷🔷, パッファー:🔷, 配置:R:🔷) -> eval: +0.0392
    [179] SUMMON | コスト🔷🔷🔷, 配置コア🔷 ⚠️ストラレイ消滅, (支払:R:🔷, ストラレイ:🔷, パッファー:🔷, 配置:R:🔷) -> eval: -0.0730
    [180] SUMMON | コスト🔷🔷🔷, 配置コア🔶, (支払:R:🔷🔷🔷, 配置:パッファー:🔶) -> eval: +0.0370
    [181] SUMMON | コスト🔷🔷🔷, 配置コア🔶 ⚠️ストラレイ消滅, (支払:R:🔷🔷, ストラレイ:🔷, 配置:パッファー:🔶) -> eval: -0.0767
    [182] SUMMON | コスト🔷🔷🔷, 配置コア🔶 ⚠️パッファー消滅, (支払:R:🔷🔷, パッファー:🔷, 配置:パッファー:🔶) -> eval: -0.0609
    [183] SUMMON | コスト🔷🔷🔷, 配置コア🔶 ⚠️ストラレイ・パッファー消滅, (支払:R:🔷, ストラレイ:🔷, パッファー:🔷, 配置:パッファー:🔶) -> eval: -0.1391
    [184] SUMMON | コスト🔷🔷🔶, 配置コア🔷, (支払:R:🔷🔷, パッファー:🔶, 配置:R:🔷) -> eval: +0.0583
    [185] SUMMON | コスト🔷🔷🔶, 配置コア🔷 ⚠️ストラレイ消滅, (支払:R:🔷, ストラレイ:🔷, パッファー:🔶, 配置:R:🔷) -> eval: -0.0426
    [186] SUMMON | コスト🔷🔷🔶, 配置コア🔷 ⚠️パッファー消滅, (支払:R:🔷, パッファー:🔷🔶, 配置:R:🔷) -> eval: -0.0282
    [187] SUMMON | コスト🔷🔷🔶, 配置コア🔷 ⚠️ストラレイ・パッファー消滅, (支払:ストラレイ:🔷, パッファー:🔷🔶, 配置:R:🔷) -> eval: -0.1048
    [188] SUMMON | コスト🔷🔷🔷, 配置コア🔷🔷, (支払:R:🔷🔷🔷, 配置:R:🔷🔷) -> eval: +0.0717
    [189] SUMMON | コスト🔷🔷🔷, 配置コア🔷🔷 ⚠️ストラレイ消滅, (支払:R:🔷🔷, ストラレイ:🔷, 配置:R:🔷🔷) -> eval: -0.0400
    [190] SUMMON | コスト🔷🔷🔷, 配置コア🔷🔷, (支払:R:🔷🔷, パッファー:🔷, 配置:R:🔷🔷) -> eval: +0.0487
    [191] SUMMON | コスト🔷🔷🔷, 配置コア🔷🔷 ⚠️ストラレイ消滅, (支払:R:🔷, ストラレイ:🔷, パッファー:🔷, 配置:R:🔷🔷) -> eval: -0.0616
    [192] SUMMON | コスト🔷🔷🔷, 配置コア🔷🔶, (支払:R:🔷🔷🔷, 配置:R:🔷, パッファー:🔶) -> eval: +0.0468
    [193] SUMMON | コスト🔷🔷🔷, 配置コア🔷🔶 ⚠️ストラレイ消滅, (支払:R:🔷🔷, ストラレイ:🔷, 配置:R:🔷, パッファー:🔶) -> eval: -0.0648
    [194] SUMMON | コスト🔷🔷🔷, 配置コア🔷🔶 ⚠️パッファー消滅, (支払:R:🔷🔷, パッファー:🔷, 配置:R:🔷, パッファー:🔶) -> eval: -0.0487
    [195] SUMMON | コスト🔷🔷🔷, 配置コア🔷🔶 ⚠️ストラレイ・パッファー消滅, (支払:R:🔷, ストラレイ:🔷, パッファー:🔷, 配置:R:🔷, パッファー:🔶) -> eval: -0.1280
    [196] SUMMON | コスト🔷🔷🔶, 配置コア🔷🔷, (支払:R:🔷🔷, パッファー:🔶, 配置:R:🔷🔷) -> eval: +0.0687
    [197] SUMMON | コスト🔷🔷🔶, 配置コア🔷🔷 ⚠️ストラレイ消滅, (支払:R:🔷, ストラレイ:🔷, パッファー:🔶, 配置:R:🔷🔷) -> eval: -0.0307
    [198] SUMMON | コスト🔷🔷🔶, 配置コア🔷🔷 ⚠️パッファー消滅, (支払:R:🔷, パッファー:🔷🔶, 配置:R:🔷🔷) -> eval: -0.0161
    [199] SUMMON | コスト🔷🔷🔶, 配置コア🔷🔷 ⚠️ストラレイ・パッファー消滅, (支払:ストラレイ:🔷, パッファー:🔷🔶, 配置:R:🔷🔷) -> eval: -0.0940
    [200] SUMMON | コスト🔷🔷🔷, 配置コア🔷🔷🔷 ⚠️ストラレイ消滅, (支払:R:🔷🔷, ストラレイ:🔷, 配置:R:🔷🔷🔷) -> eval: +0.0017
    [201] SUMMON | コスト🔷🔷🔷, 配置コア🔷🔷🔷, (支払:R:🔷🔷, パッファー:🔷, 配置:R:🔷🔷🔷) -> eval: +0.0950
    [202] SUMMON | コスト🔷🔷🔷, 配置コア🔷🔷🔷 ⚠️ストラレイ消滅, (支払:R:🔷, ストラレイ:🔷, パッファー:🔷, 配置:R:🔷🔷🔷) -> eval: -0.0208
    [203] SUMMON | コスト🔷🔷🔷, 配置コア🔷🔷🔶, (支払:R:🔷🔷🔷, 配置:R:🔷🔷, パッファー:🔶) -> eval: +0.0771
    [204] SUMMON | コスト🔷🔷🔷, 配置コア🔷🔷🔶 ⚠️ストラレイ消滅, (支払:R:🔷🔷, ストラレイ:🔷, 配置:R:🔷🔷, パッファー:🔶) -> eval: -0.0342
    [205] SUMMON | コスト🔷🔷🔷, 配置コア🔷🔷🔶 ⚠️パッファー消滅, (支払:R:🔷🔷, パッファー:🔷, 配置:R:🔷🔷, パッファー:🔶) -> eval: -0.0175
    [206] SUMMON | コスト🔷🔷🔷, 配置コア🔷🔷🔶 ⚠️ストラレイ・パッファー消滅, (支払:R:🔷, ストラレイ:🔷, パッファー:🔷, 配置:R:🔷🔷, パッファー:🔶) -> eval: -0.1025
    [207] SUMMON | コスト🔷🔷🔶, 配置コア🔷🔷🔷, (支払:R:🔷🔷, パッファー:🔶, 配置:R:🔷🔷🔷) -> eval: +0.1185
    [208] SUMMON | コスト🔷🔷🔶, 配置コア🔷🔷🔷 ⚠️ストラレイ消滅, (支払:R:🔷, ストラレイ:🔷, パッファー:🔶, 配置:R:🔷🔷🔷) -> eval: +0.0135
    [209] SUMMON | コスト🔷🔷🔶, 配置コア🔷🔷🔷 ⚠️パッファー消滅, (支払:R:🔷, パッファー:🔷🔶, 配置:R:🔷🔷🔷) -> eval: +0.0283
    [210] SUMMON | コスト🔷🔷🔶, 配置コア🔷🔷🔷 ⚠️ストラレイ・パッファー消滅, (支払:ストラレイ:🔷, パッファー:🔷🔶, 配置:R:🔷🔷🔷) -> eval: -0.0596
    [211] SUMMON | コスト🔷🔷🔷, 配置コア🔷🔷🔷🔷 ⚠️ストラレイ消滅, (支払:R:🔷, ストラレイ:🔷, パッファー:🔷, 配置:R:🔷🔷🔷🔷) -> eval: -0.0067
    [212] SUMMON | コスト🔷🔷🔷, 配置コア🔷🔷🔷🔶 ⚠️ストラレイ消滅, (支払:R:🔷🔷, ストラレイ:🔷, 配置:R:🔷🔷🔷, パッファー:🔶) -> eval: -0.0194
    [213] SUMMON | コスト🔷🔷🔷, 配置コア🔷🔷🔷🔶 ⚠️パッファー消滅, (支払:R:🔷🔷, パッファー:🔷, 配置:R:🔷🔷🔷, パッファー:🔶) -> eval: -0.0025
    [214] SUMMON | コスト🔷🔷🔷, 配置コア🔷🔷🔷🔶 ⚠️ストラレイ・パッファー消滅, (支払:R:🔷, ストラレイ:🔷, パッファー:🔷, 配置:R:🔷🔷🔷, パッファー:🔶) -> eval: -0.0888
    [215] SUMMON | コスト🔷🔷🔶, 配置コア🔷🔷🔷🔷 ⚠️ストラレイ消滅, (支払:R:🔷, ストラレイ:🔷, パッファー:🔶, 配置:R:🔷🔷🔷🔷) -> eval: +0.0280
    [216] SUMMON | コスト🔷🔷🔶, 配置コア🔷🔷🔷🔷 ⚠️パッファー消滅, (支払:R:🔷, パッファー:🔷🔶, 配置:R:🔷🔷🔷🔷) -> eval: +0.0428
    [217] SUMMON | コスト🔷🔷🔶, 配置コア🔷🔷🔷🔷 ⚠️ストラレイ・パッファー消滅, (支払:ストラレイ:🔷, パッファー:🔷🔶, 配置:R:🔷🔷🔷🔷) -> eval: -0.0463
    [218] SUMMON | コスト🔷🔷🔷, 配置コア🔷🔷🔷🔷🔶 ⚠️ストラレイ・パッファー消滅, (支払:R:🔷, ストラレイ:🔷, パッファー:🔷, 配置:R:🔷🔷🔷🔷, パッファー:🔶) -> eval: -0.0743
    [219] SUMMON | コスト🔷🔷🔶, 配置コア🔷🔷🔷🔷🔷 ⚠️ストラレイ・パッファー消滅, (支払:ストラレイ:🔷, パッファー:🔷🔶, 配置:R:🔷🔷🔷🔷🔷) -> eval: -0.0324
    [220] MOVE_CORE | 🔷を移動 -> eval: -0.0088
    [221] MOVE_CORE | 🔷🔷を移動 -> eval: +0.0325
    [222] MOVE_CORE | 🔷🔷🔷を移動 -> eval: +0.0419
    [223] MOVE_CORE | 🔷🔷🔷🔷を移動 -> eval: +0.0525
    [224] MOVE_CORE | 🔷🔷🔷🔷🔷を移動 -> eval: +0.0642
    [225] MOVE_CORE | 🔷を移動 -> eval: -0.0072
    [226] MOVE_CORE | 🔷🔷を移動 -> eval: +0.0016
    [227] MOVE_CORE | 🔷🔷🔷を移動 -> eval: +0.0119
    [228] MOVE_CORE | 🔷🔷🔷🔷を移動 -> eval: +0.0236
    [229] MOVE_CORE | 🔷🔷🔷🔷🔷を移動 -> eval: +0.0367
    [230] MOVE_CORE | 🔷を移動 ⚠️ストラレイ消滅 -> eval: -0.1424
    [231] MOVE_CORE | 🔷を移動 ⚠️ストラレイ消滅 -> eval: -0.1338
    [232] MOVE_CORE | 🔷を移動 -> eval: -0.0312
    [233] MOVE_CORE | 🔶を移動 -> eval: -0.0205
    [234] MOVE_CORE | 🔷🔶を移動 ⚠️パッファー消滅 -> eval: -0.1154
    [235] MOVE_CORE | 🔶 ⇄ 🔷 を交換 -> eval: +0.0123
    [236] MOVE_CORE | 🔷を移動 -> eval: -0.0267
    [237] MOVE_CORE | 🔶を移動 -> eval: -0.0479
    [238] MOVE_CORE | 🔷🔶を移動 ⚠️パッファー消滅 -> eval: -0.1179
    [239] MOVE_CORE | 🔶 ⇄ 🔷 を交換 -> eval: -0.0241
  ステップ終了評価: -0.0146
  => 選択: SUMMON | コスト🔷🔶, 配置コア🔷🔷🔷🔷, (支払:R:🔷, パッファー:🔶, 配置:R:🔷🔷🔷🔷) (eval: +0.1337 > 終了評価 -0.0146)
     効果/結果: 🎴 「モラモーラ」を召喚 (コスト2をトラッシュへ) ※パッファーから1個

Turn 5 | 手数 29 | 手番: P1(run3_run4.kann.weight) | メインステップ
  盤面:
    P1: Life:3, Reserve:0, Hand:4枚, Field:[ストラレイ(Lv1,コア1), パッファー(Lv1,コア1), モラモーラ(Lv2,コア4)]
    P2: Life:3, Reserve:0, Hand:3枚, Field:[最奥：緑淵深(Lv1,コア0), ストラレイ(Lv1,コア1), 重顎ドロゴリアス(Lv2,コア2)]
  候補行動 (58件):
    [0] SUMMON | コスト🔷🔷🔷, 配置コア🔷 ⚠️ストラレイ・パッファー消滅, (支払:パッファー:🔷, モラモーラ:🔷🔷, 配置:ストラレイ:🔷) -> eval: +0.0031
    [1] SUMMON | コスト🔷🔷🔷, 配置コア🔷 ⚠️ストラレイ消滅, (支払:モラモーラ:🔷🔷🔷, 配置:ストラレイ:🔷) -> eval: +0.0589
    [2] SUMMON | コスト🔷🔷🔷, 配置コア🔷 ⚠️パッファー消滅, (支払:モラモーラ:🔷🔷🔷, 配置:パッファー:🔷) -> eval: +0.0718
    [3] SUMMON | コスト🔷🔷🔷, 配置コア🔷 ⚠️モラモーラ消滅, (支払:モラモーラ:🔷🔷🔷, 配置:モラモーラ:🔷) -> eval: +0.0521
    [4] SUMMON | コスト🔷🔷🔷, 配置コア🔷🔷 ⚠️ストラレイ・パッファー消滅, (支払:モラモーラ:🔷🔷🔷, 配置:ストラレイ:🔷, パッファー:🔷) -> eval: +0.0037
    [5] SUMMON | コスト🔷🔷🔷, 配置コア🔷🔷 ⚠️ストラレイ・モラモーラ消滅, (支払:モラモーラ:🔷🔷🔷, 配置:ストラレイ:🔷, モラモーラ:🔷) -> eval: -0.0149
    [6] SUMMON | コスト🔷🔷🔷, 配置コア🔷🔷 ⚠️パッファー・モラモーラ消滅, (支払:モラモーラ:🔷🔷🔷, 配置:パッファー:🔷, モラモーラ:🔷) -> eval: -0.0022
    [7] SUMMON | コスト🔷🔷🔷, 配置コア🔷🔷🔷 ⚠️ストラレイ・パッファー・モラモーラ消滅, (支払:モラモーラ:🔷🔷🔷, 配置:ストラレイ:🔷, パッファー:🔷, モラモーラ:🔷) -> eval: -0.0637
    [8] SUMMON | コスト🔷🔷, 配置コア🔷 ⚠️ストラレイ・パッファー消滅, (支払:パッファー:🔷, モラモーラ:🔷, 配置:ストラレイ:🔷) -> eval: +0.0268
    [9] SUMMON | コスト🔷🔷, 配置コア🔷 ⚠️ストラレイ消滅, (支払:モラモーラ:🔷🔷, 配置:ストラレイ:🔷) -> eval: +0.0569
    [10] SUMMON | コスト🔷🔷, 配置コア🔷 ⚠️パッファー消滅, (支払:モラモーラ:🔷🔷, 配置:パッファー:🔷) -> eval: +0.0698
    [11] SUMMON | コスト🔷🔷, 配置コア🔷, (支払:モラモーラ:🔷🔷, 配置:モラモーラ:🔷) -> eval: +0.1404
    [12] SUMMON | コスト🔷🔷, 配置コア🔷🔷 ⚠️ストラレイ・パッファー消滅, (支払:モラモーラ:🔷🔷, 配置:ストラレイ:🔷, パッファー:🔷) -> eval: +0.0019
    [13] SUMMON | コスト🔷🔷, 配置コア🔷🔷 ⚠️ストラレイ消滅, (支払:モラモーラ:🔷🔷, 配置:ストラレイ:🔷, モラモーラ:🔷) -> eval: +0.0568
    [14] SUMMON | コスト🔷🔷, 配置コア🔷🔷 ⚠️パッファー消滅, (支払:モラモーラ:🔷🔷, 配置:パッファー:🔷, モラモーラ:🔷) -> eval: +0.0695
    [15] SUMMON | コスト🔷🔷, 配置コア🔷🔷 ⚠️モラモーラ消滅, (支払:モラモーラ:🔷🔷, 配置:モラモーラ:🔷🔷) -> eval: +0.0496
    [16] SUMMON | コスト🔷🔷, 配置コア🔷🔷🔷 ⚠️ストラレイ・パッファー消滅, (支払:モラモーラ:🔷🔷, 配置:ストラレイ:🔷, パッファー:🔷, モラモーラ:🔷) -> eval: +0.0292
    [17] SUMMON | コスト🔷🔷, 配置コア🔷🔷🔷 ⚠️ストラレイ・モラモーラ消滅, (支払:モラモーラ:🔷🔷, 配置:ストラレイ:🔷, モラモーラ:🔷🔷) -> eval: +0.0107
    [18] SUMMON | コスト🔷🔷, 配置コア🔷🔷🔷 ⚠️パッファー・モラモーラ消滅, (支払:モラモーラ:🔷🔷, 配置:パッファー:🔷, モラモーラ:🔷🔷) -> eval: +0.0233
    [19] SUMMON | コスト🔷🔷, 配置コア🔷🔷🔷🔷 ⚠️ストラレイ・パッファー・モラモーラ消滅, (支払:モラモーラ:🔷🔷, 配置:ストラレイ:🔷, パッファー:🔷, モラモーラ:🔷🔷) -> eval: -0.0444
    [20] SUMMON | コスト🔷🔷, 配置コア🔷 ⚠️ストラレイ・パッファー消滅, (支払:パッファー:🔷, モラモーラ:🔷, 配置:ストラレイ:🔷) -> eval: +0.0268
    [21] SUMMON | コスト🔷🔷, 配置コア🔷 ⚠️ストラレイ消滅, (支払:モラモーラ:🔷🔷, 配置:ストラレイ:🔷) -> eval: +0.0569
    [22] SUMMON | コスト🔷🔷, 配置コア🔷 ⚠️パッファー消滅, (支払:モラモーラ:🔷🔷, 配置:パッファー:🔷) -> eval: +0.0698
    [23] SUMMON | コスト🔷🔷, 配置コア🔷, (支払:モラモーラ:🔷🔷, 配置:モラモーラ:🔷) -> eval: +0.1404
    [24] SUMMON | コスト🔷🔷, 配置コア🔷🔷 ⚠️ストラレイ・パッファー消滅, (支払:モラモーラ:🔷🔷, 配置:ストラレイ:🔷, パッファー:🔷) -> eval: +0.0019
    [25] SUMMON | コスト🔷🔷, 配置コア🔷🔷 ⚠️ストラレイ消滅, (支払:モラモーラ:🔷🔷, 配置:ストラレイ:🔷, モラモーラ:🔷) -> eval: +0.0568
    [26] SUMMON | コスト🔷🔷, 配置コア🔷🔷 ⚠️パッファー消滅, (支払:モラモーラ:🔷🔷, 配置:パッファー:🔷, モラモーラ:🔷) -> eval: +0.0695
    [27] SUMMON | コスト🔷🔷, 配置コア🔷🔷 ⚠️モラモーラ消滅, (支払:モラモーラ:🔷🔷, 配置:モラモーラ:🔷🔷) -> eval: +0.0496
    [28] SUMMON | コスト🔷🔷, 配置コア🔷🔷🔷 ⚠️ストラレイ・パッファー消滅, (支払:モラモーラ:🔷🔷, 配置:ストラレイ:🔷, パッファー:🔷, モラモーラ:🔷) -> eval: +0.0026
    [29] SUMMON | コスト🔷🔷, 配置コア🔷🔷🔷 ⚠️ストラレイ・モラモーラ消滅, (支払:モラモーラ:🔷🔷, 配置:ストラレイ:🔷, モラモーラ:🔷🔷) -> eval: -0.0160
    [30] SUMMON | コスト🔷🔷, 配置コア🔷🔷🔷 ⚠️パッファー・モラモーラ消滅, (支払:モラモーラ:🔷🔷, 配置:パッファー:🔷, モラモーラ:🔷🔷) -> eval: -0.0034
    [31] SUMMON | コスト🔷🔷, 配置コア🔷🔷🔷🔷 ⚠️ストラレイ・パッファー・モラモーラ消滅, (支払:モラモーラ:🔷🔷, 配置:ストラレイ:🔷, パッファー:🔷, モラモーラ:🔷🔷) -> eval: -0.0649
    [32] SUMMON | コスト🔷🔷🔷, 配置コア🔷 ⚠️ストラレイ・パッファー消滅, (支払:パッファー:🔷, モラモーラ:🔷🔷, 配置:ストラレイ:🔷) -> eval: -0.0072
    [33] SUMMON | コスト🔷🔷🔷, 配置コア🔷 ⚠️ストラレイ消滅, (支払:モラモーラ:🔷🔷🔷, 配置:ストラレイ:🔷) -> eval: +0.0460
    [34] SUMMON | コスト🔷🔷🔷, 配置コア🔷 ⚠️パッファー消滅, (支払:モラモーラ:🔷🔷🔷, 配置:パッファー:🔷) -> eval: +0.0591
    [35] SUMMON | コスト🔷🔷🔷, 配置コア🔷 ⚠️モラモーラ消滅, (支払:モラモーラ:🔷🔷🔷, 配置:モラモーラ:🔷) -> eval: +0.0390
    [36] SUMMON | コスト🔷🔷🔷, 配置コア🔷🔷 ⚠️ストラレイ・パッファー消滅, (支払:モラモーラ:🔷🔷🔷, 配置:ストラレイ:🔷, パッファー:🔷) -> eval: -0.0065
    [37] SUMMON | コスト🔷🔷🔷, 配置コア🔷🔷 ⚠️ストラレイ・モラモーラ消滅, (支払:モラモーラ:🔷🔷🔷, 配置:ストラレイ:🔷, モラモーラ:🔷) -> eval: -0.0257
    [38] SUMMON | コスト🔷🔷🔷, 配置コア🔷🔷 ⚠️パッファー・モラモーラ消滅, (支払:モラモーラ:🔷🔷🔷, 配置:パッファー:🔷, モラモーラ:🔷) -> eval: -0.0127
    [39] SUMMON | コスト🔷🔷🔷, 配置コア🔷🔷🔷 ⚠️ストラレイ・パッファー・モラモーラ消滅, (支払:モラモーラ:🔷🔷🔷, 配置:ストラレイ:🔷, パッファー:🔷, モラモーラ:🔷) -> eval: -0.0531
    [40] MOVE_CORE | 🔷を移動 ⚠️ストラレイ消滅 -> eval: +0.0258
    [41] MOVE_CORE | 🔷を移動 ⚠️ストラレイ消滅 -> eval: +0.0550
    [42] MOVE_CORE | 🔷を移動 ⚠️ストラレイ消滅 -> eval: +0.0405
    [43] MOVE_CORE | 🔷を移動 ⚠️パッファー消滅 -> eval: +0.0397
    [44] MOVE_CORE | 🔷を移動 ⚠️パッファー消滅 -> eval: +0.0525
    [45] MOVE_CORE | 🔷を移動 ⚠️パッファー消滅 -> eval: +0.0544
    [46] MOVE_CORE | 🔷を移動 -> eval: +0.1211
    [47] MOVE_CORE | 🔷🔷を移動 -> eval: +0.0645
    [48] MOVE_CORE | 🔷🔷🔷を移動 -> eval: +0.0552
    [49] MOVE_CORE | 🔷🔷🔷🔷を移動 ⚠️モラモーラ消滅 -> eval: -0.0563
    [50] MOVE_CORE | 🔷を移動 -> eval: +0.1328
    [51] MOVE_CORE | 🔷🔷を移動 -> eval: +0.1171
    [52] MOVE_CORE | 🔷🔷🔷を移動 -> eval: +0.1189
    [53] MOVE_CORE | 🔷🔷🔷🔷を移動 ⚠️モラモーラ消滅 -> eval: +0.0243
    [54] MOVE_CORE | 🔷を移動 -> eval: +0.1543
    [55] MOVE_CORE | 🔷🔷を移動 -> eval: +0.1110
    [56] MOVE_CORE | 🔷🔷🔷を移動 -> eval: +0.1126
    [57] MOVE_CORE | 🔷🔷🔷🔷を移動 ⚠️モラモーラ消滅 -> eval: +0.0201
  ステップ終了評価: +0.1337
  => 選択: MOVE_CORE | 🔷を移動 (eval: +0.1543 > 終了評価 +0.1337)
     効果/結果: 🔷 「モラモーラ」➔「パッファー」 通常コア1個

Turn 5 | 手数 30 | 手番: P1(run3_run4.kann.weight) | メインステップ
  盤面:
    P1: Life:3, Reserve:0, Hand:4枚, Field:[ストラレイ(Lv1,コア1), パッファー(Lv2,コア2), モラモーラ(Lv2,コア3)]
    P2: Life:3, Reserve:0, Hand:3枚, Field:[最奥：緑淵深(Lv1,コア0), ストラレイ(Lv1,コア1), 重顎ドロゴリアス(Lv2,コア2)]
  候補行動 (65件):
    [0] SUMMON | コスト🔷🔷🔷, 配置コア🔷 ⚠️ストラレイ・パッファー消滅, (支払:パッファー:🔷🔷, モラモーラ:🔷, 配置:ストラレイ:🔷) -> eval: +0.0031
    [1] SUMMON | コスト🔷🔷🔷, 配置コア🔷 ⚠️ストラレイ消滅, (支払:パッファー:🔷, モラモーラ:🔷🔷, 配置:ストラレイ:🔷) -> eval: +0.0589
    [2] SUMMON | コスト🔷🔷🔷, 配置コア🔷 ⚠️ストラレイ・モラモーラ消滅, (支払:モラモーラ:🔷🔷🔷, 配置:ストラレイ:🔷) -> eval: +0.0007
    [3] SUMMON | コスト🔷🔷🔷, 配置コア🔷 ⚠️パッファー消滅, (支払:パッファー:🔷, モラモーラ:🔷🔷, 配置:パッファー:🔷) -> eval: +0.0718
    [4] SUMMON | コスト🔷🔷🔷, 配置コア🔷 ⚠️モラモーラ消滅, (支払:モラモーラ:🔷🔷🔷, 配置:パッファー:🔷) -> eval: +0.0521
    [5] SUMMON | コスト🔷🔷🔷, 配置コア🔷🔷 ⚠️ストラレイ・パッファー消滅, (支払:パッファー:🔷, モラモーラ:🔷🔷, 配置:ストラレイ:🔷, パッファー:🔷) -> eval: +0.0037
    [6] SUMMON | コスト🔷🔷🔷, 配置コア🔷🔷 ⚠️ストラレイ・モラモーラ消滅, (支払:モラモーラ:🔷🔷🔷, 配置:ストラレイ:🔷, パッファー:🔷) -> eval: -0.0149
    [7] SUMMON | コスト🔷🔷🔷, 配置コア🔷🔷 ⚠️パッファー・モラモーラ消滅, (支払:モラモーラ:🔷🔷🔷, 配置:パッファー:🔷🔷) -> eval: -0.0022
    [8] SUMMON | コスト🔷🔷🔷, 配置コア🔷🔷🔷 ⚠️ストラレイ・パッファー・モラモーラ消滅, (支払:モラモーラ:🔷🔷🔷, 配置:ストラレイ:🔷, パッファー:🔷🔷) -> eval: -0.0637
    [9] SUMMON | コスト🔷🔷, 配置コア🔷 ⚠️ストラレイ・パッファー消滅, (支払:パッファー:🔷🔷, 配置:ストラレイ:🔷) -> eval: +0.0268
    [10] SUMMON | コスト🔷🔷, 配置コア🔷 ⚠️ストラレイ消滅, (支払:パッファー:🔷, モラモーラ:🔷, 配置:ストラレイ:🔷) -> eval: +0.0569
    [11] SUMMON | コスト🔷🔷, 配置コア🔷 ⚠️ストラレイ消滅, (支払:モラモーラ:🔷🔷, 配置:ストラレイ:🔷) -> eval: +0.0731
    [12] SUMMON | コスト🔷🔷, 配置コア🔷 ⚠️パッファー消滅, (支払:パッファー:🔷, モラモーラ:🔷, 配置:パッファー:🔷) -> eval: +0.0698
    [13] SUMMON | コスト🔷🔷, 配置コア🔷, (支払:モラモーラ:🔷🔷, 配置:パッファー:🔷) -> eval: +0.1404
    [14] SUMMON | コスト🔷🔷, 配置コア🔷 ⚠️モラモーラ消滅, (支払:モラモーラ:🔷🔷, 配置:モラモーラ:🔷) -> eval: +0.0714
    [15] SUMMON | コスト🔷🔷, 配置コア🔷🔷 ⚠️ストラレイ・パッファー消滅, (支払:パッファー:🔷, モラモーラ:🔷, 配置:ストラレイ:🔷, パッファー:🔷) -> eval: +0.0019
    [16] SUMMON | コスト🔷🔷, 配置コア🔷🔷 ⚠️ストラレイ消滅, (支払:モラモーラ:🔷🔷, 配置:ストラレイ:🔷, パッファー:🔷) -> eval: +0.0568
    [17] SUMMON | コスト🔷🔷, 配置コア🔷🔷 ⚠️ストラレイ・モラモーラ消滅, (支払:モラモーラ:🔷🔷, 配置:ストラレイ:🔷, モラモーラ:🔷) -> eval: -0.0007
    [18] SUMMON | コスト🔷🔷, 配置コア🔷🔷 ⚠️パッファー消滅, (支払:モラモーラ:🔷🔷, 配置:パッファー:🔷🔷) -> eval: +0.0695
    [19] SUMMON | コスト🔷🔷, 配置コア🔷🔷 ⚠️モラモーラ消滅, (支払:モラモーラ:🔷🔷, 配置:パッファー:🔷, モラモーラ:🔷) -> eval: +0.0496
    [20] SUMMON | コスト🔷🔷, 配置コア🔷🔷🔷 ⚠️ストラレイ・パッファー消滅, (支払:モラモーラ:🔷🔷, 配置:ストラレイ:🔷, パッファー:🔷🔷) -> eval: +0.0292
    [21] SUMMON | コスト🔷🔷, 配置コア🔷🔷🔷 ⚠️ストラレイ・モラモーラ消滅, (支払:モラモーラ:🔷🔷, 配置:ストラレイ:🔷, パッファー:🔷, モラモーラ:🔷) -> eval: +0.0107
    [22] SUMMON | コスト🔷🔷, 配置コア🔷🔷🔷 ⚠️パッファー・モラモーラ消滅, (支払:モラモーラ:🔷🔷, 配置:パッファー:🔷🔷, モラモーラ:🔷) -> eval: +0.0233
    [23] SUMMON | コスト🔷🔷, 配置コア🔷🔷🔷🔷 ⚠️ストラレイ・パッファー・モラモーラ消滅, (支払:モラモーラ:🔷🔷, 配置:ストラレイ:🔷, パッファー:🔷🔷, モラモーラ:🔷) -> eval: -0.0444
    [24] SUMMON | コスト🔷🔷, 配置コア🔷 ⚠️ストラレイ・パッファー消滅, (支払:パッファー:🔷🔷, 配置:ストラレイ:🔷) -> eval: +0.0268
    [25] SUMMON | コスト🔷🔷, 配置コア🔷 ⚠️ストラレイ消滅, (支払:パッファー:🔷, モラモーラ:🔷, 配置:ストラレイ:🔷) -> eval: +0.0569
    [26] SUMMON | コスト🔷🔷, 配置コア🔷 ⚠️ストラレイ消滅, (支払:モラモーラ:🔷🔷, 配置:ストラレイ:🔷) -> eval: +0.0731
    [27] SUMMON | コスト🔷🔷, 配置コア🔷 ⚠️パッファー消滅, (支払:パッファー:🔷, モラモーラ:🔷, 配置:パッファー:🔷) -> eval: +0.0698
    [28] SUMMON | コスト🔷🔷, 配置コア🔷, (支払:モラモーラ:🔷🔷, 配置:パッファー:🔷) -> eval: +0.1404
    [29] SUMMON | コスト🔷🔷, 配置コア🔷 ⚠️モラモーラ消滅, (支払:モラモーラ:🔷🔷, 配置:モラモーラ:🔷) -> eval: +0.0714
    [30] SUMMON | コスト🔷🔷, 配置コア🔷🔷 ⚠️ストラレイ・パッファー消滅, (支払:パッファー:🔷, モラモーラ:🔷, 配置:ストラレイ:🔷, パッファー:🔷) -> eval: +0.0019
    [31] SUMMON | コスト🔷🔷, 配置コア🔷🔷 ⚠️ストラレイ消滅, (支払:モラモーラ:🔷🔷, 配置:ストラレイ:🔷, パッファー:🔷) -> eval: +0.0568
    [32] SUMMON | コスト🔷🔷, 配置コア🔷🔷 ⚠️ストラレイ・モラモーラ消滅, (支払:モラモーラ:🔷🔷, 配置:ストラレイ:🔷, モラモーラ:🔷) -> eval: -0.0007
    [33] SUMMON | コスト🔷🔷, 配置コア🔷🔷 ⚠️パッファー消滅, (支払:モラモーラ:🔷🔷, 配置:パッファー:🔷🔷) -> eval: +0.0695
    [34] SUMMON | コスト🔷🔷, 配置コア🔷🔷 ⚠️モラモーラ消滅, (支払:モラモーラ:🔷🔷, 配置:パッファー:🔷, モラモーラ:🔷) -> eval: +0.0496
    [35] SUMMON | コスト🔷🔷, 配置コア🔷🔷🔷 ⚠️ストラレイ・パッファー消滅, (支払:モラモーラ:🔷🔷, 配置:ストラレイ:🔷, パッファー:🔷🔷) -> eval: +0.0026
    [36] SUMMON | コスト🔷🔷, 配置コア🔷🔷🔷 ⚠️ストラレイ・モラモーラ消滅, (支払:モラモーラ:🔷🔷, 配置:ストラレイ:🔷, パッファー:🔷, モラモーラ:🔷) -> eval: -0.0160
    [37] SUMMON | コスト🔷🔷, 配置コア🔷🔷🔷 ⚠️パッファー・モラモーラ消滅, (支払:モラモーラ:🔷🔷, 配置:パッファー:🔷🔷, モラモーラ:🔷) -> eval: -0.0034
    [38] SUMMON | コスト🔷🔷, 配置コア🔷🔷🔷🔷 ⚠️ストラレイ・パッファー・モラモーラ消滅, (支払:モラモーラ:🔷🔷, 配置:ストラレイ:🔷, パッファー:🔷🔷, モラモーラ:🔷) -> eval: -0.0649
    [39] SUMMON | コスト🔷🔷🔷, 配置コア🔷 ⚠️ストラレイ・パッファー消滅, (支払:パッファー:🔷🔷, モラモーラ:🔷, 配置:ストラレイ:🔷) -> eval: -0.0072
    [40] SUMMON | コスト🔷🔷🔷, 配置コア🔷 ⚠️ストラレイ消滅, (支払:パッファー:🔷, モラモーラ:🔷🔷, 配置:ストラレイ:🔷) -> eval: +0.0460
    [41] SUMMON | コスト🔷🔷🔷, 配置コア🔷 ⚠️ストラレイ・モラモーラ消滅, (支払:モラモーラ:🔷🔷🔷, 配置:ストラレイ:🔷) -> eval: -0.0108
    [42] SUMMON | コスト🔷🔷🔷, 配置コア🔷 ⚠️パッファー消滅, (支払:パッファー:🔷, モラモーラ:🔷🔷, 配置:パッファー:🔷) -> eval: +0.0591
    [43] SUMMON | コスト🔷🔷🔷, 配置コア🔷 ⚠️モラモーラ消滅, (支払:モラモーラ:🔷🔷🔷, 配置:パッファー:🔷) -> eval: +0.0390
    [44] SUMMON | コスト🔷🔷🔷, 配置コア🔷🔷 ⚠️ストラレイ・パッファー消滅, (支払:パッファー:🔷, モラモーラ:🔷🔷, 配置:ストラレイ:🔷, パッファー:🔷) -> eval: -0.0065
    [45] SUMMON | コスト🔷🔷🔷, 配置コア🔷🔷 ⚠️ストラレイ・モラモーラ消滅, (支払:モラモーラ:🔷🔷🔷, 配置:ストラレイ:🔷, パッファー:🔷) -> eval: -0.0257
    [46] SUMMON | コスト🔷🔷🔷, 配置コア🔷🔷 ⚠️パッファー・モラモーラ消滅, (支払:モラモーラ:🔷🔷🔷, 配置:パッファー:🔷🔷) -> eval: -0.0127
    [47] SUMMON | コスト🔷🔷🔷, 配置コア🔷🔷🔷 ⚠️ストラレイ・パッファー・モラモーラ消滅, (支払:モラモーラ:🔷🔷🔷, 配置:ストラレイ:🔷, パッファー:🔷🔷) -> eval: -0.0531
    [48] MOVE_CORE | 🔷を移動 ⚠️ストラレイ消滅 -> eval: +0.0408
    [49] MOVE_CORE | 🔷を移動 ⚠️ストラレイ消滅 -> eval: +0.0541
    [50] MOVE_CORE | 🔷を移動 ⚠️ストラレイ消滅 -> eval: +0.0550
    [51] MOVE_CORE | 🔷を移動 -> eval: +0.1211
    [52] MOVE_CORE | 🔷🔷を移動 ⚠️パッファー消滅 -> eval: +0.0259
    [53] MOVE_CORE | 🔷を移動 -> eval: +0.1328
    [54] MOVE_CORE | 🔷🔷を移動 ⚠️パッファー消滅 -> eval: +0.0790
    [55] MOVE_CORE | 🔷🔷を移動 ⚠️パッファー消滅 -> eval: +0.0544
    [56] MOVE_CORE | 🔷を移動 -> eval: +0.0982
    [57] MOVE_CORE | 🔷🔷を移動 -> eval: +0.0879
    [58] MOVE_CORE | 🔷🔷🔷を移動 ⚠️モラモーラ消滅 -> eval: -0.0209
    [59] MOVE_CORE | 🔷を移動 -> eval: +0.1100
    [60] MOVE_CORE | 🔷🔷を移動 -> eval: +0.1403
    [61] MOVE_CORE | 🔷🔷🔷を移動 ⚠️モラモーラ消滅 -> eval: +0.0468
    [62] MOVE_CORE | 🔷を移動 -> eval: +0.1110
    [63] MOVE_CORE | 🔷🔷を移動 -> eval: +0.1126
    [64] MOVE_CORE | 🔷🔷🔷を移動 ⚠️モラモーラ消滅 -> eval: +0.0201
  ステップ終了評価: +0.1543
  => 選択: ステップ終了 (候補最大 +0.1404 <= 終了評価 +0.1543)

Turn 5 | 手数 31 | 手番: P1(run3_run4.kann.weight) | アタック宣言
  盤面:
    P1: Life:3, Reserve:0, Hand:4枚, Field:[ストラレイ(Lv1,コア1), パッファー(Lv2,コア2), モラモーラ(Lv2,コア3)]
    P2: Life:3, Reserve:0, Hand:3枚, Field:[最奥：緑淵深(Lv1,コア0), ストラレイ(Lv1,コア1), 重顎ドロゴリアス(Lv2,コア2)]
  候補行動 (3件):
    [0] ATTACK | ストラレイ でアタック宣言 (Lv1, BP4000, 通ればライフ-🔷) -> eval: +0.2232
    [1] ATTACK | パッファー でアタック宣言 (Lv2, BP3000, 通ればライフ-🔷) -> eval: +0.2102
    [2] ATTACK | モラモーラ でアタック宣言 (Lv2, BP8000, 通ればライフ-🔷) -> eval: +0.2063
  ステップ終了評価: +0.1543
  => 選択: ATTACK | ストラレイ でアタック宣言 (Lv1, BP4000, 通ればライフ-🔷) (eval: +0.2232 > 終了評価 +0.1543)
     効果/結果: 🗡️ 「ストラレイ」がアタック宣言 (BP4000)

Turn 5 | 手数 32 | 手番: P2(run2_run3.kann.weight) | ブロック宣言
  盤面:
    P1: Life:3, Reserve:0, Hand:4枚, Field:[ストラレイ(Lv1,コア1), パッファー(Lv2,コア2), モラモーラ(Lv2,コア3)]
    P2: Life:3, Reserve:0, Hand:3枚, Field:[最奥：緑淵深(Lv1,コア0), ストラレイ(Lv1,コア1), 重顎ドロゴリアス(Lv2,コア2)]
  候補行動 (1件):
    [0] PASS_BLOCK | ライフでアタックを受ける (ライフ-🔷) -> eval: +0.5701
  => 選択: PASS_BLOCK | ライフでアタックを受ける (ライフ-🔷) (eval: +0.5701)
     効果/結果: 💔 ブロックせず: プレイヤー2 のライフ-1 (コアはリザーブへ)

Turn 5 | 手数 33 | 手番: P1(run3_run4.kann.weight) | アタック宣言
  盤面:
    P1: Life:3, Reserve:0, Hand:4枚, Field:[ストラレイ(Lv1,コア1), パッファー(Lv2,コア2), モラモーラ(Lv2,コア3)]
    P2: Life:2, Reserve:1, Hand:3枚, Field:[最奥：緑淵深(Lv1,コア0), ストラレイ(Lv1,コア1), 重顎ドロゴリアス(Lv2,コア2)]
  候補行動 (2件):
    [0] ATTACK | パッファー でアタック宣言 (Lv2, BP3000, 通ればライフ-🔷) -> eval: +0.2878
    [1] ATTACK | モラモーラ でアタック宣言 (Lv2, BP8000, 通ればライフ-🔷) -> eval: +0.2806
  ステップ終了評価: +0.2413
  => 選択: ATTACK | パッファー でアタック宣言 (Lv2, BP3000, 通ればライフ-🔷) (eval: +0.2878 > 終了評価 +0.2413)
     効果/結果: 🗡️ 「パッファー」がアタック宣言 (BP3000)

Turn 5 | 手数 34 | 手番: P2(run2_run3.kann.weight) | ブロック宣言
  盤面:
    P1: Life:3, Reserve:0, Hand:4枚, Field:[ストラレイ(Lv1,コア1), パッファー(Lv2,コア2), モラモーラ(Lv2,コア3)]
    P2: Life:2, Reserve:1, Hand:3枚, Field:[最奥：緑淵深(Lv1,コア0), ストラレイ(Lv1,コア1), 重顎ドロゴリアス(Lv2,コア2)]
  候補行動 (1件):
    [0] PASS_BLOCK | ライフでアタックを受ける (ライフ-🔷) -> eval: +0.5987
  => 選択: PASS_BLOCK | ライフでアタックを受ける (ライフ-🔷) (eval: +0.5987)
     効果/結果: 💔 ブロックせず: プレイヤー2 のライフ-1 (コアはリザーブへ)

Turn 5 | 手数 35 | 手番: P1(run3_run4.kann.weight) | アタック宣言
  盤面:
    P1: Life:3, Reserve:0, Hand:4枚, Field:[ストラレイ(Lv1,コア1), パッファー(Lv2,コア2), モラモーラ(Lv2,コア3)]
    P2: Life:1, Reserve:2, Hand:3枚, Field:[最奥：緑淵深(Lv1,コア0), ストラレイ(Lv1,コア1), 重顎ドロゴリアス(Lv2,コア2)]
  候補行動 (1件):
    [0] ATTACK | モラモーラ でアタック宣言 (Lv2, BP8000, 通ればライフ-🔷) -> eval: +0.3334
  ステップ終了評価: +0.3053
  => 選択: ATTACK | モラモーラ でアタック宣言 (Lv2, BP8000, 通ればライフ-🔷) (eval: +0.3334 > 終了評価 +0.3053)
     効果/結果: 🗡️ 「モラモーラ」がアタック宣言 (BP8000)

Turn 5 | 手数 36 | 手番: P2(run2_run3.kann.weight) | ブロック宣言
  盤面:
    P1: Life:3, Reserve:0, Hand:4枚, Field:[ストラレイ(Lv1,コア1), パッファー(Lv2,コア2), モラモーラ(Lv2,コア3)]
    P2: Life:1, Reserve:2, Hand:3枚, Field:[最奥：緑淵深(Lv1,コア0), ストラレイ(Lv1,コア1), 重顎ドロゴリアス(Lv2,コア2)]
  候補行動 (1件):
    [0] PASS_BLOCK | ライフでアタックを受ける (ライフ-🔷) -> eval: +0.6640
  => 選択: PASS_BLOCK | ライフでアタックを受ける (ライフ-🔷) (eval: +0.6640)
     効果/結果: 💔 ブロックせず: プレイヤー2 のライフ-1 (コアはリザーブへ)
     効果/結果: 🏁 プレイヤー2 のライフが0になりました

  【決着】 勝者: P1(run3_run4.kann.weight) (5ターン / 37 手)
-----------------------------------------------------------------
対戦 8/10 [シード: -5031460725055361221]
  先手(P1): run2_run3.kann.weight
  後手(P2): run3_run4.kann.weight
-----------------------------------------------------------------
Turn 1 | 手数 0 | 手番: P1(run2_run3.kann.weight) | メインステップ
  盤面:
    P1: Life:5, Reserve:4s, Hand:5枚, Field:[空]
    P2: Life:5, Reserve:4s, Hand:4枚, Field:[空]
  候補行動 (3件):
    [0] SUMMON | コスト🔷🔷🔷🔶, 配置コアなし, (支払:R:🔷🔷🔷🔶, 配置:なし) -> eval: -0.0383
    [1] SUMMON | コスト🔷🔷🔷, 配置コア🔶, (支払:R:🔷🔷🔷, 配置:R:🔶) -> eval: -0.0441
    [2] SUMMON | コスト🔷🔷🔶, 配置コア🔷, (支払:R:🔷🔷🔶, 配置:R:🔷) -> eval: -0.0088
  ステップ終了評価: -0.2553
  => 選択: SUMMON | コスト🔷🔷🔶, 配置コア🔷, (支払:R:🔷🔷🔶, 配置:R:🔷) (eval: -0.0088 > 終了評価 -0.2553)
     効果/結果: 🎴 「ラスヘッド」を召喚 (コスト3をトラッシュへ)

Turn 1 | 手数 1 | 手番: P1(run2_run3.kann.weight) | メインステップ
  盤面:
    P1: Life:5, Reserve:0, Hand:4枚, Field:[ラスヘッド(Lv1,コア1)]
    P2: Life:5, Reserve:4s, Hand:4枚, Field:[空]
  候補行動 (1件):
    [0] MOVE_CORE | 🔷を移動 ⚠️ラスヘッド消滅 -> eval: -0.1479
  ステップ終了評価: -0.0088
  => 選択: ステップ終了 (候補最大 -0.1479 <= 終了評価 -0.0088)

Turn 1 | 手数 2 | 手番: P1(run2_run3.kann.weight) | エンドステップ
  盤面:
    P1: Life:5, Reserve:0, Hand:4枚, Field:[ラスヘッド(Lv1,コア1)]
    P2: Life:5, Reserve:4s, Hand:4枚, Field:[空]
  候補行動 (0件):
  ステップ終了評価: -0.0477
  => 選択: ステップ終了
     効果/結果: 【ターン 2】 手番: プレイヤー2
     効果/結果: 🔷 コアステップ: ボイドからリザーブへコア1個
     効果/結果: 🃏 ドローステップ: 「モラモーラ」をドロー (残り35枚)

Turn 2 | 手数 3 | 手番: P2(run3_run4.kann.weight) | メインステップ
  盤面:
    P1: Life:5, Reserve:0, Hand:4枚, Field:[ラスヘッド(Lv1,コア1)]
    P2: Life:5, Reserve:5s, Hand:5枚, Field:[空]
  候補行動 (10件):
    [0] SUMMON | コスト🔷🔷, 配置コア🔷, (支払:R:🔷🔷, 配置:R:🔷) -> eval: -0.1031
    [1] SUMMON | コスト🔷🔷, 配置コア🔶, (支払:R:🔷🔷, 配置:R:🔶) -> eval: -0.0661
    [2] SUMMON | コスト🔷🔶, 配置コア🔷, (支払:R:🔷🔶, 配置:R:🔷) -> eval: -0.1031
    [3] SUMMON | コスト🔷🔷, 配置コア🔷🔷, (支払:R:🔷🔷, 配置:R:🔷🔷) -> eval: -0.0934
    [4] SUMMON | コスト🔷🔷, 配置コア🔷🔶, (支払:R:🔷🔷, 配置:R:🔷🔶) -> eval: -0.0559
    [5] SUMMON | コスト🔷🔶, 配置コア🔷🔷, (支払:R:🔷🔶, 配置:R:🔷🔷) -> eval: -0.0934
    [6] SUMMON | コスト🔷🔷, 配置コア🔷🔷🔶, (支払:R:🔷🔷, 配置:R:🔷🔷🔶) -> eval: -0.0183
    [7] SUMMON | コスト🔷🔶, 配置コア🔷🔷🔷, (支払:R:🔷🔶, 配置:R:🔷🔷🔷) -> eval: -0.0303
    [8] SUMMON | コスト🔷🔷🔷🔷, 配置コア🔶, (支払:R:🔷🔷🔷🔷, 配置:R:🔶) -> eval: -0.0115
    [9] SUMMON | コスト🔷🔷🔷🔶, 配置コア🔷, (支払:R:🔷🔷🔷🔶, 配置:R:🔷) -> eval: -0.0407
  ステップ終了評価: -0.1987
  => 選択: SUMMON | コスト🔷🔷🔷🔷, 配置コア🔶, (支払:R:🔷🔷🔷🔷, 配置:R:🔶) (eval: -0.0115 > 終了評価 -0.1987)
     効果/結果: 🎴 「モラモーラ」を召喚 (コスト4をトラッシュへ)

Turn 2 | 手数 4 | 手番: P2(run3_run4.kann.weight) | メインステップ
  盤面:
    P1: Life:5, Reserve:0, Hand:4枚, Field:[ラスヘッド(Lv1,コア1)]
    P2: Life:5, Reserve:0, Hand:4枚, Field:[モラモーラ(Lv1,コア1s)]
  候補行動 (1件):
    [0] MOVE_CORE | 🔶を移動 ⚠️モラモーラ消滅 -> eval: -0.1657
  ステップ終了評価: -0.0115
  => 選択: ステップ終了 (候補最大 -0.1657 <= 終了評価 -0.0115)

Turn 2 | 手数 5 | 手番: P2(run3_run4.kann.weight) | アタック宣言
  盤面:
    P1: Life:5, Reserve:0, Hand:4枚, Field:[ラスヘッド(Lv1,コア1)]
    P2: Life:5, Reserve:0, Hand:4枚, Field:[モラモーラ(Lv1,コア1s)]
  候補行動 (1件):
    [0] ATTACK | モラモーラ でアタック宣言 (Lv1, BP5000, 通ればライフ-🔷) -> eval: -0.0120
  ステップ終了評価: -0.0115
  => 選択: ステップ終了 (候補最大 -0.0120 <= 終了評価 -0.0115)

Turn 2 | 手数 6 | 手番: P2(run3_run4.kann.weight) | 第2メインステップ
  盤面:
    P1: Life:5, Reserve:0, Hand:4枚, Field:[ラスヘッド(Lv1,コア1)]
    P2: Life:5, Reserve:0, Hand:4枚, Field:[モラモーラ(Lv1,コア1s)]
  候補行動 (1件):
    [0] MOVE_CORE | 🔶を移動 ⚠️モラモーラ消滅 -> eval: -0.1657
  ステップ終了評価: -0.0115
  => 選択: ステップ終了 (候補最大 -0.1657 <= 終了評価 -0.0115)

Turn 2 | 手数 7 | 手番: P2(run3_run4.kann.weight) | エンドステップ
  盤面:
    P1: Life:5, Reserve:0, Hand:4枚, Field:[ラスヘッド(Lv1,コア1)]
    P2: Life:5, Reserve:0, Hand:4枚, Field:[モラモーラ(Lv1,コア1s)]
  候補行動 (0件):
  ステップ終了評価: +0.0449
  => 選択: ステップ終了
     効果/結果: 【ターン 3】 手番: プレイヤー1
     効果/結果: 🔷 コアステップ: ボイドからリザーブへコア1個
     効果/結果: 🃏 ドローステップ: 「甲手スクィード」をドロー (残り34枚)
     効果/結果: ♻️ リフレッシュステップ: トラッシュのコア3個をリザーブへ

Turn 3 | 手数 8 | 手番: P1(run2_run3.kann.weight) | メインステップ
  盤面:
    P1: Life:5, Reserve:4s, Hand:5枚, Field:[ラスヘッド(Lv1,コア1)]
    P2: Life:5, Reserve:0, Hand:4枚, Field:[モラモーラ(Lv1,コア1s)]
  候補行動 (31件):
    [0] SUMMON | コスト🔷🔷🔷, 配置コア🔷 ⚠️ラスヘッド消滅, (支払:R:🔷🔷, ラスヘッド:🔷, 配置:R:🔷) -> eval: -0.0943
    [1] SUMMON | コスト🔷🔷🔷, 配置コア🔶, (支払:R:🔷🔷🔷, 配置:R:🔶) -> eval: -0.0110
    [2] SUMMON | コスト🔷🔷🔷, 配置コア🔶 ⚠️ラスヘッド消滅, (支払:R:🔷🔷, ラスヘッド:🔷, 配置:R:🔶) -> eval: -0.0840
    [3] SUMMON | コスト🔷🔷🔶, 配置コア🔷, (支払:R:🔷🔷🔶, 配置:R:🔷) -> eval: -0.0277
    [4] SUMMON | コスト🔷🔷🔶, 配置コア🔷 ⚠️ラスヘッド消滅, (支払:R:🔷🔶, ラスヘッド:🔷, 配置:R:🔷) -> eval: -0.0943
    [5] SUMMON | コスト🔷🔷🔷, 配置コア🔷🔶 ⚠️ラスヘッド消滅, (支払:R:🔷🔷, ラスヘッド:🔷, 配置:R:🔷🔶) -> eval: -0.0796
    [6] SUMMON | コスト🔷🔷🔶, 配置コア🔷🔷 ⚠️ラスヘッド消滅, (支払:R:🔷🔶, ラスヘッド:🔷, 配置:R:🔷🔷) -> eval: -0.0867
    [7] SUMMON | コスト🔷🔷🔷🔷, 配置コア🔶 ⚠️ラスヘッド消滅, (支払:R:🔷🔷🔷, ラスヘッド:🔷, 配置:R:🔶) -> eval: -0.0803
    [8] SUMMON | コスト🔷🔷🔷🔶, 配置コア🔷 ⚠️ラスヘッド消滅, (支払:R:🔷🔷🔶, ラスヘッド:🔷, 配置:R:🔷) -> eval: -0.0891
    [9] SUMMON | コスト🔷🔷🔷, 配置コアなし, (支払:R:🔷🔷🔷, 配置:なし) -> eval: -0.1152
    [10] SUMMON | コスト🔷🔷🔷, 配置コアなし ⚠️ラスヘッド消滅, (支払:R:🔷🔷, ラスヘッド:🔷, 配置:なし) -> eval: -0.1607
    [11] SUMMON | コスト🔷🔷🔶, 配置コアなし, (支払:R:🔷🔷🔶, 配置:なし) -> eval: -0.1152
    [12] SUMMON | コスト🔷🔷🔶, 配置コアなし ⚠️ラスヘッド消滅, (支払:R:🔷🔶, ラスヘッド:🔷, 配置:なし) -> eval: -0.1607
    [13] SUMMON | コスト🔷🔷🔷, 配置コア🔷 ⚠️ラスヘッド消滅, (支払:R:🔷🔷, ラスヘッド:🔷, 配置:R:🔷) -> eval: -0.1550
    [14] SUMMON | コスト🔷🔷🔷, 配置コア🔶, (支払:R:🔷🔷🔷, 配置:R:🔶) -> eval: -0.0740
    [15] SUMMON | コスト🔷🔷🔷, 配置コア🔶 ⚠️ラスヘッド消滅, (支払:R:🔷🔷, ラスヘッド:🔷, 配置:R:🔶) -> eval: -0.1310
    [16] SUMMON | コスト🔷🔷🔶, 配置コア🔷, (支払:R:🔷🔷🔶, 配置:R:🔷) -> eval: -0.1046
    [17] SUMMON | コスト🔷🔷🔶, 配置コア🔷 ⚠️ラスヘッド消滅, (支払:R:🔷🔶, ラスヘッド:🔷, 配置:R:🔷) -> eval: -0.1550
    [18] SUMMON | コスト🔷🔷🔷, 配置コア🔷🔶 ⚠️ラスヘッド消滅, (支払:R:🔷🔷, ラスヘッド:🔷, 配置:R:🔷🔶) -> eval: -0.1287
    [19] SUMMON | コスト🔷🔷🔶, 配置コア🔷🔷 ⚠️ラスヘッド消滅, (支払:R:🔷🔶, ラスヘッド:🔷, 配置:R:🔷🔷) -> eval: -0.1399
    [20] SUMMON | コスト🔷🔷🔷🔷, 配置コア🔶 ⚠️ラスヘッド消滅, (支払:R:🔷🔷🔷, ラスヘッド:🔷, 配置:R:🔶) -> eval: -0.0779
    [21] SUMMON | コスト🔷🔷🔷🔶, 配置コア🔷 ⚠️ラスヘッド消滅, (支払:R:🔷🔷🔶, ラスヘッド:🔷, 配置:R:🔷) -> eval: -0.0858
    [22] MOVE_CORE | 🔷を移動 -> eval: -0.1789
    [23] MOVE_CORE | 🔶を移動 -> eval: -0.1156
    [24] MOVE_CORE | 🔷🔷を移動 -> eval: -0.1718
    [25] MOVE_CORE | 🔷🔶を移動 -> eval: -0.1096
    [26] MOVE_CORE | 🔷🔷🔷を移動 -> eval: -0.1635
    [27] MOVE_CORE | 🔷🔷🔶を移動 -> eval: -0.1026
    [28] MOVE_CORE | 🔷🔷🔷🔶を移動 -> eval: -0.0944
    [29] MOVE_CORE | 🔶 ⇄ 🔷 を交換 -> eval: -0.1207
    [30] MOVE_CORE | 🔷を移動 ⚠️ラスヘッド消滅 -> eval: -0.2402
  ステップ終了評価: -0.1846
  => 選択: SUMMON | コスト🔷🔷🔷, 配置コア🔶, (支払:R:🔷🔷🔷, 配置:R:🔶) (eval: -0.0110 > 終了評価 -0.1846)
     効果/結果: 🎴 「モラモーラ」を召喚 (コスト3をトラッシュへ)

Turn 3 | 手数 9 | 手番: P1(run2_run3.kann.weight) | メインステップ
  盤面:
    P1: Life:5, Reserve:0, Hand:4枚, Field:[ラスヘッド(Lv1,コア1), モラモーラ(Lv1,コア1s)]
    P2: Life:5, Reserve:0, Hand:4枚, Field:[モラモーラ(Lv1,コア1s)]
  候補行動 (6件):
    [0] SUMMON | コスト🔷🔶, 配置コアなし ⚠️ラスヘッド・モラモーラ消滅, (支払:ラスヘッド:🔷, モラモーラ:🔶, 配置:なし) -> eval: -0.1144
    [1] MOVE_CORE | 🔷を移動 ⚠️ラスヘッド消滅 -> eval: -0.0840
    [2] MOVE_CORE | 🔷を移動 ⚠️ラスヘッド消滅 -> eval: -0.0796
    [3] MOVE_CORE | 🔶を移動 ⚠️モラモーラ消滅 -> eval: -0.1132
    [4] MOVE_CORE | 🔶を移動 ⚠️モラモーラ消滅 -> eval: -0.0828
    [5] MOVE_CORE | 🔶 ⇄ 🔷 を交換 -> eval: +0.0027
  ステップ終了評価: -0.0110
  => 選択: MOVE_CORE | 🔶 ⇄ 🔷 を交換 (eval: +0.0027 > 終了評価 -0.0110)
     効果/結果: 🔷 「モラモーラ」➔「ラスヘッド」 ソウルコア1個 / 「ラスヘッド」➔「モラモーラ」 通常コア1個

Turn 3 | 手数 10 | 手番: P1(run2_run3.kann.weight) | メインステップ
  盤面:
    P1: Life:5, Reserve:0, Hand:4枚, Field:[ラスヘッド(Lv2,コア1s), モラモーラ(Lv1,コア1)]
    P2: Life:5, Reserve:0, Hand:4枚, Field:[モラモーラ(Lv1,コア1s)]
  候補行動 (5件):
    [0] SUMMON | コスト🔷🔶, 配置コアなし ⚠️ラスヘッド・モラモーラ消滅, (支払:ラスヘッド:🔶, モラモーラ:🔷, 配置:なし) -> eval: -0.1144
    [1] MOVE_CORE | 🔶を移動 ⚠️ラスヘッド消滅 -> eval: -0.0943
    [2] MOVE_CORE | 🔶を移動 ⚠️ラスヘッド消滅 -> eval: -0.0796
    [3] MOVE_CORE | 🔷を移動 ⚠️モラモーラ消滅 -> eval: -0.0883
    [4] MOVE_CORE | 🔷を移動 ⚠️モラモーラ消滅 -> eval: -0.0828
  ステップ終了評価: +0.0027
  => 選択: ステップ終了 (候補最大 -0.0796 <= 終了評価 +0.0027)

Turn 3 | 手数 11 | 手番: P1(run2_run3.kann.weight) | アタック宣言
  盤面:
    P1: Life:5, Reserve:0, Hand:4枚, Field:[ラスヘッド(Lv2,コア1s), モラモーラ(Lv1,コア1)]
    P2: Life:5, Reserve:0, Hand:4枚, Field:[モラモーラ(Lv1,コア1s)]
  候補行動 (2件):
    [0] ATTACK | ラスヘッド でアタック宣言 (Lv2, BP5000, 通ればライフ-🔷) -> eval: +0.0789
    [1] ATTACK | モラモーラ でアタック宣言 (Lv1, BP5000, 通ればライフ-🔷) -> eval: +0.0882
  ステップ終了評価: +0.0027
  => 選択: ATTACK | モラモーラ でアタック宣言 (Lv1, BP5000, 通ればライフ-🔷) (eval: +0.0882 > 終了評価 +0.0027)
     効果/結果: 🗡️ 「モラモーラ」がアタック宣言 (BP5000)

Turn 3 | 手数 12 | 手番: P2(run3_run4.kann.weight) | ブロック宣言
  盤面:
    P1: Life:5, Reserve:0, Hand:4枚, Field:[ラスヘッド(Lv2,コア1s), モラモーラ(Lv1,コア1)]
    P2: Life:5, Reserve:0, Hand:4枚, Field:[モラモーラ(Lv1,コア1s)]
  候補行動 (2件):
    [0] BLOCK | モラモーラ でブロック (BP5000 vs BP5000 → 相打ち) -> eval: -0.2053
    [1] PASS_BLOCK | ライフでアタックを受ける (ライフ-🔷) -> eval: +0.0364
  => 選択: PASS_BLOCK | ライフでアタックを受ける (ライフ-🔷) (eval: +0.0364)
     効果/結果: 💔 ブロックせず: プレイヤー2 のライフ-1 (コアはリザーブへ)

Turn 3 | 手数 13 | 手番: P1(run2_run3.kann.weight) | アタック宣言
  盤面:
    P1: Life:5, Reserve:0, Hand:4枚, Field:[ラスヘッド(Lv2,コア1s), モラモーラ(Lv1,コア1)]
    P2: Life:4, Reserve:1, Hand:4枚, Field:[モラモーラ(Lv1,コア1s)]
  候補行動 (1件):
    [0] ATTACK | ラスヘッド でアタック宣言 (Lv2, BP5000, 通ればライフ-🔷) -> eval: +0.1655
  ステップ終了評価: +0.0946
  => 選択: ATTACK | ラスヘッド でアタック宣言 (Lv2, BP5000, 通ればライフ-🔷) (eval: +0.1655 > 終了評価 +0.0946)
     効果/結果: 🗡️ 「ラスヘッド」がアタック宣言 (BP5000)

Turn 3 | 手数 14 | 手番: P2(run3_run4.kann.weight) | ブロック宣言
  盤面:
    P1: Life:5, Reserve:0, Hand:4枚, Field:[ラスヘッド(Lv2,コア1s), モラモーラ(Lv1,コア1)]
    P2: Life:4, Reserve:1, Hand:4枚, Field:[モラモーラ(Lv1,コア1s)]
  候補行動 (2件):
    [0] BLOCK | モラモーラ でブロック (BP5000 vs BP5000 → 相打ち) -> eval: -0.1673
    [1] PASS_BLOCK | ライフでアタックを受ける (ライフ-🔷) -> eval: +0.0604
  => 選択: PASS_BLOCK | ライフでアタックを受ける (ライフ-🔷) (eval: +0.0604)
     効果/結果: 💔 ブロックせず: プレイヤー2 のライフ-1 (コアはリザーブへ)

Turn 3 | 手数 15 | 手番: P1(run2_run3.kann.weight) | アタック宣言
  盤面:
    P1: Life:5, Reserve:0, Hand:4枚, Field:[ラスヘッド(Lv2,コア1s), モラモーラ(Lv1,コア1)]
    P2: Life:3, Reserve:2, Hand:4枚, Field:[モラモーラ(Lv1,コア1s)]
  候補行動 (0件):
  ステップ終了評価: +0.1723
  => 選択: ステップ終了

Turn 3 | 手数 16 | 手番: P1(run2_run3.kann.weight) | 第2メインステップ
  盤面:
    P1: Life:5, Reserve:0, Hand:4枚, Field:[ラスヘッド(Lv2,コア1s), モラモーラ(Lv1,コア1)]
    P2: Life:3, Reserve:2, Hand:4枚, Field:[モラモーラ(Lv1,コア1s)]
  候補行動 (6件):
    [0] SUMMON | コスト🔷🔶, 配置コアなし ⚠️ラスヘッド・モラモーラ消滅, (支払:ラスヘッド:🔶, モラモーラ:🔷, 配置:なし) -> eval: -0.1054
    [1] MOVE_CORE | 🔶を移動 ⚠️ラスヘッド消滅 -> eval: -0.0094
    [2] MOVE_CORE | 🔶を移動 ⚠️ラスヘッド消滅 -> eval: -0.0008
    [3] MOVE_CORE | 🔶 ⇄ 🔷 を交換 -> eval: +0.1525
    [4] MOVE_CORE | 🔷を移動 ⚠️モラモーラ消滅 -> eval: -0.0089
    [5] MOVE_CORE | 🔷を移動 ⚠️モラモーラ消滅 -> eval: -0.0012
  ステップ終了評価: +0.1723
  => 選択: ステップ終了 (候補最大 +0.1525 <= 終了評価 +0.1723)

Turn 3 | 手数 17 | 手番: P1(run2_run3.kann.weight) | エンドステップ
  盤面:
    P1: Life:5, Reserve:0, Hand:4枚, Field:[ラスヘッド(Lv2,コア1s), モラモーラ(Lv1,コア1)]
    P2: Life:3, Reserve:2, Hand:4枚, Field:[モラモーラ(Lv1,コア1s)]
  候補行動 (0件):
  ステップ終了評価: +0.2232
  => 選択: ステップ終了
     効果/結果: 【ターン 4】 手番: プレイヤー2
     効果/結果: 🔷 コアステップ: ボイドからリザーブへコア1個
     効果/結果: 🃏 ドローステップ: 「パッファー」をドロー (残り33枚)
     効果/結果: ♻️ リフレッシュステップ: トラッシュのコア4個をリザーブへ

Turn 4 | 手数 18 | 手番: P2(run3_run4.kann.weight) | メインステップ
  盤面:
    P1: Life:5, Reserve:0, Hand:4枚, Field:[ラスヘッド(Lv2,コア1s), モラモーラ(Lv1,コア1)]
    P2: Life:3, Reserve:7, Hand:5枚, Field:[モラモーラ(Lv1,コア1s)]
  候補行動 (65件):
    [0] SUMMON | コスト🔷🔷🔷🔷🔷, 配置コア🔷, (支払:R:🔷🔷🔷🔷🔷, 配置:R:🔷) -> eval: +0.0763
    [1] SUMMON | コスト🔷🔷🔷🔷🔷, 配置コア🔶 ⚠️モラモーラ消滅, (支払:R:🔷🔷🔷🔷🔷, 配置:モラモーラ:🔶) -> eval: -0.0467
    [2] SUMMON | コスト🔷🔷🔷🔷🔶, 配置コア🔷 ⚠️モラモーラ消滅, (支払:R:🔷🔷🔷🔷, モラモーラ:🔶, 配置:R:🔷) -> eval: -0.0287
    [3] SUMMON | コスト🔷🔷🔷🔷🔷, 配置コア🔷🔷, (支払:R:🔷🔷🔷🔷🔷, 配置:R:🔷🔷) -> eval: +0.0839
    [4] SUMMON | コスト🔷🔷🔷🔷🔷, 配置コア🔷🔶 ⚠️モラモーラ消滅, (支払:R:🔷🔷🔷🔷🔷, 配置:R:🔷, モラモーラ:🔶) -> eval: -0.0357
    [5] SUMMON | コスト🔷🔷🔷🔷🔶, 配置コア🔷🔷 ⚠️モラモーラ消滅, (支払:R:🔷🔷🔷🔷, モラモーラ:🔶, 配置:R:🔷🔷) -> eval: -0.0187
    [6] SUMMON | コスト🔷🔷🔷🔷🔷, 配置コア🔷🔷🔶 ⚠️モラモーラ消滅, (支払:R:🔷🔷🔷🔷🔷, 配置:R:🔷🔷, モラモーラ:🔶) -> eval: -0.0240
    [7] SUMMON | コスト🔷🔷🔷🔷🔶, 配置コア🔷🔷🔷 ⚠️モラモーラ消滅, (支払:R:🔷🔷🔷🔷, モラモーラ:🔶, 配置:R:🔷🔷🔷) -> eval: -0.0080
    [8] SUMMON | コスト🔷🔷🔷🔷, 配置コア🔷, (支払:R:🔷🔷🔷🔷, 配置:R:🔷) -> eval: +0.0650
    [9] SUMMON | コスト🔷🔷🔷🔷, 配置コア🔶 ⚠️モラモーラ消滅, (支払:R:🔷🔷🔷🔷, 配置:モラモーラ:🔶) -> eval: -0.0667
    [10] SUMMON | コスト🔷🔷🔷🔶, 配置コア🔷 ⚠️モラモーラ消滅, (支払:R:🔷🔷🔷, モラモーラ:🔶, 配置:R:🔷) -> eval: -0.0421
    [11] SUMMON | コスト🔷🔷🔷🔷, 配置コア🔷🔷, (支払:R:🔷🔷🔷🔷, 配置:R:🔷🔷) -> eval: +0.0719
    [12] SUMMON | コスト🔷🔷🔷🔷, 配置コア🔷🔶 ⚠️モラモーラ消滅, (支払:R:🔷🔷🔷🔷, 配置:R:🔷, モラモーラ:🔶) -> eval: -0.0566
    [13] SUMMON | コスト🔷🔷🔷🔶, 配置コア🔷🔷 ⚠️モラモーラ消滅, (支払:R:🔷🔷🔷, モラモーラ:🔶, 配置:R:🔷🔷) -> eval: -0.0330
    [14] SUMMON | コスト🔷🔷🔷🔷, 配置コア🔷🔷🔷, (支払:R:🔷🔷🔷🔷, 配置:R:🔷🔷🔷) -> eval: +0.0796
    [15] SUMMON | コスト🔷🔷🔷🔷, 配置コア🔷🔷🔶 ⚠️モラモーラ消滅, (支払:R:🔷🔷🔷🔷, 配置:R:🔷🔷, モラモーラ:🔶) -> eval: -0.0456
    [16] SUMMON | コスト🔷🔷🔷🔶, 配置コア🔷🔷🔷 ⚠️モラモーラ消滅, (支払:R:🔷🔷🔷, モラモーラ:🔶, 配置:R:🔷🔷🔷) -> eval: -0.0231
    [17] SUMMON | コスト🔷🔷🔷🔷, 配置コア🔷🔷🔷🔶 ⚠️モラモーラ消滅, (支払:R:🔷🔷🔷🔷, 配置:R:🔷🔷🔷, モラモーラ:🔶) -> eval: -0.0339
    [18] SUMMON | コスト🔷🔷🔷🔶, 配置コア🔷🔷🔷🔷 ⚠️モラモーラ消滅, (支払:R:🔷🔷🔷, モラモーラ:🔶, 配置:R:🔷🔷🔷🔷) -> eval: -0.0124
    [19] SUMMON | コスト🔷, 配置コア🔷, (支払:R:🔷, 配置:R:🔷) -> eval: +0.0331
    [20] SUMMON | コスト🔷, 配置コア🔶 ⚠️モラモーラ消滅, (支払:R:🔷, 配置:モラモーラ:🔶) -> eval: -0.1022
    [21] SUMMON | コスト🔶, 配置コア🔷 ⚠️モラモーラ消滅, (支払:モラモーラ:🔶, 配置:R:🔷) -> eval: -0.0813
    [22] SUMMON | コスト🔷, 配置コア🔷🔷, (支払:R:🔷, 配置:R:🔷🔷) -> eval: +0.0374
    [23] SUMMON | コスト🔷, 配置コア🔷🔶 ⚠️モラモーラ消滅, (支払:R:🔷, 配置:R:🔷, モラモーラ:🔶) -> eval: -0.0949
    [24] SUMMON | コスト🔶, 配置コア🔷🔷 ⚠️モラモーラ消滅, (支払:モラモーラ:🔶, 配置:R:🔷🔷) -> eval: -0.0750
    [25] SUMMON | コスト🔷, 配置コア🔷🔷🔷, (支払:R:🔷, 配置:R:🔷🔷🔷) -> eval: +0.0761
    [26] SUMMON | コスト🔷, 配置コア🔷🔷🔶 ⚠️モラモーラ消滅, (支払:R:🔷, 配置:R:🔷🔷, モラモーラ:🔶) -> eval: -0.0728
    [27] SUMMON | コスト🔶, 配置コア🔷🔷🔷 ⚠️モラモーラ消滅, (支払:モラモーラ:🔶, 配置:R:🔷🔷🔷) -> eval: -0.0383
    [28] SUMMON | コスト🔷, 配置コア🔷🔷🔷🔷, (支払:R:🔷, 配置:R:🔷🔷🔷🔷) -> eval: +0.0835
    [29] SUMMON | コスト🔷, 配置コア🔷🔷🔷🔶 ⚠️モラモーラ消滅, (支払:R:🔷, 配置:R:🔷🔷🔷, モラモーラ:🔶) -> eval: -0.0629
    [30] SUMMON | コスト🔶, 配置コア🔷🔷🔷🔷 ⚠️モラモーラ消滅, (支払:モラモーラ:🔶, 配置:R:🔷🔷🔷🔷) -> eval: -0.0291
    [31] SUMMON | コスト🔷, 配置コア🔷🔷🔷🔷🔷, (支払:R:🔷, 配置:R:🔷🔷🔷🔷🔷) -> eval: +0.0918
    [32] SUMMON | コスト🔷, 配置コア🔷🔷🔷🔷🔶 ⚠️モラモーラ消滅, (支払:R:🔷, 配置:R:🔷🔷🔷🔷, モラモーラ:🔶) -> eval: -0.0521
    [33] SUMMON | コスト🔶, 配置コア🔷🔷🔷🔷🔷 ⚠️モラモーラ消滅, (支払:モラモーラ:🔶, 配置:R:🔷🔷🔷🔷🔷) -> eval: -0.0191
    [34] SUMMON | コスト🔷, 配置コア🔷🔷🔷🔷🔷🔷, (支払:R:🔷, 配置:R:🔷🔷🔷🔷🔷🔷) -> eval: +0.1010
    [35] SUMMON | コスト🔷, 配置コア🔷🔷🔷🔷🔷🔶 ⚠️モラモーラ消滅, (支払:R:🔷, 配置:R:🔷🔷🔷🔷🔷, モラモーラ:🔶) -> eval: -0.0405
    [36] SUMMON | コスト🔶, 配置コア🔷🔷🔷🔷🔷🔷 ⚠️モラモーラ消滅, (支払:モラモーラ:🔶, 配置:R:🔷🔷🔷🔷🔷🔷) -> eval: -0.0082
    [37] SUMMON | コスト🔷, 配置コア🔷🔷🔷🔷🔷🔷🔶 ⚠️モラモーラ消滅, (支払:R:🔷, 配置:R:🔷🔷🔷🔷🔷🔷, モラモーラ:🔶) -> eval: -0.0280
    [38] SUMMON | コスト🔶, 配置コア🔷🔷🔷🔷🔷🔷🔷 ⚠️モラモーラ消滅, (支払:モラモーラ:🔶, 配置:R:🔷🔷🔷🔷🔷🔷🔷) -> eval: +0.0032
    [39] SUMMON | コスト🔷🔷, 配置コア🔷, (支払:R:🔷🔷, 配置:R:🔷) -> eval: +0.0425
    [40] SUMMON | コスト🔷🔷, 配置コア🔶 ⚠️モラモーラ消滅, (支払:R:🔷🔷, 配置:モラモーラ:🔶) -> eval: -0.0946
    [41] SUMMON | コスト🔷🔶, 配置コア🔷 ⚠️モラモーラ消滅, (支払:R:🔷, モラモーラ:🔶, 配置:R:🔷) -> eval: -0.0701
    [42] SUMMON | コスト🔷🔷, 配置コア🔷🔷, (支払:R:🔷🔷, 配置:R:🔷🔷) -> eval: +0.0727
    [43] SUMMON | コスト🔷🔷, 配置コア🔷🔶 ⚠️モラモーラ消滅, (支払:R:🔷🔷, 配置:R:🔷, モラモーラ:🔶) -> eval: -0.0768
    [44] SUMMON | コスト🔷🔶, 配置コア🔷🔷 ⚠️モラモーラ消滅, (支払:R:🔷, モラモーラ:🔶, 配置:R:🔷🔷) -> eval: -0.0427
    [45] SUMMON | コスト🔷🔷, 配置コア🔷🔷🔷, (支払:R:🔷🔷, 配置:R:🔷🔷🔷) -> eval: +0.0796
    [46] SUMMON | コスト🔷🔷, 配置コア🔷🔷🔶 ⚠️モラモーラ消滅, (支払:R:🔷🔷, 配置:R:🔷🔷, モラモーラ:🔶) -> eval: -0.0675
    [47] SUMMON | コスト🔷🔶, 配置コア🔷🔷🔷 ⚠️モラモーラ消滅, (支払:R:🔷, モラモーラ:🔶, 配置:R:🔷🔷🔷) -> eval: -0.0341
    [48] SUMMON | コスト🔷🔷, 配置コア🔷🔷🔷🔷, (支払:R:🔷🔷, 配置:R:🔷🔷🔷🔷) -> eval: +0.0875
    [49] SUMMON | コスト🔷🔷, 配置コア🔷🔷🔷🔶 ⚠️モラモーラ消滅, (支払:R:🔷🔷, 配置:R:🔷🔷🔷, モラモーラ:🔶) -> eval: -0.0573
    [50] SUMMON | コスト🔷🔶, 配置コア🔷🔷🔷🔷 ⚠️モラモーラ消滅, (支払:R:🔷, モラモーラ:🔶, 配置:R:🔷🔷🔷🔷) -> eval: -0.0247
    [51] SUMMON | コスト🔷🔷, 配置コア🔷🔷🔷🔷🔷, (支払:R:🔷🔷, 配置:R:🔷🔷🔷🔷🔷) -> eval: +0.0963
    [52] SUMMON | コスト🔷🔷, 配置コア🔷🔷🔷🔷🔶 ⚠️モラモーラ消滅, (支払:R:🔷🔷, 配置:R:🔷🔷🔷🔷, モラモーラ:🔶) -> eval: -0.0462
    [53] SUMMON | コスト🔷🔶, 配置コア🔷🔷🔷🔷🔷 ⚠️モラモーラ消滅, (支払:R:🔷, モラモーラ:🔶, 配置:R:🔷🔷🔷🔷🔷) -> eval: -0.0144
    [54] SUMMON | コスト🔷🔷, 配置コア🔷🔷🔷🔷🔷🔶 ⚠️モラモーラ消滅, (支払:R:🔷🔷, 配置:R:🔷🔷🔷🔷🔷, モラモーラ:🔶) -> eval: -0.0343
    [55] SUMMON | コスト🔷🔶, 配置コア🔷🔷🔷🔷🔷🔷 ⚠️モラモーラ消滅, (支払:R:🔷, モラモーラ:🔶, 配置:R:🔷🔷🔷🔷🔷🔷) -> eval: -0.0034
    [56] MOVE_CORE | 🔷を移動 -> eval: -0.0134
    [57] MOVE_CORE | 🔷🔷を移動 -> eval: +0.0125
    [58] MOVE_CORE | 🔷🔷🔷を移動 -> eval: +0.0191
    [59] MOVE_CORE | 🔷🔷🔷🔷を移動 -> eval: +0.0269
    [60] MOVE_CORE | 🔷🔷🔷🔷🔷を移動 -> eval: +0.0360
    [61] MOVE_CORE | 🔷🔷🔷🔷🔷🔷を移動 -> eval: +0.0461
    [62] MOVE_CORE | 🔷🔷🔷🔷🔷🔷🔷を移動 -> eval: +0.0573
    [63] MOVE_CORE | 🔶を移動 ⚠️モラモーラ消滅 -> eval: -0.1469
    [64] MOVE_CORE | 🔶 ⇄ 🔷 を交換 -> eval: -0.0093
  ステップ終了評価: -0.0171
  => 選択: SUMMON | コスト🔷, 配置コア🔷🔷🔷🔷🔷🔷, (支払:R:🔷, 配置:R:🔷🔷🔷🔷🔷🔷) (eval: +0.1010 > 終了評価 -0.0171)
     効果/結果: 🎴 「フラッティ」を召喚 (コスト1をトラッシュへ)

Turn 4 | 手数 19 | 手番: P2(run3_run4.kann.weight) | メインステップ
  盤面:
    P1: Life:5, Reserve:0, Hand:4枚, Field:[ラスヘッド(Lv2,コア1s), モラモーラ(Lv1,コア1)]
    P2: Life:3, Reserve:0, Hand:4枚, Field:[モラモーラ(Lv1,コア1s), フラッティ(Lv2,コア6)]
  候補行動 (48件):
    [0] SUMMON | コスト🔷🔷🔷🔷, 配置コア🔷, (支払:フラッティ:🔷🔷🔷🔷, 配置:フラッティ:🔷) -> eval: +0.1209
    [1] SUMMON | コスト🔷🔷🔷🔷, 配置コア🔶 ⚠️モラモーラ消滅, (支払:フラッティ:🔷🔷🔷🔷, 配置:モラモーラ:🔶) -> eval: +0.0222
    [2] SUMMON | コスト🔷🔷🔷🔶, 配置コア🔷 ⚠️モラモーラ消滅, (支払:モラモーラ:🔶, フラッティ:🔷🔷🔷, 配置:フラッティ:🔷) -> eval: +0.0390
    [3] SUMMON | コスト🔷🔷🔷🔷, 配置コア🔷🔷 ⚠️フラッティ消滅, (支払:フラッティ:🔷🔷🔷🔷, 配置:フラッティ:🔷🔷) -> eval: +0.0275
    [4] SUMMON | コスト🔷🔷🔷🔷, 配置コア🔷🔶 ⚠️モラモーラ消滅, (支払:フラッティ:🔷🔷🔷🔷, 配置:モラモーラ:🔶, フラッティ:🔷) -> eval: +0.0238
    [5] SUMMON | コスト🔷🔷🔷🔶, 配置コア🔷🔷 ⚠️モラモーラ消滅, (支払:モラモーラ:🔶, フラッティ:🔷🔷🔷, 配置:フラッティ:🔷🔷) -> eval: +0.0395
    [6] SUMMON | コスト🔷🔷🔷🔷, 配置コア🔷🔷🔶 ⚠️モラモーラ・フラッティ消滅, (支払:フラッティ:🔷🔷🔷🔷, 配置:モラモーラ:🔶, フラッティ:🔷🔷) -> eval: -0.0188
    [7] SUMMON | コスト🔷🔷🔷🔶, 配置コア🔷🔷🔷 ⚠️モラモーラ・フラッティ消滅, (支払:モラモーラ:🔶, フラッティ:🔷🔷🔷, 配置:フラッティ:🔷🔷🔷) -> eval: -0.0012
    [8] SUMMON | コスト🔷🔷🔷, 配置コア🔷, (支払:フラッティ:🔷🔷🔷, 配置:フラッティ:🔷) -> eval: +0.1169
    [9] SUMMON | コスト🔷🔷🔷, 配置コア🔶 ⚠️モラモーラ消滅, (支払:フラッティ:🔷🔷🔷, 配置:モラモーラ:🔶) -> eval: +0.0416
    [10] SUMMON | コスト🔷🔷🔶, 配置コア🔷 ⚠️モラモーラ消滅, (支払:モラモーラ:🔶, フラッティ:🔷🔷, 配置:フラッティ:🔷) -> eval: +0.0639
    [11] SUMMON | コスト🔷🔷🔷, 配置コア🔷🔷, (支払:フラッティ:🔷🔷🔷, 配置:フラッティ:🔷🔷) -> eval: +0.1171
    [12] SUMMON | コスト🔷🔷🔷, 配置コア🔷🔶 ⚠️モラモーラ消滅, (支払:フラッティ:🔷🔷🔷, 配置:モラモーラ:🔶, フラッティ:🔷) -> eval: +0.0129
    [13] SUMMON | コスト🔷🔷🔶, 配置コア🔷🔷 ⚠️モラモーラ消滅, (支払:モラモーラ:🔶, フラッティ:🔷🔷, 配置:フラッティ:🔷🔷) -> eval: +0.0352
    [14] SUMMON | コスト🔷🔷🔷, 配置コア🔷🔷🔷 ⚠️フラッティ消滅, (支払:フラッティ:🔷🔷🔷, 配置:フラッティ:🔷🔷🔷) -> eval: +0.0237
    [15] SUMMON | コスト🔷🔷🔷, 配置コア🔷🔷🔶 ⚠️モラモーラ消滅, (支払:フラッティ:🔷🔷🔷, 配置:モラモーラ:🔶, フラッティ:🔷🔷) -> eval: +0.0147
    [16] SUMMON | コスト🔷🔷🔶, 配置コア🔷🔷🔷 ⚠️モラモーラ消滅, (支払:モラモーラ:🔶, フラッティ:🔷🔷, 配置:フラッティ:🔷🔷🔷) -> eval: +0.0357
    [17] SUMMON | コスト🔷🔷🔷, 配置コア🔷🔷🔷🔶 ⚠️モラモーラ・フラッティ消滅, (支払:フラッティ:🔷🔷🔷, 配置:モラモーラ:🔶, フラッティ:🔷🔷🔷) -> eval: -0.0277
    [18] SUMMON | コスト🔷🔷🔶, 配置コア🔷🔷🔷🔷 ⚠️モラモーラ・フラッティ消滅, (支払:モラモーラ:🔶, フラッティ:🔷🔷, 配置:フラッティ:🔷🔷🔷🔷) -> eval: -0.0046
    [19] SUMMON | コスト🔷🔷, 配置コア🔷, (支払:フラッティ:🔷🔷, 配置:フラッティ:🔷) -> eval: +0.1347
    [20] SUMMON | コスト🔷🔷, 配置コア🔶 ⚠️モラモーラ消滅, (支払:フラッティ:🔷🔷, 配置:モラモーラ:🔶) -> eval: +0.0208
    [21] SUMMON | コスト🔷🔶, 配置コア🔷 ⚠️モラモーラ消滅, (支払:モラモーラ:🔶, フラッティ:🔷, 配置:フラッティ:🔷) -> eval: +0.0454
    [22] SUMMON | コスト🔷🔷, 配置コア🔷🔷, (支払:フラッティ:🔷🔷, 配置:フラッティ:🔷🔷) -> eval: +0.1317
    [23] SUMMON | コスト🔷🔷, 配置コア🔷🔶 ⚠️モラモーラ消滅, (支払:フラッティ:🔷🔷, 配置:モラモーラ:🔶, フラッティ:🔷) -> eval: +0.0349
    [24] SUMMON | コスト🔷🔶, 配置コア🔷🔷 ⚠️モラモーラ消滅, (支払:モラモーラ:🔶, フラッティ:🔷, 配置:フラッティ:🔷🔷) -> eval: +0.0687
    [25] SUMMON | コスト🔷🔷, 配置コア🔷🔷🔷, (支払:フラッティ:🔷🔷, 配置:フラッティ:🔷🔷🔷) -> eval: +0.1331
    [26] SUMMON | コスト🔷🔷, 配置コア🔷🔷🔶 ⚠️モラモーラ消滅, (支払:フラッティ:🔷🔷, 配置:モラモーラ:🔶, フラッティ:🔷🔷) -> eval: +0.0096
    [27] SUMMON | コスト🔷🔶, 配置コア🔷🔷🔷 ⚠️モラモーラ消滅, (支払:モラモーラ:🔶, フラッティ:🔷, 配置:フラッティ:🔷🔷🔷) -> eval: +0.0436
    [28] SUMMON | コスト🔷🔷, 配置コア🔷🔷🔷🔷 ⚠️フラッティ消滅, (支払:フラッティ:🔷🔷, 配置:フラッティ:🔷🔷🔷🔷) -> eval: +0.0332
    [29] SUMMON | コスト🔷🔷, 配置コア🔷🔷🔷🔶 ⚠️モラモーラ消滅, (支払:フラッティ:🔷🔷, 配置:モラモーラ:🔶, フラッティ:🔷🔷🔷) -> eval: +0.0124
    [30] SUMMON | コスト🔷🔶, 配置コア🔷🔷🔷🔷 ⚠️モラモーラ消滅, (支払:モラモーラ:🔶, フラッティ:🔷, 配置:フラッティ:🔷🔷🔷🔷) -> eval: +0.0454
    [31] SUMMON | コスト🔷🔷, 配置コア🔷🔷🔷🔷🔶 ⚠️モラモーラ・フラッティ消滅, (支払:フラッティ:🔷🔷, 配置:モラモーラ:🔶, フラッティ:🔷🔷🔷🔷) -> eval: -0.0342
    [32] SUMMON | コスト🔷🔶, 配置コア🔷🔷🔷🔷🔷 ⚠️モラモーラ・フラッティ消滅, (支払:モラモーラ:🔶, フラッティ:🔷, 配置:フラッティ:🔷🔷🔷🔷🔷) -> eval: -0.0025
    [33] MOVE_CORE | 🔶を移動 ⚠️モラモーラ消滅 -> eval: -0.0082
    [34] MOVE_CORE | 🔶を移動 ⚠️モラモーラ消滅 -> eval: -0.0280
    [35] MOVE_CORE | 🔶 ⇄ 🔷 を交換 -> eval: +0.1339
    [36] MOVE_CORE | 🔷を移動 -> eval: +0.0918
    [37] MOVE_CORE | 🔷🔷を移動 -> eval: +0.0835
    [38] MOVE_CORE | 🔷🔷🔷を移動 -> eval: +0.0761
    [39] MOVE_CORE | 🔷🔷🔷🔷を移動 -> eval: +0.0374
    [40] MOVE_CORE | 🔷🔷🔷🔷🔷を移動 -> eval: +0.0331
    [41] MOVE_CORE | 🔷🔷🔷🔷🔷🔷を移動 ⚠️フラッティ消滅 -> eval: -0.0880
    [42] MOVE_CORE | 🔷を移動 -> eval: +0.0995
    [43] MOVE_CORE | 🔷🔷を移動 -> eval: +0.1168
    [44] MOVE_CORE | 🔷🔷🔷を移動 -> eval: +0.1166
    [45] MOVE_CORE | 🔷🔷🔷🔷を移動 -> eval: +0.0845
    [46] MOVE_CORE | 🔷🔷🔷🔷🔷を移動 -> eval: +0.0861
    [47] MOVE_CORE | 🔷🔷🔷🔷🔷🔷を移動 ⚠️フラッティ消滅 -> eval: -0.0078
  ステップ終了評価: +0.1010
  => 選択: SUMMON | コスト🔷🔷, 配置コア🔷, (支払:フラッティ:🔷🔷, 配置:フラッティ:🔷) (eval: +0.1347 > 終了評価 +0.1010)
     効果/結果: 🎴 「パッファー」を召喚 (コスト2をトラッシュへ) ※フラッティから2個, フラッティから1個

Turn 4 | 手数 20 | 手番: P2(run3_run4.kann.weight) | メインステップ
  盤面:
    P1: Life:5, Reserve:0, Hand:4枚, Field:[ラスヘッド(Lv2,コア1s), モラモーラ(Lv1,コア1)]
    P2: Life:3, Reserve:0, Hand:3枚, Field:[モラモーラ(Lv1,コア1s), フラッティ(Lv2,コア3), パッファー(Lv1,コア1)]
  候補行動 (37件):
    [0] SUMMON | コスト🔷🔷🔷, 配置コア🔷 ⚠️フラッティ・パッファー消滅, (支払:フラッティ:🔷🔷, パッファー:🔷, 配置:フラッティ:🔷) -> eval: +0.0328
    [1] SUMMON | コスト🔷🔷🔷, 配置コア🔶 ⚠️モラモーラ・フラッティ消滅, (支払:フラッティ:🔷🔷🔷, 配置:モラモーラ:🔶) -> eval: +0.0317
    [2] SUMMON | コスト🔷🔷🔷, 配置コア🔶 ⚠️モラモーラ・パッファー消滅, (支払:フラッティ:🔷🔷, パッファー:🔷, 配置:モラモーラ:🔶) -> eval: +0.0226
    [3] SUMMON | コスト🔷🔷🔶, 配置コア🔷 ⚠️モラモーラ・フラッティ消滅, (支払:モラモーラ:🔶, フラッティ:🔷🔷, 配置:フラッティ:🔷) -> eval: +0.0485
    [4] SUMMON | コスト🔷🔷🔶, 配置コア🔷 ⚠️モラモーラ・パッファー消滅, (支払:モラモーラ:🔶, フラッティ:🔷, パッファー:🔷, 配置:フラッティ:🔷) -> eval: +0.0405
    [5] SUMMON | コスト🔷🔷🔷, 配置コア🔷🔶 ⚠️モラモーラ・フラッティ・パッファー消滅, (支払:フラッティ:🔷🔷, パッファー:🔷, 配置:モラモーラ:🔶, フラッティ:🔷) -> eval: +0.0008
    [6] SUMMON | コスト🔷🔷🔶, 配置コア🔷🔷 ⚠️モラモーラ・フラッティ・パッファー消滅, (支払:モラモーラ:🔶, フラッティ:🔷, パッファー:🔷, 配置:フラッティ:🔷🔷) -> eval: +0.0128
    [7] SUMMON | コスト🔷🔷, 配置コア🔷 ⚠️フラッティ消滅, (支払:フラッティ:🔷🔷, 配置:フラッティ:🔷) -> eval: +0.0774
    [8] SUMMON | コスト🔷🔷, 配置コア🔷 ⚠️パッファー消滅, (支払:フラッティ:🔷, パッファー:🔷, 配置:フラッティ:🔷) -> eval: +0.0693
    [9] SUMMON | コスト🔷🔷, 配置コア🔶 ⚠️モラモーラ消滅, (支払:フラッティ:🔷🔷, 配置:モラモーラ:🔶) -> eval: +0.0673
    [10] SUMMON | コスト🔷🔷, 配置コア🔶 ⚠️モラモーラ・パッファー消滅, (支払:フラッティ:🔷, パッファー:🔷, 配置:モラモーラ:🔶) -> eval: +0.0117
    [11] SUMMON | コスト🔷🔶, 配置コア🔷 ⚠️モラモーラ消滅, (支払:モラモーラ:🔶, フラッティ:🔷, 配置:フラッティ:🔷) -> eval: +0.0883
    [12] SUMMON | コスト🔷🔶, 配置コア🔷 ⚠️モラモーラ・パッファー消滅, (支払:モラモーラ:🔶, パッファー:🔷, 配置:フラッティ:🔷) -> eval: +0.0363
    [13] SUMMON | コスト🔷🔷, 配置コア🔷🔷 ⚠️フラッティ・パッファー消滅, (支払:フラッティ:🔷, パッファー:🔷, 配置:フラッティ:🔷🔷) -> eval: +0.0294
    [14] SUMMON | コスト🔷🔷, 配置コア🔷🔶 ⚠️モラモーラ・フラッティ消滅, (支払:フラッティ:🔷🔷, 配置:モラモーラ:🔶, フラッティ:🔷) -> eval: +0.0235
    [15] SUMMON | コスト🔷🔷, 配置コア🔷🔶 ⚠️モラモーラ・パッファー消滅, (支払:フラッティ:🔷, パッファー:🔷, 配置:モラモーラ:🔶, フラッティ:🔷) -> eval: +0.0143
    [16] SUMMON | コスト🔷🔶, 配置コア🔷🔷 ⚠️モラモーラ・フラッティ消滅, (支払:モラモーラ:🔶, フラッティ:🔷, 配置:フラッティ:🔷🔷) -> eval: +0.0454
    [17] SUMMON | コスト🔷🔶, 配置コア🔷🔷 ⚠️モラモーラ・パッファー消滅, (支払:モラモーラ:🔶, パッファー:🔷, 配置:フラッティ:🔷🔷) -> eval: +0.0374
    [18] SUMMON | コスト🔷🔷, 配置コア🔷🔷🔶 ⚠️モラモーラ・フラッティ・パッファー消滅, (支払:フラッティ:🔷, パッファー:🔷, 配置:モラモーラ:🔶, フラッティ:🔷🔷) -> eval: -0.0099
    [19] SUMMON | コスト🔷🔶, 配置コア🔷🔷🔷 ⚠️モラモーラ・フラッティ・パッファー消滅, (支払:モラモーラ:🔶, パッファー:🔷, 配置:フラッティ:🔷🔷🔷) -> eval: +0.0088
    [20] MOVE_CORE | 🔶を移動 ⚠️モラモーラ消滅 -> eval: +0.0352
    [21] MOVE_CORE | 🔶を移動 ⚠️モラモーラ消滅 -> eval: +0.0049
    [22] MOVE_CORE | 🔶 ⇄ 🔷 を交換 -> eval: +0.1564
    [23] MOVE_CORE | 🔶を移動 ⚠️モラモーラ消滅 -> eval: +0.0349
    [24] MOVE_CORE | 🔶 ⇄ 🔷 を交換 -> eval: +0.1856
    [25] MOVE_CORE | 🔷を移動 -> eval: +0.0968
    [26] MOVE_CORE | 🔷🔷を移動 -> eval: +0.0902
    [27] MOVE_CORE | 🔷🔷🔷を移動 ⚠️フラッティ消滅 -> eval: -0.0183
    [28] MOVE_CORE | 🔷を移動 -> eval: +0.1049
    [29] MOVE_CORE | 🔷🔷を移動 -> eval: +0.1261
    [30] MOVE_CORE | 🔷🔷🔷を移動 ⚠️フラッティ消滅 -> eval: +0.0320
    [31] MOVE_CORE | 🔷を移動 -> eval: +0.1317
    [32] MOVE_CORE | 🔷🔷を移動 -> eval: +0.1331
    [33] MOVE_CORE | 🔷🔷🔷を移動 ⚠️フラッティ消滅 -> eval: +0.0332
    [34] MOVE_CORE | 🔷を移動 ⚠️パッファー消滅 -> eval: +0.0225
    [35] MOVE_CORE | 🔷を移動 ⚠️パッファー消滅 -> eval: +0.0325
    [36] MOVE_CORE | 🔷を移動 ⚠️パッファー消滅 -> eval: +0.0332
  ステップ終了評価: +0.1347
  => 選択: MOVE_CORE | 🔶 ⇄ 🔷 を交換 (eval: +0.1856 > 終了評価 +0.1347)
     効果/結果: 🔷 「モラモーラ」➔「パッファー」 ソウルコア1個 / 「パッファー」➔「モラモーラ」 通常コア1個

Turn 4 | 手数 21 | 手番: P2(run3_run4.kann.weight) | メインステップ
  盤面:
    P1: Life:5, Reserve:0, Hand:4枚, Field:[ラスヘッド(Lv2,コア1s), モラモーラ(Lv1,コア1)]
    P2: Life:3, Reserve:0, Hand:3枚, Field:[モラモーラ(Lv1,コア1), フラッティ(Lv2,コア3), パッファー(Lv1,コア1s)]
  候補行動 (36件):
    [0] SUMMON | コスト🔷🔷🔷, 配置コア🔷 ⚠️モラモーラ・フラッティ消滅, (支払:フラッティ:🔷🔷🔷, 配置:モラモーラ:🔷) -> eval: +0.0159
    [1] SUMMON | コスト🔷🔷🔷, 配置コア🔶 ⚠️モラモーラ・パッファー消滅, (支払:モラモーラ:🔷, フラッティ:🔷🔷, 配置:パッファー:🔶) -> eval: +0.0226
    [2] SUMMON | コスト🔷🔷🔷, 配置コア🔶 ⚠️フラッティ・パッファー消滅, (支払:フラッティ:🔷🔷🔷, 配置:パッファー:🔶) -> eval: +0.0563
    [3] SUMMON | コスト🔷🔷🔶, 配置コア🔷 ⚠️モラモーラ・パッファー消滅, (支払:フラッティ:🔷🔷, パッファー:🔶, 配置:モラモーラ:🔷) -> eval: +0.0405
    [4] SUMMON | コスト🔷🔷🔶, 配置コア🔷 ⚠️フラッティ・パッファー消滅, (支払:フラッティ:🔷🔷, パッファー:🔶, 配置:フラッティ:🔷) -> eval: +0.0708
    [5] SUMMON | コスト🔷🔷🔷, 配置コア🔷🔶 ⚠️モラモーラ・フラッティ・パッファー消滅, (支払:フラッティ:🔷🔷🔷, 配置:モラモーラ:🔷, パッファー:🔶) -> eval: +0.0008
    [6] SUMMON | コスト🔷🔷🔶, 配置コア🔷🔷 ⚠️モラモーラ・フラッティ・パッファー消滅, (支払:フラッティ:🔷🔷, パッファー:🔶, 配置:モラモーラ:🔷, フラッティ:🔷) -> eval: +0.0128
    [7] SUMMON | コスト🔷🔷, 配置コア🔷 ⚠️モラモーラ消滅, (支払:フラッティ:🔷🔷, 配置:モラモーラ:🔷) -> eval: +0.0567
    [8] SUMMON | コスト🔷🔷, 配置コア🔷 ⚠️フラッティ消滅, (支払:フラッティ:🔷🔷, 配置:フラッティ:🔷) -> eval: +0.0933
    [9] SUMMON | コスト🔷🔷, 配置コア🔶 ⚠️モラモーラ・パッファー消滅, (支払:モラモーラ:🔷, フラッティ:🔷, 配置:パッファー:🔶) -> eval: +0.0117
    [10] SUMMON | コスト🔷🔷, 配置コア🔶 ⚠️パッファー消滅, (支払:フラッティ:🔷🔷, 配置:パッファー:🔶) -> eval: +0.0932
    [11] SUMMON | コスト🔷🔶, 配置コア🔷 ⚠️モラモーラ・パッファー消滅, (支払:フラッティ:🔷, パッファー:🔶, 配置:モラモーラ:🔷) -> eval: +0.0363
    [12] SUMMON | コスト🔷🔶, 配置コア🔷 ⚠️パッファー消滅, (支払:フラッティ:🔷, パッファー:🔶, 配置:フラッティ:🔷) -> eval: +0.1143
    [13] SUMMON | コスト🔷🔷, 配置コア🔷🔷 ⚠️モラモーラ・フラッティ消滅, (支払:フラッティ:🔷🔷, 配置:モラモーラ:🔷, フラッティ:🔷) -> eval: +0.0127
    [14] SUMMON | コスト🔷🔷, 配置コア🔷🔶 ⚠️モラモーラ・パッファー消滅, (支払:フラッティ:🔷🔷, 配置:モラモーラ:🔷, パッファー:🔶) -> eval: +0.0143
    [15] SUMMON | コスト🔷🔷, 配置コア🔷🔶 ⚠️フラッティ・パッファー消滅, (支払:フラッティ:🔷🔷, 配置:フラッティ:🔷, パッファー:🔶) -> eval: +0.0486
    [16] SUMMON | コスト🔷🔶, 配置コア🔷🔷 ⚠️モラモーラ・パッファー消滅, (支払:フラッティ:🔷, パッファー:🔶, 配置:モラモーラ:🔷, フラッティ:🔷) -> eval: +0.0374
    [17] SUMMON | コスト🔷🔶, 配置コア🔷🔷 ⚠️フラッティ・パッファー消滅, (支払:フラッティ:🔷, パッファー:🔶, 配置:フラッティ:🔷🔷) -> eval: +0.0678
    [18] SUMMON | コスト🔷🔷, 配置コア🔷🔷🔶 ⚠️モラモーラ・フラッティ・パッファー消滅, (支払:フラッティ:🔷🔷, 配置:モラモーラ:🔷, フラッティ:🔷, パッファー:🔶) -> eval: -0.0099
    [19] SUMMON | コスト🔷🔶, 配置コア🔷🔷🔷 ⚠️モラモーラ・フラッティ・パッファー消滅, (支払:フラッティ:🔷, パッファー:🔶, 配置:モラモーラ:🔷, フラッティ:🔷🔷) -> eval: +0.0088
    [20] MOVE_CORE | 🔷を移動 ⚠️モラモーラ消滅 -> eval: +0.0112
    [21] MOVE_CORE | 🔷を移動 ⚠️モラモーラ消滅 -> eval: +0.0208
    [22] MOVE_CORE | 🔷を移動 ⚠️モラモーラ消滅 -> eval: +0.0349
    [23] MOVE_CORE | 🔷を移動 -> eval: +0.1487
    [24] MOVE_CORE | 🔷🔷を移動 -> eval: +0.1412
    [25] MOVE_CORE | 🔷🔷🔷を移動 ⚠️フラッティ消滅 -> eval: +0.0025
    [26] MOVE_CORE | 🔷を移動 -> eval: +0.1564
    [27] MOVE_CORE | 🔷🔷を移動 -> eval: +0.1851
    [28] MOVE_CORE | 🔷🔷🔷を移動 ⚠️フラッティ消滅 -> eval: +0.0599
    [29] MOVE_CORE | 🔷を移動 -> eval: +0.1694
    [30] MOVE_CORE | 🔷🔷を移動 -> eval: +0.1710
    [31] MOVE_CORE | 🔷🔷🔷を移動 ⚠️フラッティ消滅 -> eval: +0.0497
    [32] MOVE_CORE | 🔶を移動 ⚠️パッファー消滅 -> eval: +0.0682
    [33] MOVE_CORE | 🔶を移動 ⚠️パッファー消滅 -> eval: +0.0325
    [34] MOVE_CORE | 🔶を移動 ⚠️パッファー消滅 -> eval: +0.0497
    [35] MOVE_CORE | 🔶 ⇄ 🔷 を交換 -> eval: +0.1564
  ステップ終了評価: +0.1856
  => 選択: ステップ終了 (候補最大 +0.1851 <= 終了評価 +0.1856)

Turn 4 | 手数 22 | 手番: P2(run3_run4.kann.weight) | アタック宣言
  盤面:
    P1: Life:5, Reserve:0, Hand:4枚, Field:[ラスヘッド(Lv2,コア1s), モラモーラ(Lv1,コア1)]
    P2: Life:3, Reserve:0, Hand:3枚, Field:[モラモーラ(Lv1,コア1), フラッティ(Lv2,コア3), パッファー(Lv1,コア1s)]
  候補行動 (3件):
    [0] ATTACK | モラモーラ でアタック宣言 (Lv1, BP5000, 通ればライフ-🔷) -> eval: +0.2554
    [1] ATTACK | フラッティ でアタック宣言 (Lv2, BP3000, 通ればライフ-🔷) -> eval: +0.2312
    [2] ATTACK | パッファー でアタック宣言 (Lv1, BP2000, 通ればライフ-🔷) -> eval: +0.2362
  ステップ終了評価: +0.1856
  => 選択: ATTACK | モラモーラ でアタック宣言 (Lv1, BP5000, 通ればライフ-🔷) (eval: +0.2554 > 終了評価 +0.1856)
     効果/結果: 🗡️ 「モラモーラ」がアタック宣言 (BP5000)

Turn 4 | 手数 23 | 手番: P1(run2_run3.kann.weight) | ブロック宣言
  盤面:
    P1: Life:5, Reserve:0, Hand:4枚, Field:[ラスヘッド(Lv2,コア1s), モラモーラ(Lv1,コア1)]
    P2: Life:3, Reserve:0, Hand:3枚, Field:[モラモーラ(Lv1,コア1), フラッティ(Lv2,コア3), パッファー(Lv1,コア1s)]
  候補行動 (1件):
    [0] PASS_BLOCK | ライフでアタックを受ける (ライフ-🔷) -> eval: +0.2788
  => 選択: PASS_BLOCK | ライフでアタックを受ける (ライフ-🔷) (eval: +0.2788)
     効果/結果: 💔 ブロックせず: プレイヤー1 のライフ-1 (コアはリザーブへ)

Turn 4 | 手数 24 | 手番: P2(run3_run4.kann.weight) | アタック宣言
  盤面:
    P1: Life:4, Reserve:1, Hand:4枚, Field:[ラスヘッド(Lv2,コア1s), モラモーラ(Lv1,コア1)]
    P2: Life:3, Reserve:0, Hand:3枚, Field:[モラモーラ(Lv1,コア1), フラッティ(Lv2,コア3), パッファー(Lv1,コア1s)]
  候補行動 (2件):
    [0] ATTACK | フラッティ でアタック宣言 (Lv2, BP3000, 通ればライフ-🔷) -> eval: +0.3062
    [1] ATTACK | パッファー でアタック宣言 (Lv1, BP2000, 通ればライフ-🔷) -> eval: +0.3145
  ステップ終了評価: +0.2693
  => 選択: ATTACK | パッファー でアタック宣言 (Lv1, BP2000, 通ればライフ-🔷) (eval: +0.3145 > 終了評価 +0.2693)
     効果/結果: 🗡️ 「パッファー」がアタック宣言 (BP2000)

Turn 4 | 手数 25 | 手番: P1(run2_run3.kann.weight) | ブロック宣言
  盤面:
    P1: Life:4, Reserve:1, Hand:4枚, Field:[ラスヘッド(Lv2,コア1s), モラモーラ(Lv1,コア1)]
    P2: Life:3, Reserve:0, Hand:3枚, Field:[モラモーラ(Lv1,コア1), フラッティ(Lv2,コア3), パッファー(Lv1,コア1s)]
  候補行動 (1件):
    [0] PASS_BLOCK | ライフでアタックを受ける (ライフ-🔷) -> eval: +0.4265
  => 選択: PASS_BLOCK | ライフでアタックを受ける (ライフ-🔷) (eval: +0.4265)
     効果/結果: 💔 ブロックせず: プレイヤー1 のライフ-1 (コアはリザーブへ)

Turn 4 | 手数 26 | 手番: P2(run3_run4.kann.weight) | アタック宣言
  盤面:
    P1: Life:3, Reserve:2, Hand:4枚, Field:[ラスヘッド(Lv2,コア1s), モラモーラ(Lv1,コア1)]
    P2: Life:3, Reserve:0, Hand:3枚, Field:[モラモーラ(Lv1,コア1), フラッティ(Lv2,コア3), パッファー(Lv1,コア1s)]
  候補行動 (1件):
    [0] ATTACK | フラッティ でアタック宣言 (Lv2, BP3000, 通ればライフ-🔷) -> eval: +0.3561
  ステップ終了評価: +0.3280
  => 選択: ATTACK | フラッティ でアタック宣言 (Lv2, BP3000, 通ればライフ-🔷) (eval: +0.3561 > 終了評価 +0.3280)
     効果/結果: 🗡️ 「フラッティ」がアタック宣言 (BP3000)

Turn 4 | 手数 27 | 手番: P1(run2_run3.kann.weight) | ブロック宣言
  盤面:
    P1: Life:3, Reserve:2, Hand:4枚, Field:[ラスヘッド(Lv2,コア1s), モラモーラ(Lv1,コア1)]
    P2: Life:3, Reserve:0, Hand:3枚, Field:[モラモーラ(Lv1,コア1), フラッティ(Lv2,コア3), パッファー(Lv1,コア1s)]
  候補行動 (1件):
    [0] PASS_BLOCK | ライフでアタックを受ける (ライフ-🔷) -> eval: +0.4914
  => 選択: PASS_BLOCK | ライフでアタックを受ける (ライフ-🔷) (eval: +0.4914)
     効果/結果: 💔 ブロックせず: プレイヤー1 のライフ-1 (コアはリザーブへ)

Turn 4 | 手数 28 | 手番: P2(run3_run4.kann.weight) | アタック宣言
  盤面:
    P1: Life:2, Reserve:3, Hand:4枚, Field:[ラスヘッド(Lv2,コア1s), モラモーラ(Lv1,コア1)]
    P2: Life:3, Reserve:0, Hand:3枚, Field:[モラモーラ(Lv1,コア1), フラッティ(Lv2,コア3), パッファー(Lv1,コア1s)]
  候補行動 (0件):
  ステップ終了評価: +0.3682
  => 選択: ステップ終了

Turn 4 | 手数 29 | 手番: P2(run3_run4.kann.weight) | 第2メインステップ
  盤面:
    P1: Life:2, Reserve:3, Hand:4枚, Field:[ラスヘッド(Lv2,コア1s), モラモーラ(Lv1,コア1)]
    P2: Life:3, Reserve:0, Hand:3枚, Field:[モラモーラ(Lv1,コア1), フラッティ(Lv2,コア3), パッファー(Lv1,コア1s)]
  候補行動 (37件):
    [0] SUMMON | コスト🔷🔷🔷, 配置コア🔷 ⚠️モラモーラ・フラッティ消滅, (支払:フラッティ:🔷🔷🔷, 配置:モラモーラ:🔷) -> eval: +0.1376
    [1] SUMMON | コスト🔷🔷🔷, 配置コア🔶 ⚠️モラモーラ・パッファー消滅, (支払:モラモーラ:🔷, フラッティ:🔷🔷, 配置:パッファー:🔶) -> eval: +0.1528
    [2] SUMMON | コスト🔷🔷🔷, 配置コア🔶 ⚠️フラッティ・パッファー消滅, (支払:フラッティ:🔷🔷🔷, 配置:パッファー:🔶) -> eval: +0.1830
    [3] SUMMON | コスト🔷🔷🔶, 配置コア🔷 ⚠️モラモーラ・パッファー消滅, (支払:フラッティ:🔷🔷, パッファー:🔶, 配置:モラモーラ:🔷) -> eval: +0.1710
    [4] SUMMON | コスト🔷🔷🔶, 配置コア🔷 ⚠️フラッティ・パッファー消滅, (支払:フラッティ:🔷🔷, パッファー:🔶, 配置:フラッティ:🔷) -> eval: +0.1984
    [5] SUMMON | コスト🔷🔷🔷, 配置コア🔷🔶 ⚠️モラモーラ・フラッティ・パッファー消滅, (支払:フラッティ:🔷🔷🔷, 配置:モラモーラ:🔷, パッファー:🔶) -> eval: +0.0505
    [6] SUMMON | コスト🔷🔷🔶, 配置コア🔷🔷 ⚠️モラモーラ・フラッティ・パッファー消滅, (支払:フラッティ:🔷🔷, パッファー:🔶, 配置:モラモーラ:🔷, フラッティ:🔷) -> eval: +0.0626
    [7] SUMMON | コスト🔷🔷, 配置コア🔷 ⚠️モラモーラ消滅, (支払:フラッティ:🔷🔷, 配置:モラモーラ:🔷) -> eval: +0.2511
    [8] SUMMON | コスト🔷🔷, 配置コア🔷 ⚠️フラッティ消滅, (支払:フラッティ:🔷🔷, 配置:フラッティ:🔷) -> eval: +0.2741
    [9] SUMMON | コスト🔷🔷, 配置コア🔶 ⚠️モラモーラ・パッファー消滅, (支払:モラモーラ:🔷, フラッティ:🔷, 配置:パッファー:🔶) -> eval: +0.1414
    [10] SUMMON | コスト🔷🔷, 配置コア🔶 ⚠️パッファー消滅, (支払:フラッティ:🔷🔷, 配置:パッファー:🔶) -> eval: +0.2820
    [11] SUMMON | コスト🔷🔶, 配置コア🔷 ⚠️モラモーラ・パッファー消滅, (支払:フラッティ:🔷, パッファー:🔶, 配置:モラモーラ:🔷) -> eval: +0.1677
    [12] SUMMON | コスト🔷🔶, 配置コア🔷 ⚠️パッファー消滅, (支払:フラッティ:🔷, パッファー:🔶, 配置:フラッティ:🔷) -> eval: +0.3024
    [13] SUMMON | コスト🔷🔷, 配置コア🔷🔷 ⚠️モラモーラ・フラッティ消滅, (支払:フラッティ:🔷🔷, 配置:モラモーラ:🔷, フラッティ:🔷) -> eval: +0.1357
    [14] SUMMON | コスト🔷🔷, 配置コア🔷🔶 ⚠️モラモーラ・パッファー消滅, (支払:フラッティ:🔷🔷, 配置:モラモーラ:🔷, パッファー:🔶) -> eval: +0.1442
    [15] SUMMON | コスト🔷🔷, 配置コア🔷🔶 ⚠️フラッティ・パッファー消滅, (支払:フラッティ:🔷🔷, 配置:フラッティ:🔷, パッファー:🔶) -> eval: +0.1753
    [16] SUMMON | コスト🔷🔶, 配置コア🔷🔷 ⚠️モラモーラ・パッファー消滅, (支払:フラッティ:🔷, パッファー:🔶, 配置:モラモーラ:🔷, フラッティ:🔷) -> eval: +0.1687
    [17] SUMMON | コスト🔷🔶, 配置コア🔷🔷 ⚠️フラッティ・パッファー消滅, (支払:フラッティ:🔷, パッファー:🔶, 配置:フラッティ:🔷🔷) -> eval: +0.1965
    [18] SUMMON | コスト🔷🔷, 配置コア🔷🔷🔶 ⚠️モラモーラ・フラッティ・パッファー消滅, (支払:フラッティ:🔷🔷, 配置:モラモーラ:🔷, フラッティ:🔷, パッファー:🔶) -> eval: +0.0410
    [19] SUMMON | コスト🔷🔶, 配置コア🔷🔷🔷 ⚠️モラモーラ・フラッティ・パッファー消滅, (支払:フラッティ:🔷, パッファー:🔶, 配置:モラモーラ:🔷, フラッティ:🔷🔷) -> eval: +0.0600
    [20] MOVE_CORE | 🔷を移動 ⚠️モラモーラ消滅 -> eval: +0.1994
    [21] MOVE_CORE | 🔷を移動 ⚠️モラモーラ消滅 -> eval: +0.2108
    [22] MOVE_CORE | 🔷を移動 ⚠️モラモーラ消滅 -> eval: +0.2254
    [23] MOVE_CORE | 🔷を移動 -> eval: +0.3452
    [24] MOVE_CORE | 🔷🔷を移動 -> eval: +0.3351
    [25] MOVE_CORE | 🔷🔷🔷を移動 ⚠️フラッティ消滅 -> eval: +0.1822
    [26] MOVE_CORE | 🔷を移動 -> eval: +0.3553
    [27] MOVE_CORE | 🔷🔷を移動 -> eval: +0.3645
    [28] MOVE_CORE | 🔷🔷🔷を移動 ⚠️フラッティ消滅 -> eval: +0.2301
    [29] MOVE_CORE | 🔷を移動 -> eval: +0.3672
    [30] MOVE_CORE | 🔷🔷を移動 -> eval: +0.3675
    [31] MOVE_CORE | 🔷🔷🔷を移動 ⚠️フラッティ消滅 -> eval: +0.2336
    [32] MOVE_CORE | 🔶を移動 ⚠️パッファー消滅 -> eval: +0.2434
    [33] MOVE_CORE | 🔶を移動 ⚠️パッファー消滅 -> eval: +0.2279
    [34] MOVE_CORE | 🔶 ⇄ 🔷 を交換 -> eval: +0.3550
    [35] MOVE_CORE | 🔶を移動 ⚠️パッファー消滅 -> eval: +0.2336
    [36] MOVE_CORE | 🔶 ⇄ 🔷 を交換 -> eval: +0.3593
  ステップ終了評価: +0.3682
  => 選択: ステップ終了 (候補最大 +0.3675 <= 終了評価 +0.3682)

Turn 4 | 手数 30 | 手番: P2(run3_run4.kann.weight) | エンドステップ
  盤面:
    P1: Life:2, Reserve:3, Hand:4枚, Field:[ラスヘッド(Lv2,コア1s), モラモーラ(Lv1,コア1)]
    P2: Life:3, Reserve:0, Hand:3枚, Field:[モラモーラ(Lv1,コア1), フラッティ(Lv2,コア3), パッファー(Lv1,コア1s)]
  候補行動 (0件):
  ステップ終了評価: +0.3825
  => 選択: ステップ終了
     効果/結果: 【ターン 5】 手番: プレイヤー1
     効果/結果: 🔷 コアステップ: ボイドからリザーブへコア1個
     効果/結果: 🃏 ドローステップ: 「海幻コエラ＝カンサス」をドロー (残り32枚)
     効果/結果: ♻️ リフレッシュステップ: トラッシュのコア3個をリザーブへ
     効果/結果: ♻️ リフレッシュステップ: 2体を回復

Turn 5 | 手数 31 | 手番: P1(run2_run3.kann.weight) | メインステップ
  盤面:
    P1: Life:2, Reserve:7, Hand:5枚, Field:[ラスヘッド(Lv2,コア1s), モラモーラ(Lv1,コア1)]
    P2: Life:3, Reserve:0, Hand:3枚, Field:[モラモーラ(Lv1,コア1), フラッティ(Lv2,コア3), パッファー(Lv1,コア1s)]
  候補行動 (154件):
    [0] SUMMON | コスト🔷🔷🔷, 配置コア🔷, (支払:R:🔷🔷🔷, 配置:R:🔷) -> eval: +0.4334
    [1] SUMMON | コスト🔷🔷🔷, 配置コア🔷 ⚠️モラモーラ消滅, (支払:R:🔷🔷, モラモーラ:🔷, 配置:R:🔷) -> eval: +0.2597
    [2] SUMMON | コスト🔷🔷🔷, 配置コア🔶 ⚠️ラスヘッド消滅, (支払:R:🔷🔷🔷, 配置:ラスヘッド:🔶) -> eval: +0.2701
    [3] SUMMON | コスト🔷🔷🔷, 配置コア🔶 ⚠️ラスヘッド・モラモーラ消滅, (支払:R:🔷🔷, モラモーラ:🔷, 配置:ラスヘッド:🔶) -> eval: +0.1501
    [4] SUMMON | コスト🔷🔷🔶, 配置コア🔷 ⚠️ラスヘッド消滅, (支払:R:🔷🔷, ラスヘッド:🔶, 配置:R:🔷) -> eval: +0.2882
    [5] SUMMON | コスト🔷🔷🔶, 配置コア🔷 ⚠️ラスヘッド・モラモーラ消滅, (支払:R:🔷, ラスヘッド:🔶, モラモーラ:🔷, 配置:R:🔷) -> eval: +0.1731
    [6] SUMMON | コスト🔷🔷🔷, 配置コア🔷🔷, (支払:R:🔷🔷🔷, 配置:R:🔷🔷) -> eval: +0.4484
    [7] SUMMON | コスト🔷🔷🔷, 配置コア🔷🔷 ⚠️モラモーラ消滅, (支払:R:🔷🔷, モラモーラ:🔷, 配置:R:🔷🔷) -> eval: +0.2756
    [8] SUMMON | コスト🔷🔷🔷, 配置コア🔷🔶 ⚠️ラスヘッド消滅, (支払:R:🔷🔷🔷, 配置:R:🔷, ラスヘッド:🔶) -> eval: +0.2791
    [9] SUMMON | コスト🔷🔷🔷, 配置コア🔷🔶 ⚠️ラスヘッド・モラモーラ消滅, (支払:R:🔷🔷, モラモーラ:🔷, 配置:R:🔷, ラスヘッド:🔶) -> eval: +0.1569
    [10] SUMMON | コスト🔷🔷🔶, 配置コア🔷🔷 ⚠️ラスヘッド消滅, (支払:R:🔷🔷, ラスヘッド:🔶, 配置:R:🔷🔷) -> eval: +0.3055
    [11] SUMMON | コスト🔷🔷🔶, 配置コア🔷🔷 ⚠️ラスヘッド・モラモーラ消滅, (支払:R:🔷, ラスヘッド:🔶, モラモーラ:🔷, 配置:R:🔷🔷) -> eval: +0.1867
    [12] SUMMON | コスト🔷🔷🔷, 配置コア🔷🔷🔷, (支払:R:🔷🔷🔷, 配置:R:🔷🔷🔷) -> eval: +0.4559
    [13] SUMMON | コスト🔷🔷🔷, 配置コア🔷🔷🔷 ⚠️モラモーラ消滅, (支払:R:🔷🔷, モラモーラ:🔷, 配置:R:🔷🔷🔷) -> eval: +0.2869
    [14] SUMMON | コスト🔷🔷🔷, 配置コア🔷🔷🔶 ⚠️ラスヘッド消滅, (支払:R:🔷🔷🔷, 配置:R:🔷🔷, ラスヘッド:🔶) -> eval: +0.2897
    [15] SUMMON | コスト🔷🔷🔷, 配置コア🔷🔷🔶 ⚠️ラスヘッド・モラモーラ消滅, (支払:R:🔷🔷, モラモーラ:🔷, 配置:R:🔷🔷, ラスヘッド:🔶) -> eval: +0.1664
    [16] SUMMON | コスト🔷🔷🔶, 配置コア🔷🔷🔷 ⚠️ラスヘッド消滅, (支払:R:🔷🔷, ラスヘッド:🔶, 配置:R:🔷🔷🔷) -> eval: +0.3172
    [17] SUMMON | コスト🔷🔷🔶, 配置コア🔷🔷🔷 ⚠️ラスヘッド・モラモーラ消滅, (支払:R:🔷, ラスヘッド:🔶, モラモーラ:🔷, 配置:R:🔷🔷🔷) -> eval: +0.1974
    [18] SUMMON | コスト🔷🔷🔷, 配置コア🔷🔷🔷🔷, (支払:R:🔷🔷🔷, 配置:R:🔷🔷🔷🔷) -> eval: +0.4643
    [19] SUMMON | コスト🔷🔷🔷, 配置コア🔷🔷🔷🔷 ⚠️モラモーラ消滅, (支払:R:🔷🔷, モラモーラ:🔷, 配置:R:🔷🔷🔷🔷) -> eval: +0.2995
    [20] SUMMON | コスト🔷🔷🔷, 配置コア🔷🔷🔷🔶 ⚠️ラスヘッド消滅, (支払:R:🔷🔷🔷, 配置:R:🔷🔷🔷, ラスヘッド:🔶) -> eval: +0.3014
    [21] SUMMON | コスト🔷🔷🔷, 配置コア🔷🔷🔷🔶 ⚠️ラスヘッド・モラモーラ消滅, (支払:R:🔷🔷, モラモーラ:🔷, 配置:R:🔷🔷🔷, ラスヘッド:🔶) -> eval: +0.1771
    [22] SUMMON | コスト🔷🔷🔶, 配置コア🔷🔷🔷🔷 ⚠️ラスヘッド消滅, (支払:R:🔷🔷, ラスヘッド:🔶, 配置:R:🔷🔷🔷🔷) -> eval: +0.3299
    [23] SUMMON | コスト🔷🔷🔶, 配置コア🔷🔷🔷🔷 ⚠️ラスヘッド・モラモーラ消滅, (支払:R:🔷, ラスヘッド:🔶, モラモーラ:🔷, 配置:R:🔷🔷🔷🔷) -> eval: +0.2092
    [24] SUMMON | コスト🔷🔷🔷, 配置コア🔷🔷🔷🔷🔷 ⚠️モラモーラ消滅, (支払:R:🔷🔷, モラモーラ:🔷, 配置:R:🔷🔷🔷🔷🔷) -> eval: +0.3130
    [25] SUMMON | コスト🔷🔷🔷, 配置コア🔷🔷🔷🔷🔶 ⚠️ラスヘッド消滅, (支払:R:🔷🔷🔷, 配置:R:🔷🔷🔷🔷, ラスヘッド:🔶) -> eval: +0.3142
    [26] SUMMON | コスト🔷🔷🔷, 配置コア🔷🔷🔷🔷🔶 ⚠️ラスヘッド・モラモーラ消滅, (支払:R:🔷🔷, モラモーラ:🔷, 配置:R:🔷🔷🔷🔷, ラスヘッド:🔶) -> eval: +0.1890
    [27] SUMMON | コスト🔷🔷🔶, 配置コア🔷🔷🔷🔷🔷 ⚠️ラスヘッド消滅, (支払:R:🔷🔷, ラスヘッド:🔶, 配置:R:🔷🔷🔷🔷🔷) -> eval: +0.3435
    [28] SUMMON | コスト🔷🔷🔶, 配置コア🔷🔷🔷🔷🔷 ⚠️ラスヘッド・モラモーラ消滅, (支払:R:🔷, ラスヘッド:🔶, モラモーラ:🔷, 配置:R:🔷🔷🔷🔷🔷) -> eval: +0.2221
    [29] SUMMON | コスト🔷🔷🔷, 配置コア🔷🔷🔷🔷🔷🔶 ⚠️ラスヘッド・モラモーラ消滅, (支払:R:🔷🔷, モラモーラ:🔷, 配置:R:🔷🔷🔷🔷🔷, ラスヘッド:🔶) -> eval: +0.2021
    [30] SUMMON | コスト🔷🔷🔶, 配置コア🔷🔷🔷🔷🔷🔷 ⚠️ラスヘッド・モラモーラ消滅, (支払:R:🔷, ラスヘッド:🔶, モラモーラ:🔷, 配置:R:🔷🔷🔷🔷🔷🔷) -> eval: +0.2360
    [31] SUMMON | コスト🔷🔷, 配置コアなし, (支払:R:🔷🔷, 配置:なし) -> eval: +0.4000
    [32] SUMMON | コスト🔷🔷, 配置コアなし ⚠️モラモーラ消滅, (支払:R:🔷, モラモーラ:🔷, 配置:なし) -> eval: +0.2205
    [33] SUMMON | コスト🔷🔶, 配置コアなし ⚠️ラスヘッド消滅, (支払:R:🔷, ラスヘッド:🔶, 配置:なし) -> eval: +0.2467
    [34] SUMMON | コスト🔷🔶, 配置コアなし ⚠️ラスヘッド・モラモーラ消滅, (支払:ラスヘッド:🔶, モラモーラ:🔷, 配置:なし) -> eval: +0.1347
    [35] SUMMON | コスト🔷🔷, 配置コア🔷, (支払:R:🔷🔷, 配置:R:🔷) -> eval: +0.4040
    [36] SUMMON | コスト🔷🔷, 配置コア🔷 ⚠️モラモーラ消滅, (支払:R:🔷, モラモーラ:🔷, 配置:R:🔷) -> eval: +0.2273
    [37] SUMMON | コスト🔷🔷, 配置コア🔶 ⚠️ラスヘッド消滅, (支払:R:🔷🔷, 配置:ラスヘッド:🔶) -> eval: +0.2485
    [38] SUMMON | コスト🔷🔷, 配置コア🔶 ⚠️ラスヘッド・モラモーラ消滅, (支払:R:🔷, モラモーラ:🔷, 配置:ラスヘッド:🔶) -> eval: +0.1296
    [39] SUMMON | コスト🔷🔶, 配置コア🔷 ⚠️ラスヘッド消滅, (支払:R:🔷, ラスヘッド:🔶, 配置:R:🔷) -> eval: +0.2544
    [40] SUMMON | コスト🔷🔶, 配置コア🔷 ⚠️ラスヘッド・モラモーラ消滅, (支払:ラスヘッド:🔶, モラモーラ:🔷, 配置:R:🔷) -> eval: +0.1408
    [41] SUMMON | コスト🔷🔷, 配置コア🔷🔷, (支払:R:🔷🔷, 配置:R:🔷🔷) -> eval: +0.4133
    [42] SUMMON | コスト🔷🔷, 配置コア🔷🔷 ⚠️モラモーラ消滅, (支払:R:🔷, モラモーラ:🔷, 配置:R:🔷🔷) -> eval: +0.2373
    [43] SUMMON | コスト🔷🔷, 配置コア🔷🔶 ⚠️ラスヘッド消滅, (支払:R:🔷🔷, 配置:R:🔷, ラスヘッド:🔶) -> eval: +0.2532
    [44] SUMMON | コスト🔷🔷, 配置コア🔷🔶 ⚠️ラスヘッド・モラモーラ消滅, (支払:R:🔷, モラモーラ:🔷, 配置:R:🔷, ラスヘッド:🔶) -> eval: +0.1322
    [45] SUMMON | コスト🔷🔶, 配置コア🔷🔷 ⚠️ラスヘッド消滅, (支払:R:🔷, ラスヘッド:🔶, 配置:R:🔷🔷) -> eval: +0.2659
    [46] SUMMON | コスト🔷🔶, 配置コア🔷🔷 ⚠️ラスヘッド・モラモーラ消滅, (支払:ラスヘッド:🔶, モラモーラ:🔷, 配置:R:🔷🔷) -> eval: +0.1479
    [47] SUMMON | コスト🔷🔷, 配置コア🔷🔷🔷, (支払:R:🔷🔷, 配置:R:🔷🔷🔷) -> eval: +0.4202
    [48] SUMMON | コスト🔷🔷, 配置コア🔷🔷🔷 ⚠️モラモーラ消滅, (支払:R:🔷, モラモーラ:🔷, 配置:R:🔷🔷🔷) -> eval: +0.2477
    [49] SUMMON | コスト🔷🔷, 配置コア🔷🔷🔶 ⚠️ラスヘッド消滅, (支払:R:🔷🔷, 配置:R:🔷🔷, ラスヘッド:🔶) -> eval: +0.2631
    [50] SUMMON | コスト🔷🔷, 配置コア🔷🔷🔶 ⚠️ラスヘッド・モラモーラ消滅, (支払:R:🔷, モラモーラ:🔷, 配置:R:🔷🔷, ラスヘッド:🔶) -> eval: +0.1405
    [51] SUMMON | コスト🔷🔶, 配置コア🔷🔷🔷 ⚠️ラスヘッド消滅, (支払:R:🔷, ラスヘッド:🔶, 配置:R:🔷🔷🔷) -> eval: +0.2771
    [52] SUMMON | コスト🔷🔶, 配置コア🔷🔷🔷 ⚠️ラスヘッド・モラモーラ消滅, (支払:ラスヘッド:🔶, モラモーラ:🔷, 配置:R:🔷🔷🔷) -> eval: +0.1575
    [53] SUMMON | コスト🔷🔷, 配置コア🔷🔷🔷🔷, (支払:R:🔷🔷, 配置:R:🔷🔷🔷🔷) -> eval: +0.4283
    [54] SUMMON | コスト🔷🔷, 配置コア🔷🔷🔷🔷 ⚠️モラモーラ消滅, (支払:R:🔷, モラモーラ:🔷, 配置:R:🔷🔷🔷🔷) -> eval: +0.2595
    [55] SUMMON | コスト🔷🔷, 配置コア🔷🔷🔷🔶 ⚠️ラスヘッド消滅, (支払:R:🔷🔷, 配置:R:🔷🔷🔷, ラスヘッド:🔶) -> eval: +0.2741
    [56] SUMMON | コスト🔷🔷, 配置コア🔷🔷🔷🔶 ⚠️ラスヘッド・モラモーラ消滅, (支払:R:🔷, モラモーラ:🔷, 配置:R:🔷🔷🔷, ラスヘッド:🔶) -> eval: +0.1502
    [57] SUMMON | コスト🔷🔶, 配置コア🔷🔷🔷🔷 ⚠️ラスヘッド消滅, (支払:R:🔷, ラスヘッド:🔶, 配置:R:🔷🔷🔷🔷) -> eval: +0.2895
    [58] SUMMON | コスト🔷🔶, 配置コア🔷🔷🔷🔷 ⚠️ラスヘッド・モラモーラ消滅, (支払:ラスヘッド:🔶, モラモーラ:🔷, 配置:R:🔷🔷🔷🔷) -> eval: +0.1683
    [59] SUMMON | コスト🔷🔷, 配置コア🔷🔷🔷🔷🔷, (支払:R:🔷🔷, 配置:R:🔷🔷🔷🔷🔷) -> eval: +0.4374
    [60] SUMMON | コスト🔷🔷, 配置コア🔷🔷🔷🔷🔷 ⚠️モラモーラ消滅, (支払:R:🔷, モラモーラ:🔷, 配置:R:🔷🔷🔷🔷🔷) -> eval: +0.2725
    [61] SUMMON | コスト🔷🔷, 配置コア🔷🔷🔷🔷🔶 ⚠️ラスヘッド消滅, (支払:R:🔷🔷, 配置:R:🔷🔷🔷🔷, ラスヘッド:🔶) -> eval: +0.2865
    [62] SUMMON | コスト🔷🔷, 配置コア🔷🔷🔷🔷🔶 ⚠️ラスヘッド・モラモーラ消滅, (支払:R:🔷, モラモーラ:🔷, 配置:R:🔷🔷🔷🔷, ラスヘッド:🔶) -> eval: +0.1612
    [63] SUMMON | コスト🔷🔶, 配置コア🔷🔷🔷🔷🔷 ⚠️ラスヘッド消滅, (支払:R:🔷, ラスヘッド:🔶, 配置:R:🔷🔷🔷🔷🔷) -> eval: +0.3030
    [64] SUMMON | コスト🔷🔶, 配置コア🔷🔷🔷🔷🔷 ⚠️ラスヘッド・モラモーラ消滅, (支払:ラスヘッド:🔶, モラモーラ:🔷, 配置:R:🔷🔷🔷🔷🔷) -> eval: +0.1805
    [65] SUMMON | コスト🔷🔷, 配置コア🔷🔷🔷🔷🔷🔷 ⚠️モラモーラ消滅, (支払:R:🔷, モラモーラ:🔷, 配置:R:🔷🔷🔷🔷🔷🔷) -> eval: +0.2866
    [66] SUMMON | コスト🔷🔷, 配置コア🔷🔷🔷🔷🔷🔶 ⚠️ラスヘッド消滅, (支払:R:🔷🔷, 配置:R:🔷🔷🔷🔷🔷, ラスヘッド:🔶) -> eval: +0.2999
    [67] SUMMON | コスト🔷🔷, 配置コア🔷🔷🔷🔷🔷🔶 ⚠️ラスヘッド・モラモーラ消滅, (支払:R:🔷, モラモーラ:🔷, 配置:R:🔷🔷🔷🔷🔷, ラスヘッド:🔶) -> eval: +0.1734
    [68] SUMMON | コスト🔷🔶, 配置コア🔷🔷🔷🔷🔷🔷 ⚠️ラスヘッド消滅, (支払:R:🔷, ラスヘッド:🔶, 配置:R:🔷🔷🔷🔷🔷🔷) -> eval: +0.3176
    [69] SUMMON | コスト🔷🔶, 配置コア🔷🔷🔷🔷🔷🔷 ⚠️ラスヘッド・モラモーラ消滅, (支払:ラスヘッド:🔶, モラモーラ:🔷, 配置:R:🔷🔷🔷🔷🔷🔷) -> eval: +0.1938
    [70] SUMMON | コスト🔷🔷, 配置コア🔷🔷🔷🔷🔷🔷🔶 ⚠️ラスヘッド・モラモーラ消滅, (支払:R:🔷, モラモーラ:🔷, 配置:R:🔷🔷🔷🔷🔷🔷, ラスヘッド:🔶) -> eval: +0.1869
    [71] SUMMON | コスト🔷🔶, 配置コア🔷🔷🔷🔷🔷🔷🔷 ⚠️ラスヘッド・モラモーラ消滅, (支払:ラスヘッド:🔶, モラモーラ:🔷, 配置:R:🔷🔷🔷🔷🔷🔷🔷) -> eval: +0.2082
    [72] SUMMON | コスト🔷🔷🔷, 配置コア🔷, (支払:R:🔷🔷🔷, 配置:R:🔷) -> eval: +0.4371
    [73] SUMMON | コスト🔷🔷🔷, 配置コア🔷 ⚠️モラモーラ消滅, (支払:R:🔷🔷, モラモーラ:🔷, 配置:R:🔷) -> eval: +0.2638
    [74] SUMMON | コスト🔷🔷🔷, 配置コア🔶 ⚠️ラスヘッド消滅, (支払:R:🔷🔷🔷, 配置:ラスヘッド:🔶) -> eval: +0.2742
    [75] SUMMON | コスト🔷🔷🔷, 配置コア🔶 ⚠️ラスヘッド・モラモーラ消滅, (支払:R:🔷🔷, モラモーラ:🔷, 配置:ラスヘッド:🔶) -> eval: +0.1538
    [76] SUMMON | コスト🔷🔷🔶, 配置コア🔷 ⚠️ラスヘッド消滅, (支払:R:🔷🔷, ラスヘッド:🔶, 配置:R:🔷) -> eval: +0.2927
    [77] SUMMON | コスト🔷🔷🔶, 配置コア🔷 ⚠️ラスヘッド・モラモーラ消滅, (支払:R:🔷, ラスヘッド:🔶, モラモーラ:🔷, 配置:R:🔷) -> eval: +0.1774
    [78] SUMMON | コスト🔷🔷🔷, 配置コア🔷🔷, (支払:R:🔷🔷🔷, 配置:R:🔷🔷) -> eval: +0.4428
    [79] SUMMON | コスト🔷🔷🔷, 配置コア🔷🔷 ⚠️モラモーラ消滅, (支払:R:🔷🔷, モラモーラ:🔷, 配置:R:🔷🔷) -> eval: +0.2731
    [80] SUMMON | コスト🔷🔷🔷, 配置コア🔷🔶 ⚠️ラスヘッド消滅, (支払:R:🔷🔷🔷, 配置:R:🔷, ラスヘッド:🔶) -> eval: +0.2827
    [81] SUMMON | コスト🔷🔷🔷, 配置コア🔷🔶 ⚠️ラスヘッド・モラモーラ消滅, (支払:R:🔷🔷, モラモーラ:🔷, 配置:R:🔷, ラスヘッド:🔶) -> eval: +0.1612
    [82] SUMMON | コスト🔷🔷🔶, 配置コア🔷🔷 ⚠️ラスヘッド消滅, (支払:R:🔷🔷, ラスヘッド:🔶, 配置:R:🔷🔷) -> eval: +0.3025
    [83] SUMMON | コスト🔷🔷🔶, 配置コア🔷🔷 ⚠️ラスヘッド・モラモーラ消滅, (支払:R:🔷, ラスヘッド:🔶, モラモーラ:🔷, 配置:R:🔷🔷) -> eval: +0.1861
    [84] SUMMON | コスト🔷🔷🔷, 配置コア🔷🔷🔷, (支払:R:🔷🔷🔷, 配置:R:🔷🔷🔷) -> eval: +0.4632
    [85] SUMMON | コスト🔷🔷🔷, 配置コア🔷🔷🔷 ⚠️モラモーラ消滅, (支払:R:🔷🔷, モラモーラ:🔷, 配置:R:🔷🔷🔷) -> eval: +0.2945
    [86] SUMMON | コスト🔷🔷🔷, 配置コア🔷🔷🔶 ⚠️ラスヘッド消滅, (支払:R:🔷🔷🔷, 配置:R:🔷🔷, ラスヘッド:🔶) -> eval: +0.2962
    [87] SUMMON | コスト🔷🔷🔷, 配置コア🔷🔷🔶 ⚠️ラスヘッド・モラモーラ消滅, (支払:R:🔷🔷, モラモーラ:🔷, 配置:R:🔷🔷, ラスヘッド:🔶) -> eval: +0.1730
    [88] SUMMON | コスト🔷🔷🔶, 配置コア🔷🔷🔷 ⚠️ラスヘッド消滅, (支払:R:🔷🔷, ラスヘッド:🔶, 配置:R:🔷🔷🔷) -> eval: +0.3253
    [89] SUMMON | コスト🔷🔷🔶, 配置コア🔷🔷🔷 ⚠️ラスヘッド・モラモーラ消滅, (支払:R:🔷, ラスヘッド:🔶, モラモーラ:🔷, 配置:R:🔷🔷🔷) -> eval: +0.2059
    [90] SUMMON | コスト🔷🔷🔷, 配置コア🔷🔷🔷🔷, (支払:R:🔷🔷🔷, 配置:R:🔷🔷🔷🔷) -> eval: +0.4715
    [91] SUMMON | コスト🔷🔷🔷, 配置コア🔷🔷🔷🔷 ⚠️モラモーラ消滅, (支払:R:🔷🔷, モラモーラ:🔷, 配置:R:🔷🔷🔷🔷) -> eval: +0.3071
    [92] SUMMON | コスト🔷🔷🔷, 配置コア🔷🔷🔷🔶 ⚠️ラスヘッド消滅, (支払:R:🔷🔷🔷, 配置:R:🔷🔷🔷, ラスヘッド:🔶) -> eval: +0.3080
    [93] SUMMON | コスト🔷🔷🔷, 配置コア🔷🔷🔷🔶 ⚠️ラスヘッド・モラモーラ消滅, (支払:R:🔷🔷, モラモーラ:🔷, 配置:R:🔷🔷🔷, ラスヘッド:🔶) -> eval: +0.1838
    [94] SUMMON | コスト🔷🔷🔶, 配置コア🔷🔷🔷🔷 ⚠️ラスヘッド消滅, (支払:R:🔷🔷, ラスヘッド:🔶, 配置:R:🔷🔷🔷🔷) -> eval: +0.3379
    [95] SUMMON | コスト🔷🔷🔶, 配置コア🔷🔷🔷🔷 ⚠️ラスヘッド・モラモーラ消滅, (支払:R:🔷, ラスヘッド:🔶, モラモーラ:🔷, 配置:R:🔷🔷🔷🔷) -> eval: +0.2178
    [96] SUMMON | コスト🔷🔷🔷, 配置コア🔷🔷🔷🔷🔷 ⚠️モラモーラ消滅, (支払:R:🔷🔷, モラモーラ:🔷, 配置:R:🔷🔷🔷🔷🔷) -> eval: +0.3206
    [97] SUMMON | コスト🔷🔷🔷, 配置コア🔷🔷🔷🔷🔶 ⚠️ラスヘッド消滅, (支払:R:🔷🔷🔷, 配置:R:🔷🔷🔷🔷, ラスヘッド:🔶) -> eval: +0.3208
    [98] SUMMON | コスト🔷🔷🔷, 配置コア🔷🔷🔷🔷🔶 ⚠️ラスヘッド・モラモーラ消滅, (支払:R:🔷🔷, モラモーラ:🔷, 配置:R:🔷🔷🔷🔷, ラスヘッド:🔶) -> eval: +0.1958
    [99] SUMMON | コスト🔷🔷🔶, 配置コア🔷🔷🔷🔷🔷 ⚠️ラスヘッド消滅, (支払:R:🔷🔷, ラスヘッド:🔶, 配置:R:🔷🔷🔷🔷🔷) -> eval: +0.3515
    [100] SUMMON | コスト🔷🔷🔶, 配置コア🔷🔷🔷🔷🔷 ⚠️ラスヘッド・モラモーラ消滅, (支払:R:🔷, ラスヘッド:🔶, モラモーラ:🔷, 配置:R:🔷🔷🔷🔷🔷) -> eval: +0.2307
    [101] SUMMON | コスト🔷🔷🔷, 配置コア🔷🔷🔷🔷🔷🔶 ⚠️ラスヘッド・モラモーラ消滅, (支払:R:🔷🔷, モラモーラ:🔷, 配置:R:🔷🔷🔷🔷🔷, ラスヘッド:🔶) -> eval: +0.2090
    [102] SUMMON | コスト🔷🔷🔶, 配置コア🔷🔷🔷🔷🔷🔷 ⚠️ラスヘッド・モラモーラ消滅, (支払:R:🔷, ラスヘッド:🔶, モラモーラ:🔷, 配置:R:🔷🔷🔷🔷🔷🔷) -> eval: +0.2446
    [103] SUMMON | コスト🔷🔷🔷, 配置コア🔷, (支払:R:🔷🔷🔷, 配置:R:🔷) -> eval: +0.4287
    [104] SUMMON | コスト🔷🔷🔷, 配置コア🔷 ⚠️モラモーラ消滅, (支払:R:🔷🔷, モラモーラ:🔷, 配置:R:🔷) -> eval: +0.2550
    [105] SUMMON | コスト🔷🔷🔷, 配置コア🔶 ⚠️ラスヘッド消滅, (支払:R:🔷🔷🔷, 配置:ラスヘッド:🔶) -> eval: +0.2672
    [106] SUMMON | コスト🔷🔷🔷, 配置コア🔶 ⚠️ラスヘッド・モラモーラ消滅, (支払:R:🔷🔷, モラモーラ:🔷, 配置:ラスヘッド:🔶) -> eval: +0.1468
    [107] SUMMON | コスト🔷🔷🔶, 配置コア🔷 ⚠️ラスヘッド消滅, (支払:R:🔷🔷, ラスヘッド:🔶, 配置:R:🔷) -> eval: +0.2835
    [108] SUMMON | コスト🔷🔷🔶, 配置コア🔷 ⚠️ラスヘッド・モラモーラ消滅, (支払:R:🔷, ラスヘッド:🔶, モラモーラ:🔷, 配置:R:🔷) -> eval: +0.1680
    [109] SUMMON | コスト🔷🔷🔷, 配置コア🔷🔷, (支払:R:🔷🔷🔷, 配置:R:🔷🔷) -> eval: +0.4343
    [110] SUMMON | コスト🔷🔷🔷, 配置コア🔷🔷 ⚠️モラモーラ消滅, (支払:R:🔷🔷, モラモーラ:🔷, 配置:R:🔷🔷) -> eval: +0.2642
    [111] SUMMON | コスト🔷🔷🔷, 配置コア🔷🔶 ⚠️ラスヘッド消滅, (支払:R:🔷🔷🔷, 配置:R:🔷, ラスヘッド:🔶) -> eval: +0.2757
    [112] SUMMON | コスト🔷🔷🔷, 配置コア🔷🔶 ⚠️ラスヘッド・モラモーラ消滅, (支払:R:🔷🔷, モラモーラ:🔷, 配置:R:🔷, ラスヘッド:🔶) -> eval: +0.1539
    [113] SUMMON | コスト🔷🔷🔶, 配置コア🔷🔷 ⚠️ラスヘッド消滅, (支払:R:🔷🔷, ラスヘッド:🔶, 配置:R:🔷🔷) -> eval: +0.2933
    [114] SUMMON | コスト🔷🔷🔶, 配置コア🔷🔷 ⚠️ラスヘッド・モラモーラ消滅, (支払:R:🔷, ラスヘッド:🔶, モラモーラ:🔷, 配置:R:🔷🔷) -> eval: +0.1763
    [115] SUMMON | コスト🔷🔷🔷, 配置コア🔷🔷🔷, (支払:R:🔷🔷🔷, 配置:R:🔷🔷🔷) -> eval: +0.4551
    [116] SUMMON | コスト🔷🔷🔷, 配置コア🔷🔷🔷 ⚠️モラモーラ消滅, (支払:R:🔷🔷, モラモーラ:🔷, 配置:R:🔷🔷🔷) -> eval: +0.2858
    [117] SUMMON | コスト🔷🔷🔷, 配置コア🔷🔷🔶 ⚠️ラスヘッド消滅, (支払:R:🔷🔷🔷, 配置:R:🔷🔷, ラスヘッド:🔶) -> eval: +0.2890
    [118] SUMMON | コスト🔷🔷🔷, 配置コア🔷🔷🔶 ⚠️ラスヘッド・モラモーラ消滅, (支払:R:🔷🔷, モラモーラ:🔷, 配置:R:🔷🔷, ラスヘッド:🔶) -> eval: +0.1651
    [119] SUMMON | コスト🔷🔷🔶, 配置コア🔷🔷🔷 ⚠️ラスヘッド消滅, (支払:R:🔷🔷, ラスヘッド:🔶, 配置:R:🔷🔷🔷) -> eval: +0.3163
    [120] SUMMON | コスト🔷🔷🔶, 配置コア🔷🔷🔷 ⚠️ラスヘッド・モラモーラ消滅, (支払:R:🔷, ラスヘッド:🔶, モラモーラ:🔷, 配置:R:🔷🔷🔷) -> eval: +0.1958
    [121] SUMMON | コスト🔷🔷🔷, 配置コア🔷🔷🔷🔷, (支払:R:🔷🔷🔷, 配置:R:🔷🔷🔷🔷) -> eval: +0.4635
    [122] SUMMON | コスト🔷🔷🔷, 配置コア🔷🔷🔷🔷 ⚠️モラモーラ消滅, (支払:R:🔷🔷, モラモーラ:🔷, 配置:R:🔷🔷🔷🔷) -> eval: +0.2982
    [123] SUMMON | コスト🔷🔷🔷, 配置コア🔷🔷🔷🔶 ⚠️ラスヘッド消滅, (支払:R:🔷🔷🔷, 配置:R:🔷🔷🔷, ラスヘッド:🔶) -> eval: +0.3007
    [124] SUMMON | コスト🔷🔷🔷, 配置コア🔷🔷🔷🔶 ⚠️ラスヘッド・モラモーラ消滅, (支払:R:🔷🔷, モラモーラ:🔷, 配置:R:🔷🔷🔷, ラスヘッド:🔶) -> eval: +0.1757
    [125] SUMMON | コスト🔷🔷🔶, 配置コア🔷🔷🔷🔷 ⚠️ラスヘッド消滅, (支払:R:🔷🔷, ラスヘッド:🔶, 配置:R:🔷🔷🔷🔷) -> eval: +0.3290
    [126] SUMMON | コスト🔷🔷🔶, 配置コア🔷🔷🔷🔷 ⚠️ラスヘッド・モラモーラ消滅, (支払:R:🔷, ラスヘッド:🔶, モラモーラ:🔷, 配置:R:🔷🔷🔷🔷) -> eval: +0.2075
    [127] SUMMON | コスト🔷🔷🔷, 配置コア🔷🔷🔷🔷🔷 ⚠️モラモーラ消滅, (支払:R:🔷🔷, モラモーラ:🔷, 配置:R:🔷🔷🔷🔷🔷) -> eval: +0.3118
    [128] SUMMON | コスト🔷🔷🔷, 配置コア🔷🔷🔷🔷🔶 ⚠️ラスヘッド消滅, (支払:R:🔷🔷🔷, 配置:R:🔷🔷🔷🔷, ラスヘッド:🔶) -> eval: +0.3136
    [129] SUMMON | コスト🔷🔷🔷, 配置コア🔷🔷🔷🔷🔶 ⚠️ラスヘッド・モラモーラ消滅, (支払:R:🔷🔷, モラモーラ:🔷, 配置:R:🔷🔷🔷🔷, ラスヘッド:🔶) -> eval: +0.1876
    [130] SUMMON | コスト🔷🔷🔶, 配置コア🔷🔷🔷🔷🔷 ⚠️ラスヘッド消滅, (支払:R:🔷🔷, ラスヘッド:🔶, 配置:R:🔷🔷🔷🔷🔷) -> eval: +0.3427
    [131] SUMMON | コスト🔷🔷🔶, 配置コア🔷🔷🔷🔷🔷 ⚠️ラスヘッド・モラモーラ消滅, (支払:R:🔷, ラスヘッド:🔶, モラモーラ:🔷, 配置:R:🔷🔷🔷🔷🔷) -> eval: +0.2203
    [132] SUMMON | コスト🔷🔷🔷, 配置コア🔷🔷🔷🔷🔷🔶 ⚠️ラスヘッド・モラモーラ消滅, (支払:R:🔷🔷, モラモーラ:🔷, 配置:R:🔷🔷🔷🔷🔷, ラスヘッド:🔶) -> eval: +0.2006
    [133] SUMMON | コスト🔷🔷🔶, 配置コア🔷🔷🔷🔷🔷🔷 ⚠️ラスヘッド・モラモーラ消滅, (支払:R:🔷, ラスヘッド:🔶, モラモーラ:🔷, 配置:R:🔷🔷🔷🔷🔷🔷) -> eval: +0.2341
    [134] MOVE_CORE | 🔷を移動 -> eval: +0.3775
    [135] MOVE_CORE | 🔷🔷を移動 -> eval: +0.3784
    [136] MOVE_CORE | 🔷🔷🔷を移動 -> eval: +0.3805
    [137] MOVE_CORE | 🔷🔷🔷🔷を移動 -> eval: +0.3836
    [138] MOVE_CORE | 🔷🔷🔷🔷🔷を移動 -> eval: +0.3878
    [139] MOVE_CORE | 🔷🔷🔷🔷🔷🔷を移動 -> eval: +0.3933
    [140] MOVE_CORE | 🔷🔷🔷🔷🔷🔷🔷を移動 -> eval: +0.3998
    [141] MOVE_CORE | 🔷を移動 -> eval: +0.3791
    [142] MOVE_CORE | 🔷🔷を移動 -> eval: +0.3994
    [143] MOVE_CORE | 🔷🔷🔷を移動 -> eval: +0.4042
    [144] MOVE_CORE | 🔷🔷🔷🔷を移動 -> eval: +0.4102
    [145] MOVE_CORE | 🔷🔷🔷🔷🔷を移動 -> eval: +0.4174
    [146] MOVE_CORE | 🔷🔷🔷🔷🔷🔷を移動 -> eval: +0.4256
    [147] MOVE_CORE | 🔷🔷🔷🔷🔷🔷🔷を移動 -> eval: +0.4349
    [148] MOVE_CORE | 🔶を移動 ⚠️ラスヘッド消滅 -> eval: +0.2157
    [149] MOVE_CORE | 🔶 ⇄ 🔷 を交換 -> eval: +0.3911
    [150] MOVE_CORE | 🔶を移動 ⚠️ラスヘッド消滅 -> eval: +0.2010
    [151] MOVE_CORE | 🔶 ⇄ 🔷 を交換 -> eval: +0.3821
    [152] MOVE_CORE | 🔷を移動 ⚠️モラモーラ消滅 -> eval: +0.1938
    [153] MOVE_CORE | 🔷を移動 ⚠️モラモーラ消滅 -> eval: +0.1981
  ステップ終了評価: +0.3775
  => 選択: SUMMON | コスト🔷🔷🔷, 配置コア🔷🔷🔷🔷, (支払:R:🔷🔷🔷, 配置:R:🔷🔷🔷🔷) (eval: +0.4715 > 終了評価 +0.3775)
     効果/結果: 🎴 「甲手スクィード」を召喚 (コスト3をトラッシュへ)

Turn 5 | 手数 32 | 手番: P1(run2_run3.kann.weight) | メインステップ
  盤面:
    P1: Life:2, Reserve:0, Hand:4枚, Field:[ラスヘッド(Lv2,コア1s), モラモーラ(Lv1,コア1), 甲手スクィード(Lv2,コア4)]
    P2: Life:3, Reserve:0, Hand:3枚, Field:[モラモーラ(Lv1,コア1), フラッティ(Lv2,コア3), パッファー(Lv1,コア1s)]
  候補行動 (75件):
    [0] SUMMON | コスト🔷🔷, 配置コア🔷 ⚠️モラモーラ消滅, (支払:甲手スクィード:🔷🔷, 配置:モラモーラ:🔷) -> eval: +0.3503
    [1] SUMMON | コスト🔷🔷, 配置コア🔷, (支払:甲手スクィード:🔷🔷, 配置:甲手スクィード:🔷) -> eval: +0.4971
    [2] SUMMON | コスト🔷🔷, 配置コア🔶 ⚠️ラスヘッド・モラモーラ消滅, (支払:モラモーラ:🔷, 甲手スクィード:🔷, 配置:ラスヘッド:🔶) -> eval: +0.2597
    [3] SUMMON | コスト🔷🔷, 配置コア🔶 ⚠️ラスヘッド消滅, (支払:甲手スクィード:🔷🔷, 配置:ラスヘッド:🔶) -> eval: +0.3581
    [4] SUMMON | コスト🔷🔶, 配置コア🔷 ⚠️ラスヘッド・モラモーラ消滅, (支払:ラスヘッド:🔶, 甲手スクィード:🔷, 配置:モラモーラ:🔷) -> eval: +0.2810
    [5] SUMMON | コスト🔷🔶, 配置コア🔷 ⚠️ラスヘッド消滅, (支払:ラスヘッド:🔶, 甲手スクィード:🔷, 配置:甲手スクィード:🔷) -> eval: +0.3773
    [6] SUMMON | コスト🔷🔷, 配置コア🔷🔷 ⚠️モラモーラ消滅, (支払:甲手スクィード:🔷🔷, 配置:モラモーラ:🔷, 甲手スクィード:🔷) -> eval: +0.3585
    [7] SUMMON | コスト🔷🔷, 配置コア🔷🔷 ⚠️甲手スクィード消滅, (支払:甲手スクィード:🔷🔷, 配置:甲手スクィード:🔷🔷) -> eval: +0.3585
    [8] SUMMON | コスト🔷🔷, 配置コア🔷🔶 ⚠️ラスヘッド・モラモーラ消滅, (支払:甲手スクィード:🔷🔷, 配置:ラスヘッド:🔶, モラモーラ:🔷) -> eval: +0.2536
    [9] SUMMON | コスト🔷🔷, 配置コア🔷🔶 ⚠️ラスヘッド消滅, (支払:甲手スクィード:🔷🔷, 配置:ラスヘッド:🔶, 甲手スクィード:🔷) -> eval: +0.3589
    [10] SUMMON | コスト🔷🔶, 配置コア🔷🔷 ⚠️ラスヘッド・モラモーラ消滅, (支払:ラスヘッド:🔶, 甲手スクィード:🔷, 配置:モラモーラ:🔷, 甲手スクィード:🔷) -> eval: +0.2805
    [11] SUMMON | コスト🔷🔶, 配置コア🔷🔷 ⚠️ラスヘッド消滅, (支払:ラスヘッド:🔶, 甲手スクィード:🔷, 配置:甲手スクィード:🔷🔷) -> eval: +0.3839
    [12] SUMMON | コスト🔷🔷, 配置コア🔷🔷🔷 ⚠️モラモーラ・甲手スクィード消滅, (支払:甲手スクィード:🔷🔷, 配置:モラモーラ:🔷, 甲手スクィード:🔷🔷) -> eval: +0.2529
    [13] SUMMON | コスト🔷🔷, 配置コア🔷🔷🔶 ⚠️ラスヘッド・モラモーラ消滅, (支払:甲手スクィード:🔷🔷, 配置:ラスヘッド:🔶, モラモーラ:🔷, 甲手スクィード:🔷) -> eval: +0.2547
    [14] SUMMON | コスト🔷🔷, 配置コア🔷🔷🔶 ⚠️ラスヘッド・甲手スクィード消滅, (支払:甲手スクィード:🔷🔷, 配置:ラスヘッド:🔶, 甲手スクィード:🔷🔷) -> eval: +0.2547
    [15] SUMMON | コスト🔷🔶, 配置コア🔷🔷🔷 ⚠️ラスヘッド・モラモーラ消滅, (支払:ラスヘッド:🔶, 甲手スクィード:🔷, 配置:モラモーラ:🔷, 甲手スクィード:🔷🔷) -> eval: +0.2822
    [16] SUMMON | コスト🔷🔶, 配置コア🔷🔷🔷 ⚠️ラスヘッド・甲手スクィード消滅, (支払:ラスヘッド:🔶, 甲手スクィード:🔷, 配置:甲手スクィード:🔷🔷🔷) -> eval: +0.2822
    [17] SUMMON | コスト🔷🔷, 配置コア🔷🔷🔷🔶 ⚠️ラスヘッド・モラモーラ・甲手スクィード消滅, (支払:甲手スクィード:🔷🔷, 配置:ラスヘッド:🔶, モラモーラ:🔷, 甲手スクィード:🔷🔷) -> eval: +0.1754
    [18] SUMMON | コスト🔷🔶, 配置コア🔷🔷🔷🔷 ⚠️ラスヘッド・モラモーラ・甲手スクィード消滅, (支払:ラスヘッド:🔶, 甲手スクィード:🔷, 配置:モラモーラ:🔷, 甲手スクィード:🔷🔷🔷) -> eval: +0.2060
    [19] SUMMON | コスト🔷🔷, 配置コアなし ⚠️モラモーラ消滅, (支払:モラモーラ:🔷, 甲手スクィード:🔷, 配置:なし) -> eval: +0.3252
    [20] SUMMON | コスト🔷🔷, 配置コアなし, (支払:甲手スクィード:🔷🔷, 配置:なし) -> eval: +0.4661
    [21] SUMMON | コスト🔷🔶, 配置コアなし ⚠️ラスヘッド・モラモーラ消滅, (支払:ラスヘッド:🔶, モラモーラ:🔷, 配置:なし) -> eval: +0.2522
    [22] SUMMON | コスト🔷🔶, 配置コアなし ⚠️ラスヘッド消滅, (支払:ラスヘッド:🔶, 甲手スクィード:🔷, 配置:なし) -> eval: +0.3537
    [23] SUMMON | コスト🔷🔷, 配置コア🔷 ⚠️モラモーラ消滅, (支払:甲手スクィード:🔷🔷, 配置:モラモーラ:🔷) -> eval: +0.3180
    [24] SUMMON | コスト🔷🔷, 配置コア🔷, (支払:甲手スクィード:🔷🔷, 配置:甲手スクィード:🔷) -> eval: +0.4667
    [25] SUMMON | コスト🔷🔷, 配置コア🔶 ⚠️ラスヘッド・モラモーラ消滅, (支払:モラモーラ:🔷, 甲手スクィード:🔷, 配置:ラスヘッド:🔶) -> eval: +0.2399
    [26] SUMMON | コスト🔷🔷, 配置コア🔶 ⚠️ラスヘッド消滅, (支払:甲手スクィード:🔷🔷, 配置:ラスヘッド:🔶) -> eval: +0.3353
    [27] SUMMON | コスト🔷🔶, 配置コア🔷 ⚠️ラスヘッド・モラモーラ消滅, (支払:ラスヘッド:🔶, 甲手スクィード:🔷, 配置:モラモーラ:🔷) -> eval: +0.2521
    [28] SUMMON | コスト🔷🔶, 配置コア🔷 ⚠️ラスヘッド消滅, (支払:ラスヘッド:🔶, 甲手スクィード:🔷, 配置:甲手スクィード:🔷) -> eval: +0.3454
    [29] SUMMON | コスト🔷🔷, 配置コア🔷🔷 ⚠️モラモーラ消滅, (支払:甲手スクィード:🔷🔷, 配置:モラモーラ:🔷, 甲手スクィード:🔷) -> eval: +0.3223
    [30] SUMMON | コスト🔷🔷, 配置コア🔷🔷 ⚠️甲手スクィード消滅, (支払:甲手スクィード:🔷🔷, 配置:甲手スクィード:🔷🔷) -> eval: +0.3223
    [31] SUMMON | コスト🔷🔷, 配置コア🔷🔶 ⚠️ラスヘッド・モラモーラ消滅, (支払:甲手スクィード:🔷🔷, 配置:ラスヘッド:🔶, モラモーラ:🔷) -> eval: +0.2302
    [32] SUMMON | コスト🔷🔷, 配置コア🔷🔶 ⚠️ラスヘッド消滅, (支払:甲手スクィード:🔷🔷, 配置:ラスヘッド:🔶, 甲手スクィード:🔷) -> eval: +0.3327
    [33] SUMMON | コスト🔷🔶, 配置コア🔷🔷 ⚠️ラスヘッド・モラモーラ消滅, (支払:ラスヘッド:🔶, 甲手スクィード:🔷, 配置:モラモーラ:🔷, 甲手スクィード:🔷) -> eval: +0.2465
    [34] SUMMON | コスト🔷🔶, 配置コア🔷🔷 ⚠️ラスヘッド消滅, (支払:ラスヘッド:🔶, 甲手スクィード:🔷, 配置:甲手スクィード:🔷🔷) -> eval: +0.3483
    [35] SUMMON | コスト🔷🔷, 配置コア🔷🔷🔷 ⚠️モラモーラ・甲手スクィード消滅, (支払:甲手スクィード:🔷🔷, 配置:モラモーラ:🔷, 甲手スクィード:🔷🔷) -> eval: +0.2195
    [36] SUMMON | コスト🔷🔷, 配置コア🔷🔷🔶 ⚠️ラスヘッド・モラモーラ消滅, (支払:甲手スクィード:🔷🔷, 配置:ラスヘッド:🔶, モラモーラ:🔷, 甲手スクィード:🔷) -> eval: +0.2315
    [37] SUMMON | コスト🔷🔷, 配置コア🔷🔷🔶 ⚠️ラスヘッド・甲手スクィード消滅, (支払:甲手スクィード:🔷🔷, 配置:ラスヘッド:🔶, 甲手スクィード:🔷🔷) -> eval: +0.2315
    [38] SUMMON | コスト🔷🔶, 配置コア🔷🔷🔷 ⚠️ラスヘッド・モラモーラ消滅, (支払:ラスヘッド:🔶, 甲手スクィード:🔷, 配置:モラモーラ:🔷, 甲手スクィード:🔷🔷) -> eval: +0.2486
    [39] SUMMON | コスト🔷🔶, 配置コア🔷🔷🔷 ⚠️ラスヘッド・甲手スクィード消滅, (支払:ラスヘッド:🔶, 甲手スクィード:🔷, 配置:甲手スクィード:🔷🔷🔷) -> eval: +0.2486
    [40] SUMMON | コスト🔷🔷, 配置コア🔷🔷🔷🔶 ⚠️ラスヘッド・モラモーラ・甲手スクィード消滅, (支払:甲手スクィード:🔷🔷, 配置:ラスヘッド:🔶, モラモーラ:🔷, 甲手スクィード:🔷🔷) -> eval: +0.1530
    [41] SUMMON | コスト🔷🔶, 配置コア🔷🔷🔷🔷 ⚠️ラスヘッド・モラモーラ・甲手スクィード消滅, (支払:ラスヘッド:🔶, 甲手スクィード:🔷, 配置:モラモーラ:🔷, 甲手スクィード:🔷🔷🔷) -> eval: +0.1732
    [42] SUMMON | コスト🔷🔷🔷, 配置コア🔷 ⚠️モラモーラ消滅, (支払:甲手スクィード:🔷🔷🔷, 配置:モラモーラ:🔷) -> eval: +0.3398
    [43] SUMMON | コスト🔷🔷🔷, 配置コア🔷 ⚠️甲手スクィード消滅, (支払:甲手スクィード:🔷🔷🔷, 配置:甲手スクィード:🔷) -> eval: +0.3398
    [44] SUMMON | コスト🔷🔷🔷, 配置コア🔶 ⚠️ラスヘッド・モラモーラ消滅, (支払:モラモーラ:🔷, 甲手スクィード:🔷🔷, 配置:ラスヘッド:🔶) -> eval: +0.2432
    [45] SUMMON | コスト🔷🔷🔷, 配置コア🔶 ⚠️ラスヘッド消滅, (支払:甲手スクィード:🔷🔷🔷, 配置:ラスヘッド:🔶) -> eval: +0.3485
    [46] SUMMON | コスト🔷🔷🔶, 配置コア🔷 ⚠️ラスヘッド・モラモーラ消滅, (支払:ラスヘッド:🔶, 甲手スクィード:🔷🔷, 配置:モラモーラ:🔷) -> eval: +0.2643
    [47] SUMMON | コスト🔷🔷🔶, 配置コア🔷 ⚠️ラスヘッド消滅, (支払:ラスヘッド:🔶, 甲手スクィード:🔷🔷, 配置:甲手スクィード:🔷) -> eval: +0.3667
    [48] SUMMON | コスト🔷🔷🔷, 配置コア🔷🔷 ⚠️モラモーラ・甲手スクィード消滅, (支払:甲手スクィード:🔷🔷🔷, 配置:モラモーラ:🔷, 甲手スクィード:🔷) -> eval: +0.2363
    [49] SUMMON | コスト🔷🔷🔷, 配置コア🔷🔶 ⚠️ラスヘッド・モラモーラ消滅, (支払:甲手スクィード:🔷🔷🔷, 配置:ラスヘッド:🔶, モラモーラ:🔷) -> eval: +0.2436
    [50] SUMMON | コスト🔷🔷🔷, 配置コア🔷🔶 ⚠️ラスヘッド・甲手スクィード消滅, (支払:甲手スクィード:🔷🔷🔷, 配置:ラスヘッド:🔶, 甲手スクィード:🔷) -> eval: +0.2436
    [51] SUMMON | コスト🔷🔷🔶, 配置コア🔷🔷 ⚠️ラスヘッド・モラモーラ消滅, (支払:ラスヘッド:🔶, 甲手スクィード:🔷🔷, 配置:モラモーラ:🔷, 甲手スクィード:🔷) -> eval: +0.2654
    [52] SUMMON | コスト🔷🔷🔶, 配置コア🔷🔷 ⚠️ラスヘッド・甲手スクィード消滅, (支払:ラスヘッド:🔶, 甲手スクィード:🔷🔷, 配置:甲手スクィード:🔷🔷) -> eval: +0.2654
    [53] SUMMON | コスト🔷🔷🔷, 配置コア🔷🔷🔶 ⚠️ラスヘッド・モラモーラ・甲手スクィード消滅, (支払:甲手スクィード:🔷🔷🔷, 配置:ラスヘッド:🔶, モラモーラ:🔷, 甲手スクィード:🔷) -> eval: +0.1680
    [54] SUMMON | コスト🔷🔷🔶, 配置コア🔷🔷🔷 ⚠️ラスヘッド・モラモーラ・甲手スクィード消滅, (支払:ラスヘッド:🔶, 甲手スクィード:🔷🔷, 配置:モラモーラ:🔷, 甲手スクィード:🔷🔷) -> eval: +0.1980
    [55] MOVE_CORE | 🔶を移動 ⚠️ラスヘッド消滅 -> eval: +0.3379
    [56] MOVE_CORE | 🔶を移動 ⚠️ラスヘッド消滅 -> eval: +0.3212
    [57] MOVE_CORE | 🔶 ⇄ 🔷 を交換 -> eval: +0.4723
    [58] MOVE_CORE | 🔶を移動 ⚠️ラスヘッド消滅 -> eval: +0.3208
    [59] MOVE_CORE | 🔶 ⇄ 🔷 を交換 -> eval: +0.4649
    [60] MOVE_CORE | 🔷を移動 ⚠️モラモーラ消滅 -> eval: +0.3071
    [61] MOVE_CORE | 🔷を移動 ⚠️モラモーラ消滅 -> eval: +0.3174
    [62] MOVE_CORE | 🔷を移動 ⚠️モラモーラ消滅 -> eval: +0.3206
    [63] MOVE_CORE | 🔷を移動 -> eval: +0.4632
    [64] MOVE_CORE | 🔷🔷を移動 -> eval: +0.4428
    [65] MOVE_CORE | 🔷🔷🔷を移動 -> eval: +0.4371
    [66] MOVE_CORE | 🔷🔷🔷🔷を移動 ⚠️甲手スクィード消滅 -> eval: +0.2638
    [67] MOVE_CORE | 🔷を移動 -> eval: +0.4683
    [68] MOVE_CORE | 🔷🔷を移動 -> eval: +0.4523
    [69] MOVE_CORE | 🔷🔷🔷を移動 -> eval: +0.4502
    [70] MOVE_CORE | 🔷🔷🔷🔷を移動 ⚠️甲手スクィード消滅 -> eval: +0.3015
    [71] MOVE_CORE | 🔷を移動 -> eval: +0.4692
    [72] MOVE_CORE | 🔷🔷を移動 -> eval: +0.4640
    [73] MOVE_CORE | 🔷🔷🔷を移動 -> eval: +0.4639
    [74] MOVE_CORE | 🔷🔷🔷🔷を移動 ⚠️甲手スクィード消滅 -> eval: +0.3239
  ステップ終了評価: +0.4715
  => 選択: SUMMON | コスト🔷🔷, 配置コア🔷, (支払:甲手スクィード:🔷🔷, 配置:甲手スクィード:🔷) (eval: +0.4971 > 終了評価 +0.4715)
     効果/結果: 🎴 「重顎ドロゴリアス」を召喚 (コスト2をトラッシュへ) ※甲手スクィードから2個, 甲手スクィードから1個

Turn 5 | 手数 33 | 手番: P1(run2_run3.kann.weight) | メインステップ
  盤面:
    P1: Life:2, Reserve:0, Hand:3枚, Field:[ラスヘッド(Lv2,コア1s), モラモーラ(Lv1,コア1), 甲手スクィード(Lv1,コア1), 重顎ドロゴリアス(Lv1,コア1)]
    P2: Life:3, Reserve:0, Hand:3枚, Field:[モラモーラ(Lv1,コア1), フラッティ(Lv2,コア3), パッファー(Lv1,コア1s)]
  候補行動 (45件):
    [0] SUMMON | コスト🔷🔷, 配置コアなし ⚠️モラモーラ・甲手スクィード消滅, (支払:モラモーラ:🔷, 甲手スクィード:🔷, 配置:なし) -> eval: +0.2629
    [1] SUMMON | コスト🔷🔷, 配置コアなし ⚠️モラモーラ・重顎ドロゴリアス消滅, (支払:モラモーラ:🔷, 重顎ドロゴリアス:🔷, 配置:なし) -> eval: +0.2629
    [2] SUMMON | コスト🔷🔷, 配置コアなし ⚠️甲手スクィード・重顎ドロゴリアス消滅, (支払:甲手スクィード:🔷, 重顎ドロゴリアス:🔷, 配置:なし) -> eval: +0.2629
    [3] SUMMON | コスト🔷🔶, 配置コアなし ⚠️ラスヘッド・モラモーラ消滅, (支払:ラスヘッド:🔶, モラモーラ:🔷, 配置:なし) -> eval: +0.2873
    [4] SUMMON | コスト🔷🔶, 配置コアなし ⚠️ラスヘッド・甲手スクィード消滅, (支払:ラスヘッド:🔶, 甲手スクィード:🔷, 配置:なし) -> eval: +0.2873
    [5] SUMMON | コスト🔷🔶, 配置コアなし ⚠️ラスヘッド・重顎ドロゴリアス消滅, (支払:ラスヘッド:🔶, 重顎ドロゴリアス:🔷, 配置:なし) -> eval: +0.2873
    [6] SUMMON | コスト🔷🔷, 配置コア🔷 ⚠️モラモーラ・甲手スクィード・重顎ドロゴリアス消滅, (支払:甲手スクィード:🔷, 重顎ドロゴリアス:🔷, 配置:モラモーラ:🔷) -> eval: +0.1925
    [7] SUMMON | コスト🔷🔷, 配置コア🔶 ⚠️ラスヘッド・モラモーラ・甲手スクィード消滅, (支払:モラモーラ:🔷, 甲手スクィード:🔷, 配置:ラスヘッド:🔶) -> eval: +0.2027
    [8] SUMMON | コスト🔷🔷, 配置コア🔶 ⚠️ラスヘッド・モラモーラ・重顎ドロゴリアス消滅, (支払:モラモーラ:🔷, 重顎ドロゴリアス:🔷, 配置:ラスヘッド:🔶) -> eval: +0.2027
    [9] SUMMON | コスト🔷🔷, 配置コア🔶 ⚠️ラスヘッド・甲手スクィード・重顎ドロゴリアス消滅, (支払:甲手スクィード:🔷, 重顎ドロゴリアス:🔷, 配置:ラスヘッド:🔶) -> eval: +0.2027
    [10] SUMMON | コスト🔷🔶, 配置コア🔷 ⚠️ラスヘッド・モラモーラ・甲手スクィード消滅, (支払:ラスヘッド:🔶, 甲手スクィード:🔷, 配置:モラモーラ:🔷) -> eval: +0.2173
    [11] SUMMON | コスト🔷🔶, 配置コア🔷 ⚠️ラスヘッド・モラモーラ・重顎ドロゴリアス消滅, (支払:ラスヘッド:🔶, 重顎ドロゴリアス:🔷, 配置:モラモーラ:🔷) -> eval: +0.2173
    [12] SUMMON | コスト🔷🔶, 配置コア🔷 ⚠️ラスヘッド・甲手スクィード・重顎ドロゴリアス消滅, (支払:ラスヘッド:🔶, 重顎ドロゴリアス:🔷, 配置:甲手スクィード:🔷) -> eval: +0.2173
    [13] SUMMON | コスト🔷🔷, 配置コア🔷🔶 ⚠️ラスヘッド・モラモーラ・甲手スクィード・重顎ドロゴリアス消滅, (支払:甲手スクィード:🔷, 重顎ドロゴリアス:🔷, 配置:ラスヘッド:🔶, モラモーラ:🔷) -> eval: +0.1453
    [14] SUMMON | コスト🔷🔶, 配置コア🔷🔷 ⚠️ラスヘッド・モラモーラ・甲手スクィード・重顎ドロゴリアス消滅, (支払:ラスヘッド:🔶, 重顎ドロゴリアス:🔷, 配置:モラモーラ:🔷, 甲手スクィード:🔷) -> eval: +0.1631
    [15] SUMMON | コスト🔷🔷, 配置コア🔷 ⚠️モラモーラ・甲手スクィード・重顎ドロゴリアス消滅, (支払:甲手スクィード:🔷, 重顎ドロゴリアス:🔷, 配置:モラモーラ:🔷) -> eval: +0.2184
    [16] SUMMON | コスト🔷🔷, 配置コア🔶 ⚠️ラスヘッド・モラモーラ・甲手スクィード消滅, (支払:モラモーラ:🔷, 甲手スクィード:🔷, 配置:ラスヘッド:🔶) -> eval: +0.2215
    [17] SUMMON | コスト🔷🔷, 配置コア🔶 ⚠️ラスヘッド・モラモーラ・重顎ドロゴリアス消滅, (支払:モラモーラ:🔷, 重顎ドロゴリアス:🔷, 配置:ラスヘッド:🔶) -> eval: +0.2215
    [18] SUMMON | コスト🔷🔷, 配置コア🔶 ⚠️ラスヘッド・甲手スクィード・重顎ドロゴリアス消滅, (支払:甲手スクィード:🔷, 重顎ドロゴリアス:🔷, 配置:ラスヘッド:🔶) -> eval: +0.2215
    [19] SUMMON | コスト🔷🔶, 配置コア🔷 ⚠️ラスヘッド・モラモーラ・甲手スクィード消滅, (支払:ラスヘッド:🔶, 甲手スクィード:🔷, 配置:モラモーラ:🔷) -> eval: +0.2436
    [20] SUMMON | コスト🔷🔶, 配置コア🔷 ⚠️ラスヘッド・モラモーラ・重顎ドロゴリアス消滅, (支払:ラスヘッド:🔶, 重顎ドロゴリアス:🔷, 配置:モラモーラ:🔷) -> eval: +0.2436
    [21] SUMMON | コスト🔷🔶, 配置コア🔷 ⚠️ラスヘッド・甲手スクィード・重顎ドロゴリアス消滅, (支払:ラスヘッド:🔶, 重顎ドロゴリアス:🔷, 配置:甲手スクィード:🔷) -> eval: +0.2436
    [22] SUMMON | コスト🔷🔷, 配置コア🔷🔶 ⚠️ラスヘッド・モラモーラ・甲手スクィード・重顎ドロゴリアス消滅, (支払:甲手スクィード:🔷, 重顎ドロゴリアス:🔷, 配置:ラスヘッド:🔶, モラモーラ:🔷) -> eval: +0.1658
    [23] SUMMON | コスト🔷🔶, 配置コア🔷🔷 ⚠️ラスヘッド・モラモーラ・甲手スクィード・重顎ドロゴリアス消滅, (支払:ラスヘッド:🔶, 重顎ドロゴリアス:🔷, 配置:モラモーラ:🔷, 甲手スクィード:🔷) -> eval: +0.1905
    [24] SUMMON | コスト🔷🔷🔷, 配置コア🔶 ⚠️ラスヘッド・モラモーラ・甲手スクィード・重顎ドロゴリアス消滅, (支払:モラモーラ:🔷, 甲手スクィード:🔷, 重顎ドロゴリアス:🔷, 配置:ラスヘッド:🔶) -> eval: +0.1524
    [25] SUMMON | コスト🔷🔷🔶, 配置コア🔷 ⚠️ラスヘッド・モラモーラ・甲手スクィード・重顎ドロゴリアス消滅, (支払:ラスヘッド:🔶, 甲手スクィード:🔷, 重顎ドロゴリアス:🔷, 配置:モラモーラ:🔷) -> eval: +0.1743
    [26] MOVE_CORE | 🔶を移動 ⚠️ラスヘッド消滅 -> eval: +0.3657
    [27] MOVE_CORE | 🔶を移動 ⚠️ラスヘッド消滅 -> eval: +0.3521
    [28] MOVE_CORE | 🔶 ⇄ 🔷 を交換 -> eval: +0.4963
    [29] MOVE_CORE | 🔶を移動 ⚠️ラスヘッド消滅 -> eval: +0.3565
    [30] MOVE_CORE | 🔶 ⇄ 🔷 を交換 -> eval: +0.4993
    [31] MOVE_CORE | 🔶を移動 ⚠️ラスヘッド消滅 -> eval: +0.3589
    [32] MOVE_CORE | 🔶 ⇄ 🔷 を交換 -> eval: +0.5008
    [33] MOVE_CORE | 🔷を移動 ⚠️モラモーラ消滅 -> eval: +0.3390
    [34] MOVE_CORE | 🔷を移動 ⚠️モラモーラ消滅 -> eval: +0.3493
    [35] MOVE_CORE | 🔷を移動 ⚠️モラモーラ消滅 -> eval: +0.3503
    [36] MOVE_CORE | 🔷を移動 ⚠️モラモーラ消滅 -> eval: +0.3585
    [37] MOVE_CORE | 🔷を移動 ⚠️甲手スクィード消滅 -> eval: +0.3390
    [38] MOVE_CORE | 🔷を移動 ⚠️甲手スクィード消滅 -> eval: +0.3493
    [39] MOVE_CORE | 🔷を移動 ⚠️甲手スクィード消滅 -> eval: +0.3503
    [40] MOVE_CORE | 🔷を移動 ⚠️甲手スクィード消滅 -> eval: +0.3585
    [41] MOVE_CORE | 🔷を移動 ⚠️重顎ドロゴリアス消滅 -> eval: +0.3390
    [42] MOVE_CORE | 🔷を移動 ⚠️重顎ドロゴリアス消滅 -> eval: +0.3493
    [43] MOVE_CORE | 🔷を移動 ⚠️重顎ドロゴリアス消滅 -> eval: +0.3503
    [44] MOVE_CORE | 🔷を移動 ⚠️重顎ドロゴリアス消滅 -> eval: +0.3513
  ステップ終了評価: +0.4971
  => 選択: MOVE_CORE | 🔶 ⇄ 🔷 を交換 (eval: +0.5008 > 終了評価 +0.4971)
     効果/結果: 🔷 「ラスヘッド」➔「重顎ドロゴリアス」 ソウルコア1個 / 「重顎ドロゴリアス」➔「ラスヘッド」 通常コア1個

Turn 5 | 手数 34 | 手番: P1(run2_run3.kann.weight) | メインステップ
  盤面:
    P1: Life:2, Reserve:0, Hand:3枚, Field:[ラスヘッド(Lv1,コア1), モラモーラ(Lv1,コア1), 甲手スクィード(Lv1,コア1), 重顎ドロゴリアス(Lv1,コア1s)]
    P2: Life:3, Reserve:0, Hand:3枚, Field:[モラモーラ(Lv1,コア1), フラッティ(Lv2,コア3), パッファー(Lv1,コア1s)]
  候補行動 (44件):
    [0] SUMMON | コスト🔷🔷, 配置コアなし ⚠️ラスヘッド・モラモーラ消滅, (支払:ラスヘッド:🔷, モラモーラ:🔷, 配置:なし) -> eval: +0.2672
    [1] SUMMON | コスト🔷🔷, 配置コアなし ⚠️ラスヘッド・甲手スクィード消滅, (支払:ラスヘッド:🔷, 甲手スクィード:🔷, 配置:なし) -> eval: +0.2672
    [2] SUMMON | コスト🔷🔷, 配置コアなし ⚠️モラモーラ・甲手スクィード消滅, (支払:モラモーラ:🔷, 甲手スクィード:🔷, 配置:なし) -> eval: +0.2606
    [3] SUMMON | コスト🔷🔶, 配置コアなし ⚠️ラスヘッド・重顎ドロゴリアス消滅, (支払:ラスヘッド:🔷, 重顎ドロゴリアス:🔶, 配置:なし) -> eval: +0.2873
    [4] SUMMON | コスト🔷🔶, 配置コアなし ⚠️モラモーラ・重顎ドロゴリアス消滅, (支払:モラモーラ:🔷, 重顎ドロゴリアス:🔶, 配置:なし) -> eval: +0.2813
    [5] SUMMON | コスト🔷🔶, 配置コアなし ⚠️甲手スクィード・重顎ドロゴリアス消滅, (支払:甲手スクィード:🔷, 重顎ドロゴリアス:🔶, 配置:なし) -> eval: +0.2813
    [6] SUMMON | コスト🔷🔷, 配置コア🔷 ⚠️ラスヘッド・モラモーラ・甲手スクィード消滅, (支払:モラモーラ:🔷, 甲手スクィード:🔷, 配置:ラスヘッド:🔷) -> eval: +0.1947
    [7] SUMMON | コスト🔷🔷, 配置コア🔶 ⚠️ラスヘッド・モラモーラ・重顎ドロゴリアス消滅, (支払:ラスヘッド:🔷, モラモーラ:🔷, 配置:重顎ドロゴリアス:🔶) -> eval: +0.2027
    [8] SUMMON | コスト🔷🔷, 配置コア🔶 ⚠️ラスヘッド・甲手スクィード・重顎ドロゴリアス消滅, (支払:ラスヘッド:🔷, 甲手スクィード:🔷, 配置:重顎ドロゴリアス:🔶) -> eval: +0.2027
    [9] SUMMON | コスト🔷🔷, 配置コア🔶 ⚠️モラモーラ・甲手スクィード・重顎ドロゴリアス消滅, (支払:モラモーラ:🔷, 甲手スクィード:🔷, 配置:重顎ドロゴリアス:🔶) -> eval: +0.1965
    [10] SUMMON | コスト🔷🔶, 配置コア🔷 ⚠️ラスヘッド・モラモーラ・重顎ドロゴリアス消滅, (支払:モラモーラ:🔷, 重顎ドロゴリアス:🔶, 配置:ラスヘッド:🔷) -> eval: +0.2173
    [11] SUMMON | コスト🔷🔶, 配置コア🔷 ⚠️ラスヘッド・甲手スクィード・重顎ドロゴリアス消滅, (支払:甲手スクィード:🔷, 重顎ドロゴリアス:🔶, 配置:ラスヘッド:🔷) -> eval: +0.2173
    [12] SUMMON | コスト🔷🔶, 配置コア🔷 ⚠️モラモーラ・甲手スクィード・重顎ドロゴリアス消滅, (支払:甲手スクィード:🔷, 重顎ドロゴリアス:🔶, 配置:モラモーラ:🔷) -> eval: +0.2110
    [13] SUMMON | コスト🔷🔷, 配置コア🔷🔶 ⚠️ラスヘッド・モラモーラ・甲手スクィード・重顎ドロゴリアス消滅, (支払:モラモーラ:🔷, 甲手スクィード:🔷, 配置:ラスヘッド:🔷, 重顎ドロゴリアス:🔶) -> eval: +0.1453
    [14] SUMMON | コスト🔷🔶, 配置コア🔷🔷 ⚠️ラスヘッド・モラモーラ・甲手スクィード・重顎ドロゴリアス消滅, (支払:甲手スクィード:🔷, 重顎ドロゴリアス:🔶, 配置:ラスヘッド:🔷, モラモーラ:🔷) -> eval: +0.1631
    [15] SUMMON | コスト🔷🔷, 配置コア🔷 ⚠️ラスヘッド・モラモーラ・甲手スクィード消滅, (支払:モラモーラ:🔷, 甲手スクィード:🔷, 配置:ラスヘッド:🔷) -> eval: +0.2199
    [16] SUMMON | コスト🔷🔷, 配置コア🔶 ⚠️ラスヘッド・モラモーラ・重顎ドロゴリアス消滅, (支払:ラスヘッド:🔷, モラモーラ:🔷, 配置:重顎ドロゴリアス:🔶) -> eval: +0.2215
    [17] SUMMON | コスト🔷🔷, 配置コア🔶 ⚠️ラスヘッド・甲手スクィード・重顎ドロゴリアス消滅, (支払:ラスヘッド:🔷, 甲手スクィード:🔷, 配置:重顎ドロゴリアス:🔶) -> eval: +0.2215
    [18] SUMMON | コスト🔷🔷, 配置コア🔶 ⚠️モラモーラ・甲手スクィード・重顎ドロゴリアス消滅, (支払:モラモーラ:🔷, 甲手スクィード:🔷, 配置:重顎ドロゴリアス:🔶) -> eval: +0.2156
    [19] SUMMON | コスト🔷🔶, 配置コア🔷 ⚠️ラスヘッド・モラモーラ・重顎ドロゴリアス消滅, (支払:モラモーラ:🔷, 重顎ドロゴリアス:🔶, 配置:ラスヘッド:🔷) -> eval: +0.2436
    [20] SUMMON | コスト🔷🔶, 配置コア🔷 ⚠️ラスヘッド・甲手スクィード・重顎ドロゴリアス消滅, (支払:甲手スクィード:🔷, 重顎ドロゴリアス:🔶, 配置:ラスヘッド:🔷) -> eval: +0.2436
    [21] SUMMON | コスト🔷🔶, 配置コア🔷 ⚠️モラモーラ・甲手スクィード・重顎ドロゴリアス消滅, (支払:甲手スクィード:🔷, 重顎ドロゴリアス:🔶, 配置:モラモーラ:🔷) -> eval: +0.2382
    [22] SUMMON | コスト🔷🔷, 配置コア🔷🔶 ⚠️ラスヘッド・モラモーラ・甲手スクィード・重顎ドロゴリアス消滅, (支払:モラモーラ:🔷, 甲手スクィード:🔷, 配置:ラスヘッド:🔷, 重顎ドロゴリアス:🔶) -> eval: +0.1658
    [23] SUMMON | コスト🔷🔶, 配置コア🔷🔷 ⚠️ラスヘッド・モラモーラ・甲手スクィード・重顎ドロゴリアス消滅, (支払:甲手スクィード:🔷, 重顎ドロゴリアス:🔶, 配置:ラスヘッド:🔷, モラモーラ:🔷) -> eval: +0.1905
    [24] SUMMON | コスト🔷🔷🔷, 配置コア🔶 ⚠️ラスヘッド・モラモーラ・甲手スクィード・重顎ドロゴリアス消滅, (支払:ラスヘッド:🔷, モラモーラ:🔷, 甲手スクィード:🔷, 配置:重顎ドロゴリアス:🔶) -> eval: +0.1524
    [25] SUMMON | コスト🔷🔷🔶, 配置コア🔷 ⚠️ラスヘッド・モラモーラ・甲手スクィード・重顎ドロゴリアス消滅, (支払:モラモーラ:🔷, 甲手スクィード:🔷, 重顎ドロゴリアス:🔶, 配置:ラスヘッド:🔷) -> eval: +0.1743
    [26] MOVE_CORE | 🔷を移動 ⚠️ラスヘッド消滅 -> eval: +0.3468
    [27] MOVE_CORE | 🔷を移動 ⚠️ラスヘッド消滅 -> eval: +0.3574
    [28] MOVE_CORE | 🔷を移動 ⚠️ラスヘッド消滅 -> eval: +0.3581
    [29] MOVE_CORE | 🔷を移動 ⚠️ラスヘッド消滅 -> eval: +0.3589
    [30] MOVE_CORE | 🔷を移動 ⚠️モラモーラ消滅 -> eval: +0.3399
    [31] MOVE_CORE | 🔷を移動 ⚠️モラモーラ消滅 -> eval: +0.3503
    [32] MOVE_CORE | 🔷を移動 ⚠️モラモーラ消滅 -> eval: +0.3511
    [33] MOVE_CORE | 🔷を移動 ⚠️モラモーラ消滅 -> eval: +0.3521
    [34] MOVE_CORE | 🔷を移動 ⚠️甲手スクィード消滅 -> eval: +0.3399
    [35] MOVE_CORE | 🔷を移動 ⚠️甲手スクィード消滅 -> eval: +0.3503
    [36] MOVE_CORE | 🔷を移動 ⚠️甲手スクィード消滅 -> eval: +0.3511
    [37] MOVE_CORE | 🔷を移動 ⚠️甲手スクィード消滅 -> eval: +0.3521
    [38] MOVE_CORE | 🔶を移動 ⚠️重顎ドロゴリアス消滅 -> eval: +0.3590
    [39] MOVE_CORE | 🔶を移動 ⚠️重顎ドロゴリアス消滅 -> eval: +0.3493
    [40] MOVE_CORE | 🔶を移動 ⚠️重顎ドロゴリアス消滅 -> eval: +0.3489
    [41] MOVE_CORE | 🔶 ⇄ 🔷 を交換 -> eval: +0.4963
    [42] MOVE_CORE | 🔶を移動 ⚠️重顎ドロゴリアス消滅 -> eval: +0.3510
    [43] MOVE_CORE | 🔶 ⇄ 🔷 を交換 -> eval: +0.4993
  ステップ終了評価: +0.5008
  => 選択: ステップ終了 (候補最大 +0.4993 <= 終了評価 +0.5008)

Turn 5 | 手数 35 | 手番: P1(run2_run3.kann.weight) | アタック宣言
  盤面:
    P1: Life:2, Reserve:0, Hand:3枚, Field:[ラスヘッド(Lv1,コア1), モラモーラ(Lv1,コア1), 甲手スクィード(Lv1,コア1), 重顎ドロゴリアス(Lv1,コア1s)]
    P2: Life:3, Reserve:0, Hand:3枚, Field:[モラモーラ(Lv1,コア1), フラッティ(Lv2,コア3), パッファー(Lv1,コア1s)]
  候補行動 (4件):
    [0] ATTACK | ラスヘッド でアタック宣言 (Lv1, BP3000, 通ればライフ-🔷) -> eval: +0.5349
    [1] ATTACK | モラモーラ でアタック宣言 (Lv1, BP5000, 通ればライフ-🔷) -> eval: +0.5317
    [2] ATTACK | 甲手スクィード でアタック宣言 (Lv1, BP5000, 通ればライフ-🔷) -> eval: +0.5281
    [3] ATTACK | 重顎ドロゴリアス でアタック宣言 (Lv1, BP5000, 通ればライフ-🔷) -> eval: +0.5318
  ステップ終了評価: +0.5008
  => 選択: ATTACK | ラスヘッド でアタック宣言 (Lv1, BP3000, 通ればライフ-🔷) (eval: +0.5349 > 終了評価 +0.5008)
     効果/結果: 🗡️ 「ラスヘッド」がアタック宣言 (BP3000)

Turn 5 | 手数 36 | 手番: P2(run3_run4.kann.weight) | ブロック宣言
  盤面:
    P1: Life:2, Reserve:0, Hand:3枚, Field:[ラスヘッド(Lv1,コア1), モラモーラ(Lv1,コア1), 甲手スクィード(Lv1,コア1), 重顎ドロゴリアス(Lv1,コア1s)]
    P2: Life:3, Reserve:0, Hand:3枚, Field:[モラモーラ(Lv1,コア1), フラッティ(Lv2,コア3), パッファー(Lv1,コア1s)]
  候補行動 (1件):
    [0] PASS_BLOCK | ライフでアタックを受ける (ライフ-🔷) -> eval: +0.3528
  => 選択: PASS_BLOCK | ライフでアタックを受ける (ライフ-🔷) (eval: +0.3528)
     効果/結果: 💔 ブロックせず: プレイヤー2 のライフ-1 (コアはリザーブへ)

Turn 5 | 手数 37 | 手番: P1(run2_run3.kann.weight) | アタック宣言
  盤面:
    P1: Life:2, Reserve:0, Hand:3枚, Field:[ラスヘッド(Lv1,コア1), モラモーラ(Lv1,コア1), 甲手スクィード(Lv1,コア1), 重顎ドロゴリアス(Lv1,コア1s)]
    P2: Life:2, Reserve:1, Hand:3枚, Field:[モラモーラ(Lv1,コア1), フラッティ(Lv2,コア3), パッファー(Lv1,コア1s)]
  候補行動 (3件):
    [0] ATTACK | モラモーラ でアタック宣言 (Lv1, BP5000, 通ればライフ-🔷) -> eval: +0.5599
    [1] ATTACK | 甲手スクィード でアタック宣言 (Lv1, BP5000, 通ればライフ-🔷) -> eval: +0.5579
    [2] ATTACK | 重顎ドロゴリアス でアタック宣言 (Lv1, BP5000, 通ればライフ-🔷) -> eval: +0.5648
  ステップ終了評価: +0.5385
  => 選択: ATTACK | 重顎ドロゴリアス でアタック宣言 (Lv1, BP5000, 通ればライフ-🔷) (eval: +0.5648 > 終了評価 +0.5385)
     効果/結果: 🗡️ 「重顎ドロゴリアス」がアタック宣言 (BP5000)

Turn 5 | 手数 38 | 手番: P2(run3_run4.kann.weight) | ブロック宣言
  盤面:
    P1: Life:2, Reserve:0, Hand:3枚, Field:[ラスヘッド(Lv1,コア1), モラモーラ(Lv1,コア1), 甲手スクィード(Lv1,コア1), 重顎ドロゴリアス(Lv1,コア1s)]
    P2: Life:2, Reserve:1, Hand:3枚, Field:[モラモーラ(Lv1,コア1), フラッティ(Lv2,コア3), パッファー(Lv1,コア1s)]
  候補行動 (1件):
    [0] PASS_BLOCK | ライフでアタックを受ける (ライフ-🔷) -> eval: +0.3936
  => 選択: PASS_BLOCK | ライフでアタックを受ける (ライフ-🔷) (eval: +0.3936)
     効果/結果: 💔 ブロックせず: プレイヤー2 のライフ-1 (コアはリザーブへ)

Turn 5 | 手数 39 | 手番: P1(run2_run3.kann.weight) | アタック宣言
  盤面:
    P1: Life:2, Reserve:0, Hand:3枚, Field:[ラスヘッド(Lv1,コア1), モラモーラ(Lv1,コア1), 甲手スクィード(Lv1,コア1), 重顎ドロゴリアス(Lv1,コア1s)]
    P2: Life:1, Reserve:2, Hand:3枚, Field:[モラモーラ(Lv1,コア1), フラッティ(Lv2,コア3), パッファー(Lv1,コア1s)]
  候補行動 (2件):
    [0] ATTACK | モラモーラ でアタック宣言 (Lv1, BP5000, 通ればライフ-🔷) -> eval: +0.5824
    [1] ATTACK | 甲手スクィード でアタック宣言 (Lv1, BP5000, 通ればライフ-🔷) -> eval: +0.5784
  ステップ終了評価: +0.5675
  => 選択: ATTACK | モラモーラ でアタック宣言 (Lv1, BP5000, 通ればライフ-🔷) (eval: +0.5824 > 終了評価 +0.5675)
     効果/結果: 🗡️ 「モラモーラ」がアタック宣言 (BP5000)

Turn 5 | 手数 40 | 手番: P2(run3_run4.kann.weight) | ブロック宣言
  盤面:
    P1: Life:2, Reserve:0, Hand:3枚, Field:[ラスヘッド(Lv1,コア1), モラモーラ(Lv1,コア1), 甲手スクィード(Lv1,コア1), 重顎ドロゴリアス(Lv1,コア1s)]
    P2: Life:1, Reserve:2, Hand:3枚, Field:[モラモーラ(Lv1,コア1), フラッティ(Lv2,コア3), パッファー(Lv1,コア1s)]
  候補行動 (1件):
    [0] PASS_BLOCK | ライフでアタックを受ける (ライフ-🔷) -> eval: +0.4303
  => 選択: PASS_BLOCK | ライフでアタックを受ける (ライフ-🔷) (eval: +0.4303)
     効果/結果: 💔 ブロックせず: プレイヤー2 のライフ-1 (コアはリザーブへ)
     効果/結果: 🏁 プレイヤー2 のライフが0になりました

  【決着】 勝者: P1(run2_run3.kann.weight) (5ターン / 41 手)
-----------------------------------------------------------------
対戦 9/10 [シード: 2089433761865681972]
  先手(P1): run3_run4.kann.weight
  後手(P2): run2_run3.kann.weight
-----------------------------------------------------------------
Turn 1 | 手数 0 | 手番: P1(run3_run4.kann.weight) | メインステップ
  盤面:
    P1: Life:5, Reserve:4s, Hand:5枚, Field:[空]
    P2: Life:5, Reserve:4s, Hand:4枚, Field:[空]
  候補行動 (3件):
    [0] SUMMON | コスト🔷🔷🔷, 配置コア🔶, (支払:R:🔷🔷🔷, 配置:R:🔶) -> eval: +0.0436
    [1] SUMMON | コスト🔷🔷🔶, 配置コア🔷, (支払:R:🔷🔷🔶, 配置:R:🔷) -> eval: +0.0152
    [2] USE_MAGIC | コスト🔷🔷🔷🔶, コアは置かない, (支払:R:🔷🔷🔷🔶, 配置:なし) -> eval: -0.1309
  ステップ終了評価: -0.1072
  => 選択: SUMMON | コスト🔷🔷🔷, 配置コア🔶, (支払:R:🔷🔷🔷, 配置:R:🔶) (eval: +0.0436 > 終了評価 -0.1072)
     効果/結果: 🎴 「パッファー」を召喚 (コスト3をトラッシュへ)

Turn 1 | 手数 1 | 手番: P1(run3_run4.kann.weight) | メインステップ
  盤面:
    P1: Life:5, Reserve:0, Hand:4枚, Field:[パッファー(Lv1,コア1s)]
    P2: Life:5, Reserve:4s, Hand:4枚, Field:[空]
  候補行動 (1件):
    [0] MOVE_CORE | 🔶を移動 ⚠️パッファー消滅 -> eval: -0.0792
  ステップ終了評価: +0.0436
  => 選択: ステップ終了 (候補最大 -0.0792 <= 終了評価 +0.0436)

Turn 1 | 手数 2 | 手番: P1(run3_run4.kann.weight) | エンドステップ
  盤面:
    P1: Life:5, Reserve:0, Hand:4枚, Field:[パッファー(Lv1,コア1s)]
    P2: Life:5, Reserve:4s, Hand:4枚, Field:[空]
  候補行動 (0件):
  ステップ終了評価: +0.0317
  => 選択: ステップ終了
     効果/結果: 【ターン 2】 手番: プレイヤー2
     効果/結果: 🔷 コアステップ: ボイドからリザーブへコア1個
     効果/結果: 🃏 ドローステップ: 「パッファー」をドロー (残り35枚)

Turn 2 | 手数 3 | 手番: P2(run2_run3.kann.weight) | メインステップ
  盤面:
    P1: Life:5, Reserve:0, Hand:4枚, Field:[パッファー(Lv1,コア1s)]
    P2: Life:5, Reserve:5s, Hand:5枚, Field:[空]
  候補行動 (7件):
    [0] USE_MAGIC | コスト🔷🔷🔷🔷, コアは置かない, (支払:R:🔷🔷🔷🔷, 配置:なし) -> eval: -0.0326
    [1] USE_MAGIC | コスト🔷🔷🔷🔶, コアは置かない, (支払:R:🔷🔷🔷🔶, 配置:なし) -> eval: -0.0326
    [2] SUMMON | コスト🔷🔷🔷, 配置コア🔷, (支払:R:🔷🔷🔷, 配置:R:🔷) -> eval: -0.0224
    [3] SUMMON | コスト🔷🔷🔷, 配置コア🔶, (支払:R:🔷🔷🔷, 配置:R:🔶) -> eval: +0.0050
    [4] SUMMON | コスト🔷🔷🔶, 配置コア🔷, (支払:R:🔷🔷🔶, 配置:R:🔷) -> eval: -0.0224
    [5] SUMMON | コスト🔷🔷🔷, 配置コア🔷🔶, (支払:R:🔷🔷🔷, 配置:R:🔷🔶) -> eval: +0.0399
    [6] SUMMON | コスト🔷🔷🔶, 配置コア🔷🔷, (支払:R:🔷🔷🔶, 配置:R:🔷🔷) -> eval: +0.0345
  ステップ終了評価: -0.1525
  => 選択: SUMMON | コスト🔷🔷🔷, 配置コア🔷🔶, (支払:R:🔷🔷🔷, 配置:R:🔷🔶) (eval: +0.0399 > 終了評価 -0.1525)
     効果/結果: 🎴 「パッファー」を召喚 (コスト3をトラッシュへ)

Turn 2 | 手数 4 | 手番: P2(run2_run3.kann.weight) | メインステップ
  盤面:
    P1: Life:5, Reserve:0, Hand:4枚, Field:[パッファー(Lv1,コア1s)]
    P2: Life:5, Reserve:0, Hand:4枚, Field:[パッファー(Lv2,コア2s)]
  候補行動 (3件):
    [0] MOVE_CORE | 🔷を移動 -> eval: +0.0050
    [1] MOVE_CORE | 🔶を移動 -> eval: -0.0224
    [2] MOVE_CORE | 🔷🔶を移動 ⚠️パッファー消滅 -> eval: -0.0620
  ステップ終了評価: +0.0399
  => 選択: ステップ終了 (候補最大 +0.0050 <= 終了評価 +0.0399)

Turn 2 | 手数 5 | 手番: P2(run2_run3.kann.weight) | アタック宣言
  盤面:
    P1: Life:5, Reserve:0, Hand:4枚, Field:[パッファー(Lv1,コア1s)]
    P2: Life:5, Reserve:0, Hand:4枚, Field:[パッファー(Lv2,コア2s)]
  候補行動 (1件):
    [0] ATTACK | パッファー でアタック宣言 (Lv2, BP3000, 通ればライフ-🔷) -> eval: +0.1266
  ステップ終了評価: +0.0399
  => 選択: ATTACK | パッファー でアタック宣言 (Lv2, BP3000, 通ればライフ-🔷) (eval: +0.1266 > 終了評価 +0.0399)
     効果/結果: 🗡️ 「パッファー」がアタック宣言 (BP3000)

Turn 2 | 手数 6 | 手番: P1(run3_run4.kann.weight) | ブロック宣言
  盤面:
    P1: Life:5, Reserve:0, Hand:4枚, Field:[パッファー(Lv1,コア1s)]
    P2: Life:5, Reserve:0, Hand:4枚, Field:[パッファー(Lv2,コア2s)]
  候補行動 (2件):
    [0] BLOCK | パッファー でブロック (BP2000 vs BP3000 → パッファーが破壊される) -> eval: -0.0990
    [1] PASS_BLOCK | ライフでアタックを受ける (ライフ-🔷) -> eval: +0.0946
  => 選択: PASS_BLOCK | ライフでアタックを受ける (ライフ-🔷) (eval: +0.0946)
     効果/結果: 💔 ブロックせず: プレイヤー1 のライフ-1 (コアはリザーブへ)

Turn 2 | 手数 7 | 手番: P2(run2_run3.kann.weight) | アタック宣言
  盤面:
    P1: Life:4, Reserve:1, Hand:4枚, Field:[パッファー(Lv1,コア1s)]
    P2: Life:5, Reserve:0, Hand:4枚, Field:[パッファー(Lv2,コア2s)]
  候補行動 (0件):
  ステップ終了評価: +0.1316
  => 選択: ステップ終了

Turn 2 | 手数 8 | 手番: P2(run2_run3.kann.weight) | 第2メインステップ
  盤面:
    P1: Life:4, Reserve:1, Hand:4枚, Field:[パッファー(Lv1,コア1s)]
    P2: Life:5, Reserve:0, Hand:4枚, Field:[パッファー(Lv2,コア2s)]
  候補行動 (3件):
    [0] MOVE_CORE | 🔷を移動 -> eval: +0.0961
    [1] MOVE_CORE | 🔶を移動 -> eval: +0.0802
    [2] MOVE_CORE | 🔷🔶を移動 ⚠️パッファー消滅 -> eval: -0.0569
  ステップ終了評価: +0.1316
  => 選択: ステップ終了 (候補最大 +0.0961 <= 終了評価 +0.1316)

Turn 2 | 手数 9 | 手番: P2(run2_run3.kann.weight) | エンドステップ
  盤面:
    P1: Life:4, Reserve:1, Hand:4枚, Field:[パッファー(Lv1,コア1s)]
    P2: Life:5, Reserve:0, Hand:4枚, Field:[パッファー(Lv2,コア2s)]
  候補行動 (0件):
  ステップ終了評価: +0.1534
  => 選択: ステップ終了
     効果/結果: 【ターン 3】 手番: プレイヤー1
     効果/結果: 🔷 コアステップ: ボイドからリザーブへコア1個
     効果/結果: 🃏 ドローステップ: 「重顎ドロゴリアス」をドロー (残り34枚)
     効果/結果: ♻️ リフレッシュステップ: トラッシュのコア3個をリザーブへ

Turn 3 | 手数 10 | 手番: P1(run3_run4.kann.weight) | メインステップ
  盤面:
    P1: Life:4, Reserve:5, Hand:5枚, Field:[パッファー(Lv1,コア1s)]
    P2: Life:5, Reserve:0, Hand:4枚, Field:[パッファー(Lv2,コア2s)]
  候補行動 (21件):
    [0] SUMMON | コスト🔷🔷🔷🔷🔷, 配置コア🔶 ⚠️パッファー消滅, (支払:R:🔷🔷🔷🔷🔷, 配置:パッファー:🔶) -> eval: -0.0270
    [1] SUMMON | コスト🔷🔷🔷🔷🔶, 配置コア🔷 ⚠️パッファー消滅, (支払:R:🔷🔷🔷🔷, パッファー:🔶, 配置:R:🔷) -> eval: -0.0062
    [2] SUMMON | コスト🔷🔷🔷🔷, 配置コア🔷, (支払:R:🔷🔷🔷🔷, 配置:R:🔷) -> eval: +0.1394
    [3] SUMMON | コスト🔷🔷🔷🔷, 配置コア🔶 ⚠️パッファー消滅, (支払:R:🔷🔷🔷🔷, 配置:パッファー:🔶) -> eval: -0.0471
    [4] SUMMON | コスト🔷🔷🔷🔶, 配置コア🔷 ⚠️パッファー消滅, (支払:R:🔷🔷🔷, パッファー:🔶, 配置:R:🔷) -> eval: -0.0302
    [5] SUMMON | コスト🔷🔷🔷🔷, 配置コア🔷🔶 ⚠️パッファー消滅, (支払:R:🔷🔷🔷🔷, 配置:R:🔷, パッファー:🔶) -> eval: -0.0383
    [6] SUMMON | コスト🔷🔷🔷🔶, 配置コア🔷🔷 ⚠️パッファー消滅, (支払:R:🔷🔷🔷, パッファー:🔶, 配置:R:🔷🔷) -> eval: -0.0218
    [7] USE_MAGIC | コスト🔷🔷🔷, コアは置かない, (支払:R:🔷🔷🔷, 配置:なし) -> eval: -0.1047
    [8] USE_MAGIC | コスト🔷🔷🔶, コアは置かない ⚠️パッファー消滅, (支払:R:🔷🔷, パッファー:🔶, 配置:なし) -> eval: -0.2047
    [9] SUMMON | コスト🔷🔷🔷🔷, 配置コア🔷, (支払:R:🔷🔷🔷🔷, 配置:R:🔷) -> eval: +0.1486
    [10] SUMMON | コスト🔷🔷🔷🔷, 配置コア🔶 ⚠️パッファー消滅, (支払:R:🔷🔷🔷🔷, 配置:パッファー:🔶) -> eval: -0.0396
    [11] SUMMON | コスト🔷🔷🔷🔶, 配置コア🔷 ⚠️パッファー消滅, (支払:R:🔷🔷🔷, パッファー:🔶, 配置:R:🔷) -> eval: -0.0173
    [12] SUMMON | コスト🔷🔷🔷🔷, 配置コア🔷🔶 ⚠️パッファー消滅, (支払:R:🔷🔷🔷🔷, 配置:R:🔷, パッファー:🔶) -> eval: -0.0126
    [13] SUMMON | コスト🔷🔷🔷🔶, 配置コア🔷🔷 ⚠️パッファー消滅, (支払:R:🔷🔷🔷, パッファー:🔶, 配置:R:🔷🔷) -> eval: +0.0212
    [14] MOVE_CORE | 🔷を移動 -> eval: +0.0176
    [15] MOVE_CORE | 🔷🔷を移動 -> eval: +0.0297
    [16] MOVE_CORE | 🔷🔷🔷を移動 -> eval: +0.0428
    [17] MOVE_CORE | 🔷🔷🔷🔷を移動 -> eval: +0.0567
    [18] MOVE_CORE | 🔷🔷🔷🔷🔷を移動 -> eval: +0.0715
    [19] MOVE_CORE | 🔶を移動 ⚠️パッファー消滅 -> eval: -0.1967
    [20] MOVE_CORE | 🔶 ⇄ 🔷 を交換 -> eval: -0.0526
  ステップ終了評価: -0.0208
  => 選択: SUMMON | コスト🔷🔷🔷🔷, 配置コア🔷, (支払:R:🔷🔷🔷🔷, 配置:R:🔷) (eval: +0.1486 > 終了評価 -0.0208)
     効果/結果: 🎴 「重顎ドロゴリアス」を召喚 (コスト4をトラッシュへ)

Turn 3 | 手数 11 | 手番: P1(run3_run4.kann.weight) | メインステップ
  盤面:
    P1: Life:4, Reserve:0, Hand:4枚, Field:[パッファー(Lv1,コア1s), 重顎ドロゴリアス(Lv1,コア1)]
    P2: Life:5, Reserve:0, Hand:4枚, Field:[パッファー(Lv2,コア2s)]
  候補行動 (6件):
    [0] USE_MAGIC | コスト🔷🔶, コアは置かない ⚠️パッファー・重顎ドロゴリアス消滅, (支払:パッファー:🔶, 重顎ドロゴリアス:🔷, 配置:なし) -> eval: -0.1534
    [1] MOVE_CORE | 🔶を移動 ⚠️パッファー消滅 -> eval: -0.0173
    [2] MOVE_CORE | 🔶を移動 ⚠️パッファー消滅 -> eval: -0.0126
    [3] MOVE_CORE | 🔶 ⇄ 🔷 を交換 -> eval: +0.1796
    [4] MOVE_CORE | 🔷を移動 ⚠️重顎ドロゴリアス消滅 -> eval: -0.0587
    [5] MOVE_CORE | 🔷を移動 ⚠️重顎ドロゴリアス消滅 -> eval: -0.0311
  ステップ終了評価: +0.1486
  => 選択: MOVE_CORE | 🔶 ⇄ 🔷 を交換 (eval: +0.1796 > 終了評価 +0.1486)
     効果/結果: 🔷 「パッファー」➔「重顎ドロゴリアス」 ソウルコア1個 / 「重顎ドロゴリアス」➔「パッファー」 通常コア1個

Turn 3 | 手数 12 | 手番: P1(run3_run4.kann.weight) | メインステップ
  盤面:
    P1: Life:4, Reserve:0, Hand:4枚, Field:[パッファー(Lv1,コア1), 重顎ドロゴリアス(Lv1,コア1s)]
    P2: Life:5, Reserve:0, Hand:4枚, Field:[パッファー(Lv2,コア2s)]
  候補行動 (5件):
    [0] USE_MAGIC | コスト🔷🔶, コアは置かない ⚠️パッファー・重顎ドロゴリアス消滅, (支払:パッファー:🔷, 重顎ドロゴリアス:🔶, 配置:なし) -> eval: -0.1534
    [1] MOVE_CORE | 🔷を移動 ⚠️パッファー消滅 -> eval: -0.0396
    [2] MOVE_CORE | 🔷を移動 ⚠️パッファー消滅 -> eval: -0.0126
    [3] MOVE_CORE | 🔶を移動 ⚠️重顎ドロゴリアス消滅 -> eval: -0.0449
    [4] MOVE_CORE | 🔶を移動 ⚠️重顎ドロゴリアス消滅 -> eval: -0.0311
  ステップ終了評価: +0.1796
  => 選択: ステップ終了 (候補最大 -0.0126 <= 終了評価 +0.1796)

Turn 3 | 手数 13 | 手番: P1(run3_run4.kann.weight) | アタック宣言
  盤面:
    P1: Life:4, Reserve:0, Hand:4枚, Field:[パッファー(Lv1,コア1), 重顎ドロゴリアス(Lv1,コア1s)]
    P2: Life:5, Reserve:0, Hand:4枚, Field:[パッファー(Lv2,コア2s)]
  候補行動 (2件):
    [0] ATTACK | パッファー でアタック宣言 (Lv1, BP2000, 通ればライフ-🔷) -> eval: +0.2127
    [1] ATTACK | 重顎ドロゴリアス でアタック宣言 (Lv1, BP5000, 通ればライフ-🔷) -> eval: +0.1921
  ステップ終了評価: +0.1796
  => 選択: ATTACK | パッファー でアタック宣言 (Lv1, BP2000, 通ればライフ-🔷) (eval: +0.2127 > 終了評価 +0.1796)
     効果/結果: 🗡️ 「パッファー」がアタック宣言 (BP2000)

Turn 3 | 手数 14 | 手番: P2(run2_run3.kann.weight) | ブロック宣言
  盤面:
    P1: Life:4, Reserve:0, Hand:4枚, Field:[パッファー(Lv1,コア1), 重顎ドロゴリアス(Lv1,コア1s)]
    P2: Life:5, Reserve:0, Hand:4枚, Field:[パッファー(Lv2,コア2s)]
  候補行動 (1件):
    [0] PASS_BLOCK | ライフでアタックを受ける (ライフ-🔷) -> eval: +0.2200
  => 選択: PASS_BLOCK | ライフでアタックを受ける (ライフ-🔷) (eval: +0.2200)
     効果/結果: 💔 ブロックせず: プレイヤー2 のライフ-1 (コアはリザーブへ)

Turn 3 | 手数 15 | 手番: P1(run3_run4.kann.weight) | アタック宣言
  盤面:
    P1: Life:4, Reserve:0, Hand:4枚, Field:[パッファー(Lv1,コア1), 重顎ドロゴリアス(Lv1,コア1s)]
    P2: Life:4, Reserve:1, Hand:4枚, Field:[パッファー(Lv2,コア2s)]
  候補行動 (1件):
    [0] ATTACK | 重顎ドロゴリアス でアタック宣言 (Lv1, BP5000, 通ればライフ-🔷) -> eval: +0.2281
  ステップ終了評価: +0.2216
  => 選択: ATTACK | 重顎ドロゴリアス でアタック宣言 (Lv1, BP5000, 通ればライフ-🔷) (eval: +0.2281 > 終了評価 +0.2216)
     効果/結果: 🗡️ 「重顎ドロゴリアス」がアタック宣言 (BP5000)

Turn 3 | 手数 16 | 手番: P2(run2_run3.kann.weight) | ブロック宣言
  盤面:
    P1: Life:4, Reserve:0, Hand:4枚, Field:[パッファー(Lv1,コア1), 重顎ドロゴリアス(Lv1,コア1s)]
    P2: Life:4, Reserve:1, Hand:4枚, Field:[パッファー(Lv2,コア2s)]
  候補行動 (1件):
    [0] PASS_BLOCK | ライフでアタックを受ける (ライフ-🔷) -> eval: +0.3624
  => 選択: PASS_BLOCK | ライフでアタックを受ける (ライフ-🔷) (eval: +0.3624)
     効果/結果: 💔 ブロックせず: プレイヤー2 のライフ-1 (コアはリザーブへ)

Turn 3 | 手数 17 | 手番: P1(run3_run4.kann.weight) | アタック宣言
  盤面:
    P1: Life:4, Reserve:0, Hand:4枚, Field:[パッファー(Lv1,コア1), 重顎ドロゴリアス(Lv1,コア1s)]
    P2: Life:3, Reserve:2, Hand:4枚, Field:[パッファー(Lv2,コア2s)]
  候補行動 (0件):
  ステップ終了評価: +0.2371
  => 選択: ステップ終了

Turn 3 | 手数 18 | 手番: P1(run3_run4.kann.weight) | 第2メインステップ
  盤面:
    P1: Life:4, Reserve:0, Hand:4枚, Field:[パッファー(Lv1,コア1), 重顎ドロゴリアス(Lv1,コア1s)]
    P2: Life:3, Reserve:2, Hand:4枚, Field:[パッファー(Lv2,コア2s)]
  候補行動 (6件):
    [0] USE_MAGIC | コスト🔷🔶, コアは置かない ⚠️パッファー・重顎ドロゴリアス消滅, (支払:パッファー:🔷, 重顎ドロゴリアス:🔶, 配置:なし) -> eval: -0.1163
    [1] MOVE_CORE | 🔷を移動 ⚠️パッファー消滅 -> eval: +0.0227
    [2] MOVE_CORE | 🔷を移動 ⚠️パッファー消滅 -> eval: +0.0513
    [3] MOVE_CORE | 🔶を移動 ⚠️重顎ドロゴリアス消滅 -> eval: +0.0251
    [4] MOVE_CORE | 🔶を移動 ⚠️重顎ドロゴリアス消滅 -> eval: +0.0354
    [5] MOVE_CORE | 🔶 ⇄ 🔷 を交換 -> eval: +0.2085
  ステップ終了評価: +0.2371
  => 選択: ステップ終了 (候補最大 +0.2085 <= 終了評価 +0.2371)

Turn 3 | 手数 19 | 手番: P1(run3_run4.kann.weight) | エンドステップ
  盤面:
    P1: Life:4, Reserve:0, Hand:4枚, Field:[パッファー(Lv1,コア1), 重顎ドロゴリアス(Lv1,コア1s)]
    P2: Life:3, Reserve:2, Hand:4枚, Field:[パッファー(Lv2,コア2s)]
  候補行動 (0件):
  ステップ終了評価: +0.2856
  => 選択: ステップ終了
     効果/結果: 【ターン 4】 手番: プレイヤー2
     効果/結果: 🔷 コアステップ: ボイドからリザーブへコア1個
     効果/結果: 🃏 ドローステップ: 「透笠オリンディアス」をドロー (残り33枚)
     効果/結果: ♻️ リフレッシュステップ: トラッシュのコア3個をリザーブへ
     効果/結果: ♻️ リフレッシュステップ: 1体を回復

Turn 4 | 手数 20 | 手番: P2(run2_run3.kann.weight) | メインステップ
  盤面:
    P1: Life:4, Reserve:0, Hand:4枚, Field:[パッファー(Lv1,コア1), 重顎ドロゴリアス(Lv1,コア1s)]
    P2: Life:3, Reserve:6, Hand:5枚, Field:[パッファー(Lv2,コア2s)]
  候補行動 (81件):
    [0] USE_MAGIC | コスト🔷🔷🔷🔷🔷, コアは置かない, (支払:R:🔷🔷🔷🔷🔷, 配置:なし) -> eval: +0.1312
    [1] USE_MAGIC | コスト🔷🔷🔷🔷🔷, コアは置かない, (支払:R:🔷🔷🔷🔷, パッファー:🔷, 配置:なし) -> eval: +0.1225
    [2] USE_MAGIC | コスト🔷🔷🔷🔷🔶, コアは置かない, (支払:R:🔷🔷🔷🔷, パッファー:🔶, 配置:なし) -> eval: +0.1209
    [3] USE_MAGIC | コスト🔷🔷🔷🔷🔶, コアは置かない ⚠️パッファー消滅, (支払:R:🔷🔷🔷, パッファー:🔷🔶, 配置:なし) -> eval: -0.0204
    [4] USE_MAGIC | コスト🔷🔷🔷, コアは置かない, (支払:R:🔷🔷🔷, 配置:なし) -> eval: +0.1319
    [5] USE_MAGIC | コスト🔷🔷🔷, コアは置かない, (支払:R:🔷🔷, パッファー:🔷, 配置:なし) -> eval: +0.1257
    [6] USE_MAGIC | コスト🔷🔷🔶, コアは置かない, (支払:R:🔷🔷, パッファー:🔶, 配置:なし) -> eval: +0.1227
    [7] USE_MAGIC | コスト🔷🔷🔶, コアは置かない ⚠️パッファー消滅, (支払:R:🔷, パッファー:🔷🔶, 配置:なし) -> eval: -0.0198
    [8] SUMMON | コスト🔷🔷🔷🔷, 配置コア🔷, (支払:R:🔷🔷🔷🔷, 配置:R:🔷) -> eval: +0.2972
    [9] SUMMON | コスト🔷🔷🔷🔷, 配置コア🔷, (支払:R:🔷🔷🔷, パッファー:🔷, 配置:R:🔷) -> eval: +0.2992
    [10] SUMMON | コスト🔷🔷🔷🔷, 配置コア🔶, (支払:R:🔷🔷🔷🔷, 配置:パッファー:🔶) -> eval: +0.3067
    [11] SUMMON | コスト🔷🔷🔷🔷, 配置コア🔶 ⚠️パッファー消滅, (支払:R:🔷🔷🔷, パッファー:🔷, 配置:パッファー:🔶) -> eval: +0.1374
    [12] SUMMON | コスト🔷🔷🔷🔶, 配置コア🔷, (支払:R:🔷🔷🔷, パッファー:🔶, 配置:R:🔷) -> eval: +0.3059
    [13] SUMMON | コスト🔷🔷🔷🔶, 配置コア🔷 ⚠️パッファー消滅, (支払:R:🔷🔷, パッファー:🔷🔶, 配置:R:🔷) -> eval: +0.1544
    [14] SUMMON | コスト🔷🔷🔷🔷, 配置コア🔷🔷, (支払:R:🔷🔷🔷🔷, 配置:R:🔷🔷) -> eval: +0.3030
    [15] SUMMON | コスト🔷🔷🔷🔷, 配置コア🔷🔷, (支払:R:🔷🔷🔷, パッファー:🔷, 配置:R:🔷🔷) -> eval: +0.3036
    [16] SUMMON | コスト🔷🔷🔷🔷, 配置コア🔷🔶, (支払:R:🔷🔷🔷🔷, 配置:R:🔷, パッファー:🔶) -> eval: +0.3104
    [17] SUMMON | コスト🔷🔷🔷🔷, 配置コア🔷🔶 ⚠️パッファー消滅, (支払:R:🔷🔷🔷, パッファー:🔷, 配置:R:🔷, パッファー:🔶) -> eval: +0.1434
    [18] SUMMON | コスト🔷🔷🔷🔶, 配置コア🔷🔷, (支払:R:🔷🔷🔷, パッファー:🔶, 配置:R:🔷🔷) -> eval: +0.3127
    [19] SUMMON | コスト🔷🔷🔷🔶, 配置コア🔷🔷 ⚠️パッファー消滅, (支払:R:🔷🔷, パッファー:🔷🔶, 配置:R:🔷🔷) -> eval: +0.1628
    [20] SUMMON | コスト🔷🔷🔷🔷, 配置コア🔷🔷🔷, (支払:R:🔷🔷🔷, パッファー:🔷, 配置:R:🔷🔷🔷) -> eval: +0.3372
    [21] SUMMON | コスト🔷🔷🔷🔷, 配置コア🔷🔷🔶, (支払:R:🔷🔷🔷🔷, 配置:R:🔷🔷, パッファー:🔶) -> eval: +0.3299
    [22] SUMMON | コスト🔷🔷🔷🔷, 配置コア🔷🔷🔶 ⚠️パッファー消滅, (支払:R:🔷🔷🔷, パッファー:🔷, 配置:R:🔷🔷, パッファー:🔶) -> eval: +0.1604
    [23] SUMMON | コスト🔷🔷🔷🔶, 配置コア🔷🔷🔷, (支払:R:🔷🔷🔷, パッファー:🔶, 配置:R:🔷🔷🔷) -> eval: +0.3508
    [24] SUMMON | コスト🔷🔷🔷🔶, 配置コア🔷🔷🔷 ⚠️パッファー消滅, (支払:R:🔷🔷, パッファー:🔷🔶, 配置:R:🔷🔷🔷) -> eval: +0.1945
    [25] SUMMON | コスト🔷🔷🔷🔷, 配置コア🔷🔷🔷🔶 ⚠️パッファー消滅, (支払:R:🔷🔷🔷, パッファー:🔷, 配置:R:🔷🔷🔷, パッファー:🔶) -> eval: +0.1706
    [26] SUMMON | コスト🔷🔷🔷🔶, 配置コア🔷🔷🔷🔷 ⚠️パッファー消滅, (支払:R:🔷🔷, パッファー:🔷🔶, 配置:R:🔷🔷🔷🔷) -> eval: +0.2068
    [27] SUMMON | コスト🔷🔷, 配置コア🔷, (支払:R:🔷🔷, 配置:R:🔷) -> eval: +0.2657
    [28] SUMMON | コスト🔷🔷, 配置コア🔷, (支払:R:🔷, パッファー:🔷, 配置:R:🔷) -> eval: +0.2696
    [29] SUMMON | コスト🔷🔷, 配置コア🔶, (支払:R:🔷🔷, 配置:パッファー:🔶) -> eval: +0.2802
    [30] SUMMON | コスト🔷🔷, 配置コア🔶 ⚠️パッファー消滅, (支払:R:🔷, パッファー:🔷, 配置:パッファー:🔶) -> eval: +0.1077
    [31] SUMMON | コスト🔷🔶, 配置コア🔷, (支払:R:🔷, パッファー:🔶, 配置:R:🔷) -> eval: +0.2716
    [32] SUMMON | コスト🔷🔶, 配置コア🔷 ⚠️パッファー消滅, (支払:パッファー:🔷🔶, 配置:R:🔷) -> eval: +0.1173
    [33] SUMMON | コスト🔷🔷, 配置コア🔷🔷, (支払:R:🔷🔷, 配置:R:🔷🔷) -> eval: +0.2897
    [34] SUMMON | コスト🔷🔷, 配置コア🔷🔷, (支払:R:🔷, パッファー:🔷, 配置:R:🔷🔷) -> eval: +0.2933
    [35] SUMMON | コスト🔷🔷, 配置コア🔷🔶, (支払:R:🔷🔷, 配置:R:🔷, パッファー:🔶) -> eval: +0.2902
    [36] SUMMON | コスト🔷🔷, 配置コア🔷🔶 ⚠️パッファー消滅, (支払:R:🔷, パッファー:🔷, 配置:R:🔷, パッファー:🔶) -> eval: +0.1132
    [37] SUMMON | コスト🔷🔶, 配置コア🔷🔷, (支払:R:🔷, パッファー:🔶, 配置:R:🔷🔷) -> eval: +0.2999
    [38] SUMMON | コスト🔷🔶, 配置コア🔷🔷 ⚠️パッファー消滅, (支払:パッファー:🔷🔶, 配置:R:🔷🔷) -> eval: +0.1365
    [39] SUMMON | コスト🔷🔷, 配置コア🔷🔷🔷, (支払:R:🔷🔷, 配置:R:🔷🔷🔷) -> eval: +0.2962
    [40] SUMMON | コスト🔷🔷, 配置コア🔷🔷🔷, (支払:R:🔷, パッファー:🔷, 配置:R:🔷🔷🔷) -> eval: +0.2984
    [41] SUMMON | コスト🔷🔷, 配置コア🔷🔷🔶, (支払:R:🔷🔷, 配置:R:🔷🔷, パッファー:🔶) -> eval: +0.2948
    [42] SUMMON | コスト🔷🔷, 配置コア🔷🔷🔶 ⚠️パッファー消滅, (支払:R:🔷, パッファー:🔷, 配置:R:🔷🔷, パッファー:🔶) -> eval: +0.1198
    [43] SUMMON | コスト🔷🔶, 配置コア🔷🔷🔷, (支払:R:🔷, パッファー:🔶, 配置:R:🔷🔷🔷) -> eval: +0.3074
    [44] SUMMON | コスト🔷🔶, 配置コア🔷🔷🔷 ⚠️パッファー消滅, (支払:パッファー:🔷🔶, 配置:R:🔷🔷🔷) -> eval: +0.1453
    [45] SUMMON | コスト🔷🔷, 配置コア🔷🔷🔷🔷, (支払:R:🔷🔷, 配置:R:🔷🔷🔷🔷) -> eval: +0.3041
    [46] SUMMON | コスト🔷🔷, 配置コア🔷🔷🔷🔷, (支払:R:🔷, パッファー:🔷, 配置:R:🔷🔷🔷🔷) -> eval: +0.3048
    [47] SUMMON | コスト🔷🔷, 配置コア🔷🔷🔷🔶, (支払:R:🔷🔷, 配置:R:🔷🔷🔷, パッファー:🔶) -> eval: +0.3006
    [48] SUMMON | コスト🔷🔷, 配置コア🔷🔷🔷🔶 ⚠️パッファー消滅, (支払:R:🔷, パッファー:🔷, 配置:R:🔷🔷🔷, パッファー:🔶) -> eval: +0.1278
    [49] SUMMON | コスト🔷🔶, 配置コア🔷🔷🔷🔷, (支払:R:🔷, パッファー:🔶, 配置:R:🔷🔷🔷🔷) -> eval: +0.3160
    [50] SUMMON | コスト🔷🔶, 配置コア🔷🔷🔷🔷 ⚠️パッファー消滅, (支払:パッファー:🔷🔶, 配置:R:🔷🔷🔷🔷) -> eval: +0.1556
    [51] SUMMON | コスト🔷🔷, 配置コア🔷🔷🔷🔷🔷, (支払:R:🔷, パッファー:🔷, 配置:R:🔷🔷🔷🔷🔷) -> eval: +0.3127
    [52] SUMMON | コスト🔷🔷, 配置コア🔷🔷🔷🔷🔶, (支払:R:🔷🔷, 配置:R:🔷🔷🔷🔷, パッファー:🔶) -> eval: +0.3077
    [53] SUMMON | コスト🔷🔷, 配置コア🔷🔷🔷🔷🔶 ⚠️パッファー消滅, (支払:R:🔷, パッファー:🔷, 配置:R:🔷🔷🔷🔷, パッファー:🔶) -> eval: +0.1375
    [54] SUMMON | コスト🔷🔶, 配置コア🔷🔷🔷🔷🔷, (支払:R:🔷, パッファー:🔶, 配置:R:🔷🔷🔷🔷🔷) -> eval: +0.3259
    [55] SUMMON | コスト🔷🔶, 配置コア🔷🔷🔷🔷🔷 ⚠️パッファー消滅, (支払:パッファー:🔷🔶, 配置:R:🔷🔷🔷🔷🔷) -> eval: +0.1672
    [56] SUMMON | コスト🔷🔷, 配置コア🔷🔷🔷🔷🔷🔶 ⚠️パッファー消滅, (支払:R:🔷, パッファー:🔷, 配置:R:🔷🔷🔷🔷🔷, パッファー:🔶) -> eval: +0.1485
    [57] SUMMON | コスト🔷🔶, 配置コア🔷🔷🔷🔷🔷🔷 ⚠️パッファー消滅, (支払:パッファー:🔷🔶, 配置:R:🔷🔷🔷🔷🔷🔷) -> eval: +0.1801
    [58] SUMMON | コスト🔷🔷🔷🔷🔷, 配置コア🔷, (支払:R:🔷🔷🔷🔷🔷, 配置:R:🔷) -> eval: +0.3329
    [59] SUMMON | コスト🔷🔷🔷🔷🔷, 配置コア🔷, (支払:R:🔷🔷🔷🔷, パッファー:🔷, 配置:R:🔷) -> eval: +0.3338
    [60] SUMMON | コスト🔷🔷🔷🔷🔷, 配置コア🔶, (支払:R:🔷🔷🔷🔷🔷, 配置:パッファー:🔶) -> eval: +0.3373
    [61] SUMMON | コスト🔷🔷🔷🔷🔷, 配置コア🔶 ⚠️パッファー消滅, (支払:R:🔷🔷🔷🔷, パッファー:🔷, 配置:パッファー:🔶) -> eval: +0.1689
    [62] SUMMON | コスト🔷🔷🔷🔷🔶, 配置コア🔷, (支払:R:🔷🔷🔷🔷, パッファー:🔶, 配置:R:🔷) -> eval: +0.3415
    [63] SUMMON | コスト🔷🔷🔷🔷🔶, 配置コア🔷 ⚠️パッファー消滅, (支払:R:🔷🔷🔷, パッファー:🔷🔶, 配置:R:🔷) -> eval: +0.1893
    [64] SUMMON | コスト🔷🔷🔷🔷🔷, 配置コア🔷🔷, (支払:R:🔷🔷🔷🔷, パッファー:🔷, 配置:R:🔷🔷) -> eval: +0.3578
    [65] SUMMON | コスト🔷🔷🔷🔷🔷, 配置コア🔷🔶, (支払:R:🔷🔷🔷🔷🔷, 配置:R:🔷, パッファー:🔶) -> eval: +0.3487
    [66] SUMMON | コスト🔷🔷🔷🔷🔷, 配置コア🔷🔶 ⚠️パッファー消滅, (支払:R:🔷🔷🔷🔷, パッファー:🔷, 配置:R:🔷, パッファー:🔶) -> eval: +0.1790
    [67] SUMMON | コスト🔷🔷🔷🔷🔶, 配置コア🔷🔷, (支払:R:🔷🔷🔷🔷, パッファー:🔶, 配置:R:🔷🔷) -> eval: +0.3687
    [68] SUMMON | コスト🔷🔷🔷🔷🔶, 配置コア🔷🔷 ⚠️パッファー消滅, (支払:R:🔷🔷🔷, パッファー:🔷🔶, 配置:R:🔷🔷) -> eval: +0.2119
    [69] SUMMON | コスト🔷🔷🔷🔷🔷, 配置コア🔷🔷🔶 ⚠️パッファー消滅, (支払:R:🔷🔷🔷🔷, パッファー:🔷, 配置:R:🔷🔷, パッファー:🔶) -> eval: +0.1892
    [70] SUMMON | コスト🔷🔷🔷🔷🔶, 配置コア🔷🔷🔷 ⚠️パッファー消滅, (支払:R:🔷🔷🔷, パッファー:🔷🔶, 配置:R:🔷🔷🔷) -> eval: +0.2241
    [71] MOVE_CORE | 🔷を移動 -> eval: +0.2230
    [72] MOVE_CORE | 🔷🔷を移動 -> eval: +0.2246
    [73] MOVE_CORE | 🔷🔷🔷を移動 -> eval: +0.2276
    [74] MOVE_CORE | 🔷🔷🔷🔷を移動 -> eval: +0.2321
    [75] MOVE_CORE | 🔷🔷🔷🔷🔷を移動 -> eval: +0.2380
    [76] MOVE_CORE | 🔷🔷🔷🔷🔷🔷を移動 -> eval: +0.2454
    [77] MOVE_CORE | 🔷を移動 -> eval: +0.2139
    [78] MOVE_CORE | 🔶を移動 -> eval: +0.2072
    [79] MOVE_CORE | 🔷🔶を移動 ⚠️パッファー消滅 -> eval: +0.0552
    [80] MOVE_CORE | 🔶 ⇄ 🔷 を交換 -> eval: +0.2344
  ステップ終了評価: +0.2225
  => 選択: SUMMON | コスト🔷🔷🔷🔷🔶, 配置コア🔷🔷, (支払:R:🔷🔷🔷🔷, パッファー:🔶, 配置:R:🔷🔷) (eval: +0.3687 > 終了評価 +0.2225)
     効果/結果: 🎴 「透笠オリンディアス」を召喚 (コスト5をトラッシュへ) ※パッファーから1個

Turn 4 | 手数 21 | 手番: P2(run2_run3.kann.weight) | メインステップ
  盤面:
    P1: Life:4, Reserve:0, Hand:4枚, Field:[パッファー(Lv1,コア1), 重顎ドロゴリアス(Lv1,コア1s)]
    P2: Life:3, Reserve:0, Hand:4枚, Field:[パッファー(Lv1,コア1), 透笠オリンディアス(Lv2,コア2)]
  候補行動 (9件):
    [0] USE_MAGIC | コスト🔷🔷, コアは置かない ⚠️パッファー消滅, (支払:パッファー:🔷, 透笠オリンディアス:🔷, 配置:なし) -> eval: +0.0986
    [1] USE_MAGIC | コスト🔷🔷, コアは置かない ⚠️透笠オリンディアス消滅, (支払:透笠オリンディアス:🔷🔷, 配置:なし) -> eval: +0.0770
    [2] SUMMON | コスト🔷🔷, 配置コア🔷 ⚠️パッファー・透笠オリンディアス消滅, (支払:透笠オリンディアス:🔷🔷, 配置:パッファー:🔷) -> eval: +0.1362
    [3] MOVE_CORE | 🔷を移動 ⚠️パッファー消滅 -> eval: +0.2119
    [4] MOVE_CORE | 🔷を移動 ⚠️パッファー消滅 -> eval: +0.2241
    [5] MOVE_CORE | 🔷を移動 -> eval: +0.3415
    [6] MOVE_CORE | 🔷🔷を移動 ⚠️透笠オリンディアス消滅 -> eval: +0.1611
    [7] MOVE_CORE | 🔷を移動 -> eval: +0.3525
    [8] MOVE_CORE | 🔷🔷を移動 ⚠️透笠オリンディアス消滅 -> eval: +0.1954
  ステップ終了評価: +0.3687
  => 選択: ステップ終了 (候補最大 +0.3525 <= 終了評価 +0.3687)

Turn 4 | 手数 22 | 手番: P2(run2_run3.kann.weight) | アタック宣言
  盤面:
    P1: Life:4, Reserve:0, Hand:4枚, Field:[パッファー(Lv1,コア1), 重顎ドロゴリアス(Lv1,コア1s)]
    P2: Life:3, Reserve:0, Hand:4枚, Field:[パッファー(Lv1,コア1), 透笠オリンディアス(Lv2,コア2)]
  候補行動 (2件):
    [0] ATTACK | パッファー でアタック宣言 (Lv1, BP2000, 通ればライフ-🔷) -> eval: +0.4216
    [1] ATTACK | 透笠オリンディアス でアタック宣言 (Lv2, BP7000, 通ればライフ-🔷) -> eval: +0.4152
  ステップ終了評価: +0.3687
  => 選択: ATTACK | パッファー でアタック宣言 (Lv1, BP2000, 通ればライフ-🔷) (eval: +0.4216 > 終了評価 +0.3687)
     効果/結果: 🗡️ 「パッファー」がアタック宣言 (BP2000)

Turn 4 | 手数 23 | 手番: P1(run3_run4.kann.weight) | ブロック宣言
  盤面:
    P1: Life:4, Reserve:0, Hand:4枚, Field:[パッファー(Lv1,コア1), 重顎ドロゴリアス(Lv1,コア1s)]
    P2: Life:3, Reserve:0, Hand:4枚, Field:[パッファー(Lv1,コア1), 透笠オリンディアス(Lv2,コア2)]
  候補行動 (1件):
    [0] PASS_BLOCK | ライフでアタックを受ける (ライフ-🔷) -> eval: +0.1776
  => 選択: PASS_BLOCK | ライフでアタックを受ける (ライフ-🔷) (eval: +0.1776)
     効果/結果: 💔 ブロックせず: プレイヤー1 のライフ-1 (コアはリザーブへ)

Turn 4 | 手数 24 | 手番: P2(run2_run3.kann.weight) | アタック宣言
  盤面:
    P1: Life:3, Reserve:1, Hand:4枚, Field:[パッファー(Lv1,コア1), 重顎ドロゴリアス(Lv1,コア1s)]
    P2: Life:3, Reserve:0, Hand:4枚, Field:[パッファー(Lv1,コア1), 透笠オリンディアス(Lv2,コア2)]
  候補行動 (1件):
    [0] ATTACK | 透笠オリンディアス でアタック宣言 (Lv2, BP7000, 通ればライフ-🔷) -> eval: +0.4552
  ステップ終了評価: +0.4261
  => 選択: ATTACK | 透笠オリンディアス でアタック宣言 (Lv2, BP7000, 通ればライフ-🔷) (eval: +0.4552 > 終了評価 +0.4261)
     効果/結果: 🗡️ 「透笠オリンディアス」がアタック宣言 (BP7000)

Turn 4 | 手数 25 | 手番: P1(run3_run4.kann.weight) | ブロック宣言
  盤面:
    P1: Life:3, Reserve:1, Hand:4枚, Field:[パッファー(Lv1,コア1), 重顎ドロゴリアス(Lv1,コア1s)]
    P2: Life:3, Reserve:0, Hand:4枚, Field:[パッファー(Lv1,コア1), 透笠オリンディアス(Lv2,コア2)]
  候補行動 (1件):
    [0] PASS_BLOCK | ライフでアタックを受ける (ライフ-🔷) -> eval: +0.2036
  => 選択: PASS_BLOCK | ライフでアタックを受ける (ライフ-🔷) (eval: +0.2036)
     効果/結果: 💔 ブロックせず: プレイヤー1 のライフ-1 (コアはリザーブへ)

Turn 4 | 手数 26 | 手番: P2(run2_run3.kann.weight) | アタック宣言
  盤面:
    P1: Life:2, Reserve:2, Hand:4枚, Field:[パッファー(Lv1,コア1), 重顎ドロゴリアス(Lv1,コア1s)]
    P2: Life:3, Reserve:0, Hand:4枚, Field:[パッファー(Lv1,コア1), 透笠オリンディアス(Lv2,コア2)]
  候補行動 (0件):
  ステップ終了評価: +0.4594
  => 選択: ステップ終了

Turn 4 | 手数 27 | 手番: P2(run2_run3.kann.weight) | 第2メインステップ
  盤面:
    P1: Life:2, Reserve:2, Hand:4枚, Field:[パッファー(Lv1,コア1), 重顎ドロゴリアス(Lv1,コア1s)]
    P2: Life:3, Reserve:0, Hand:4枚, Field:[パッファー(Lv1,コア1), 透笠オリンディアス(Lv2,コア2)]
  候補行動 (9件):
    [0] USE_MAGIC | コスト🔷🔷, コアは置かない ⚠️パッファー消滅, (支払:パッファー:🔷, 透笠オリンディアス:🔷, 配置:なし) -> eval: +0.1683
    [1] USE_MAGIC | コスト🔷🔷, コアは置かない ⚠️透笠オリンディアス消滅, (支払:透笠オリンディアス:🔷🔷, 配置:なし) -> eval: +0.1535
    [2] SUMMON | コスト🔷🔷, 配置コア🔷 ⚠️パッファー・透笠オリンディアス消滅, (支払:透笠オリンディアス:🔷🔷, 配置:パッファー:🔷) -> eval: +0.1515
    [3] MOVE_CORE | 🔷を移動 ⚠️パッファー消滅 -> eval: +0.2762
    [4] MOVE_CORE | 🔷を移動 ⚠️パッファー消滅 -> eval: +0.2896
    [5] MOVE_CORE | 🔷を移動 -> eval: +0.4325
    [6] MOVE_CORE | 🔷🔷を移動 ⚠️透笠オリンディアス消滅 -> eval: +0.2352
    [7] MOVE_CORE | 🔷を移動 -> eval: +0.4502
    [8] MOVE_CORE | 🔷🔷を移動 ⚠️透笠オリンディアス消滅 -> eval: +0.2712
  ステップ終了評価: +0.4594
  => 選択: ステップ終了 (候補最大 +0.4502 <= 終了評価 +0.4594)

Turn 4 | 手数 28 | 手番: P2(run2_run3.kann.weight) | エンドステップ
  盤面:
    P1: Life:2, Reserve:2, Hand:4枚, Field:[パッファー(Lv1,コア1), 重顎ドロゴリアス(Lv1,コア1s)]
    P2: Life:3, Reserve:0, Hand:4枚, Field:[パッファー(Lv1,コア1), 透笠オリンディアス(Lv2,コア2)]
  候補行動 (0件):
  ステップ終了評価: +0.3114
  => 選択: ステップ終了
     効果/結果: 【ターン 5】 手番: プレイヤー1
     効果/結果: 🔷 コアステップ: ボイドからリザーブへコア1個
     効果/結果: 🃏 ドローステップ: 「甲手スクィード」をドロー (残り32枚)
     効果/結果: ♻️ リフレッシュステップ: トラッシュのコア4個をリザーブへ
     効果/結果: ♻️ リフレッシュステップ: 2体を回復

Turn 5 | 手数 29 | 手番: P1(run3_run4.kann.weight) | メインステップ
  盤面:
    P1: Life:2, Reserve:7, Hand:5枚, Field:[パッファー(Lv1,コア1), 重顎ドロゴリアス(Lv1,コア1s)]
    P2: Life:3, Reserve:0, Hand:4枚, Field:[パッファー(Lv1,コア1), 透笠オリンディアス(Lv2,コア2)]
  候補行動 (111件):
    [0] SUMMON | コスト🔷🔷🔷🔷, 配置コア🔷, (支払:R:🔷🔷🔷🔷, 配置:R:🔷) -> eval: +0.1219
    [1] SUMMON | コスト🔷🔷🔷🔷, 配置コア🔷 ⚠️パッファー消滅, (支払:R:🔷🔷🔷, パッファー:🔷, 配置:R:🔷) -> eval: +0.0086
    [2] SUMMON | コスト🔷🔷🔷🔷, 配置コア🔶 ⚠️重顎ドロゴリアス消滅, (支払:R:🔷🔷🔷🔷, 配置:重顎ドロゴリアス:🔶) -> eval: -0.0058
    [3] SUMMON | コスト🔷🔷🔷🔷, 配置コア🔶 ⚠️パッファー・重顎ドロゴリアス消滅, (支払:R:🔷🔷🔷, パッファー:🔷, 配置:重顎ドロゴリアス:🔶) -> eval: -0.0722
    [4] SUMMON | コスト🔷🔷🔷🔶, 配置コア🔷 ⚠️重顎ドロゴリアス消滅, (支払:R:🔷🔷🔷, 重顎ドロゴリアス:🔶, 配置:R:🔷) -> eval: +0.0279
    [5] SUMMON | コスト🔷🔷🔷🔶, 配置コア🔷 ⚠️パッファー・重顎ドロゴリアス消滅, (支払:R:🔷🔷, パッファー:🔷, 重顎ドロゴリアス:🔶, 配置:R:🔷) -> eval: -0.0381
    [6] SUMMON | コスト🔷🔷🔷🔷, 配置コア🔷🔷, (支払:R:🔷🔷🔷🔷, 配置:R:🔷🔷) -> eval: +0.1608
    [7] SUMMON | コスト🔷🔷🔷🔷, 配置コア🔷🔷 ⚠️パッファー消滅, (支払:R:🔷🔷🔷, パッファー:🔷, 配置:R:🔷🔷) -> eval: +0.0400
    [8] SUMMON | コスト🔷🔷🔷🔷, 配置コア🔷🔶 ⚠️重顎ドロゴリアス消滅, (支払:R:🔷🔷🔷🔷, 配置:R:🔷, 重顎ドロゴリアス:🔶) -> eval: +0.0192
    [9] SUMMON | コスト🔷🔷🔷🔷, 配置コア🔷🔶 ⚠️パッファー・重顎ドロゴリアス消滅, (支払:R:🔷🔷🔷, パッファー:🔷, 配置:R:🔷, 重顎ドロゴリアス:🔶) -> eval: -0.0513
    [10] SUMMON | コスト🔷🔷🔷🔶, 配置コア🔷🔷 ⚠️重顎ドロゴリアス消滅, (支払:R:🔷🔷🔷, 重顎ドロゴリアス:🔶, 配置:R:🔷🔷) -> eval: +0.0618
    [11] SUMMON | コスト🔷🔷🔷🔶, 配置コア🔷🔷 ⚠️パッファー・重顎ドロゴリアス消滅, (支払:R:🔷🔷, パッファー:🔷, 重顎ドロゴリアス:🔶, 配置:R:🔷🔷) -> eval: -0.0129
    [12] SUMMON | コスト🔷🔷🔷🔷, 配置コア🔷🔷🔷, (支払:R:🔷🔷🔷🔷, 配置:R:🔷🔷🔷) -> eval: +0.1711
    [13] SUMMON | コスト🔷🔷🔷🔷, 配置コア🔷🔷🔷 ⚠️パッファー消滅, (支払:R:🔷🔷🔷, パッファー:🔷, 配置:R:🔷🔷🔷) -> eval: +0.0518
    [14] SUMMON | コスト🔷🔷🔷🔷, 配置コア🔷🔷🔶 ⚠️重顎ドロゴリアス消滅, (支払:R:🔷🔷🔷🔷, 配置:R:🔷🔷, 重顎ドロゴリアス:🔶) -> eval: +0.0318
    [15] SUMMON | コスト🔷🔷🔷🔷, 配置コア🔷🔷🔶 ⚠️パッファー・重顎ドロゴリアス消滅, (支払:R:🔷🔷🔷, パッファー:🔷, 配置:R:🔷🔷, 重顎ドロゴリアス:🔶) -> eval: -0.0393
    [16] SUMMON | コスト🔷🔷🔷🔶, 配置コア🔷🔷🔷 ⚠️重顎ドロゴリアス消滅, (支払:R:🔷🔷🔷, 重顎ドロゴリアス:🔶, 配置:R:🔷🔷🔷) -> eval: +0.0738
    [17] SUMMON | コスト🔷🔷🔷🔶, 配置コア🔷🔷🔷 ⚠️パッファー・重顎ドロゴリアス消滅, (支払:R:🔷🔷, パッファー:🔷, 重顎ドロゴリアス:🔶, 配置:R:🔷🔷🔷) -> eval: -0.0016
    [18] SUMMON | コスト🔷🔷🔷🔷, 配置コア🔷🔷🔷🔷 ⚠️パッファー消滅, (支払:R:🔷🔷🔷, パッファー:🔷, 配置:R:🔷🔷🔷🔷) -> eval: +0.0644
    [19] SUMMON | コスト🔷🔷🔷🔷, 配置コア🔷🔷🔷🔶 ⚠️重顎ドロゴリアス消滅, (支払:R:🔷🔷🔷🔷, 配置:R:🔷🔷🔷, 重顎ドロゴリアス:🔶) -> eval: +0.0452
    [20] SUMMON | コスト🔷🔷🔷🔷, 配置コア🔷🔷🔷🔶 ⚠️パッファー・重顎ドロゴリアス消滅, (支払:R:🔷🔷🔷, パッファー:🔷, 配置:R:🔷🔷🔷, 重顎ドロゴリアス:🔶) -> eval: -0.0266
    [21] SUMMON | コスト🔷🔷🔷🔶, 配置コア🔷🔷🔷🔷 ⚠️重顎ドロゴリアス消滅, (支払:R:🔷🔷🔷, 重顎ドロゴリアス:🔶, 配置:R:🔷🔷🔷🔷) -> eval: +0.0865
    [22] SUMMON | コスト🔷🔷🔷🔶, 配置コア🔷🔷🔷🔷 ⚠️パッファー・重顎ドロゴリアス消滅, (支払:R:🔷🔷, パッファー:🔷, 重顎ドロゴリアス:🔶, 配置:R:🔷🔷🔷🔷) -> eval: +0.0102
    [23] SUMMON | コスト🔷🔷🔷🔷, 配置コア🔷🔷🔷🔷🔶 ⚠️パッファー・重顎ドロゴリアス消滅, (支払:R:🔷🔷🔷, パッファー:🔷, 配置:R:🔷🔷🔷🔷, 重顎ドロゴリアス:🔶) -> eval: -0.0131
    [24] SUMMON | コスト🔷🔷🔷🔶, 配置コア🔷🔷🔷🔷🔷 ⚠️パッファー・重顎ドロゴリアス消滅, (支払:R:🔷🔷, パッファー:🔷, 重顎ドロゴリアス:🔶, 配置:R:🔷🔷🔷🔷🔷) -> eval: +0.0227
    [25] SUMMON | コスト🔷🔷🔷, 配置コア🔷, (支払:R:🔷🔷🔷, 配置:R:🔷) -> eval: +0.1060
    [26] SUMMON | コスト🔷🔷🔷, 配置コア🔷 ⚠️パッファー消滅, (支払:R:🔷🔷, パッファー:🔷, 配置:R:🔷) -> eval: -0.0063
    [27] SUMMON | コスト🔷🔷🔷, 配置コア🔶 ⚠️重顎ドロゴリアス消滅, (支払:R:🔷🔷🔷, 配置:重顎ドロゴリアス:🔶) -> eval: -0.0167
    [28] SUMMON | コスト🔷🔷🔷, 配置コア🔶 ⚠️パッファー・重顎ドロゴリアス消滅, (支払:R:🔷🔷, パッファー:🔷, 配置:重顎ドロゴリアス:🔶) -> eval: -0.0832
    [29] SUMMON | コスト🔷🔷🔶, 配置コア🔷 ⚠️重顎ドロゴリアス消滅, (支払:R:🔷🔷, 重顎ドロゴリアス:🔶, 配置:R:🔷) -> eval: +0.0122
    [30] SUMMON | コスト🔷🔷🔶, 配置コア🔷 ⚠️パッファー・重顎ドロゴリアス消滅, (支払:R:🔷, パッファー:🔷, 重顎ドロゴリアス:🔶, 配置:R:🔷) -> eval: -0.0520
    [31] SUMMON | コスト🔷🔷🔷, 配置コア🔷🔷, (支払:R:🔷🔷🔷, 配置:R:🔷🔷) -> eval: +0.1136
    [32] SUMMON | コスト🔷🔷🔷, 配置コア🔷🔷 ⚠️パッファー消滅, (支払:R:🔷🔷, パッファー:🔷, 配置:R:🔷🔷) -> eval: +0.0026
    [33] SUMMON | コスト🔷🔷🔷, 配置コア🔷🔶 ⚠️重顎ドロゴリアス消滅, (支払:R:🔷🔷🔷, 配置:R:🔷, 重顎ドロゴリアス:🔶) -> eval: -0.0068
    [34] SUMMON | コスト🔷🔷🔷, 配置コア🔷🔶 ⚠️パッファー・重顎ドロゴリアス消滅, (支払:R:🔷🔷, パッファー:🔷, 配置:R:🔷, 重顎ドロゴリアス:🔶) -> eval: -0.0736
    [35] SUMMON | コスト🔷🔷🔶, 配置コア🔷🔷 ⚠️重顎ドロゴリアス消滅, (支払:R:🔷🔷, 重顎ドロゴリアス:🔶, 配置:R:🔷🔷) -> eval: +0.0216
    [36] SUMMON | コスト🔷🔷🔶, 配置コア🔷🔷 ⚠️パッファー・重顎ドロゴリアス消滅, (支払:R:🔷, パッファー:🔷, 重顎ドロゴリアス:🔶, 配置:R:🔷🔷) -> eval: -0.0430
    [37] SUMMON | コスト🔷🔷🔷, 配置コア🔷🔷🔷, (支払:R:🔷🔷🔷, 配置:R:🔷🔷🔷) -> eval: +0.1616
    [38] SUMMON | コスト🔷🔷🔷, 配置コア🔷🔷🔷 ⚠️パッファー消滅, (支払:R:🔷🔷, パッファー:🔷, 配置:R:🔷🔷🔷) -> eval: +0.0413
    [39] SUMMON | コスト🔷🔷🔷, 配置コア🔷🔷🔶 ⚠️重顎ドロゴリアス消滅, (支払:R:🔷🔷🔷, 配置:R:🔷🔷, 重顎ドロゴリアス:🔶) -> eval: +0.0227
    [40] SUMMON | コスト🔷🔷🔷, 配置コア🔷🔷🔶 ⚠️パッファー・重顎ドロゴリアス消滅, (支払:R:🔷🔷, パッファー:🔷, 配置:R:🔷🔷, 重顎ドロゴリアス:🔶) -> eval: -0.0486
    [41] SUMMON | コスト🔷🔷🔶, 配置コア🔷🔷🔷 ⚠️重顎ドロゴリアス消滅, (支払:R:🔷🔷, 重顎ドロゴリアス:🔶, 配置:R:🔷🔷🔷) -> eval: +0.0630
    [42] SUMMON | コスト🔷🔷🔶, 配置コア🔷🔷🔷 ⚠️パッファー・重顎ドロゴリアス消滅, (支払:R:🔷, パッファー:🔷, 重顎ドロゴリアス:🔶, 配置:R:🔷🔷🔷) -> eval: -0.0117
    [43] SUMMON | コスト🔷🔷🔷, 配置コア🔷🔷🔷🔷, (支払:R:🔷🔷🔷, 配置:R:🔷🔷🔷🔷) -> eval: +0.1721
    [44] SUMMON | コスト🔷🔷🔷, 配置コア🔷🔷🔷🔷 ⚠️パッファー消滅, (支払:R:🔷🔷, パッファー:🔷, 配置:R:🔷🔷🔷🔷) -> eval: +0.0532
    [45] SUMMON | コスト🔷🔷🔷, 配置コア🔷🔷🔷🔶 ⚠️重顎ドロゴリアス消滅, (支払:R:🔷🔷🔷, 配置:R:🔷🔷🔷, 重顎ドロゴリアス:🔶) -> eval: +0.0354
    [46] SUMMON | コスト🔷🔷🔷, 配置コア🔷🔷🔷🔶 ⚠️パッファー・重顎ドロゴリアス消滅, (支払:R:🔷🔷, パッファー:🔷, 配置:R:🔷🔷🔷, 重顎ドロゴリアス:🔶) -> eval: -0.0365
    [47] SUMMON | コスト🔷🔷🔶, 配置コア🔷🔷🔷🔷 ⚠️重顎ドロゴリアス消滅, (支払:R:🔷🔷, 重顎ドロゴリアス:🔶, 配置:R:🔷🔷🔷🔷) -> eval: +0.0750
    [48] SUMMON | コスト🔷🔷🔶, 配置コア🔷🔷🔷🔷 ⚠️パッファー・重顎ドロゴリアス消滅, (支払:R:🔷, パッファー:🔷, 重顎ドロゴリアス:🔶, 配置:R:🔷🔷🔷🔷) -> eval: -0.0004
    [49] SUMMON | コスト🔷🔷🔷, 配置コア🔷🔷🔷🔷🔷 ⚠️パッファー消滅, (支払:R:🔷🔷, パッファー:🔷, 配置:R:🔷🔷🔷🔷🔷) -> eval: +0.0658
    [50] SUMMON | コスト🔷🔷🔷, 配置コア🔷🔷🔷🔷🔶 ⚠️重顎ドロゴリアス消滅, (支払:R:🔷🔷🔷, 配置:R:🔷🔷🔷🔷, 重顎ドロゴリアス:🔶) -> eval: +0.0491
    [51] SUMMON | コスト🔷🔷🔷, 配置コア🔷🔷🔷🔷🔶 ⚠️パッファー・重顎ドロゴリアス消滅, (支払:R:🔷🔷, パッファー:🔷, 配置:R:🔷🔷🔷🔷, 重顎ドロゴリアス:🔶) -> eval: -0.0235
    [52] SUMMON | コスト🔷🔷🔶, 配置コア🔷🔷🔷🔷🔷 ⚠️重顎ドロゴリアス消滅, (支払:R:🔷🔷, 重顎ドロゴリアス:🔶, 配置:R:🔷🔷🔷🔷🔷) -> eval: +0.0878
    [53] SUMMON | コスト🔷🔷🔶, 配置コア🔷🔷🔷🔷🔷 ⚠️パッファー・重顎ドロゴリアス消滅, (支払:R:🔷, パッファー:🔷, 重顎ドロゴリアス:🔶, 配置:R:🔷🔷🔷🔷🔷) -> eval: +0.0114
    [54] SUMMON | コスト🔷🔷🔷, 配置コア🔷🔷🔷🔷🔷🔶 ⚠️パッファー・重顎ドロゴリアス消滅, (支払:R:🔷🔷, パッファー:🔷, 配置:R:🔷🔷🔷🔷🔷, 重顎ドロゴリアス:🔶) -> eval: -0.0099
    [55] SUMMON | コスト🔷🔷🔶, 配置コア🔷🔷🔷🔷🔷🔷 ⚠️パッファー・重顎ドロゴリアス消滅, (支払:R:🔷, パッファー:🔷, 重顎ドロゴリアス:🔶, 配置:R:🔷🔷🔷🔷🔷🔷) -> eval: +0.0240
    [56] USE_MAGIC | コスト🔷🔷, コアは置かない, (支払:R:🔷🔷, 配置:なし) -> eval: -0.0497
    [57] USE_MAGIC | コスト🔷🔷, コアは置かない ⚠️パッファー消滅, (支払:R:🔷, パッファー:🔷, 配置:なし) -> eval: -0.1176
    [58] USE_MAGIC | コスト🔷🔶, コアは置かない ⚠️重顎ドロゴリアス消滅, (支払:R:🔷, 重顎ドロゴリアス:🔶, 配置:なし) -> eval: -0.1044
    [59] USE_MAGIC | コスト🔷🔶, コアは置かない ⚠️パッファー・重顎ドロゴリアス消滅, (支払:パッファー:🔷, 重顎ドロゴリアス:🔶, 配置:なし) -> eval: -0.1448
    [60] SUMMON | コスト🔷🔷🔷, 配置コア🔷, (支払:R:🔷🔷🔷, 配置:R:🔷) -> eval: +0.1197
    [61] SUMMON | コスト🔷🔷🔷, 配置コア🔷 ⚠️パッファー消滅, (支払:R:🔷🔷, パッファー:🔷, 配置:R:🔷) -> eval: +0.0071
    [62] SUMMON | コスト🔷🔷🔷, 配置コア🔶 ⚠️重顎ドロゴリアス消滅, (支払:R:🔷🔷🔷, 配置:重顎ドロゴリアス:🔶) -> eval: -0.0063
    [63] SUMMON | コスト🔷🔷🔷, 配置コア🔶 ⚠️パッファー・重顎ドロゴリアス消滅, (支払:R:🔷🔷, パッファー:🔷, 配置:重顎ドロゴリアス:🔶) -> eval: -0.0771
    [64] SUMMON | コスト🔷🔷🔶, 配置コア🔷 ⚠️重顎ドロゴリアス消滅, (支払:R:🔷🔷, 重顎ドロゴリアス:🔶, 配置:R:🔷) -> eval: +0.0279
    [65] SUMMON | コスト🔷🔷🔶, 配置コア🔷 ⚠️パッファー・重顎ドロゴリアス消滅, (支払:R:🔷, パッファー:🔷, 重顎ドロゴリアス:🔶, 配置:R:🔷) -> eval: -0.0419
    [66] SUMMON | コスト🔷🔷🔷, 配置コア🔷🔷, (支払:R:🔷🔷🔷, 配置:R:🔷🔷) -> eval: +0.1273
    [67] SUMMON | コスト🔷🔷🔷, 配置コア🔷🔷 ⚠️パッファー消滅, (支払:R:🔷🔷, パッファー:🔷, 配置:R:🔷🔷) -> eval: +0.0164
    [68] SUMMON | コスト🔷🔷🔷, 配置コア🔷🔶 ⚠️重顎ドロゴリアス消滅, (支払:R:🔷🔷🔷, 配置:R:🔷, 重顎ドロゴリアス:🔶) -> eval: +0.0036
    [69] SUMMON | コスト🔷🔷🔷, 配置コア🔷🔶 ⚠️パッファー・重顎ドロゴリアス消滅, (支払:R:🔷🔷, パッファー:🔷, 配置:R:🔷, 重顎ドロゴリアス:🔶) -> eval: -0.0669
    [70] SUMMON | コスト🔷🔷🔶, 配置コア🔷🔷 ⚠️重顎ドロゴリアス消滅, (支払:R:🔷🔷, 重顎ドロゴリアス:🔶, 配置:R:🔷🔷) -> eval: +0.0374
    [71] SUMMON | コスト🔷🔷🔶, 配置コア🔷🔷 ⚠️パッファー・重顎ドロゴリアス消滅, (支払:R:🔷, パッファー:🔷, 重顎ドロゴリアス:🔶, 配置:R:🔷🔷) -> eval: -0.0323
    [72] SUMMON | コスト🔷🔷🔷, 配置コア🔷🔷🔷, (支払:R:🔷🔷🔷, 配置:R:🔷🔷🔷) -> eval: +0.1744
    [73] SUMMON | コスト🔷🔷🔷, 配置コア🔷🔷🔷 ⚠️パッファー消滅, (支払:R:🔷🔷, パッファー:🔷, 配置:R:🔷🔷🔷) -> eval: +0.0557
    [74] SUMMON | コスト🔷🔷🔷, 配置コア🔷🔷🔶 ⚠️重顎ドロゴリアス消滅, (支払:R:🔷🔷🔷, 配置:R:🔷🔷, 重顎ドロゴリアス:🔶) -> eval: +0.0345
    [75] SUMMON | コスト🔷🔷🔷, 配置コア🔷🔷🔶 ⚠️パッファー・重顎ドロゴリアス消滅, (支払:R:🔷🔷, パッファー:🔷, 配置:R:🔷🔷, 重顎ドロゴリアス:🔶) -> eval: -0.0396
    [76] SUMMON | コスト🔷🔷🔶, 配置コア🔷🔷🔷 ⚠️重顎ドロゴリアス消滅, (支払:R:🔷🔷, 重顎ドロゴリアス:🔶, 配置:R:🔷🔷🔷) -> eval: +0.0791
    [77] SUMMON | コスト🔷🔷🔶, 配置コア🔷🔷🔷 ⚠️パッファー・重顎ドロゴリアス消滅, (支払:R:🔷, パッファー:🔷, 重顎ドロゴリアス:🔶, 配置:R:🔷🔷🔷) -> eval: +0.0008
    [78] SUMMON | コスト🔷🔷🔷, 配置コア🔷🔷🔷🔷, (支払:R:🔷🔷🔷, 配置:R:🔷🔷🔷🔷) -> eval: +0.1849
    [79] SUMMON | コスト🔷🔷🔷, 配置コア🔷🔷🔷🔷 ⚠️パッファー消滅, (支払:R:🔷🔷, パッファー:🔷, 配置:R:🔷🔷🔷🔷) -> eval: +0.0678
    [80] SUMMON | コスト🔷🔷🔷, 配置コア🔷🔷🔷🔶 ⚠️重顎ドロゴリアス消滅, (支払:R:🔷🔷🔷, 配置:R:🔷🔷🔷, 重顎ドロゴリアス:🔶) -> eval: +0.0473
    [81] SUMMON | コスト🔷🔷🔷, 配置コア🔷🔷🔷🔶 ⚠️パッファー・重顎ドロゴリアス消滅, (支払:R:🔷🔷, パッファー:🔷, 配置:R:🔷🔷🔷, 重顎ドロゴリアス:🔶) -> eval: -0.0269
    [82] SUMMON | コスト🔷🔷🔶, 配置コア🔷🔷🔷🔷 ⚠️重顎ドロゴリアス消滅, (支払:R:🔷🔷, 重顎ドロゴリアス:🔶, 配置:R:🔷🔷🔷🔷) -> eval: +0.0912
    [83] SUMMON | コスト🔷🔷🔶, 配置コア🔷🔷🔷🔷 ⚠️パッファー・重顎ドロゴリアス消滅, (支払:R:🔷, パッファー:🔷, 重顎ドロゴリアス:🔶, 配置:R:🔷🔷🔷🔷) -> eval: +0.0126
    [84] SUMMON | コスト🔷🔷🔷, 配置コア🔷🔷🔷🔷🔷 ⚠️パッファー消滅, (支払:R:🔷🔷, パッファー:🔷, 配置:R:🔷🔷🔷🔷🔷) -> eval: +0.0807
    [85] SUMMON | コスト🔷🔷🔷, 配置コア🔷🔷🔷🔷🔶 ⚠️重顎ドロゴリアス消滅, (支払:R:🔷🔷🔷, 配置:R:🔷🔷🔷🔷, 重顎ドロゴリアス:🔶) -> eval: +0.0611
    [86] SUMMON | コスト🔷🔷🔷, 配置コア🔷🔷🔷🔷🔶 ⚠️パッファー・重顎ドロゴリアス消滅, (支払:R:🔷🔷, パッファー:🔷, 配置:R:🔷🔷🔷🔷, 重顎ドロゴリアス:🔶) -> eval: -0.0133
    [87] SUMMON | コスト🔷🔷🔶, 配置コア🔷🔷🔷🔷🔷 ⚠️重顎ドロゴリアス消滅, (支払:R:🔷🔷, 重顎ドロゴリアス:🔶, 配置:R:🔷🔷🔷🔷🔷) -> eval: +0.1041
    [88] SUMMON | コスト🔷🔷🔶, 配置コア🔷🔷🔷🔷🔷 ⚠️パッファー・重顎ドロゴリアス消滅, (支払:R:🔷, パッファー:🔷, 重顎ドロゴリアス:🔶, 配置:R:🔷🔷🔷🔷🔷) -> eval: +0.0251
    [89] SUMMON | コスト🔷🔷🔷, 配置コア🔷🔷🔷🔷🔷🔶 ⚠️パッファー・重顎ドロゴリアス消滅, (支払:R:🔷🔷, パッファー:🔷, 配置:R:🔷🔷🔷🔷🔷, 重顎ドロゴリアス:🔶) -> eval: +0.0009
    [90] SUMMON | コスト🔷🔷🔶, 配置コア🔷🔷🔷🔷🔷🔷 ⚠️パッファー・重顎ドロゴリアス消滅, (支払:R:🔷, パッファー:🔷, 重顎ドロゴリアス:🔶, 配置:R:🔷🔷🔷🔷🔷🔷) -> eval: +0.0381
    [91] MOVE_CORE | 🔷を移動 -> eval: +0.0651
    [92] MOVE_CORE | 🔷🔷を移動 -> eval: +0.0701
    [93] MOVE_CORE | 🔷🔷🔷を移動 -> eval: +0.0761
    [94] MOVE_CORE | 🔷🔷🔷🔷を移動 -> eval: +0.0832
    [95] MOVE_CORE | 🔷🔷🔷🔷🔷を移動 -> eval: +0.0914
    [96] MOVE_CORE | 🔷🔷🔷🔷🔷🔷を移動 -> eval: +0.1007
    [97] MOVE_CORE | 🔷🔷🔷🔷🔷🔷🔷を移動 -> eval: +0.1108
    [98] MOVE_CORE | 🔷を移動 -> eval: +0.0623
    [99] MOVE_CORE | 🔷🔷を移動 -> eval: +0.0689
    [100] MOVE_CORE | 🔷🔷🔷を移動 -> eval: +0.0769
    [101] MOVE_CORE | 🔷🔷🔷🔷を移動 -> eval: +0.0863
    [102] MOVE_CORE | 🔷🔷🔷🔷🔷を移動 -> eval: +0.0969
    [103] MOVE_CORE | 🔷🔷🔷🔷🔷🔷を移動 -> eval: +0.1088
    [104] MOVE_CORE | 🔷🔷🔷🔷🔷🔷🔷を移動 -> eval: +0.1218
    [105] MOVE_CORE | 🔷を移動 ⚠️パッファー消滅 -> eval: -0.0887
    [106] MOVE_CORE | 🔷を移動 ⚠️パッファー消滅 -> eval: -0.0714
    [107] MOVE_CORE | 🔶を移動 ⚠️重顎ドロゴリアス消滅 -> eval: -0.0766
    [108] MOVE_CORE | 🔶 ⇄ 🔷 を交換 -> eval: +0.0469
    [109] MOVE_CORE | 🔶を移動 ⚠️重顎ドロゴリアス消滅 -> eval: -0.0830
    [110] MOVE_CORE | 🔶 ⇄ 🔷 を交換 -> eval: +0.0256
  ステップ終了評価: +0.0402
  => 選択: SUMMON | コスト🔷🔷🔷, 配置コア🔷🔷🔷🔷, (支払:R:🔷🔷🔷, 配置:R:🔷🔷🔷🔷) (eval: +0.1849 > 終了評価 +0.0402)
     効果/結果: 🎴 「甲手スクィード」を召喚 (コスト3をトラッシュへ)

Turn 5 | 手数 30 | 手番: P1(run3_run4.kann.weight) | メインステップ
  盤面:
    P1: Life:2, Reserve:0, Hand:4枚, Field:[パッファー(Lv1,コア1), 重顎ドロゴリアス(Lv1,コア1s), 甲手スクィード(Lv2,コア4)]
    P2: Life:3, Reserve:0, Hand:4枚, Field:[パッファー(Lv1,コア1), 透笠オリンディアス(Lv2,コア2)]
  候補行動 (49件):
    [0] SUMMON | コスト🔷🔷🔷, 配置コア🔷 ⚠️パッファー消滅, (支払:甲手スクィード:🔷🔷🔷, 配置:パッファー:🔷) -> eval: +0.1171
    [1] SUMMON | コスト🔷🔷🔷, 配置コア🔷 ⚠️甲手スクィード消滅, (支払:甲手スクィード:🔷🔷🔷, 配置:甲手スクィード:🔷) -> eval: +0.0958
    [2] SUMMON | コスト🔷🔷🔷, 配置コア🔶 ⚠️パッファー・重顎ドロゴリアス消滅, (支払:パッファー:🔷, 甲手スクィード:🔷🔷, 配置:重顎ドロゴリアス:🔶) -> eval: +0.0399
    [3] SUMMON | コスト🔷🔷🔷, 配置コア🔶 ⚠️重顎ドロゴリアス消滅, (支払:甲手スクィード:🔷🔷🔷, 配置:重顎ドロゴリアス:🔶) -> eval: +0.1031
    [4] SUMMON | コスト🔷🔷🔶, 配置コア🔷 ⚠️パッファー・重顎ドロゴリアス消滅, (支払:重顎ドロゴリアス:🔶, 甲手スクィード:🔷🔷, 配置:パッファー:🔷) -> eval: +0.0790
    [5] SUMMON | コスト🔷🔷🔶, 配置コア🔷 ⚠️重顎ドロゴリアス消滅, (支払:重顎ドロゴリアス:🔶, 甲手スクィード:🔷🔷, 配置:甲手スクィード:🔷) -> eval: +0.1390
    [6] SUMMON | コスト🔷🔷🔷, 配置コア🔷🔷 ⚠️パッファー・甲手スクィード消滅, (支払:甲手スクィード:🔷🔷🔷, 配置:パッファー:🔷, 甲手スクィード:🔷) -> eval: +0.0577
    [7] SUMMON | コスト🔷🔷🔷, 配置コア🔷🔶 ⚠️パッファー・重顎ドロゴリアス消滅, (支払:甲手スクィード:🔷🔷🔷, 配置:パッファー:🔷, 重顎ドロゴリアス:🔶) -> eval: +0.0557
    [8] SUMMON | コスト🔷🔷🔷, 配置コア🔷🔶 ⚠️重顎ドロゴリアス・甲手スクィード消滅, (支払:甲手スクィード:🔷🔷🔷, 配置:重顎ドロゴリアス:🔶, 甲手スクィード:🔷) -> eval: +0.0343
    [9] SUMMON | コスト🔷🔷🔶, 配置コア🔷🔷 ⚠️パッファー・重顎ドロゴリアス消滅, (支払:重顎ドロゴリアス:🔶, 甲手スクィード:🔷🔷, 配置:パッファー:🔷, 甲手スクィード:🔷) -> eval: +0.0983
    [10] SUMMON | コスト🔷🔷🔶, 配置コア🔷🔷 ⚠️重顎ドロゴリアス・甲手スクィード消滅, (支払:重顎ドロゴリアス:🔶, 甲手スクィード:🔷🔷, 配置:甲手スクィード:🔷🔷) -> eval: +0.0790
    [11] SUMMON | コスト🔷🔷🔷, 配置コア🔷🔷🔶 ⚠️パッファー・重顎ドロゴリアス・甲手スクィード消滅, (支払:甲手スクィード:🔷🔷🔷, 配置:パッファー:🔷, 重顎ドロゴリアス:🔶, 甲手スクィード:🔷) -> eval: -0.0103
    [12] SUMMON | コスト🔷🔷🔶, 配置コア🔷🔷🔷 ⚠️パッファー・重顎ドロゴリアス・甲手スクィード消滅, (支払:重顎ドロゴリアス:🔶, 甲手スクィード:🔷🔷, 配置:パッファー:🔷, 甲手スクィード:🔷🔷) -> eval: +0.0232
    [13] SUMMON | コスト🔷🔷🔷, 配置コア🔷 ⚠️パッファー消滅, (支払:甲手スクィード:🔷🔷🔷, 配置:パッファー:🔷) -> eval: +0.1033
    [14] SUMMON | コスト🔷🔷🔷, 配置コア🔷 ⚠️甲手スクィード消滅, (支払:甲手スクィード:🔷🔷🔷, 配置:甲手スクィード:🔷) -> eval: +0.0819
    [15] SUMMON | コスト🔷🔷🔷, 配置コア🔶 ⚠️パッファー・重顎ドロゴリアス消滅, (支払:パッファー:🔷, 甲手スクィード:🔷🔷, 配置:重顎ドロゴリアス:🔶) -> eval: +0.0317
    [16] SUMMON | コスト🔷🔷🔷, 配置コア🔶 ⚠️重顎ドロゴリアス消滅, (支払:甲手スクィード:🔷🔷🔷, 配置:重顎ドロゴリアス:🔶) -> eval: +0.0933
    [17] SUMMON | コスト🔷🔷🔶, 配置コア🔷 ⚠️パッファー・重顎ドロゴリアス消滅, (支払:重顎ドロゴリアス:🔶, 甲手スクィード:🔷🔷, 配置:パッファー:🔷) -> eval: +0.0671
    [18] SUMMON | コスト🔷🔷🔶, 配置コア🔷 ⚠️重顎ドロゴリアス消滅, (支払:重顎ドロゴリアス:🔶, 甲手スクィード:🔷🔷, 配置:甲手スクィード:🔷) -> eval: +0.1244
    [19] SUMMON | コスト🔷🔷🔷, 配置コア🔷🔷 ⚠️パッファー・甲手スクィード消滅, (支払:甲手スクィード:🔷🔷🔷, 配置:パッファー:🔷, 甲手スクィード:🔷) -> eval: +0.0282
    [20] SUMMON | コスト🔷🔷🔷, 配置コア🔷🔶 ⚠️パッファー・重顎ドロゴリアス消滅, (支払:甲手スクィード:🔷🔷🔷, 配置:パッファー:🔷, 重顎ドロゴリアス:🔶) -> eval: +0.0332
    [21] SUMMON | コスト🔷🔷🔷, 配置コア🔷🔶 ⚠️重顎ドロゴリアス・甲手スクィード消滅, (支払:甲手スクィード:🔷🔷🔷, 配置:重顎ドロゴリアス:🔶, 甲手スクィード:🔷) -> eval: +0.0120
    [22] SUMMON | コスト🔷🔷🔶, 配置コア🔷🔷 ⚠️パッファー・重顎ドロゴリアス消滅, (支払:重顎ドロゴリアス:🔶, 甲手スクィード:🔷🔷, 配置:パッファー:🔷, 甲手スクィード:🔷) -> eval: +0.0675
    [23] SUMMON | コスト🔷🔷🔶, 配置コア🔷🔷 ⚠️重顎ドロゴリアス・甲手スクィード消滅, (支払:重顎ドロゴリアス:🔶, 甲手スクィード:🔷🔷, 配置:甲手スクィード:🔷🔷) -> eval: +0.0474
    [24] SUMMON | コスト🔷🔷🔷, 配置コア🔷🔷🔶 ⚠️パッファー・重顎ドロゴリアス・甲手スクィード消滅, (支払:甲手スクィード:🔷🔷🔷, 配置:パッファー:🔷, 重顎ドロゴリアス:🔶, 甲手スクィード:🔷) -> eval: -0.0154
    [25] SUMMON | コスト🔷🔷🔶, 配置コア🔷🔷🔷 ⚠️パッファー・重顎ドロゴリアス・甲手スクィード消滅, (支払:重顎ドロゴリアス:🔶, 甲手スクィード:🔷🔷, 配置:パッファー:🔷, 甲手スクィード:🔷🔷) -> eval: +0.0172
    [26] USE_MAGIC | コスト🔷, コアは置かない ⚠️パッファー消滅, (支払:パッファー:🔷, 配置:なし) -> eval: +0.0418
    [27] USE_MAGIC | コスト🔷, コアは置かない, (支払:甲手スクィード:🔷, 配置:なし) -> eval: +0.0966
    [28] USE_MAGIC | コスト🔶, コアは置かない ⚠️重顎ドロゴリアス消滅, (支払:重顎ドロゴリアス:🔶, 配置:なし) -> eval: +0.0560
    [29] MOVE_CORE | 🔷を移動 ⚠️パッファー消滅 -> eval: +0.0678
    [30] MOVE_CORE | 🔷を移動 ⚠️パッファー消滅 -> eval: +0.0914
    [31] MOVE_CORE | 🔷を移動 ⚠️パッファー消滅 -> eval: +0.0807
    [32] MOVE_CORE | 🔶を移動 ⚠️重顎ドロゴリアス消滅 -> eval: +0.0912
    [33] MOVE_CORE | 🔶を移動 ⚠️重顎ドロゴリアス消滅 -> eval: +0.0775
    [34] MOVE_CORE | 🔶 ⇄ 🔷 を交換 -> eval: +0.1818
    [35] MOVE_CORE | 🔶を移動 ⚠️重顎ドロゴリアス消滅 -> eval: +0.0611
    [36] MOVE_CORE | 🔶 ⇄ 🔷 を交換 -> eval: +0.1952
    [37] MOVE_CORE | 🔷を移動 -> eval: +0.1744
    [38] MOVE_CORE | 🔷🔷を移動 -> eval: +0.1273
    [39] MOVE_CORE | 🔷🔷🔷を移動 -> eval: +0.1197
    [40] MOVE_CORE | 🔷🔷🔷🔷を移動 ⚠️甲手スクィード消滅 -> eval: -0.0063
    [41] MOVE_CORE | 🔷を移動 -> eval: +0.2033
    [42] MOVE_CORE | 🔷🔷を移動 -> eval: +0.1668
    [43] MOVE_CORE | 🔷🔷🔷を移動 -> eval: +0.1680
    [44] MOVE_CORE | 🔷🔷🔷🔷を移動 ⚠️甲手スクィード消滅 -> eval: +0.0572
    [45] MOVE_CORE | 🔷を移動 -> eval: +0.1953
    [46] MOVE_CORE | 🔷🔷を移動 -> eval: +0.1592
    [47] MOVE_CORE | 🔷🔷🔷を移動 -> eval: +0.1606
    [48] MOVE_CORE | 🔷🔷🔷🔷を移動 ⚠️甲手スクィード消滅 -> eval: +0.0573
  ステップ終了評価: +0.1849
  => 選択: MOVE_CORE | 🔷を移動 (eval: +0.2033 > 終了評価 +0.1849)
     効果/結果: 🔷 「甲手スクィード」➔「パッファー」 通常コア1個

Turn 5 | 手数 31 | 手番: P1(run3_run4.kann.weight) | メインステップ
  盤面:
    P1: Life:2, Reserve:0, Hand:4枚, Field:[パッファー(Lv2,コア2), 重顎ドロゴリアス(Lv1,コア1s), 甲手スクィード(Lv2,コア3)]
    P2: Life:3, Reserve:0, Hand:4枚, Field:[パッファー(Lv1,コア1), 透笠オリンディアス(Lv2,コア2)]
  候補行動 (52件):
    [0] SUMMON | コスト🔷🔷🔷, 配置コア🔷 ⚠️パッファー消滅, (支払:パッファー:🔷, 甲手スクィード:🔷🔷, 配置:パッファー:🔷) -> eval: +0.1171
    [1] SUMMON | コスト🔷🔷🔷, 配置コア🔷 ⚠️甲手スクィード消滅, (支払:甲手スクィード:🔷🔷🔷, 配置:パッファー:🔷) -> eval: +0.0958
    [2] SUMMON | コスト🔷🔷🔷, 配置コア🔶 ⚠️パッファー・重顎ドロゴリアス消滅, (支払:パッファー:🔷🔷, 甲手スクィード:🔷, 配置:重顎ドロゴリアス:🔶) -> eval: +0.0399
    [3] SUMMON | コスト🔷🔷🔷, 配置コア🔶 ⚠️重顎ドロゴリアス消滅, (支払:パッファー:🔷, 甲手スクィード:🔷🔷, 配置:重顎ドロゴリアス:🔶) -> eval: +0.1031
    [4] SUMMON | コスト🔷🔷🔷, 配置コア🔶 ⚠️重顎ドロゴリアス・甲手スクィード消滅, (支払:甲手スクィード:🔷🔷🔷, 配置:重顎ドロゴリアス:🔶) -> eval: +0.0373
    [5] SUMMON | コスト🔷🔷🔶, 配置コア🔷 ⚠️パッファー・重顎ドロゴリアス消滅, (支払:パッファー:🔷, 重顎ドロゴリアス:🔶, 甲手スクィード:🔷, 配置:パッファー:🔷) -> eval: +0.0790
    [6] SUMMON | コスト🔷🔷🔶, 配置コア🔷 ⚠️重顎ドロゴリアス消滅, (支払:重顎ドロゴリアス:🔶, 甲手スクィード:🔷🔷, 配置:パッファー:🔷) -> eval: +0.1390
    [7] SUMMON | コスト🔷🔷🔶, 配置コア🔷 ⚠️重顎ドロゴリアス・甲手スクィード消滅, (支払:重顎ドロゴリアス:🔶, 甲手スクィード:🔷🔷, 配置:甲手スクィード:🔷) -> eval: +0.0771
    [8] SUMMON | コスト🔷🔷🔷, 配置コア🔷🔷 ⚠️パッファー・甲手スクィード消滅, (支払:甲手スクィード:🔷🔷🔷, 配置:パッファー:🔷🔷) -> eval: +0.0577
    [9] SUMMON | コスト🔷🔷🔷, 配置コア🔷🔶 ⚠️パッファー・重顎ドロゴリアス消滅, (支払:パッファー:🔷, 甲手スクィード:🔷🔷, 配置:パッファー:🔷, 重顎ドロゴリアス:🔶) -> eval: +0.0557
    [10] SUMMON | コスト🔷🔷🔷, 配置コア🔷🔶 ⚠️重顎ドロゴリアス・甲手スクィード消滅, (支払:甲手スクィード:🔷🔷🔷, 配置:パッファー:🔷, 重顎ドロゴリアス:🔶) -> eval: +0.0343
    [11] SUMMON | コスト🔷🔷🔶, 配置コア🔷🔷 ⚠️パッファー・重顎ドロゴリアス消滅, (支払:重顎ドロゴリアス:🔶, 甲手スクィード:🔷🔷, 配置:パッファー:🔷🔷) -> eval: +0.0983
    [12] SUMMON | コスト🔷🔷🔶, 配置コア🔷🔷 ⚠️重顎ドロゴリアス・甲手スクィード消滅, (支払:重顎ドロゴリアス:🔶, 甲手スクィード:🔷🔷, 配置:パッファー:🔷, 甲手スクィード:🔷) -> eval: +0.0790
    [13] SUMMON | コスト🔷🔷🔷, 配置コア🔷🔷🔶 ⚠️パッファー・重顎ドロゴリアス・甲手スクィード消滅, (支払:甲手スクィード:🔷🔷🔷, 配置:パッファー:🔷🔷, 重顎ドロゴリアス:🔶) -> eval: -0.0103
    [14] SUMMON | コスト🔷🔷🔶, 配置コア🔷🔷🔷 ⚠️パッファー・重顎ドロゴリアス・甲手スクィード消滅, (支払:重顎ドロゴリアス:🔶, 甲手スクィード:🔷🔷, 配置:パッファー:🔷🔷, 甲手スクィード:🔷) -> eval: +0.0232
    [15] SUMMON | コスト🔷🔷🔷, 配置コア🔷 ⚠️パッファー消滅, (支払:パッファー:🔷, 甲手スクィード:🔷🔷, 配置:パッファー:🔷) -> eval: +0.1033
    [16] SUMMON | コスト🔷🔷🔷, 配置コア🔷 ⚠️甲手スクィード消滅, (支払:甲手スクィード:🔷🔷🔷, 配置:パッファー:🔷) -> eval: +0.0819
    [17] SUMMON | コスト🔷🔷🔷, 配置コア🔶 ⚠️パッファー・重顎ドロゴリアス消滅, (支払:パッファー:🔷🔷, 甲手スクィード:🔷, 配置:重顎ドロゴリアス:🔶) -> eval: +0.0317
    [18] SUMMON | コスト🔷🔷🔷, 配置コア🔶 ⚠️重顎ドロゴリアス消滅, (支払:パッファー:🔷, 甲手スクィード:🔷🔷, 配置:重顎ドロゴリアス:🔶) -> eval: +0.0933
    [19] SUMMON | コスト🔷🔷🔷, 配置コア🔶 ⚠️重顎ドロゴリアス・甲手スクィード消滅, (支払:甲手スクィード:🔷🔷🔷, 配置:重顎ドロゴリアス:🔶) -> eval: +0.0287
    [20] SUMMON | コスト🔷🔷🔶, 配置コア🔷 ⚠️パッファー・重顎ドロゴリアス消滅, (支払:パッファー:🔷, 重顎ドロゴリアス:🔶, 甲手スクィード:🔷, 配置:パッファー:🔷) -> eval: +0.0671
    [21] SUMMON | コスト🔷🔷🔶, 配置コア🔷 ⚠️重顎ドロゴリアス消滅, (支払:重顎ドロゴリアス:🔶, 甲手スクィード:🔷🔷, 配置:パッファー:🔷) -> eval: +0.1244
    [22] SUMMON | コスト🔷🔷🔶, 配置コア🔷 ⚠️重顎ドロゴリアス・甲手スクィード消滅, (支払:重顎ドロゴリアス:🔶, 甲手スクィード:🔷🔷, 配置:甲手スクィード:🔷) -> eval: +0.0652
    [23] SUMMON | コスト🔷🔷🔷, 配置コア🔷🔷 ⚠️パッファー・甲手スクィード消滅, (支払:甲手スクィード:🔷🔷🔷, 配置:パッファー:🔷🔷) -> eval: +0.0282
    [24] SUMMON | コスト🔷🔷🔷, 配置コア🔷🔶 ⚠️パッファー・重顎ドロゴリアス消滅, (支払:パッファー:🔷, 甲手スクィード:🔷🔷, 配置:パッファー:🔷, 重顎ドロゴリアス:🔶) -> eval: +0.0332
    [25] SUMMON | コスト🔷🔷🔷, 配置コア🔷🔶 ⚠️重顎ドロゴリアス・甲手スクィード消滅, (支払:甲手スクィード:🔷🔷🔷, 配置:パッファー:🔷, 重顎ドロゴリアス:🔶) -> eval: +0.0120
    [26] SUMMON | コスト🔷🔷🔶, 配置コア🔷🔷 ⚠️パッファー・重顎ドロゴリアス消滅, (支払:重顎ドロゴリアス:🔶, 甲手スクィード:🔷🔷, 配置:パッファー:🔷🔷) -> eval: +0.0675
    [27] SUMMON | コスト🔷🔷🔶, 配置コア🔷🔷 ⚠️重顎ドロゴリアス・甲手スクィード消滅, (支払:重顎ドロゴリアス:🔶, 甲手スクィード:🔷🔷, 配置:パッファー:🔷, 甲手スクィード:🔷) -> eval: +0.0474
    [28] SUMMON | コスト🔷🔷🔷, 配置コア🔷🔷🔶 ⚠️パッファー・重顎ドロゴリアス・甲手スクィード消滅, (支払:甲手スクィード:🔷🔷🔷, 配置:パッファー:🔷🔷, 重顎ドロゴリアス:🔶) -> eval: -0.0154
    [29] SUMMON | コスト🔷🔷🔶, 配置コア🔷🔷🔷 ⚠️パッファー・重顎ドロゴリアス・甲手スクィード消滅, (支払:重顎ドロゴリアス:🔶, 甲手スクィード:🔷🔷, 配置:パッファー:🔷🔷, 甲手スクィード:🔷) -> eval: +0.0172
    [30] USE_MAGIC | コスト🔷, コアは置かない, (支払:パッファー:🔷, 配置:なし) -> eval: +0.0966
    [31] USE_MAGIC | コスト🔷, コアは置かない, (支払:甲手スクィード:🔷, 配置:なし) -> eval: +0.0845
    [32] USE_MAGIC | コスト🔶, コアは置かない ⚠️重顎ドロゴリアス消滅, (支払:重顎ドロゴリアス:🔶, 配置:なし) -> eval: +0.0721
    [33] MOVE_CORE | 🔷を移動 -> eval: +0.1744
    [34] MOVE_CORE | 🔷🔷を移動 ⚠️パッファー消滅 -> eval: +0.0557
    [35] MOVE_CORE | 🔷を移動 -> eval: +0.1953
    [36] MOVE_CORE | 🔷🔷を移動 ⚠️パッファー消滅 -> eval: +0.0913
    [37] MOVE_CORE | 🔷🔷を移動 ⚠️パッファー消滅 -> eval: +0.0807
    [38] MOVE_CORE | 🔶を移動 ⚠️重顎ドロゴリアス消滅 -> eval: +0.1087
    [39] MOVE_CORE | 🔶を移動 ⚠️重顎ドロゴリアス消滅 -> eval: +0.0776
    [40] MOVE_CORE | 🔶 ⇄ 🔷 を交換 -> eval: +0.1925
    [41] MOVE_CORE | 🔶を移動 ⚠️重顎ドロゴリアス消滅 -> eval: +0.0788
    [42] MOVE_CORE | 🔶 ⇄ 🔷 を交換 -> eval: +0.2132
    [43] MOVE_CORE | 🔷を移動 -> eval: +0.1565
    [44] MOVE_CORE | 🔷🔷を移動 -> eval: +0.1479
    [45] MOVE_CORE | 🔷🔷🔷を移動 ⚠️甲手スクィード消滅 -> eval: +0.0235
    [46] MOVE_CORE | 🔷を移動 -> eval: +0.1668
    [47] MOVE_CORE | 🔷🔷を移動 -> eval: +0.1680
    [48] MOVE_CORE | 🔷🔷🔷を移動 ⚠️甲手スクィード消滅 -> eval: +0.0572
    [49] MOVE_CORE | 🔷を移動 -> eval: +0.1785
    [50] MOVE_CORE | 🔷🔷を移動 -> eval: +0.1794
    [51] MOVE_CORE | 🔷🔷🔷を移動 ⚠️甲手スクィード消滅 -> eval: +0.0749
  ステップ終了評価: +0.2033
  => 選択: MOVE_CORE | 🔶 ⇄ 🔷 を交換 (eval: +0.2132 > 終了評価 +0.2033)
     効果/結果: 🔷 「重顎ドロゴリアス」➔「甲手スクィード」 ソウルコア1個 / 「甲手スクィード」➔「重顎ドロゴリアス」 通常コア1個

Turn 5 | 手数 32 | 手番: P1(run3_run4.kann.weight) | メインステップ
  盤面:
    P1: Life:2, Reserve:0, Hand:4枚, Field:[パッファー(Lv2,コア2), 重顎ドロゴリアス(Lv1,コア1), 甲手スクィード(Lv2,コア3s)]
    P2: Life:3, Reserve:0, Hand:4枚, Field:[パッファー(Lv1,コア1), 透笠オリンディアス(Lv2,コア2)]
  候補行動 (73件):
    [0] SUMMON | コスト🔷🔷🔷, 配置コア🔷 ⚠️パッファー・重顎ドロゴリアス消滅, (支払:パッファー:🔷, 重顎ドロゴリアス:🔷, 甲手スクィード:🔷, 配置:パッファー:🔷) -> eval: +0.0399
    [1] SUMMON | コスト🔷🔷🔷, 配置コア🔷 ⚠️パッファー消滅, (支払:パッファー:🔷, 甲手スクィード:🔷🔷, 配置:パッファー:🔷) -> eval: +0.1194
    [2] SUMMON | コスト🔷🔷🔷, 配置コア🔷 ⚠️重顎ドロゴリアス消滅, (支払:重顎ドロゴリアス:🔷, 甲手スクィード:🔷🔷, 配置:パッファー:🔷) -> eval: +0.0958
    [3] SUMMON | コスト🔷🔷🔷, 配置コア🔶 ⚠️パッファー・重顎ドロゴリアス消滅, (支払:パッファー:🔷🔷, 重顎ドロゴリアス:🔷, 配置:甲手スクィード:🔶) -> eval: +0.0399
    [4] SUMMON | コスト🔷🔷🔷, 配置コア🔶 ⚠️パッファー消滅, (支払:パッファー:🔷🔷, 甲手スクィード:🔷, 配置:甲手スクィード:🔶) -> eval: +0.1251
    [5] SUMMON | コスト🔷🔷🔷, 配置コア🔶 ⚠️重顎ドロゴリアス消滅, (支払:パッファー:🔷, 重顎ドロゴリアス:🔷, 甲手スクィード:🔷, 配置:甲手スクィード:🔶) -> eval: +0.1031
    [6] SUMMON | コスト🔷🔷🔷, 配置コア🔶 ⚠️甲手スクィード消滅, (支払:パッファー:🔷, 甲手スクィード:🔷🔷, 配置:甲手スクィード:🔶) -> eval: +0.1031
    [7] SUMMON | コスト🔷🔷🔷, 配置コア🔶 ⚠️重顎ドロゴリアス・甲手スクィード消滅, (支払:重顎ドロゴリアス:🔷, 甲手スクィード:🔷🔷, 配置:甲手スクィード:🔶) -> eval: +0.0373
    [8] SUMMON | コスト🔷🔷🔶, 配置コア🔷 ⚠️パッファー・重顎ドロゴリアス消滅, (支払:パッファー:🔷, 重顎ドロゴリアス:🔷, 甲手スクィード:🔶, 配置:パッファー:🔷) -> eval: +0.0790
    [9] SUMMON | コスト🔷🔷🔶, 配置コア🔷 ⚠️パッファー消滅, (支払:パッファー:🔷, 甲手スクィード:🔷🔶, 配置:パッファー:🔷) -> eval: +0.1606
    [10] SUMMON | コスト🔷🔷🔶, 配置コア🔷 ⚠️重顎ドロゴリアス消滅, (支払:重顎ドロゴリアス:🔷, 甲手スクィード:🔷🔶, 配置:パッファー:🔷) -> eval: +0.1390
    [11] SUMMON | コスト🔷🔷🔶, 配置コア🔷 ⚠️甲手スクィード消滅, (支払:甲手スクィード:🔷🔷🔶, 配置:パッファー:🔷) -> eval: +0.1390
    [12] SUMMON | コスト🔷🔷🔶, 配置コア🔷 ⚠️重顎ドロゴリアス・甲手スクィード消滅, (支払:甲手スクィード:🔷🔷🔶, 配置:重顎ドロゴリアス:🔷) -> eval: +0.0771
    [13] SUMMON | コスト🔷🔷🔷, 配置コア🔷🔷 ⚠️パッファー・重顎ドロゴリアス消滅, (支払:重顎ドロゴリアス:🔷, 甲手スクィード:🔷🔷, 配置:パッファー:🔷🔷) -> eval: +0.0577
    [14] SUMMON | コスト🔷🔷🔷, 配置コア🔷🔶 ⚠️パッファー・重顎ドロゴリアス消滅, (支払:パッファー:🔷, 重顎ドロゴリアス:🔷, 甲手スクィード:🔷, 配置:パッファー:🔷, 甲手スクィード:🔶) -> eval: +0.0557
    [15] SUMMON | コスト🔷🔷🔷, 配置コア🔷🔶 ⚠️パッファー・甲手スクィード消滅, (支払:パッファー:🔷, 甲手スクィード:🔷🔷, 配置:パッファー:🔷, 甲手スクィード:🔶) -> eval: +0.0557
    [16] SUMMON | コスト🔷🔷🔷, 配置コア🔷🔶 ⚠️重顎ドロゴリアス・甲手スクィード消滅, (支払:重顎ドロゴリアス:🔷, 甲手スクィード:🔷🔷, 配置:パッファー:🔷, 甲手スクィード:🔶) -> eval: +0.0343
    [17] SUMMON | コスト🔷🔷🔶, 配置コア🔷🔷 ⚠️パッファー・重顎ドロゴリアス消滅, (支払:重顎ドロゴリアス:🔷, 甲手スクィード:🔷🔶, 配置:パッファー:🔷🔷) -> eval: +0.0983
    [18] SUMMON | コスト🔷🔷🔶, 配置コア🔷🔷 ⚠️パッファー・甲手スクィード消滅, (支払:甲手スクィード:🔷🔷🔶, 配置:パッファー:🔷🔷) -> eval: +0.0983
    [19] SUMMON | コスト🔷🔷🔶, 配置コア🔷🔷 ⚠️重顎ドロゴリアス・甲手スクィード消滅, (支払:甲手スクィード:🔷🔷🔶, 配置:パッファー:🔷, 重顎ドロゴリアス:🔷) -> eval: +0.0790
    [20] SUMMON | コスト🔷🔷🔷, 配置コア🔷🔷🔶 ⚠️パッファー・重顎ドロゴリアス・甲手スクィード消滅, (支払:重顎ドロゴリアス:🔷, 甲手スクィード:🔷🔷, 配置:パッファー:🔷🔷, 甲手スクィード:🔶) -> eval: -0.0103
    [21] SUMMON | コスト🔷🔷🔶, 配置コア🔷🔷🔷 ⚠️パッファー・重顎ドロゴリアス・甲手スクィード消滅, (支払:甲手スクィード:🔷🔷🔶, 配置:パッファー:🔷🔷, 重顎ドロゴリアス:🔷) -> eval: +0.0232
    [22] SUMMON | コスト🔷🔷🔷, 配置コア🔷 ⚠️パッファー・重顎ドロゴリアス消滅, (支払:パッファー:🔷, 重顎ドロゴリアス:🔷, 甲手スクィード:🔷, 配置:パッファー:🔷) -> eval: +0.0285
    [23] SUMMON | コスト🔷🔷🔷, 配置コア🔷 ⚠️パッファー消滅, (支払:パッファー:🔷, 甲手スクィード:🔷🔷, 配置:パッファー:🔷) -> eval: +0.1055
    [24] SUMMON | コスト🔷🔷🔷, 配置コア🔷 ⚠️重顎ドロゴリアス消滅, (支払:重顎ドロゴリアス:🔷, 甲手スクィード:🔷🔷, 配置:パッファー:🔷) -> eval: +0.0819
    [25] SUMMON | コスト🔷🔷🔷, 配置コア🔶 ⚠️パッファー・重顎ドロゴリアス消滅, (支払:パッファー:🔷🔷, 重顎ドロゴリアス:🔷, 配置:甲手スクィード:🔶) -> eval: +0.0317
    [26] SUMMON | コスト🔷🔷🔷, 配置コア🔶 ⚠️パッファー消滅, (支払:パッファー:🔷🔷, 甲手スクィード:🔷, 配置:甲手スクィード:🔶) -> eval: +0.1147
    [27] SUMMON | コスト🔷🔷🔷, 配置コア🔶 ⚠️重顎ドロゴリアス消滅, (支払:パッファー:🔷, 重顎ドロゴリアス:🔷, 甲手スクィード:🔷, 配置:甲手スクィード:🔶) -> eval: +0.0933
    [28] SUMMON | コスト🔷🔷🔷, 配置コア🔶 ⚠️甲手スクィード消滅, (支払:パッファー:🔷, 甲手スクィード:🔷🔷, 配置:甲手スクィード:🔶) -> eval: +0.0933
    [29] SUMMON | コスト🔷🔷🔷, 配置コア🔶 ⚠️重顎ドロゴリアス・甲手スクィード消滅, (支払:重顎ドロゴリアス:🔷, 甲手スクィード:🔷🔷, 配置:甲手スクィード:🔶) -> eval: +0.0287
    [30] SUMMON | コスト🔷🔷🔶, 配置コア🔷 ⚠️パッファー・重顎ドロゴリアス消滅, (支払:パッファー:🔷, 重顎ドロゴリアス:🔷, 甲手スクィード:🔶, 配置:パッファー:🔷) -> eval: +0.0671
    [31] SUMMON | コスト🔷🔷🔶, 配置コア🔷 ⚠️パッファー消滅, (支払:パッファー:🔷, 甲手スクィード:🔷🔶, 配置:パッファー:🔷) -> eval: +0.1459
    [32] SUMMON | コスト🔷🔷🔶, 配置コア🔷 ⚠️重顎ドロゴリアス消滅, (支払:重顎ドロゴリアス:🔷, 甲手スクィード:🔷🔶, 配置:パッファー:🔷) -> eval: +0.1244
    [33] SUMMON | コスト🔷🔷🔶, 配置コア🔷 ⚠️甲手スクィード消滅, (支払:甲手スクィード:🔷🔷🔶, 配置:パッファー:🔷) -> eval: +0.1244
    [34] SUMMON | コスト🔷🔷🔶, 配置コア🔷 ⚠️重顎ドロゴリアス・甲手スクィード消滅, (支払:甲手スクィード:🔷🔷🔶, 配置:重顎ドロゴリアス:🔷) -> eval: +0.0652
    [35] SUMMON | コスト🔷🔷🔷, 配置コア🔷🔷 ⚠️パッファー・重顎ドロゴリアス消滅, (支払:重顎ドロゴリアス:🔷, 甲手スクィード:🔷🔷, 配置:パッファー:🔷🔷) -> eval: +0.0282
    [36] SUMMON | コスト🔷🔷🔷, 配置コア🔷🔶 ⚠️パッファー・重顎ドロゴリアス消滅, (支払:パッファー:🔷, 重顎ドロゴリアス:🔷, 甲手スクィード:🔷, 配置:パッファー:🔷, 甲手スクィード:🔶) -> eval: +0.0332
    [37] SUMMON | コスト🔷🔷🔷, 配置コア🔷🔶 ⚠️パッファー・甲手スクィード消滅, (支払:パッファー:🔷, 甲手スクィード:🔷🔷, 配置:パッファー:🔷, 甲手スクィード:🔶) -> eval: +0.0332
    [38] SUMMON | コスト🔷🔷🔷, 配置コア🔷🔶 ⚠️重顎ドロゴリアス・甲手スクィード消滅, (支払:重顎ドロゴリアス:🔷, 甲手スクィード:🔷🔷, 配置:パッファー:🔷, 甲手スクィード:🔶) -> eval: +0.0120
    [39] SUMMON | コスト🔷🔷🔶, 配置コア🔷🔷 ⚠️パッファー・重顎ドロゴリアス消滅, (支払:重顎ドロゴリアス:🔷, 甲手スクィード:🔷🔶, 配置:パッファー:🔷🔷) -> eval: +0.0675
    [40] SUMMON | コスト🔷🔷🔶, 配置コア🔷🔷 ⚠️パッファー・甲手スクィード消滅, (支払:甲手スクィード:🔷🔷🔶, 配置:パッファー:🔷🔷) -> eval: +0.0675
    [41] SUMMON | コスト🔷🔷🔶, 配置コア🔷🔷 ⚠️重顎ドロゴリアス・甲手スクィード消滅, (支払:甲手スクィード:🔷🔷🔶, 配置:パッファー:🔷, 重顎ドロゴリアス:🔷) -> eval: +0.0474
    [42] SUMMON | コスト🔷🔷🔷, 配置コア🔷🔷🔶 ⚠️パッファー・重顎ドロゴリアス・甲手スクィード消滅, (支払:重顎ドロゴリアス:🔷, 甲手スクィード:🔷🔷, 配置:パッファー:🔷🔷, 甲手スクィード:🔶) -> eval: -0.0154
    [43] SUMMON | コスト🔷🔷🔶, 配置コア🔷🔷🔷 ⚠️パッファー・重顎ドロゴリアス・甲手スクィード消滅, (支払:甲手スクィード:🔷🔷🔶, 配置:パッファー:🔷🔷, 重顎ドロゴリアス:🔷) -> eval: +0.0172
    [44] USE_MAGIC | コスト🔷, コアは置かない, (支払:パッファー:🔷, 配置:なし) -> eval: +0.0997
    [45] USE_MAGIC | コスト🔷, コアは置かない ⚠️重顎ドロゴリアス消滅, (支払:重顎ドロゴリアス:🔷, 配置:なし) -> eval: +0.0359
    [46] USE_MAGIC | コスト🔷, コアは置かない, (支払:甲手スクィード:🔷, 配置:なし) -> eval: +0.0969
    [47] USE_MAGIC | コスト🔶, コアは置かない, (支払:甲手スクィード:🔶, 配置:なし) -> eval: +0.1195
    [48] MOVE_CORE | 🔷を移動 -> eval: +0.1838
    [49] MOVE_CORE | 🔷🔷を移動 ⚠️パッファー消滅 -> eval: +0.0583
    [50] MOVE_CORE | 🔷を移動 -> eval: +0.2151
    [51] MOVE_CORE | 🔷🔷を移動 ⚠️パッファー消滅 -> eval: +0.0992
    [52] MOVE_CORE | 🔷を移動 -> eval: +0.1952
    [53] MOVE_CORE | 🔷🔷を移動 ⚠️パッファー消滅 -> eval: +0.0853
    [54] MOVE_CORE | 🔷を移動 ⚠️重顎ドロゴリアス消滅 -> eval: +0.0656
    [55] MOVE_CORE | 🔷を移動 ⚠️重顎ドロゴリアス消滅 -> eval: +0.0773
    [56] MOVE_CORE | 🔷を移動 ⚠️重顎ドロゴリアス消滅 -> eval: +0.0788
    [57] MOVE_CORE | 🔷を移動 -> eval: +0.1812
    [58] MOVE_CORE | 🔶を移動 -> eval: +0.1884
    [59] MOVE_CORE | 🔷🔷を移動 -> eval: +0.1715
    [60] MOVE_CORE | 🔷🔶を移動 -> eval: +0.1786
    [61] MOVE_CORE | 🔷🔷🔶を移動 ⚠️甲手スクィード消滅 -> eval: +0.0579
    [62] MOVE_CORE | 🔷を移動 -> eval: +0.1921
    [63] MOVE_CORE | 🔶を移動 -> eval: +0.1558
    [64] MOVE_CORE | 🔷🔷を移動 -> eval: +0.1925
    [65] MOVE_CORE | 🔷🔶を移動 -> eval: +0.1571
    [66] MOVE_CORE | 🔷🔷🔶を移動 ⚠️甲手スクィード消滅 -> eval: +0.0525
    [67] MOVE_CORE | 🔶 ⇄ 🔷 を交換 -> eval: +0.1925
    [68] MOVE_CORE | 🔷を移動 -> eval: +0.2130
    [69] MOVE_CORE | 🔶を移動 -> eval: +0.1785
    [70] MOVE_CORE | 🔷🔷を移動 -> eval: +0.2131
    [71] MOVE_CORE | 🔷🔶を移動 -> eval: +0.1794
    [72] MOVE_CORE | 🔷🔷🔶を移動 ⚠️甲手スクィード消滅 -> eval: +0.0749
  ステップ終了評価: +0.2132
  => 選択: MOVE_CORE | 🔷を移動 (eval: +0.2151 > 終了評価 +0.2132)
     効果/結果: 🔷 「パッファー」➔「重顎ドロゴリアス」 通常コア1個

Turn 5 | 手数 33 | 手番: P1(run3_run4.kann.weight) | メインステップ
  盤面:
    P1: Life:2, Reserve:0, Hand:4枚, Field:[パッファー(Lv1,コア1), 重顎ドロゴリアス(Lv2,コア2), 甲手スクィード(Lv2,コア3s)]
    P2: Life:3, Reserve:0, Hand:4枚, Field:[パッファー(Lv1,コア1), 透笠オリンディアス(Lv2,コア2)]
  候補行動 (73件):
    [0] SUMMON | コスト🔷🔷🔷, 配置コア🔷 ⚠️パッファー・重顎ドロゴリアス消滅, (支払:重顎ドロゴリアス:🔷🔷, 甲手スクィード:🔷, 配置:パッファー:🔷) -> eval: +0.0399
    [1] SUMMON | コスト🔷🔷🔷, 配置コア🔷 ⚠️パッファー消滅, (支払:重顎ドロゴリアス:🔷, 甲手スクィード:🔷🔷, 配置:パッファー:🔷) -> eval: +0.1194
    [2] SUMMON | コスト🔷🔷🔷, 配置コア🔷 ⚠️重顎ドロゴリアス消滅, (支払:重顎ドロゴリアス:🔷, 甲手スクィード:🔷🔷, 配置:重顎ドロゴリアス:🔷) -> eval: +0.0958
    [3] SUMMON | コスト🔷🔷🔷, 配置コア🔶 ⚠️パッファー・重顎ドロゴリアス消滅, (支払:パッファー:🔷, 重顎ドロゴリアス:🔷🔷, 配置:甲手スクィード:🔶) -> eval: +0.0399
    [4] SUMMON | コスト🔷🔷🔷, 配置コア🔶 ⚠️パッファー消滅, (支払:パッファー:🔷, 重顎ドロゴリアス:🔷, 甲手スクィード:🔷, 配置:甲手スクィード:🔶) -> eval: +0.1251
    [5] SUMMON | コスト🔷🔷🔷, 配置コア🔶 ⚠️パッファー・甲手スクィード消滅, (支払:パッファー:🔷, 甲手スクィード:🔷🔷, 配置:甲手スクィード:🔶) -> eval: +0.0564
    [6] SUMMON | コスト🔷🔷🔷, 配置コア🔶 ⚠️重顎ドロゴリアス消滅, (支払:重顎ドロゴリアス:🔷🔷, 甲手スクィード:🔷, 配置:甲手スクィード:🔶) -> eval: +0.1031
    [7] SUMMON | コスト🔷🔷🔷, 配置コア🔶 ⚠️甲手スクィード消滅, (支払:重顎ドロゴリアス:🔷, 甲手スクィード:🔷🔷, 配置:甲手スクィード:🔶) -> eval: +0.1031
    [8] SUMMON | コスト🔷🔷🔶, 配置コア🔷 ⚠️パッファー・重顎ドロゴリアス消滅, (支払:重顎ドロゴリアス:🔷🔷, 甲手スクィード:🔶, 配置:パッファー:🔷) -> eval: +0.0790
    [9] SUMMON | コスト🔷🔷🔶, 配置コア🔷 ⚠️パッファー消滅, (支払:重顎ドロゴリアス:🔷, 甲手スクィード:🔷🔶, 配置:パッファー:🔷) -> eval: +0.1606
    [10] SUMMON | コスト🔷🔷🔶, 配置コア🔷 ⚠️パッファー・甲手スクィード消滅, (支払:甲手スクィード:🔷🔷🔶, 配置:パッファー:🔷) -> eval: +0.0951
    [11] SUMMON | コスト🔷🔷🔶, 配置コア🔷 ⚠️重顎ドロゴリアス消滅, (支払:重顎ドロゴリアス:🔷, 甲手スクィード:🔷🔶, 配置:重顎ドロゴリアス:🔷) -> eval: +0.1390
    [12] SUMMON | コスト🔷🔷🔶, 配置コア🔷 ⚠️甲手スクィード消滅, (支払:甲手スクィード:🔷🔷🔶, 配置:重顎ドロゴリアス:🔷) -> eval: +0.1390
    [13] SUMMON | コスト🔷🔷🔷, 配置コア🔷🔷 ⚠️パッファー・重顎ドロゴリアス消滅, (支払:重顎ドロゴリアス:🔷, 甲手スクィード:🔷🔷, 配置:パッファー:🔷, 重顎ドロゴリアス:🔷) -> eval: +0.0577
    [14] SUMMON | コスト🔷🔷🔷, 配置コア🔷🔶 ⚠️パッファー・重顎ドロゴリアス消滅, (支払:重顎ドロゴリアス:🔷🔷, 甲手スクィード:🔷, 配置:パッファー:🔷, 甲手スクィード:🔶) -> eval: +0.0557
    [15] SUMMON | コスト🔷🔷🔷, 配置コア🔷🔶 ⚠️パッファー・甲手スクィード消滅, (支払:重顎ドロゴリアス:🔷, 甲手スクィード:🔷🔷, 配置:パッファー:🔷, 甲手スクィード:🔶) -> eval: +0.0557
    [16] SUMMON | コスト🔷🔷🔷, 配置コア🔷🔶 ⚠️重顎ドロゴリアス・甲手スクィード消滅, (支払:重顎ドロゴリアス:🔷, 甲手スクィード:🔷🔷, 配置:重顎ドロゴリアス:🔷, 甲手スクィード:🔶) -> eval: +0.0343
    [17] SUMMON | コスト🔷🔷🔶, 配置コア🔷🔷 ⚠️パッファー・重顎ドロゴリアス消滅, (支払:重顎ドロゴリアス:🔷, 甲手スクィード:🔷🔶, 配置:パッファー:🔷, 重顎ドロゴリアス:🔷) -> eval: +0.0983
    [18] SUMMON | コスト🔷🔷🔶, 配置コア🔷🔷 ⚠️パッファー・甲手スクィード消滅, (支払:甲手スクィード:🔷🔷🔶, 配置:パッファー:🔷, 重顎ドロゴリアス:🔷) -> eval: +0.0983
    [19] SUMMON | コスト🔷🔷🔶, 配置コア🔷🔷 ⚠️重顎ドロゴリアス・甲手スクィード消滅, (支払:甲手スクィード:🔷🔷🔶, 配置:重顎ドロゴリアス:🔷🔷) -> eval: +0.0790
    [20] SUMMON | コスト🔷🔷🔷, 配置コア🔷🔷🔶 ⚠️パッファー・重顎ドロゴリアス・甲手スクィード消滅, (支払:重顎ドロゴリアス:🔷, 甲手スクィード:🔷🔷, 配置:パッファー:🔷, 重顎ドロゴリアス:🔷, 甲手スクィード:🔶) -> eval: -0.0103
    [21] SUMMON | コスト🔷🔷🔶, 配置コア🔷🔷🔷 ⚠️パッファー・重顎ドロゴリアス・甲手スクィード消滅, (支払:甲手スクィード:🔷🔷🔶, 配置:パッファー:🔷, 重顎ドロゴリアス:🔷🔷) -> eval: +0.0232
    [22] SUMMON | コスト🔷🔷🔷, 配置コア🔷 ⚠️パッファー・重顎ドロゴリアス消滅, (支払:重顎ドロゴリアス:🔷🔷, 甲手スクィード:🔷, 配置:パッファー:🔷) -> eval: +0.0285
    [23] SUMMON | コスト🔷🔷🔷, 配置コア🔷 ⚠️パッファー消滅, (支払:重顎ドロゴリアス:🔷, 甲手スクィード:🔷🔷, 配置:パッファー:🔷) -> eval: +0.1055
    [24] SUMMON | コスト🔷🔷🔷, 配置コア🔷 ⚠️重顎ドロゴリアス消滅, (支払:重顎ドロゴリアス:🔷, 甲手スクィード:🔷🔷, 配置:重顎ドロゴリアス:🔷) -> eval: +0.0819
    [25] SUMMON | コスト🔷🔷🔷, 配置コア🔶 ⚠️パッファー・重顎ドロゴリアス消滅, (支払:パッファー:🔷, 重顎ドロゴリアス:🔷🔷, 配置:甲手スクィード:🔶) -> eval: +0.0317
    [26] SUMMON | コスト🔷🔷🔷, 配置コア🔶 ⚠️パッファー消滅, (支払:パッファー:🔷, 重顎ドロゴリアス:🔷, 甲手スクィード:🔷, 配置:甲手スクィード:🔶) -> eval: +0.1147
    [27] SUMMON | コスト🔷🔷🔷, 配置コア🔶 ⚠️パッファー・甲手スクィード消滅, (支払:パッファー:🔷, 甲手スクィード:🔷🔷, 配置:甲手スクィード:🔶) -> eval: +0.0479
    [28] SUMMON | コスト🔷🔷🔷, 配置コア🔶 ⚠️重顎ドロゴリアス消滅, (支払:重顎ドロゴリアス:🔷🔷, 甲手スクィード:🔷, 配置:甲手スクィード:🔶) -> eval: +0.0933
    [29] SUMMON | コスト🔷🔷🔷, 配置コア🔶 ⚠️甲手スクィード消滅, (支払:重顎ドロゴリアス:🔷, 甲手スクィード:🔷🔷, 配置:甲手スクィード:🔶) -> eval: +0.0933
    [30] SUMMON | コスト🔷🔷🔶, 配置コア🔷 ⚠️パッファー・重顎ドロゴリアス消滅, (支払:重顎ドロゴリアス:🔷🔷, 甲手スクィード:🔶, 配置:パッファー:🔷) -> eval: +0.0671
    [31] SUMMON | コスト🔷🔷🔶, 配置コア🔷 ⚠️パッファー消滅, (支払:重顎ドロゴリアス:🔷, 甲手スクィード:🔷🔶, 配置:パッファー:🔷) -> eval: +0.1459
    [32] SUMMON | コスト🔷🔷🔶, 配置コア🔷 ⚠️パッファー・甲手スクィード消滅, (支払:甲手スクィード:🔷🔷🔶, 配置:パッファー:🔷) -> eval: +0.0835
    [33] SUMMON | コスト🔷🔷🔶, 配置コア🔷 ⚠️重顎ドロゴリアス消滅, (支払:重顎ドロゴリアス:🔷, 甲手スクィード:🔷🔶, 配置:重顎ドロゴリアス:🔷) -> eval: +0.1244
    [34] SUMMON | コスト🔷🔷🔶, 配置コア🔷 ⚠️甲手スクィード消滅, (支払:甲手スクィード:🔷🔷🔶, 配置:重顎ドロゴリアス:🔷) -> eval: +0.1244
    [35] SUMMON | コスト🔷🔷🔷, 配置コア🔷🔷 ⚠️パッファー・重顎ドロゴリアス消滅, (支払:重顎ドロゴリアス:🔷, 甲手スクィード:🔷🔷, 配置:パッファー:🔷, 重顎ドロゴリアス:🔷) -> eval: +0.0282
    [36] SUMMON | コスト🔷🔷🔷, 配置コア🔷🔶 ⚠️パッファー・重顎ドロゴリアス消滅, (支払:重顎ドロゴリアス:🔷🔷, 甲手スクィード:🔷, 配置:パッファー:🔷, 甲手スクィード:🔶) -> eval: +0.0332
    [37] SUMMON | コスト🔷🔷🔷, 配置コア🔷🔶 ⚠️パッファー・甲手スクィード消滅, (支払:重顎ドロゴリアス:🔷, 甲手スクィード:🔷🔷, 配置:パッファー:🔷, 甲手スクィード:🔶) -> eval: +0.0332
    [38] SUMMON | コスト🔷🔷🔷, 配置コア🔷🔶 ⚠️重顎ドロゴリアス・甲手スクィード消滅, (支払:重顎ドロゴリアス:🔷, 甲手スクィード:🔷🔷, 配置:重顎ドロゴリアス:🔷, 甲手スクィード:🔶) -> eval: +0.0120
    [39] SUMMON | コスト🔷🔷🔶, 配置コア🔷🔷 ⚠️パッファー・重顎ドロゴリアス消滅, (支払:重顎ドロゴリアス:🔷, 甲手スクィード:🔷🔶, 配置:パッファー:🔷, 重顎ドロゴリアス:🔷) -> eval: +0.0675
    [40] SUMMON | コスト🔷🔷🔶, 配置コア🔷🔷 ⚠️パッファー・甲手スクィード消滅, (支払:甲手スクィード:🔷🔷🔶, 配置:パッファー:🔷, 重顎ドロゴリアス:🔷) -> eval: +0.0675
    [41] SUMMON | コスト🔷🔷🔶, 配置コア🔷🔷 ⚠️重顎ドロゴリアス・甲手スクィード消滅, (支払:甲手スクィード:🔷🔷🔶, 配置:重顎ドロゴリアス:🔷🔷) -> eval: +0.0474
    [42] SUMMON | コスト🔷🔷🔷, 配置コア🔷🔷🔶 ⚠️パッファー・重顎ドロゴリアス・甲手スクィード消滅, (支払:重顎ドロゴリアス:🔷, 甲手スクィード:🔷🔷, 配置:パッファー:🔷, 重顎ドロゴリアス:🔷, 甲手スクィード:🔶) -> eval: -0.0154
    [43] SUMMON | コスト🔷🔷🔶, 配置コア🔷🔷🔷 ⚠️パッファー・重顎ドロゴリアス・甲手スクィード消滅, (支払:甲手スクィード:🔷🔷🔶, 配置:パッファー:🔷, 重顎ドロゴリアス:🔷🔷) -> eval: +0.0172
    [44] USE_MAGIC | コスト🔷, コアは置かない ⚠️パッファー消滅, (支払:パッファー:🔷, 配置:なし) -> eval: +0.0547
    [45] USE_MAGIC | コスト🔷, コアは置かない, (支払:重顎ドロゴリアス:🔷, 配置:なし) -> eval: +0.0997
    [46] USE_MAGIC | コスト🔷, コアは置かない, (支払:甲手スクィード:🔷, 配置:なし) -> eval: +0.0987
    [47] USE_MAGIC | コスト🔶, コアは置かない, (支払:甲手スクィード:🔶, 配置:なし) -> eval: +0.1222
    [48] MOVE_CORE | 🔷を移動 ⚠️パッファー消滅 -> eval: +0.0873
    [49] MOVE_CORE | 🔷を移動 ⚠️パッファー消滅 -> eval: +0.0992
    [50] MOVE_CORE | 🔷を移動 ⚠️パッファー消滅 -> eval: +0.1006
    [51] MOVE_CORE | 🔷を移動 -> eval: +0.1838
    [52] MOVE_CORE | 🔷🔷を移動 ⚠️重顎ドロゴリアス消滅 -> eval: +0.0345
    [53] MOVE_CORE | 🔷🔷を移動 ⚠️重顎ドロゴリアス消滅 -> eval: +0.0773
    [54] MOVE_CORE | 🔷を移動 -> eval: +0.1952
    [55] MOVE_CORE | 🔷🔷を移動 ⚠️重顎ドロゴリアス消滅 -> eval: +0.0611
    [56] MOVE_CORE | 🔷を移動 -> eval: +0.1849
    [57] MOVE_CORE | 🔶を移動 -> eval: +0.1924
    [58] MOVE_CORE | 🔷🔷を移動 -> eval: +0.1754
    [59] MOVE_CORE | 🔷🔶を移動 -> eval: +0.1829
    [60] MOVE_CORE | 🔷🔷🔶を移動 ⚠️甲手スクィード消滅 -> eval: +0.0622
    [61] MOVE_CORE | 🔷を移動 -> eval: +0.2130
    [62] MOVE_CORE | 🔶を移動 -> eval: +0.1754
    [63] MOVE_CORE | 🔷🔷を移動 -> eval: +0.2134
    [64] MOVE_CORE | 🔷🔶を移動 -> eval: +0.1767
    [65] MOVE_CORE | 🔷🔷🔶を移動 ⚠️甲手スクィード消滅 -> eval: +0.0730
    [66] MOVE_CORE | 🔶 ⇄ 🔷 を交換 -> eval: +0.1990
    [67] MOVE_CORE | 🔷を移動 -> eval: +0.1953
    [68] MOVE_CORE | 🔶を移動 -> eval: +0.1592
    [69] MOVE_CORE | 🔷🔷を移動 -> eval: +0.1956
    [70] MOVE_CORE | 🔷🔶を移動 -> eval: +0.1606
    [71] MOVE_CORE | 🔷🔷🔶を移動 ⚠️甲手スクィード消滅 -> eval: +0.0573
    [72] MOVE_CORE | 🔶 ⇄ 🔷 を交換 -> eval: +0.1953
  ステップ終了評価: +0.2151
  => 選択: ステップ終了 (候補最大 +0.2134 <= 終了評価 +0.2151)

Turn 5 | 手数 34 | 手番: P1(run3_run4.kann.weight) | アタック宣言
  盤面:
    P1: Life:2, Reserve:0, Hand:4枚, Field:[パッファー(Lv1,コア1), 重顎ドロゴリアス(Lv2,コア2), 甲手スクィード(Lv2,コア3s)]
    P2: Life:3, Reserve:0, Hand:4枚, Field:[パッファー(Lv1,コア1), 透笠オリンディアス(Lv2,コア2)]
  候補行動 (3件):
    [0] ATTACK | パッファー でアタック宣言 (Lv1, BP2000, 通ればライフ-🔷) -> eval: +0.2667
    [1] ATTACK | 重顎ドロゴリアス でアタック宣言 (Lv2, BP6000, 通ればライフ-🔷) -> eval: +0.2572
    [2] ATTACK | 甲手スクィード でアタック宣言 (Lv2, BP7000, 通ればライフ-🔷) -> eval: +0.2476
  ステップ終了評価: +0.2151
  => 選択: ATTACK | パッファー でアタック宣言 (Lv1, BP2000, 通ればライフ-🔷) (eval: +0.2667 > 終了評価 +0.2151)
     効果/結果: 🗡️ 「パッファー」がアタック宣言 (BP2000)

Turn 5 | 手数 35 | 手番: P2(run2_run3.kann.weight) | ブロック宣言
  盤面:
    P1: Life:2, Reserve:0, Hand:4枚, Field:[パッファー(Lv1,コア1), 重顎ドロゴリアス(Lv2,コア2), 甲手スクィード(Lv2,コア3s)]
    P2: Life:3, Reserve:0, Hand:4枚, Field:[パッファー(Lv1,コア1), 透笠オリンディアス(Lv2,コア2)]
  候補行動 (1件):
    [0] PASS_BLOCK | ライフでアタックを受ける (ライフ-🔷) -> eval: +0.4949
  => 選択: PASS_BLOCK | ライフでアタックを受ける (ライフ-🔷) (eval: +0.4949)
     効果/結果: 💔 ブロックせず: プレイヤー2 のライフ-1 (コアはリザーブへ)

Turn 5 | 手数 36 | 手番: P1(run3_run4.kann.weight) | アタック宣言
  盤面:
    P1: Life:2, Reserve:0, Hand:4枚, Field:[パッファー(Lv1,コア1), 重顎ドロゴリアス(Lv2,コア2), 甲手スクィード(Lv2,コア3s)]
    P2: Life:2, Reserve:1, Hand:4枚, Field:[パッファー(Lv1,コア1), 透笠オリンディアス(Lv2,コア2)]
  候補行動 (2件):
    [0] ATTACK | 重顎ドロゴリアス でアタック宣言 (Lv2, BP6000, 通ればライフ-🔷) -> eval: +0.3137
    [1] ATTACK | 甲手スクィード でアタック宣言 (Lv2, BP7000, 通ればライフ-🔷) -> eval: +0.3071
  ステップ終了評価: +0.2824
  => 選択: ATTACK | 重顎ドロゴリアス でアタック宣言 (Lv2, BP6000, 通ればライフ-🔷) (eval: +0.3137 > 終了評価 +0.2824)
     効果/結果: 🗡️ 「重顎ドロゴリアス」がアタック宣言 (BP6000)

Turn 5 | 手数 37 | 手番: P2(run2_run3.kann.weight) | ブロック宣言
  盤面:
    P1: Life:2, Reserve:0, Hand:4枚, Field:[パッファー(Lv1,コア1), 重顎ドロゴリアス(Lv2,コア2), 甲手スクィード(Lv2,コア3s)]
    P2: Life:2, Reserve:1, Hand:4枚, Field:[パッファー(Lv1,コア1), 透笠オリンディアス(Lv2,コア2)]
  候補行動 (1件):
    [0] PASS_BLOCK | ライフでアタックを受ける (ライフ-🔷) -> eval: +0.5409
  => 選択: PASS_BLOCK | ライフでアタックを受ける (ライフ-🔷) (eval: +0.5409)
     効果/結果: 💔 ブロックせず: プレイヤー2 のライフ-1 (コアはリザーブへ)

Turn 5 | 手数 38 | 手番: P1(run3_run4.kann.weight) | アタック宣言
  盤面:
    P1: Life:2, Reserve:0, Hand:4枚, Field:[パッファー(Lv1,コア1), 重顎ドロゴリアス(Lv2,コア2), 甲手スクィード(Lv2,コア3s)]
    P2: Life:1, Reserve:2, Hand:4枚, Field:[パッファー(Lv1,コア1), 透笠オリンディアス(Lv2,コア2)]
  候補行動 (1件):
    [0] ATTACK | 甲手スクィード でアタック宣言 (Lv2, BP7000, 通ればライフ-🔷) -> eval: +0.3461
  ステップ終了評価: +0.3290
  => 選択: ATTACK | 甲手スクィード でアタック宣言 (Lv2, BP7000, 通ればライフ-🔷) (eval: +0.3461 > 終了評価 +0.3290)
     効果/結果: 🗡️ 「甲手スクィード」がアタック宣言 (BP7000)

Turn 5 | 手数 39 | 手番: P2(run2_run3.kann.weight) | ブロック宣言
  盤面:
    P1: Life:2, Reserve:0, Hand:4枚, Field:[パッファー(Lv1,コア1), 重顎ドロゴリアス(Lv2,コア2), 甲手スクィード(Lv2,コア3s)]
    P2: Life:1, Reserve:2, Hand:4枚, Field:[パッファー(Lv1,コア1), 透笠オリンディアス(Lv2,コア2)]
  候補行動 (1件):
    [0] PASS_BLOCK | ライフでアタックを受ける (ライフ-🔷) -> eval: +0.6222
  => 選択: PASS_BLOCK | ライフでアタックを受ける (ライフ-🔷) (eval: +0.6222)
     効果/結果: 💔 ブロックせず: プレイヤー2 のライフ-1 (コアはリザーブへ)
     効果/結果: 🏁 プレイヤー2 のライフが0になりました

  【決着】 勝者: P1(run3_run4.kann.weight) (5ターン / 40 手)
-----------------------------------------------------------------
対戦 10/10 [シード: 8525604715859642986]
  先手(P1): run2_run3.kann.weight
  後手(P2): run3_run4.kann.weight
-----------------------------------------------------------------
Turn 1 | 手数 0 | 手番: P1(run2_run3.kann.weight) | メインステップ
  盤面:
    P1: Life:5, Reserve:4s, Hand:5枚, Field:[空]
    P2: Life:5, Reserve:4s, Hand:4枚, Field:[空]
  候補行動 (10件):
    [0] USE_MAGIC | コスト🔷🔷🔷🔶, コアは置かない, (支払:R:🔷🔷🔷🔶, 配置:なし) -> eval: -0.0511
    [1] SUMMON | コスト🔷🔷🔷, 配置コア🔶, (支払:R:🔷🔷🔷, 配置:R:🔶) -> eval: -0.0356
    [2] SUMMON | コスト🔷🔷🔶, 配置コア🔷, (支払:R:🔷🔷🔶, 配置:R:🔷) -> eval: +0.1030
    [3] SUMMON | コスト🔷🔷🔷, 配置コア🔶, (支払:R:🔷🔷🔷, 配置:R:🔶) -> eval: -0.0906
    [4] SUMMON | コスト🔷🔷🔶, 配置コア🔷, (支払:R:🔷🔷🔶, 配置:R:🔷) -> eval: +0.0415
    [5] SUMMON | コスト🔷🔷, 配置コア🔷, (支払:R:🔷🔷, 配置:R:🔷) -> eval: -0.0019
    [6] SUMMON | コスト🔷🔷, 配置コア🔶, (支払:R:🔷🔷, 配置:R:🔶) -> eval: -0.1339
    [7] SUMMON | コスト🔷🔶, 配置コア🔷, (支払:R:🔷🔶, 配置:R:🔷) -> eval: -0.0019
    [8] SUMMON | コスト🔷🔷, 配置コア🔷🔶, (支払:R:🔷🔷, 配置:R:🔷🔶) -> eval: -0.1113
    [9] SUMMON | コスト🔷🔶, 配置コア🔷🔷, (支払:R:🔷🔶, 配置:R:🔷🔷) -> eval: +0.0242
  ステップ終了評価: -0.1983
  => 選択: SUMMON | コスト🔷🔷🔶, 配置コア🔷, (支払:R:🔷🔷🔶, 配置:R:🔷) (eval: +0.1030 > 終了評価 -0.1983)
     効果/結果: 🎴 「ストラレイ」を召喚 (コスト3をトラッシュへ)

Turn 1 | 手数 1 | 手番: P1(run2_run3.kann.weight) | メインステップ
  盤面:
    P1: Life:5, Reserve:0, Hand:4枚, Field:[ストラレイ(Lv1,コア1)]
    P2: Life:5, Reserve:4s, Hand:4枚, Field:[空]
  候補行動 (1件):
    [0] MOVE_CORE | 🔷を移動 ⚠️ストラレイ消滅 -> eval: -0.0680
  ステップ終了評価: +0.1030
  => 選択: ステップ終了 (候補最大 -0.0680 <= 終了評価 +0.1030)

Turn 1 | 手数 2 | 手番: P1(run2_run3.kann.weight) | エンドステップ
  盤面:
    P1: Life:5, Reserve:0, Hand:4枚, Field:[ストラレイ(Lv1,コア1)]
    P2: Life:5, Reserve:4s, Hand:4枚, Field:[空]
  候補行動 (0件):
  ステップ終了評価: +0.0666
  => 選択: ステップ終了
     効果/結果: 【ターン 2】 手番: プレイヤー2
     効果/結果: 🔷 コアステップ: ボイドからリザーブへコア1個
     効果/結果: 🃏 ドローステップ: 「ストラレイ」をドロー (残り35枚)

Turn 2 | 手数 3 | 手番: P2(run3_run4.kann.weight) | メインステップ
  盤面:
    P1: Life:5, Reserve:0, Hand:4枚, Field:[ストラレイ(Lv1,コア1)]
    P2: Life:5, Reserve:5s, Hand:5枚, Field:[空]
  候補行動 (20件):
    [0] USE_MAGIC | コスト🔷🔷🔷🔷, コアは置かない, (支払:R:🔷🔷🔷🔷, 配置:なし) -> eval: -0.1817
    [1] USE_MAGIC | コスト🔷🔷🔷🔶, コアは置かない, (支払:R:🔷🔷🔷🔶, 配置:なし) -> eval: -0.1817
    [2] SUMMON | コスト🔷🔷, 配置コア🔷, (支払:R:🔷🔷, 配置:R:🔷) -> eval: -0.0490
    [3] SUMMON | コスト🔷🔷, 配置コア🔶, (支払:R:🔷🔷, 配置:R:🔶) -> eval: -0.0036
    [4] SUMMON | コスト🔷🔶, 配置コア🔷, (支払:R:🔷🔶, 配置:R:🔷) -> eval: -0.0490
    [5] SUMMON | コスト🔷🔷, 配置コア🔷🔷, (支払:R:🔷🔷, 配置:R:🔷🔷) -> eval: -0.0389
    [6] SUMMON | コスト🔷🔷, 配置コア🔷🔶, (支払:R:🔷🔷, 配置:R:🔷🔶) -> eval: +0.0061
    [7] SUMMON | コスト🔷🔶, 配置コア🔷🔷, (支払:R:🔷🔶, 配置:R:🔷🔷) -> eval: -0.0389
    [8] SUMMON | コスト🔷🔷, 配置コア🔷🔷🔶, (支払:R:🔷🔷, 配置:R:🔷🔷🔶) -> eval: +0.0392
    [9] SUMMON | コスト🔷🔶, 配置コア🔷🔷🔷, (支払:R:🔷🔶, 配置:R:🔷🔷🔷) -> eval: +0.0242
    [10] SUMMON | コスト🔷🔷🔷, 配置コア🔷, (支払:R:🔷🔷🔷, 配置:R:🔷) -> eval: -0.0144
    [11] SUMMON | コスト🔷🔷🔷, 配置コア🔶, (支払:R:🔷🔷🔷, 配置:R:🔶) -> eval: +0.0463
    [12] SUMMON | コスト🔷🔷🔶, 配置コア🔷, (支払:R:🔷🔷🔶, 配置:R:🔷) -> eval: -0.0144
    [13] SUMMON | コスト🔷🔷🔷, 配置コア🔷🔶, (支払:R:🔷🔷🔷, 配置:R:🔷🔶) -> eval: +0.0556
    [14] SUMMON | コスト🔷🔷🔶, 配置コア🔷🔷, (支払:R:🔷🔷🔶, 配置:R:🔷🔷) -> eval: -0.0038
    [15] SUMMON | コスト🔷🔷🔷, 配置コア🔷, (支払:R:🔷🔷🔷, 配置:R:🔷) -> eval: +0.0007
    [16] SUMMON | コスト🔷🔷🔷, 配置コア🔶, (支払:R:🔷🔷🔷, 配置:R:🔶) -> eval: +0.0389
    [17] SUMMON | コスト🔷🔷🔶, 配置コア🔷, (支払:R:🔷🔷🔶, 配置:R:🔷) -> eval: +0.0007
    [18] SUMMON | コスト🔷🔷🔷, 配置コア🔷🔶, (支払:R:🔷🔷🔷, 配置:R:🔷🔶) -> eval: +0.0480
    [19] SUMMON | コスト🔷🔷🔶, 配置コア🔷🔷, (支払:R:🔷🔷🔶, 配置:R:🔷🔷) -> eval: +0.0118
  ステップ終了評価: -0.1452
  => 選択: SUMMON | コスト🔷🔷🔷, 配置コア🔷🔶, (支払:R:🔷🔷🔷, 配置:R:🔷🔶) (eval: +0.0556 > 終了評価 -0.1452)
     効果/結果: 🎴 「ラスヘッド」を召喚 (コスト3をトラッシュへ)

Turn 2 | 手数 4 | 手番: P2(run3_run4.kann.weight) | メインステップ
  盤面:
    P1: Life:5, Reserve:0, Hand:4枚, Field:[ストラレイ(Lv1,コア1)]
    P2: Life:5, Reserve:0, Hand:4枚, Field:[ラスヘッド(Lv2,コア2s)]
  候補行動 (5件):
    [0] SUMMON | コスト🔷, 配置コア🔶 ⚠️ラスヘッド消滅, (支払:ラスヘッド:🔷, 配置:ラスヘッド:🔶) -> eval: -0.0531
    [1] SUMMON | コスト🔶, 配置コア🔷 ⚠️ラスヘッド消滅, (支払:ラスヘッド:🔶, 配置:ラスヘッド:🔷) -> eval: -0.0378
    [2] MOVE_CORE | 🔷を移動 -> eval: +0.0463
    [3] MOVE_CORE | 🔶を移動 -> eval: -0.0144
    [4] MOVE_CORE | 🔷🔶を移動 ⚠️ラスヘッド消滅 -> eval: -0.1203
  ステップ終了評価: +0.0556
  => 選択: ステップ終了 (候補最大 +0.0463 <= 終了評価 +0.0556)

Turn 2 | 手数 5 | 手番: P2(run3_run4.kann.weight) | アタック宣言
  盤面:
    P1: Life:5, Reserve:0, Hand:4枚, Field:[ストラレイ(Lv1,コア1)]
    P2: Life:5, Reserve:0, Hand:4枚, Field:[ラスヘッド(Lv2,コア2s)]
  候補行動 (1件):
    [0] ATTACK | ラスヘッド でアタック宣言 (Lv2, BP5000, 通ればライフ-🔷) -> eval: +0.0633
  ステップ終了評価: +0.0556
  => 選択: ATTACK | ラスヘッド でアタック宣言 (Lv2, BP5000, 通ればライフ-🔷) (eval: +0.0633 > 終了評価 +0.0556)
     効果/結果: 🗡️ 「ラスヘッド」がアタック宣言 (BP5000)

Turn 2 | 手数 6 | 手番: P1(run2_run3.kann.weight) | ブロック宣言
  盤面:
    P1: Life:5, Reserve:0, Hand:4枚, Field:[ストラレイ(Lv1,コア1)]
    P2: Life:5, Reserve:0, Hand:4枚, Field:[ラスヘッド(Lv2,コア2s)]
  候補行動 (2件):
    [0] BLOCK | ストラレイ でブロック (BP4000 vs BP5000 → ストラレイが破壊される) -> eval: +0.0806
    [1] PASS_BLOCK | ライフでアタックを受ける (ライフ-🔷) -> eval: +0.2820
  => 選択: PASS_BLOCK | ライフでアタックを受ける (ライフ-🔷) (eval: +0.2820)
     効果/結果: 💔 ブロックせず: プレイヤー1 のライフ-1 (コアはリザーブへ)

Turn 2 | 手数 7 | 手番: P2(run3_run4.kann.weight) | アタック宣言
  盤面:
    P1: Life:4, Reserve:1, Hand:4枚, Field:[ストラレイ(Lv1,コア1)]
    P2: Life:5, Reserve:0, Hand:4枚, Field:[ラスヘッド(Lv2,コア2s)]
  候補行動 (0件):
  ステップ終了評価: +0.0798
  => 選択: ステップ終了

Turn 2 | 手数 8 | 手番: P2(run3_run4.kann.weight) | 第2メインステップ
  盤面:
    P1: Life:4, Reserve:1, Hand:4枚, Field:[ストラレイ(Lv1,コア1)]
    P2: Life:5, Reserve:0, Hand:4枚, Field:[ラスヘッド(Lv2,コア2s)]
  候補行動 (5件):
    [0] SUMMON | コスト🔷, 配置コア🔶 ⚠️ラスヘッド消滅, (支払:ラスヘッド:🔷, 配置:ラスヘッド:🔶) -> eval: -0.0366
    [1] SUMMON | コスト🔶, 配置コア🔷 ⚠️ラスヘッド消滅, (支払:ラスヘッド:🔶, 配置:ラスヘッド:🔷) -> eval: -0.0205
    [2] MOVE_CORE | 🔷を移動 -> eval: +0.0677
    [3] MOVE_CORE | 🔶を移動 -> eval: +0.0411
    [4] MOVE_CORE | 🔷🔶を移動 ⚠️ラスヘッド消滅 -> eval: -0.1032
  ステップ終了評価: +0.0798
  => 選択: ステップ終了 (候補最大 +0.0677 <= 終了評価 +0.0798)

Turn 2 | 手数 9 | 手番: P2(run3_run4.kann.weight) | エンドステップ
  盤面:
    P1: Life:4, Reserve:1, Hand:4枚, Field:[ストラレイ(Lv1,コア1)]
    P2: Life:5, Reserve:0, Hand:4枚, Field:[ラスヘッド(Lv2,コア2s)]
  候補行動 (0件):
  ステップ終了評価: +0.1465
  => 選択: ステップ終了
     効果/結果: 【ターン 3】 手番: プレイヤー1
     効果/結果: 🔷 コアステップ: ボイドからリザーブへコア1個
     効果/結果: 🃏 ドローステップ: 「重顎ドロゴリアス」をドロー (残り34枚)
     効果/結果: ♻️ リフレッシュステップ: トラッシュのコア3個をリザーブへ

Turn 3 | 手数 10 | 手番: P1(run2_run3.kann.weight) | メインステップ
  盤面:
    P1: Life:4, Reserve:5s, Hand:5枚, Field:[ストラレイ(Lv1,コア1)]
    P2: Life:5, Reserve:0, Hand:4枚, Field:[ラスヘッド(Lv2,コア2s)]
  候補行動 (73件):
    [0] USE_MAGIC | コスト🔷🔷🔷, コアは置かない, (支払:R:🔷🔷🔷, 配置:なし) -> eval: +0.1038
    [1] USE_MAGIC | コスト🔷🔷🔷, コアは置かない ⚠️ストラレイ消滅, (支払:R:🔷🔷, ストラレイ:🔷, 配置:なし) -> eval: -0.0731
    [2] USE_MAGIC | コスト🔷🔷🔶, コアは置かない, (支払:R:🔷🔷🔶, 配置:なし) -> eval: +0.1038
    [3] USE_MAGIC | コスト🔷🔷🔶, コアは置かない ⚠️ストラレイ消滅, (支払:R:🔷🔶, ストラレイ:🔷, 配置:なし) -> eval: -0.0731
    [4] SUMMON | コスト🔷🔷, 配置コア🔷, (支払:R:🔷🔷, 配置:R:🔷) -> eval: +0.2701
    [5] SUMMON | コスト🔷🔷, 配置コア🔷 ⚠️ストラレイ消滅, (支払:R:🔷, ストラレイ:🔷, 配置:R:🔷) -> eval: +0.0799
    [6] SUMMON | コスト🔷🔷, 配置コア🔶, (支払:R:🔷🔷, 配置:R:🔶) -> eval: +0.2938
    [7] SUMMON | コスト🔷🔷, 配置コア🔶 ⚠️ストラレイ消滅, (支払:R:🔷, ストラレイ:🔷, 配置:R:🔶) -> eval: +0.0847
    [8] SUMMON | コスト🔷🔶, 配置コア🔷, (支払:R:🔷🔶, 配置:R:🔷) -> eval: +0.2701
    [9] SUMMON | コスト🔷🔶, 配置コア🔷 ⚠️ストラレイ消滅, (支払:R:🔶, ストラレイ:🔷, 配置:R:🔷) -> eval: +0.0799
    [10] SUMMON | コスト🔷🔷, 配置コア🔷🔷, (支払:R:🔷🔷, 配置:R:🔷🔷) -> eval: +0.3197
    [11] SUMMON | コスト🔷🔷, 配置コア🔷🔷 ⚠️ストラレイ消滅, (支払:R:🔷, ストラレイ:🔷, 配置:R:🔷🔷) -> eval: +0.1091
    [12] SUMMON | コスト🔷🔷, 配置コア🔷🔶, (支払:R:🔷🔷, 配置:R:🔷🔶) -> eval: +0.3223
    [13] SUMMON | コスト🔷🔷, 配置コア🔷🔶 ⚠️ストラレイ消滅, (支払:R:🔷, ストラレイ:🔷, 配置:R:🔷🔶) -> eval: +0.0956
    [14] SUMMON | コスト🔷🔶, 配置コア🔷🔷, (支払:R:🔷🔶, 配置:R:🔷🔷) -> eval: +0.3197
    [15] SUMMON | コスト🔷🔶, 配置コア🔷🔷 ⚠️ストラレイ消滅, (支払:R:🔶, ストラレイ:🔷, 配置:R:🔷🔷) -> eval: +0.1091
    [16] SUMMON | コスト🔷🔷, 配置コア🔷🔷🔷 ⚠️ストラレイ消滅, (支払:R:🔷, ストラレイ:🔷, 配置:R:🔷🔷🔷) -> eval: +0.1195
    [17] SUMMON | コスト🔷🔷, 配置コア🔷🔷🔶, (支払:R:🔷🔷, 配置:R:🔷🔷🔶) -> eval: +0.3304
    [18] SUMMON | コスト🔷🔷, 配置コア🔷🔷🔶 ⚠️ストラレイ消滅, (支払:R:🔷, ストラレイ:🔷, 配置:R:🔷🔷🔶) -> eval: +0.1026
    [19] SUMMON | コスト🔷🔶, 配置コア🔷🔷🔷, (支払:R:🔷🔶, 配置:R:🔷🔷🔷) -> eval: +0.3304
    [20] SUMMON | コスト🔷🔶, 配置コア🔷🔷🔷 ⚠️ストラレイ消滅, (支払:R:🔶, ストラレイ:🔷, 配置:R:🔷🔷🔷) -> eval: +0.1195
    [21] SUMMON | コスト🔷🔷, 配置コア🔷🔷🔷🔶 ⚠️ストラレイ消滅, (支払:R:🔷, ストラレイ:🔷, 配置:R:🔷🔷🔷🔶) -> eval: +0.1110
    [22] SUMMON | コスト🔷🔶, 配置コア🔷🔷🔷🔷 ⚠️ストラレイ消滅, (支払:R:🔶, ストラレイ:🔷, 配置:R:🔷🔷🔷🔷) -> eval: +0.1312
    [23] SUMMON | コスト🔷🔷🔷🔷, 配置コア🔷 ⚠️ストラレイ消滅, (支払:R:🔷🔷🔷, ストラレイ:🔷, 配置:R:🔷) -> eval: +0.1370
    [24] SUMMON | コスト🔷🔷🔷🔷, 配置コア🔶, (支払:R:🔷🔷🔷🔷, 配置:R:🔶) -> eval: +0.3367
    [25] SUMMON | コスト🔷🔷🔷🔷, 配置コア🔶 ⚠️ストラレイ消滅, (支払:R:🔷🔷🔷, ストラレイ:🔷, 配置:R:🔶) -> eval: +0.1278
    [26] SUMMON | コスト🔷🔷🔷🔶, 配置コア🔷, (支払:R:🔷🔷🔷🔶, 配置:R:🔷) -> eval: +0.3265
    [27] SUMMON | コスト🔷🔷🔷🔶, 配置コア🔷 ⚠️ストラレイ消滅, (支払:R:🔷🔷🔶, ストラレイ:🔷, 配置:R:🔷) -> eval: +0.1370
    [28] SUMMON | コスト🔷🔷🔷🔷, 配置コア🔷🔶 ⚠️ストラレイ消滅, (支払:R:🔷🔷🔷, ストラレイ:🔷, 配置:R:🔷🔶) -> eval: +0.1343
    [29] SUMMON | コスト🔷🔷🔷🔶, 配置コア🔷🔷 ⚠️ストラレイ消滅, (支払:R:🔷🔷🔶, ストラレイ:🔷, 配置:R:🔷🔷) -> eval: +0.1472
    [30] SUMMON | コスト🔷, 配置コア🔷, (支払:R:🔷, 配置:R:🔷) -> eval: +0.2455
    [31] SUMMON | コスト🔷, 配置コア🔷 ⚠️ストラレイ消滅, (支払:ストラレイ:🔷, 配置:R:🔷) -> eval: +0.0558
    [32] SUMMON | コスト🔷, 配置コア🔶, (支払:R:🔷, 配置:R:🔶) -> eval: +0.2747
    [33] SUMMON | コスト🔷, 配置コア🔶 ⚠️ストラレイ消滅, (支払:ストラレイ:🔷, 配置:R:🔶) -> eval: +0.0652
    [34] SUMMON | コスト🔶, 配置コア🔷, (支払:R:🔶, 配置:R:🔷) -> eval: +0.2455
    [35] SUMMON | コスト🔶, 配置コア🔷 ⚠️ストラレイ消滅, (支払:R:🔶, 配置:ストラレイ:🔷) -> eval: +0.0558
    [36] SUMMON | コスト🔷, 配置コア🔷🔷, (支払:R:🔷, 配置:R:🔷🔷) -> eval: +0.2538
    [37] SUMMON | コスト🔷, 配置コア🔷🔷 ⚠️ストラレイ消滅, (支払:ストラレイ:🔷, 配置:R:🔷🔷) -> eval: +0.0617
    [38] SUMMON | コスト🔷, 配置コア🔷🔶, (支払:R:🔷, 配置:R:🔷🔶) -> eval: +0.2806
    [39] SUMMON | コスト🔷, 配置コア🔷🔶 ⚠️ストラレイ消滅, (支払:ストラレイ:🔷, 配置:R:🔷🔶) -> eval: +0.0683
    [40] SUMMON | コスト🔶, 配置コア🔷🔷, (支払:R:🔶, 配置:R:🔷🔷) -> eval: +0.2538
    [41] SUMMON | コスト🔶, 配置コア🔷🔷 ⚠️ストラレイ消滅, (支払:R:🔶, 配置:R:🔷, ストラレイ:🔷) -> eval: +0.0617
    [42] SUMMON | コスト🔷, 配置コア🔷🔷🔷, (支払:R:🔷, 配置:R:🔷🔷🔷) -> eval: +0.3171
    [43] SUMMON | コスト🔷, 配置コア🔷🔷🔷 ⚠️ストラレイ消滅, (支払:ストラレイ:🔷, 配置:R:🔷🔷🔷) -> eval: +0.1026
    [44] SUMMON | コスト🔷, 配置コア🔷🔷🔶, (支払:R:🔷, 配置:R:🔷🔷🔶) -> eval: +0.3185
    [45] SUMMON | コスト🔷, 配置コア🔷🔷🔶 ⚠️ストラレイ消滅, (支払:ストラレイ:🔷, 配置:R:🔷🔷🔶) -> eval: +0.0872
    [46] SUMMON | コスト🔶, 配置コア🔷🔷🔷, (支払:R:🔶, 配置:R:🔷🔷🔷) -> eval: +0.3171
    [47] SUMMON | コスト🔶, 配置コア🔷🔷🔷 ⚠️ストラレイ消滅, (支払:R:🔶, 配置:R:🔷🔷, ストラレイ:🔷) -> eval: +0.1026
    [48] SUMMON | コスト🔷, 配置コア🔷🔷🔷🔷 ⚠️ストラレイ消滅, (支払:ストラレイ:🔷, 配置:R:🔷🔷🔷🔷) -> eval: +0.1133
    [49] SUMMON | コスト🔷, 配置コア🔷🔷🔷🔶, (支払:R:🔷, 配置:R:🔷🔷🔷🔶) -> eval: +0.3268
    [50] SUMMON | コスト🔷, 配置コア🔷🔷🔷🔶 ⚠️ストラレイ消滅, (支払:ストラレイ:🔷, 配置:R:🔷🔷🔷🔶) -> eval: +0.0945
    [51] SUMMON | コスト🔶, 配置コア🔷🔷🔷🔷, (支払:R:🔶, 配置:R:🔷🔷🔷🔷) -> eval: +0.3282
    [52] SUMMON | コスト🔶, 配置コア🔷🔷🔷🔷 ⚠️ストラレイ消滅, (支払:R:🔶, 配置:R:🔷🔷🔷, ストラレイ:🔷) -> eval: +0.1133
    [53] SUMMON | コスト🔷, 配置コア🔷🔷🔷🔷🔶 ⚠️ストラレイ消滅, (支払:ストラレイ:🔷, 配置:R:🔷🔷🔷🔷🔶) -> eval: +0.1032
    [54] SUMMON | コスト🔶, 配置コア🔷🔷🔷🔷🔷 ⚠️ストラレイ消滅, (支払:R:🔶, 配置:R:🔷🔷🔷🔷, ストラレイ:🔷) -> eval: +0.1253
    [55] SUMMON | コスト🔷🔷🔷🔷, 配置コア🔷 ⚠️ストラレイ消滅, (支払:R:🔷🔷🔷, ストラレイ:🔷, 配置:R:🔷) -> eval: +0.1449
    [56] SUMMON | コスト🔷🔷🔷🔷, 配置コア🔶, (支払:R:🔷🔷🔷🔷, 配置:R:🔶) -> eval: +0.3460
    [57] SUMMON | コスト🔷🔷🔷🔷, 配置コア🔶 ⚠️ストラレイ消滅, (支払:R:🔷🔷🔷, ストラレイ:🔷, 配置:R:🔶) -> eval: +0.1384
    [58] SUMMON | コスト🔷🔷🔷🔶, 配置コア🔷, (支払:R:🔷🔷🔷🔶, 配置:R:🔷) -> eval: +0.3350
    [59] SUMMON | コスト🔷🔷🔷🔶, 配置コア🔷 ⚠️ストラレイ消滅, (支払:R:🔷🔷🔶, ストラレイ:🔷, 配置:R:🔷) -> eval: +0.1449
    [60] SUMMON | コスト🔷🔷🔷🔷, 配置コア🔷🔶 ⚠️ストラレイ消滅, (支払:R:🔷🔷🔷, ストラレイ:🔷, 配置:R:🔷🔶) -> eval: +0.1518
    [61] SUMMON | コスト🔷🔷🔷🔶, 配置コア🔷🔷 ⚠️ストラレイ消滅, (支払:R:🔷🔷🔶, ストラレイ:🔷, 配置:R:🔷🔷) -> eval: +0.1755
    [62] MOVE_CORE | 🔷を移動 -> eval: +0.1931
    [63] MOVE_CORE | 🔶を移動 -> eval: +0.2086
    [64] MOVE_CORE | 🔷🔷を移動 -> eval: +0.2709
    [65] MOVE_CORE | 🔷🔶を移動 -> eval: +0.2614
    [66] MOVE_CORE | 🔷🔷🔷を移動 -> eval: +0.2789
    [67] MOVE_CORE | 🔷🔷🔶を移動 -> eval: +0.2669
    [68] MOVE_CORE | 🔷🔷🔷🔷を移動 -> eval: +0.2879
    [69] MOVE_CORE | 🔷🔷🔷🔶を移動 -> eval: +0.2733
    [70] MOVE_CORE | 🔷🔷🔷🔷🔶を移動 -> eval: +0.2805
    [71] MOVE_CORE | 🔶 ⇄ 🔷 を交換 -> eval: +0.2060
    [72] MOVE_CORE | 🔷を移動 ⚠️ストラレイ消滅 -> eval: -0.0159
  ステップ終了評価: +0.1883
  => 選択: SUMMON | コスト🔷🔷🔷🔷, 配置コア🔶, (支払:R:🔷🔷🔷🔷, 配置:R:🔶) (eval: +0.3460 > 終了評価 +0.1883)
     効果/結果: 🎴 「重顎ドロゴリアス」を召喚 (コスト4をトラッシュへ)

Turn 3 | 手数 11 | 手番: P1(run2_run3.kann.weight) | メインステップ
  盤面:
    P1: Life:4, Reserve:0, Hand:4枚, Field:[ストラレイ(Lv1,コア1), 重顎ドロゴリアス(Lv1,コア1s)]
    P2: Life:5, Reserve:0, Hand:4枚, Field:[ラスヘッド(Lv2,コア2s)]
  候補行動 (8件):
    [0] USE_MAGIC | コスト🔷🔶, コアは置かない ⚠️ストラレイ・重顎ドロゴリアス消滅, (支払:ストラレイ:🔷, 重顎ドロゴリアス:🔶, 配置:なし) -> eval: -0.0479
    [1] SUMMON | コスト🔷, 配置コア🔶 ⚠️ストラレイ・重顎ドロゴリアス消滅, (支払:ストラレイ:🔷, 配置:重顎ドロゴリアス:🔶) -> eval: +0.0573
    [2] SUMMON | コスト🔶, 配置コア🔷 ⚠️ストラレイ・重顎ドロゴリアス消滅, (支払:重顎ドロゴリアス:🔶, 配置:ストラレイ:🔷) -> eval: +0.0710
    [3] MOVE_CORE | 🔷を移動 ⚠️ストラレイ消滅 -> eval: +0.1384
    [4] MOVE_CORE | 🔷を移動 ⚠️ストラレイ消滅 -> eval: +0.1518
    [5] MOVE_CORE | 🔶を移動 ⚠️重顎ドロゴリアス消滅 -> eval: +0.1360
    [6] MOVE_CORE | 🔶を移動 ⚠️重顎ドロゴリアス消滅 -> eval: +0.1391
    [7] MOVE_CORE | 🔶 ⇄ 🔷 を交換 -> eval: +0.3518
  ステップ終了評価: +0.3460
  => 選択: MOVE_CORE | 🔶 ⇄ 🔷 を交換 (eval: +0.3518 > 終了評価 +0.3460)
     効果/結果: 🔷 「重顎ドロゴリアス」➔「ストラレイ」 ソウルコア1個 / 「ストラレイ」➔「重顎ドロゴリアス」 通常コア1個

Turn 3 | 手数 12 | 手番: P1(run2_run3.kann.weight) | メインステップ
  盤面:
    P1: Life:4, Reserve:0, Hand:4枚, Field:[ストラレイ(Lv1,コア1s), 重顎ドロゴリアス(Lv1,コア1)]
    P2: Life:5, Reserve:0, Hand:4枚, Field:[ラスヘッド(Lv2,コア2s)]
  候補行動 (7件):
    [0] USE_MAGIC | コスト🔷🔶, コアは置かない ⚠️ストラレイ・重顎ドロゴリアス消滅, (支払:ストラレイ:🔶, 重顎ドロゴリアス:🔷, 配置:なし) -> eval: -0.0479
    [1] SUMMON | コスト🔷, 配置コア🔶 ⚠️ストラレイ・重顎ドロゴリアス消滅, (支払:重顎ドロゴリアス:🔷, 配置:ストラレイ:🔶) -> eval: +0.0573
    [2] SUMMON | コスト🔶, 配置コア🔷 ⚠️ストラレイ・重顎ドロゴリアス消滅, (支払:ストラレイ:🔶, 配置:重顎ドロゴリアス:🔷) -> eval: +0.0710
    [3] MOVE_CORE | 🔶を移動 ⚠️ストラレイ消滅 -> eval: +0.1449
    [4] MOVE_CORE | 🔶を移動 ⚠️ストラレイ消滅 -> eval: +0.1518
    [5] MOVE_CORE | 🔷を移動 ⚠️重顎ドロゴリアス消滅 -> eval: +0.1323
    [6] MOVE_CORE | 🔷を移動 ⚠️重顎ドロゴリアス消滅 -> eval: +0.1391
  ステップ終了評価: +0.3518
  => 選択: ステップ終了 (候補最大 +0.1518 <= 終了評価 +0.3518)

Turn 3 | 手数 13 | 手番: P1(run2_run3.kann.weight) | アタック宣言
  盤面:
    P1: Life:4, Reserve:0, Hand:4枚, Field:[ストラレイ(Lv1,コア1s), 重顎ドロゴリアス(Lv1,コア1)]
    P2: Life:5, Reserve:0, Hand:4枚, Field:[ラスヘッド(Lv2,コア2s)]
  候補行動 (2件):
    [0] ATTACK | ストラレイ でアタック宣言 (Lv1, BP4000, 通ればライフ-🔷) -> eval: +0.4047
    [1] ATTACK | 重顎ドロゴリアス でアタック宣言 (Lv1, BP5000, 通ればライフ-🔷) -> eval: +0.4053
  ステップ終了評価: +0.3518
  => 選択: ATTACK | 重顎ドロゴリアス でアタック宣言 (Lv1, BP5000, 通ればライフ-🔷) (eval: +0.4053 > 終了評価 +0.3518)
     効果/結果: 🗡️ 「重顎ドロゴリアス」がアタック宣言 (BP5000)

Turn 3 | 手数 14 | 手番: P2(run3_run4.kann.weight) | ブロック宣言
  盤面:
    P1: Life:4, Reserve:0, Hand:4枚, Field:[ストラレイ(Lv1,コア1s), 重顎ドロゴリアス(Lv1,コア1)]
    P2: Life:5, Reserve:0, Hand:4枚, Field:[ラスヘッド(Lv2,コア2s)]
  候補行動 (1件):
    [0] PASS_BLOCK | ライフでアタックを受ける (ライフ-🔷) -> eval: +0.0959
  => 選択: PASS_BLOCK | ライフでアタックを受ける (ライフ-🔷) (eval: +0.0959)
     効果/結果: 💔 ブロックせず: プレイヤー2 のライフ-1 (コアはリザーブへ)

Turn 3 | 手数 15 | 手番: P1(run2_run3.kann.weight) | アタック宣言
  盤面:
    P1: Life:4, Reserve:0, Hand:4枚, Field:[ストラレイ(Lv1,コア1s), 重顎ドロゴリアス(Lv1,コア1)]
    P2: Life:4, Reserve:1, Hand:4枚, Field:[ラスヘッド(Lv2,コア2s)]
  候補行動 (1件):
    [0] ATTACK | ストラレイ でアタック宣言 (Lv1, BP4000, 通ればライフ-🔷) -> eval: +0.4494
  ステップ終了評価: +0.4108
  => 選択: ATTACK | ストラレイ でアタック宣言 (Lv1, BP4000, 通ればライフ-🔷) (eval: +0.4494 > 終了評価 +0.4108)
     効果/結果: 🗡️ 「ストラレイ」がアタック宣言 (BP4000)

Turn 3 | 手数 16 | 手番: P2(run3_run4.kann.weight) | ブロック宣言
  盤面:
    P1: Life:4, Reserve:0, Hand:4枚, Field:[ストラレイ(Lv1,コア1s), 重顎ドロゴリアス(Lv1,コア1)]
    P2: Life:4, Reserve:1, Hand:4枚, Field:[ラスヘッド(Lv2,コア2s)]
  候補行動 (1件):
    [0] PASS_BLOCK | ライフでアタックを受ける (ライフ-🔷) -> eval: +0.1341
  => 選択: PASS_BLOCK | ライフでアタックを受ける (ライフ-🔷) (eval: +0.1341)
     効果/結果: 💔 ブロックせず: プレイヤー2 のライフ-1 (コアはリザーブへ)

Turn 3 | 手数 17 | 手番: P1(run2_run3.kann.weight) | アタック宣言
  盤面:
    P1: Life:4, Reserve:0, Hand:4枚, Field:[ストラレイ(Lv1,コア1s), 重顎ドロゴリアス(Lv1,コア1)]
    P2: Life:3, Reserve:2, Hand:4枚, Field:[ラスヘッド(Lv2,コア2s)]
  候補行動 (0件):
  ステップ終了評価: +0.4542
  => 選択: ステップ終了

Turn 3 | 手数 18 | 手番: P1(run2_run3.kann.weight) | 第2メインステップ
  盤面:
    P1: Life:4, Reserve:0, Hand:4枚, Field:[ストラレイ(Lv1,コア1s), 重顎ドロゴリアス(Lv1,コア1)]
    P2: Life:3, Reserve:2, Hand:4枚, Field:[ラスヘッド(Lv2,コア2s)]
  候補行動 (8件):
    [0] USE_MAGIC | コスト🔷🔶, コアは置かない ⚠️ストラレイ・重顎ドロゴリアス消滅, (支払:ストラレイ:🔶, 重顎ドロゴリアス:🔷, 配置:なし) -> eval: -0.0351
    [1] SUMMON | コスト🔷, 配置コア🔶 ⚠️ストラレイ・重顎ドロゴリアス消滅, (支払:重顎ドロゴリアス:🔷, 配置:ストラレイ:🔶) -> eval: +0.0705
    [2] SUMMON | コスト🔶, 配置コア🔷 ⚠️ストラレイ・重顎ドロゴリアス消滅, (支払:ストラレイ:🔶, 配置:重顎ドロゴリアス:🔷) -> eval: +0.0848
    [3] MOVE_CORE | 🔶を移動 ⚠️ストラレイ消滅 -> eval: +0.2301
    [4] MOVE_CORE | 🔶を移動 ⚠️ストラレイ消滅 -> eval: +0.2367
    [5] MOVE_CORE | 🔶 ⇄ 🔷 を交換 -> eval: +0.4503
    [6] MOVE_CORE | 🔷を移動 ⚠️重顎ドロゴリアス消滅 -> eval: +0.2119
    [7] MOVE_CORE | 🔷を移動 ⚠️重顎ドロゴリアス消滅 -> eval: +0.2207
  ステップ終了評価: +0.4542
  => 選択: ステップ終了 (候補最大 +0.4503 <= 終了評価 +0.4542)

Turn 3 | 手数 19 | 手番: P1(run2_run3.kann.weight) | エンドステップ
  盤面:
    P1: Life:4, Reserve:0, Hand:4枚, Field:[ストラレイ(Lv1,コア1s), 重顎ドロゴリアス(Lv1,コア1)]
    P2: Life:3, Reserve:2, Hand:4枚, Field:[ラスヘッド(Lv2,コア2s)]
  候補行動 (0件):
  ステップ終了評価: +0.3806
  => 選択: ステップ終了
     効果/結果: 【ターン 4】 手番: プレイヤー2
     効果/結果: 🔷 コアステップ: ボイドからリザーブへコア1個
     効果/結果: 🃏 ドローステップ: 「重顎ドロゴリアス」をドロー (残り33枚)
     効果/結果: ♻️ リフレッシュステップ: トラッシュのコア3個をリザーブへ
     効果/結果: ♻️ リフレッシュステップ: 1体を回復

Turn 4 | 手数 20 | 手番: P2(run3_run4.kann.weight) | メインステップ
  盤面:
    P1: Life:4, Reserve:0, Hand:4枚, Field:[ストラレイ(Lv1,コア1s), 重顎ドロゴリアス(Lv1,コア1)]
    P2: Life:3, Reserve:6, Hand:5枚, Field:[ラスヘッド(Lv2,コア2s)]
  候補行動 (101件):
    [0] USE_MAGIC | コスト🔷🔷🔷, コアは置かない, (支払:R:🔷🔷🔷, 配置:なし) -> eval: -0.0770
    [1] USE_MAGIC | コスト🔷🔷🔷, コアは置かない, (支払:R:🔷🔷, ラスヘッド:🔷, 配置:なし) -> eval: -0.0876
    [2] USE_MAGIC | コスト🔷🔷🔶, コアは置かない, (支払:R:🔷🔷, ラスヘッド:🔶, 配置:なし) -> eval: -0.0885
    [3] USE_MAGIC | コスト🔷🔷🔶, コアは置かない ⚠️ラスヘッド消滅, (支払:R:🔷, ラスヘッド:🔷🔶, 配置:なし) -> eval: -0.1490
    [4] SUMMON | コスト🔷, 配置コア🔷, (支払:R:🔷, 配置:R:🔷) -> eval: +0.0262
    [5] SUMMON | コスト🔷, 配置コア🔷, (支払:ラスヘッド:🔷, 配置:R:🔷) -> eval: +0.0217
    [6] SUMMON | コスト🔷, 配置コア🔶, (支払:R:🔷, 配置:ラスヘッド:🔶) -> eval: +0.0384
    [7] SUMMON | コスト🔷, 配置コア🔶 ⚠️ラスヘッド消滅, (支払:ラスヘッド:🔷, 配置:ラスヘッド:🔶) -> eval: -0.1073
    [8] SUMMON | コスト🔶, 配置コア🔷, (支払:ラスヘッド:🔶, 配置:R:🔷) -> eval: +0.0339
    [9] SUMMON | コスト🔶, 配置コア🔷 ⚠️ラスヘッド消滅, (支払:ラスヘッド:🔶, 配置:ラスヘッド:🔷) -> eval: -0.0860
    [10] SUMMON | コスト🔷, 配置コア🔷🔷, (支払:R:🔷, 配置:R:🔷🔷) -> eval: +0.0317
    [11] SUMMON | コスト🔷, 配置コア🔷🔷, (支払:ラスヘッド:🔷, 配置:R:🔷🔷) -> eval: +0.0263
    [12] SUMMON | コスト🔷, 配置コア🔷🔶, (支払:R:🔷, 配置:R:🔷, ラスヘッド:🔶) -> eval: +0.0459
    [13] SUMMON | コスト🔷, 配置コア🔷🔶 ⚠️ラスヘッド消滅, (支払:ラスヘッド:🔷, 配置:R:🔷, ラスヘッド:🔶) -> eval: -0.1003
    [14] SUMMON | コスト🔶, 配置コア🔷🔷, (支払:ラスヘッド:🔶, 配置:R:🔷🔷) -> eval: +0.0398
    [15] SUMMON | コスト🔶, 配置コア🔷🔷 ⚠️ラスヘッド消滅, (支払:ラスヘッド:🔶, 配置:R:🔷, ラスヘッド:🔷) -> eval: -0.0801
    [16] SUMMON | コスト🔷, 配置コア🔷🔷🔷, (支払:R:🔷, 配置:R:🔷🔷🔷) -> eval: +0.0738
    [17] SUMMON | コスト🔷, 配置コア🔷🔷🔷, (支払:ラスヘッド:🔷, 配置:R:🔷🔷🔷) -> eval: +0.0672
    [18] SUMMON | コスト🔷, 配置コア🔷🔷🔶, (支払:R:🔷, 配置:R:🔷🔷, ラスヘッド:🔶) -> eval: +0.0723
    [19] SUMMON | コスト🔷, 配置コア🔷🔷🔶 ⚠️ラスヘッド消滅, (支払:ラスヘッド:🔷, 配置:R:🔷🔷, ラスヘッド:🔶) -> eval: -0.0755
    [20] SUMMON | コスト🔶, 配置コア🔷🔷🔷, (支払:ラスヘッド:🔶, 配置:R:🔷🔷🔷) -> eval: +0.0867
    [21] SUMMON | コスト🔶, 配置コア🔷🔷🔷 ⚠️ラスヘッド消滅, (支払:ラスヘッド:🔶, 配置:R:🔷🔷, ラスヘッド:🔷) -> eval: -0.0424
    [22] SUMMON | コスト🔷, 配置コア🔷🔷🔷🔷, (支払:R:🔷, 配置:R:🔷🔷🔷🔷) -> eval: +0.0823
    [23] SUMMON | コスト🔷, 配置コア🔷🔷🔷🔷, (支払:ラスヘッド:🔷, 配置:R:🔷🔷🔷🔷) -> eval: +0.0750
    [24] SUMMON | コスト🔷, 配置コア🔷🔷🔷🔶, (支払:R:🔷, 配置:R:🔷🔷🔷, ラスヘッド:🔶) -> eval: +0.0823
    [25] SUMMON | コスト🔷, 配置コア🔷🔷🔷🔶 ⚠️ラスヘッド消滅, (支払:ラスヘッド:🔷, 配置:R:🔷🔷🔷, ラスヘッド:🔶) -> eval: -0.0657
    [26] SUMMON | コスト🔶, 配置コア🔷🔷🔷🔷, (支払:ラスヘッド:🔶, 配置:R:🔷🔷🔷🔷) -> eval: +0.0956
    [27] SUMMON | コスト🔶, 配置コア🔷🔷🔷🔷 ⚠️ラスヘッド消滅, (支払:ラスヘッド:🔶, 配置:R:🔷🔷🔷, ラスヘッド:🔷) -> eval: -0.0334
    [28] SUMMON | コスト🔷, 配置コア🔷🔷🔷🔷🔷, (支払:R:🔷, 配置:R:🔷🔷🔷🔷🔷) -> eval: +0.0919
    [29] SUMMON | コスト🔷, 配置コア🔷🔷🔷🔷🔷, (支払:ラスヘッド:🔷, 配置:R:🔷🔷🔷🔷🔷) -> eval: +0.0839
    [30] SUMMON | コスト🔷, 配置コア🔷🔷🔷🔷🔶, (支払:R:🔷, 配置:R:🔷🔷🔷🔷, ラスヘッド:🔶) -> eval: +0.0933
    [31] SUMMON | コスト🔷, 配置コア🔷🔷🔷🔷🔶 ⚠️ラスヘッド消滅, (支払:ラスヘッド:🔷, 配置:R:🔷🔷🔷🔷, ラスヘッド:🔶) -> eval: -0.0549
    [32] SUMMON | コスト🔶, 配置コア🔷🔷🔷🔷🔷, (支払:ラスヘッド:🔶, 配置:R:🔷🔷🔷🔷🔷) -> eval: +0.1054
    [33] SUMMON | コスト🔶, 配置コア🔷🔷🔷🔷🔷 ⚠️ラスヘッド消滅, (支払:ラスヘッド:🔶, 配置:R:🔷🔷🔷🔷, ラスヘッド:🔷) -> eval: -0.0234
    [34] SUMMON | コスト🔷, 配置コア🔷🔷🔷🔷🔷🔷, (支払:ラスヘッド:🔷, 配置:R:🔷🔷🔷🔷🔷🔷) -> eval: +0.0938
    [35] SUMMON | コスト🔷, 配置コア🔷🔷🔷🔷🔷🔶, (支払:R:🔷, 配置:R:🔷🔷🔷🔷🔷, ラスヘッド:🔶) -> eval: +0.1052
    [36] SUMMON | コスト🔷, 配置コア🔷🔷🔷🔷🔷🔶 ⚠️ラスヘッド消滅, (支払:ラスヘッド:🔷, 配置:R:🔷🔷🔷🔷🔷, ラスヘッド:🔶) -> eval: -0.0431
    [37] SUMMON | コスト🔶, 配置コア🔷🔷🔷🔷🔷🔷, (支払:ラスヘッド:🔶, 配置:R:🔷🔷🔷🔷🔷🔷) -> eval: +0.1162
    [38] SUMMON | コスト🔶, 配置コア🔷🔷🔷🔷🔷🔷 ⚠️ラスヘッド消滅, (支払:ラスヘッド:🔶, 配置:R:🔷🔷🔷🔷🔷, ラスヘッド:🔷) -> eval: -0.0125
    [39] SUMMON | コスト🔷, 配置コア🔷🔷🔷🔷🔷🔷🔶 ⚠️ラスヘッド消滅, (支払:ラスヘッド:🔷, 配置:R:🔷🔷🔷🔷🔷🔷, ラスヘッド:🔶) -> eval: -0.0305
    [40] SUMMON | コスト🔶, 配置コア🔷🔷🔷🔷🔷🔷🔷 ⚠️ラスヘッド消滅, (支払:ラスヘッド:🔶, 配置:R:🔷🔷🔷🔷🔷🔷, ラスヘッド:🔷) -> eval: -0.0008
    [41] SUMMON | コスト🔷🔷, 配置コア🔷, (支払:R:🔷🔷, 配置:R:🔷) -> eval: +0.0513
    [42] SUMMON | コスト🔷🔷, 配置コア🔷, (支払:R:🔷, ラスヘッド:🔷, 配置:R:🔷) -> eval: +0.0454
    [43] SUMMON | コスト🔷🔷, 配置コア🔶, (支払:R:🔷🔷, 配置:ラスヘッド:🔶) -> eval: +0.0541
    [44] SUMMON | コスト🔷🔷, 配置コア🔶 ⚠️ラスヘッド消滅, (支払:R:🔷, ラスヘッド:🔷, 配置:ラスヘッド:🔶) -> eval: -0.0882
    [45] SUMMON | コスト🔷🔶, 配置コア🔷, (支払:R:🔷, ラスヘッド:🔶, 配置:R:🔷) -> eval: +0.0601
    [46] SUMMON | コスト🔷🔶, 配置コア🔷 ⚠️ラスヘッド消滅, (支払:ラスヘッド:🔷🔶, 配置:R:🔷) -> eval: -0.0573
    [47] SUMMON | コスト🔷🔷, 配置コア🔷🔷, (支払:R:🔷🔷, 配置:R:🔷🔷) -> eval: +0.0579
    [48] SUMMON | コスト🔷🔷, 配置コア🔷🔷, (支払:R:🔷, ラスヘッド:🔷, 配置:R:🔷🔷) -> eval: +0.0512
    [49] SUMMON | コスト🔷🔷, 配置コア🔷🔶, (支払:R:🔷🔷, 配置:R:🔷, ラスヘッド:🔶) -> eval: +0.0617
    [50] SUMMON | コスト🔷🔷, 配置コア🔷🔶 ⚠️ラスヘッド消滅, (支払:R:🔷, ラスヘッド:🔷, 配置:R:🔷, ラスヘッド:🔶) -> eval: -0.0803
    [51] SUMMON | コスト🔷🔶, 配置コア🔷🔷, (支払:R:🔷, ラスヘッド:🔶, 配置:R:🔷🔷) -> eval: +0.0670
    [52] SUMMON | コスト🔷🔶, 配置コア🔷🔷 ⚠️ラスヘッド消滅, (支払:ラスヘッド:🔷🔶, 配置:R:🔷🔷) -> eval: -0.0500
    [53] SUMMON | コスト🔷🔷, 配置コア🔷🔷🔷, (支払:R:🔷🔷, 配置:R:🔷🔷🔷) -> eval: +0.1055
    [54] SUMMON | コスト🔷🔷, 配置コア🔷🔷🔷, (支払:R:🔷, ラスヘッド:🔷, 配置:R:🔷🔷🔷) -> eval: +0.0979
    [55] SUMMON | コスト🔷🔷, 配置コア🔷🔷🔶, (支払:R:🔷🔷, 配置:R:🔷🔷, ラスヘッド:🔶) -> eval: +0.0944
    [56] SUMMON | コスト🔷🔷, 配置コア🔷🔷🔶 ⚠️ラスヘッド消滅, (支払:R:🔷, ラスヘッド:🔷, 配置:R:🔷🔷, ラスヘッド:🔶) -> eval: -0.0479
    [57] SUMMON | コスト🔷🔶, 配置コア🔷🔷🔷, (支払:R:🔷, ラスヘッド:🔶, 配置:R:🔷🔷🔷) -> eval: +0.1202
    [58] SUMMON | コスト🔷🔶, 配置コア🔷🔷🔷 ⚠️ラスヘッド消滅, (支払:ラスヘッド:🔷🔶, 配置:R:🔷🔷🔷) -> eval: -0.0056
    [59] SUMMON | コスト🔷🔷, 配置コア🔷🔷🔷🔷, (支払:R:🔷🔷, 配置:R:🔷🔷🔷🔷) -> eval: +0.1152
    [60] SUMMON | コスト🔷🔷, 配置コア🔷🔷🔷🔷, (支払:R:🔷, ラスヘッド:🔷, 配置:R:🔷🔷🔷🔷) -> eval: +0.1069
    [61] SUMMON | コスト🔷🔷, 配置コア🔷🔷🔷🔶, (支払:R:🔷🔷, 配置:R:🔷🔷🔷, ラスヘッド:🔶) -> eval: +0.1045
    [62] SUMMON | コスト🔷🔷, 配置コア🔷🔷🔷🔶 ⚠️ラスヘッド消滅, (支払:R:🔷, ラスヘッド:🔷, 配置:R:🔷🔷🔷, ラスヘッド:🔶) -> eval: -0.0372
    [63] SUMMON | コスト🔷🔶, 配置コア🔷🔷🔷🔷, (支払:R:🔷, ラスヘッド:🔶, 配置:R:🔷🔷🔷🔷) -> eval: +0.1299
    [64] SUMMON | コスト🔷🔶, 配置コア🔷🔷🔷🔷 ⚠️ラスヘッド消滅, (支払:ラスヘッド:🔷🔶, 配置:R:🔷🔷🔷🔷) -> eval: +0.0048
    [65] SUMMON | コスト🔷🔷, 配置コア🔷🔷🔷🔷🔷, (支払:R:🔷, ラスヘッド:🔷, 配置:R:🔷🔷🔷🔷🔷) -> eval: +0.1169
    [66] SUMMON | コスト🔷🔷, 配置コア🔷🔷🔷🔷🔶, (支払:R:🔷🔷, 配置:R:🔷🔷🔷🔷, ラスヘッド:🔶) -> eval: +0.1156
    [67] SUMMON | コスト🔷🔷, 配置コア🔷🔷🔷🔷🔶 ⚠️ラスヘッド消滅, (支払:R:🔷, ラスヘッド:🔷, 配置:R:🔷🔷🔷🔷, ラスヘッド:🔶) -> eval: -0.0256
    [68] SUMMON | コスト🔷🔶, 配置コア🔷🔷🔷🔷🔷, (支払:R:🔷, ラスヘッド:🔶, 配置:R:🔷🔷🔷🔷🔷) -> eval: +0.1406
    [69] SUMMON | コスト🔷🔶, 配置コア🔷🔷🔷🔷🔷 ⚠️ラスヘッド消滅, (支払:ラスヘッド:🔷🔶, 配置:R:🔷🔷🔷🔷🔷) -> eval: +0.0161
    [70] SUMMON | コスト🔷🔷, 配置コア🔷🔷🔷🔷🔷🔶 ⚠️ラスヘッド消滅, (支払:R:🔷, ラスヘッド:🔷, 配置:R:🔷🔷🔷🔷🔷, ラスヘッド:🔶) -> eval: -0.0131
    [71] SUMMON | コスト🔷🔶, 配置コア🔷🔷🔷🔷🔷🔷 ⚠️ラスヘッド消滅, (支払:ラスヘッド:🔷🔶, 配置:R:🔷🔷🔷🔷🔷🔷) -> eval: +0.0281
    [72] SUMMON | コスト🔷🔷🔷🔷, 配置コア🔷, (支払:R:🔷🔷🔷🔷, 配置:R:🔷) -> eval: +0.0710
    [73] SUMMON | コスト🔷🔷🔷🔷, 配置コア🔷, (支払:R:🔷🔷🔷, ラスヘッド:🔷, 配置:R:🔷) -> eval: +0.0633
    [74] SUMMON | コスト🔷🔷🔷🔷, 配置コア🔶, (支払:R:🔷🔷🔷🔷, 配置:ラスヘッド:🔶) -> eval: +0.0708
    [75] SUMMON | コスト🔷🔷🔷🔷, 配置コア🔶 ⚠️ラスヘッド消滅, (支払:R:🔷🔷🔷, ラスヘッド:🔷, 配置:ラスヘッド:🔶) -> eval: -0.0687
    [76] SUMMON | コスト🔷🔷🔷🔶, 配置コア🔷, (支払:R:🔷🔷🔷, ラスヘッド:🔶, 配置:R:🔷) -> eval: +0.0783
    [77] SUMMON | コスト🔷🔷🔷🔶, 配置コア🔷 ⚠️ラスヘッド消滅, (支払:R:🔷🔷, ラスヘッド:🔷🔶, 配置:R:🔷) -> eval: -0.0341
    [78] SUMMON | コスト🔷🔷🔷🔷, 配置コア🔷🔷, (支払:R:🔷🔷🔷🔷, 配置:R:🔷🔷) -> eval: +0.1050
    [79] SUMMON | コスト🔷🔷🔷🔷, 配置コア🔷🔷, (支払:R:🔷🔷🔷, ラスヘッド:🔷, 配置:R:🔷🔷) -> eval: +0.0965
    [80] SUMMON | コスト🔷🔷🔷🔷, 配置コア🔷🔶, (支払:R:🔷🔷🔷🔷, 配置:R:🔷, ラスヘッド:🔶) -> eval: +0.0930
    [81] SUMMON | コスト🔷🔷🔷🔷, 配置コア🔷🔶 ⚠️ラスヘッド消滅, (支払:R:🔷🔷🔷, ラスヘッド:🔷, 配置:R:🔷, ラスヘッド:🔶) -> eval: -0.0467
    [82] SUMMON | コスト🔷🔷🔷🔶, 配置コア🔷🔷, (支払:R:🔷🔷🔷, ラスヘッド:🔶, 配置:R:🔷🔷) -> eval: +0.1159
    [83] SUMMON | コスト🔷🔷🔷🔶, 配置コア🔷🔷 ⚠️ラスヘッド消滅, (支払:R:🔷🔷, ラスヘッド:🔷🔶, 配置:R:🔷🔷) -> eval: -0.0031
    [84] SUMMON | コスト🔷🔷🔷🔷, 配置コア🔷🔷🔷, (支払:R:🔷🔷🔷, ラスヘッド:🔷, 配置:R:🔷🔷🔷) -> eval: +0.1059
    [85] SUMMON | コスト🔷🔷🔷🔷, 配置コア🔷🔷🔶, (支払:R:🔷🔷🔷🔷, 配置:R:🔷🔷, ラスヘッド:🔶) -> eval: +0.1034
    [86] SUMMON | コスト🔷🔷🔷🔷, 配置コア🔷🔷🔶 ⚠️ラスヘッド消滅, (支払:R:🔷🔷🔷, ラスヘッド:🔷, 配置:R:🔷🔷, ラスヘッド:🔶) -> eval: -0.0354
    [87] SUMMON | コスト🔷🔷🔷🔶, 配置コア🔷🔷🔷, (支払:R:🔷🔷🔷, ラスヘッド:🔶, 配置:R:🔷🔷🔷) -> eval: +0.1260
    [88] SUMMON | コスト🔷🔷🔷🔶, 配置コア🔷🔷🔷 ⚠️ラスヘッド消滅, (支払:R:🔷🔷, ラスヘッド:🔷🔶, 配置:R:🔷🔷🔷) -> eval: +0.0079
    [89] SUMMON | コスト🔷🔷🔷🔷, 配置コア🔷🔷🔷🔶 ⚠️ラスヘッド消滅, (支払:R:🔷🔷🔷, ラスヘッド:🔷, 配置:R:🔷🔷🔷, ラスヘッド:🔶) -> eval: -0.0232
    [90] SUMMON | コスト🔷🔷🔷🔶, 配置コア🔷🔷🔷🔷 ⚠️ラスヘッド消滅, (支払:R:🔷🔷, ラスヘッド:🔷🔶, 配置:R:🔷🔷🔷🔷) -> eval: +0.0198
    [91] MOVE_CORE | 🔷を移動 -> eval: -0.0263
    [92] MOVE_CORE | 🔷🔷を移動 -> eval: -0.0195
    [93] MOVE_CORE | 🔷🔷🔷を移動 -> eval: -0.0114
    [94] MOVE_CORE | 🔷🔷🔷🔷を移動 -> eval: -0.0021
    [95] MOVE_CORE | 🔷🔷🔷🔷🔷を移動 -> eval: +0.0084
    [96] MOVE_CORE | 🔷🔷🔷🔷🔷🔷を移動 -> eval: +0.0202
    [97] MOVE_CORE | 🔷を移動 -> eval: -0.0359
    [98] MOVE_CORE | 🔶を移動 -> eval: -0.0491
    [99] MOVE_CORE | 🔷🔶を移動 ⚠️ラスヘッド消滅 -> eval: -0.1530
    [100] MOVE_CORE | 🔶 ⇄ 🔷 を交換 -> eval: -0.0465
  ステップ終了評価: -0.0317
  => 選択: SUMMON | コスト🔷🔶, 配置コア🔷🔷🔷🔷🔷, (支払:R:🔷, ラスヘッド:🔶, 配置:R:🔷🔷🔷🔷🔷) (eval: +0.1406 > 終了評価 -0.0317)
     効果/結果: 🎴 「ストラレイ」を召喚 (コスト2をトラッシュへ) ※ラスヘッドから1個

Turn 4 | 手数 21 | 手番: P2(run3_run4.kann.weight) | メインステップ
  盤面:
    P1: Life:4, Reserve:0, Hand:4枚, Field:[ストラレイ(Lv1,コア1s), 重顎ドロゴリアス(Lv1,コア1)]
    P2: Life:3, Reserve:0, Hand:4枚, Field:[ラスヘッド(Lv1,コア1), ストラレイ(Lv2,コア5)]
  候補行動 (28件):
    [0] USE_MAGIC | コスト🔷🔷, コアは置かない ⚠️ラスヘッド消滅, (支払:ラスヘッド:🔷, ストラレイ:🔷, 配置:なし) -> eval: +0.0095
    [1] USE_MAGIC | コスト🔷🔷, コアは置かない, (支払:ストラレイ:🔷🔷, 配置:なし) -> eval: +0.0692
    [2] SUMMON | コスト🔷, 配置コア🔷 ⚠️ラスヘッド消滅, (支払:ストラレイ:🔷, 配置:ラスヘッド:🔷) -> eval: +0.0785
    [3] SUMMON | コスト🔷, 配置コア🔷, (支払:ストラレイ:🔷, 配置:ストラレイ:🔷) -> eval: +0.1890
    [4] SUMMON | コスト🔷, 配置コア🔷🔷 ⚠️ラスヘッド消滅, (支払:ストラレイ:🔷, 配置:ラスヘッド:🔷, ストラレイ:🔷) -> eval: +0.0777
    [5] SUMMON | コスト🔷, 配置コア🔷🔷, (支払:ストラレイ:🔷, 配置:ストラレイ:🔷🔷) -> eval: +0.1473
    [6] SUMMON | コスト🔷, 配置コア🔷🔷🔷 ⚠️ラスヘッド消滅, (支払:ストラレイ:🔷, 配置:ラスヘッド:🔷, ストラレイ:🔷🔷) -> eval: +0.0773
    [7] SUMMON | コスト🔷, 配置コア🔷🔷🔷, (支払:ストラレイ:🔷, 配置:ストラレイ:🔷🔷🔷) -> eval: +0.1872
    [8] SUMMON | コスト🔷, 配置コア🔷🔷🔷🔷 ⚠️ラスヘッド消滅, (支払:ストラレイ:🔷, 配置:ラスヘッド:🔷, ストラレイ:🔷🔷🔷) -> eval: +0.0789
    [9] SUMMON | コスト🔷, 配置コア🔷🔷🔷🔷 ⚠️ストラレイ消滅, (支払:ストラレイ:🔷, 配置:ストラレイ:🔷🔷🔷🔷) -> eval: +0.0698
    [10] SUMMON | コスト🔷, 配置コア🔷🔷🔷🔷🔷 ⚠️ラスヘッド・ストラレイ消滅, (支払:ストラレイ:🔷, 配置:ラスヘッド:🔷, ストラレイ:🔷🔷🔷🔷) -> eval: +0.0081
    [11] SUMMON | コスト🔷🔷🔷, 配置コア🔷 ⚠️ラスヘッド消滅, (支払:ストラレイ:🔷🔷🔷, 配置:ラスヘッド:🔷) -> eval: +0.0728
    [12] SUMMON | コスト🔷🔷🔷, 配置コア🔷, (支払:ストラレイ:🔷🔷🔷, 配置:ストラレイ:🔷) -> eval: +0.1711
    [13] SUMMON | コスト🔷🔷🔷, 配置コア🔷🔷 ⚠️ラスヘッド消滅, (支払:ストラレイ:🔷🔷🔷, 配置:ラスヘッド:🔷, ストラレイ:🔷) -> eval: +0.0981
    [14] SUMMON | コスト🔷🔷🔷, 配置コア🔷🔷 ⚠️ストラレイ消滅, (支払:ストラレイ:🔷🔷🔷, 配置:ストラレイ:🔷🔷) -> eval: +0.0893
    [15] SUMMON | コスト🔷🔷🔷, 配置コア🔷🔷🔷 ⚠️ラスヘッド・ストラレイ消滅, (支払:ストラレイ:🔷🔷🔷, 配置:ラスヘッド:🔷, ストラレイ:🔷🔷) -> eval: +0.0323
    [16] MOVE_CORE | 🔷を移動 ⚠️ラスヘッド消滅 -> eval: +0.0161
    [17] MOVE_CORE | 🔷を移動 ⚠️ラスヘッド消滅 -> eval: +0.0281
    [18] MOVE_CORE | 🔷を移動 -> eval: +0.1299
    [19] MOVE_CORE | 🔷🔷を移動 -> eval: +0.1202
    [20] MOVE_CORE | 🔷🔷🔷を移動 -> eval: +0.0670
    [21] MOVE_CORE | 🔷🔷🔷🔷を移動 -> eval: +0.0601
    [22] MOVE_CORE | 🔷🔷🔷🔷🔷を移動 ⚠️ストラレイ消滅 -> eval: -0.0651
    [23] MOVE_CORE | 🔷を移動 -> eval: +0.1375
    [24] MOVE_CORE | 🔷🔷を移動 -> eval: +0.1350
    [25] MOVE_CORE | 🔷🔷🔷を移動 -> eval: +0.0882
    [26] MOVE_CORE | 🔷🔷🔷🔷を移動 -> eval: +0.0874
    [27] MOVE_CORE | 🔷🔷🔷🔷🔷を移動 ⚠️ストラレイ消滅 -> eval: -0.0197
  ステップ終了評価: +0.1406
  => 選択: SUMMON | コスト🔷, 配置コア🔷, (支払:ストラレイ:🔷, 配置:ストラレイ:🔷) (eval: +0.1890 > 終了評価 +0.1406)
     効果/結果: 🎴 「フラッティ」を召喚 (コスト1をトラッシュへ) ※ストラレイから1個, ストラレイから1個

Turn 4 | 手数 22 | 手番: P2(run3_run4.kann.weight) | メインステップ
  盤面:
    P1: Life:4, Reserve:0, Hand:4枚, Field:[ストラレイ(Lv1,コア1s), 重顎ドロゴリアス(Lv1,コア1)]
    P2: Life:3, Reserve:0, Hand:3枚, Field:[ラスヘッド(Lv1,コア1), ストラレイ(Lv2,コア3), フラッティ(Lv1,コア1)]
  候補行動 (38件):
    [0] USE_MAGIC | コスト🔷, コアは置かない ⚠️ラスヘッド消滅, (支払:ラスヘッド:🔷, 配置:なし) -> eval: +0.0543
    [1] USE_MAGIC | コスト🔷, コアは置かない, (支払:ストラレイ:🔷, 配置:なし) -> eval: +0.0810
    [2] USE_MAGIC | コスト🔷, コアは置かない ⚠️フラッティ消滅, (支払:フラッティ:🔷, 配置:なし) -> eval: +0.0736
    [3] SUMMON | コスト🔷, 配置コア🔷 ⚠️ラスヘッド消滅, (支払:ストラレイ:🔷, 配置:ラスヘッド:🔷) -> eval: +0.0842
    [4] SUMMON | コスト🔷, 配置コア🔷 ⚠️ラスヘッド・フラッティ消滅, (支払:フラッティ:🔷, 配置:ラスヘッド:🔷) -> eval: +0.0769
    [5] SUMMON | コスト🔷, 配置コア🔷, (支払:ストラレイ:🔷, 配置:ストラレイ:🔷) -> eval: +0.1846
    [6] SUMMON | コスト🔷, 配置コア🔷 ⚠️フラッティ消滅, (支払:フラッティ:🔷, 配置:ストラレイ:🔷) -> eval: +0.1019
    [7] SUMMON | コスト🔷, 配置コア🔷🔷 ⚠️ラスヘッド消滅, (支払:ストラレイ:🔷, 配置:ラスヘッド:🔷, ストラレイ:🔷) -> eval: +0.0837
    [8] SUMMON | コスト🔷, 配置コア🔷🔷 ⚠️ラスヘッド・フラッティ消滅, (支払:フラッティ:🔷, 配置:ラスヘッド:🔷, ストラレイ:🔷) -> eval: +0.0459
    [9] SUMMON | コスト🔷, 配置コア🔷🔷 ⚠️ストラレイ消滅, (支払:ストラレイ:🔷, 配置:ストラレイ:🔷🔷) -> eval: +0.0749
    [10] SUMMON | コスト🔷, 配置コア🔷🔷 ⚠️フラッティ消滅, (支払:フラッティ:🔷, 配置:ストラレイ:🔷🔷) -> eval: +0.1016
    [11] SUMMON | コスト🔷, 配置コア🔷🔷🔷 ⚠️ラスヘッド・ストラレイ消滅, (支払:ストラレイ:🔷, 配置:ラスヘッド:🔷, ストラレイ:🔷🔷) -> eval: +0.0516
    [12] SUMMON | コスト🔷, 配置コア🔷🔷🔷 ⚠️ラスヘッド・フラッティ消滅, (支払:フラッティ:🔷, 配置:ラスヘッド:🔷, ストラレイ:🔷🔷) -> eval: +0.0767
    [13] SUMMON | コスト🔷, 配置コア🔷🔷🔷 ⚠️ストラレイ・フラッティ消滅, (支払:フラッティ:🔷, 配置:ストラレイ:🔷🔷🔷) -> eval: +0.0687
    [14] SUMMON | コスト🔷, 配置コア🔷🔷🔷🔷 ⚠️ラスヘッド・ストラレイ・フラッティ消滅, (支払:フラッティ:🔷, 配置:ラスヘッド:🔷, ストラレイ:🔷🔷🔷) -> eval: +0.0186
    [15] SUMMON | コスト🔷🔷, 配置コア🔷 ⚠️ラスヘッド消滅, (支払:ストラレイ:🔷🔷, 配置:ラスヘッド:🔷) -> eval: +0.1230
    [16] SUMMON | コスト🔷🔷, 配置コア🔷 ⚠️ラスヘッド・フラッティ消滅, (支払:ストラレイ:🔷, フラッティ:🔷, 配置:ラスヘッド:🔷) -> eval: +0.0839
    [17] SUMMON | コスト🔷🔷, 配置コア🔷 ⚠️ストラレイ消滅, (支払:ストラレイ:🔷🔷, 配置:ストラレイ:🔷) -> eval: +0.1142
    [18] SUMMON | コスト🔷🔷, 配置コア🔷 ⚠️フラッティ消滅, (支払:ストラレイ:🔷, フラッティ:🔷, 配置:ストラレイ:🔷) -> eval: +0.1404
    [19] SUMMON | コスト🔷🔷, 配置コア🔷🔷 ⚠️ラスヘッド・ストラレイ消滅, (支払:ストラレイ:🔷🔷, 配置:ラスヘッド:🔷, ストラレイ:🔷) -> eval: +0.0809
    [20] SUMMON | コスト🔷🔷, 配置コア🔷🔷 ⚠️ラスヘッド・フラッティ消滅, (支払:ストラレイ:🔷, フラッティ:🔷, 配置:ラスヘッド:🔷, ストラレイ:🔷) -> eval: +0.1053
    [21] SUMMON | コスト🔷🔷, 配置コア🔷🔷 ⚠️ストラレイ・フラッティ消滅, (支払:ストラレイ:🔷, フラッティ:🔷, 配置:ストラレイ:🔷🔷) -> eval: +0.0975
    [22] SUMMON | コスト🔷🔷, 配置コア🔷🔷🔷 ⚠️ラスヘッド・ストラレイ・フラッティ消滅, (支払:ストラレイ:🔷, フラッティ:🔷, 配置:ラスヘッド:🔷, ストラレイ:🔷🔷) -> eval: +0.0486
    [23] MOVE_CORE | 🔷を移動 ⚠️ラスヘッド消滅 -> eval: +0.0672
    [24] MOVE_CORE | 🔷を移動 ⚠️ラスヘッド消滅 -> eval: +0.0785
    [25] MOVE_CORE | 🔷を移動 ⚠️ラスヘッド消滅 -> eval: +0.0777
    [26] MOVE_CORE | 🔷を移動 -> eval: +0.1380
    [27] MOVE_CORE | 🔷🔷を移動 -> eval: +0.1298
    [28] MOVE_CORE | 🔷🔷🔷を移動 ⚠️ストラレイ消滅 -> eval: +0.0032
    [29] MOVE_CORE | 🔷を移動 -> eval: +0.1467
    [30] MOVE_CORE | 🔷🔷を移動 -> eval: +0.1469
    [31] MOVE_CORE | 🔷🔷🔷を移動 ⚠️ストラレイ消滅 -> eval: +0.0324
    [32] MOVE_CORE | 🔷を移動 -> eval: +0.1473
    [33] MOVE_CORE | 🔷🔷を移動 -> eval: +0.1872
    [34] MOVE_CORE | 🔷🔷🔷を移動 ⚠️ストラレイ消滅 -> eval: +0.0698
    [35] MOVE_CORE | 🔷を移動 ⚠️フラッティ消滅 -> eval: +0.0863
    [36] MOVE_CORE | 🔷を移動 ⚠️フラッティ消滅 -> eval: +0.0964
    [37] MOVE_CORE | 🔷を移動 ⚠️フラッティ消滅 -> eval: +0.0984
  ステップ終了評価: +0.1890
  => 選択: ステップ終了 (候補最大 +0.1872 <= 終了評価 +0.1890)

Turn 4 | 手数 23 | 手番: P2(run3_run4.kann.weight) | アタック宣言
  盤面:
    P1: Life:4, Reserve:0, Hand:4枚, Field:[ストラレイ(Lv1,コア1s), 重顎ドロゴリアス(Lv1,コア1)]
    P2: Life:3, Reserve:0, Hand:3枚, Field:[ラスヘッド(Lv1,コア1), ストラレイ(Lv2,コア3), フラッティ(Lv1,コア1)]
  候補行動 (3件):
    [0] ATTACK | ラスヘッド でアタック宣言 (Lv1, BP3000, 通ればライフ-🔷) -> eval: +0.2655
    [1] ATTACK | ストラレイ でアタック宣言 (Lv2, BP7000, 通ればライフ-🔷) -> eval: +0.2383
    [2] ATTACK | フラッティ でアタック宣言 (Lv1, BP1000, 通ればライフ-🔷) -> eval: +0.2349
  ステップ終了評価: +0.1890
  => 選択: ATTACK | ラスヘッド でアタック宣言 (Lv1, BP3000, 通ればライフ-🔷) (eval: +0.2655 > 終了評価 +0.1890)
     効果/結果: 🗡️ 「ラスヘッド」がアタック宣言 (BP3000)

Turn 4 | 手数 24 | 手番: P1(run2_run3.kann.weight) | ブロック宣言
  盤面:
    P1: Life:4, Reserve:0, Hand:4枚, Field:[ストラレイ(Lv1,コア1s), 重顎ドロゴリアス(Lv1,コア1)]
    P2: Life:3, Reserve:0, Hand:3枚, Field:[ラスヘッド(Lv1,コア1), ストラレイ(Lv2,コア3), フラッティ(Lv1,コア1)]
  候補行動 (1件):
    [0] PASS_BLOCK | ライフでアタックを受ける (ライフ-🔷) -> eval: +0.4106
  => 選択: PASS_BLOCK | ライフでアタックを受ける (ライフ-🔷) (eval: +0.4106)
     効果/結果: 💔 ブロックせず: プレイヤー1 のライフ-1 (コアはリザーブへ)

Turn 4 | 手数 25 | 手番: P2(run3_run4.kann.weight) | アタック宣言
  盤面:
    P1: Life:3, Reserve:1, Hand:4枚, Field:[ストラレイ(Lv1,コア1s), 重顎ドロゴリアス(Lv1,コア1)]
    P2: Life:3, Reserve:0, Hand:3枚, Field:[ラスヘッド(Lv1,コア1), ストラレイ(Lv2,コア3), フラッティ(Lv1,コア1)]
  候補行動 (2件):
    [0] ATTACK | ストラレイ でアタック宣言 (Lv2, BP7000, 通ればライフ-🔷) -> eval: +0.3142
    [1] ATTACK | フラッティ でアタック宣言 (Lv1, BP1000, 通ればライフ-🔷) -> eval: +0.3125
  ステップ終了評価: +0.2801
  => 選択: ATTACK | ストラレイ でアタック宣言 (Lv2, BP7000, 通ればライフ-🔷) (eval: +0.3142 > 終了評価 +0.2801)
     効果/結果: 🗡️ 「ストラレイ」がアタック宣言 (BP7000)

Turn 4 | 手数 26 | 手番: P1(run2_run3.kann.weight) | ブロック宣言
  盤面:
    P1: Life:3, Reserve:1, Hand:4枚, Field:[ストラレイ(Lv1,コア1s), 重顎ドロゴリアス(Lv1,コア1)]
    P2: Life:3, Reserve:0, Hand:3枚, Field:[ラスヘッド(Lv1,コア1), ストラレイ(Lv2,コア3), フラッティ(Lv1,コア1)]
  候補行動 (1件):
    [0] PASS_BLOCK | ライフでアタックを受ける (ライフ-🔷) -> eval: +0.4699
  => 選択: PASS_BLOCK | ライフでアタックを受ける (ライフ-🔷) (eval: +0.4699)
     効果/結果: 💔 ブロックせず: プレイヤー1 のライフ-1 (コアはリザーブへ)

Turn 4 | 手数 27 | 手番: P2(run3_run4.kann.weight) | アタック宣言
  盤面:
    P1: Life:2, Reserve:2, Hand:4枚, Field:[ストラレイ(Lv1,コア1s), 重顎ドロゴリアス(Lv1,コア1)]
    P2: Life:3, Reserve:0, Hand:3枚, Field:[ラスヘッド(Lv1,コア1), ストラレイ(Lv2,コア3), フラッティ(Lv1,コア1)]
  候補行動 (1件):
    [0] ATTACK | フラッティ でアタック宣言 (Lv1, BP1000, 通ればライフ-🔷) -> eval: +0.3517
  ステップ終了評価: +0.3279
  => 選択: ATTACK | フラッティ でアタック宣言 (Lv1, BP1000, 通ればライフ-🔷) (eval: +0.3517 > 終了評価 +0.3279)
     効果/結果: 🗡️ 「フラッティ」がアタック宣言 (BP1000)

Turn 4 | 手数 28 | 手番: P1(run2_run3.kann.weight) | ブロック宣言
  盤面:
    P1: Life:2, Reserve:2, Hand:4枚, Field:[ストラレイ(Lv1,コア1s), 重顎ドロゴリアス(Lv1,コア1)]
    P2: Life:3, Reserve:0, Hand:3枚, Field:[ラスヘッド(Lv1,コア1), ストラレイ(Lv2,コア3), フラッティ(Lv1,コア1)]
  候補行動 (1件):
    [0] PASS_BLOCK | ライフでアタックを受ける (ライフ-🔷) -> eval: +0.5590
  => 選択: PASS_BLOCK | ライフでアタックを受ける (ライフ-🔷) (eval: +0.5590)
     効果/結果: 💔 ブロックせず: プレイヤー1 のライフ-1 (コアはリザーブへ)

Turn 4 | 手数 29 | 手番: P2(run3_run4.kann.weight) | アタック宣言
  盤面:
    P1: Life:1, Reserve:3, Hand:4枚, Field:[ストラレイ(Lv1,コア1s), 重顎ドロゴリアス(Lv1,コア1)]
    P2: Life:3, Reserve:0, Hand:3枚, Field:[ラスヘッド(Lv1,コア1), ストラレイ(Lv2,コア3), フラッティ(Lv1,コア1)]
  候補行動 (0件):
  ステップ終了評価: +0.3648
  => 選択: ステップ終了

Turn 4 | 手数 30 | 手番: P2(run3_run4.kann.weight) | 第2メインステップ
  盤面:
    P1: Life:1, Reserve:3, Hand:4枚, Field:[ストラレイ(Lv1,コア1s), 重顎ドロゴリアス(Lv1,コア1)]
    P2: Life:3, Reserve:0, Hand:3枚, Field:[ラスヘッド(Lv1,コア1), ストラレイ(Lv2,コア3), フラッティ(Lv1,コア1)]
  候補行動 (38件):
    [0] USE_MAGIC | コスト🔷, コアは置かない ⚠️ラスヘッド消滅, (支払:ラスヘッド:🔷, 配置:なし) -> eval: +0.2300
    [1] USE_MAGIC | コスト🔷, コアは置かない, (支払:ストラレイ:🔷, 配置:なし) -> eval: +0.3257
    [2] USE_MAGIC | コスト🔷, コアは置かない ⚠️フラッティ消滅, (支払:フラッティ:🔷, 配置:なし) -> eval: +0.2438
    [3] SUMMON | コスト🔷, 配置コア🔷 ⚠️ラスヘッド消滅, (支払:ストラレイ:🔷, 配置:ラスヘッド:🔷) -> eval: +0.2712
    [4] SUMMON | コスト🔷, 配置コア🔷 ⚠️ラスヘッド・フラッティ消滅, (支払:フラッティ:🔷, 配置:ラスヘッド:🔷) -> eval: +0.1917
    [5] SUMMON | コスト🔷, 配置コア🔷, (支払:ストラレイ:🔷, 配置:ストラレイ:🔷) -> eval: +0.3869
    [6] SUMMON | コスト🔷, 配置コア🔷 ⚠️フラッティ消滅, (支払:フラッティ:🔷, 配置:ストラレイ:🔷) -> eval: +0.2870
    [7] SUMMON | コスト🔷, 配置コア🔷🔷 ⚠️ラスヘッド消滅, (支払:ストラレイ:🔷, 配置:ラスヘッド:🔷, ストラレイ:🔷) -> eval: +0.2696
    [8] SUMMON | コスト🔷, 配置コア🔷🔷 ⚠️ラスヘッド・フラッティ消滅, (支払:フラッティ:🔷, 配置:ラスヘッド:🔷, ストラレイ:🔷) -> eval: +0.1721
    [9] SUMMON | コスト🔷, 配置コア🔷🔷 ⚠️ストラレイ消滅, (支払:ストラレイ:🔷, 配置:ストラレイ:🔷🔷) -> eval: +0.2651
    [10] SUMMON | コスト🔷, 配置コア🔷🔷 ⚠️フラッティ消滅, (支払:フラッティ:🔷, 配置:ストラレイ:🔷🔷) -> eval: +0.2862
    [11] SUMMON | コスト🔷, 配置コア🔷🔷🔷 ⚠️ラスヘッド・ストラレイ消滅, (支払:ストラレイ:🔷, 配置:ラスヘッド:🔷, ストラレイ:🔷🔷) -> eval: +0.1760
    [12] SUMMON | コスト🔷, 配置コア🔷🔷🔷 ⚠️ラスヘッド・フラッティ消滅, (支払:フラッティ:🔷, 配置:ラスヘッド:🔷, ストラレイ:🔷🔷) -> eval: +0.1982
    [13] SUMMON | コスト🔷, 配置コア🔷🔷🔷 ⚠️ストラレイ・フラッティ消滅, (支払:フラッティ:🔷, 配置:ストラレイ:🔷🔷🔷) -> eval: +0.1914
    [14] SUMMON | コスト🔷, 配置コア🔷🔷🔷🔷 ⚠️ラスヘッド・ストラレイ・フラッティ消滅, (支払:フラッティ:🔷, 配置:ラスヘッド:🔷, ストラレイ:🔷🔷🔷) -> eval: +0.0703
    [15] SUMMON | コスト🔷🔷, 配置コア🔷 ⚠️ラスヘッド消滅, (支払:ストラレイ:🔷🔷, 配置:ラスヘッド:🔷) -> eval: +0.3066
    [16] SUMMON | コスト🔷🔷, 配置コア🔷 ⚠️ラスヘッド・フラッティ消滅, (支払:ストラレイ:🔷, フラッティ:🔷, 配置:ラスヘッド:🔷) -> eval: +0.2065
    [17] SUMMON | コスト🔷🔷, 配置コア🔷 ⚠️ストラレイ消滅, (支払:ストラレイ:🔷🔷, 配置:ストラレイ:🔷) -> eval: +0.3023
    [18] SUMMON | コスト🔷🔷, 配置コア🔷 ⚠️フラッティ消滅, (支払:ストラレイ:🔷, フラッティ:🔷, 配置:ストラレイ:🔷) -> eval: +0.3217
    [19] SUMMON | コスト🔷🔷, 配置コア🔷🔷 ⚠️ラスヘッド・ストラレイ消滅, (支払:ストラレイ:🔷🔷, 配置:ラスヘッド:🔷, ストラレイ:🔷) -> eval: +0.2015
    [20] SUMMON | コスト🔷🔷, 配置コア🔷🔷 ⚠️ラスヘッド・フラッティ消滅, (支払:ストラレイ:🔷, フラッティ:🔷, 配置:ラスヘッド:🔷, ストラレイ:🔷) -> eval: +0.2226
    [21] SUMMON | コスト🔷🔷, 配置コア🔷🔷 ⚠️ストラレイ・フラッティ消滅, (支払:ストラレイ:🔷, フラッティ:🔷, 配置:ストラレイ:🔷🔷) -> eval: +0.2162
    [22] SUMMON | コスト🔷🔷, 配置コア🔷🔷🔷 ⚠️ラスヘッド・ストラレイ・フラッティ消滅, (支払:ストラレイ:🔷, フラッティ:🔷, 配置:ラスヘッド:🔷, ストラレイ:🔷🔷) -> eval: +0.0984
    [23] MOVE_CORE | 🔷を移動 ⚠️ラスヘッド消滅 -> eval: +0.2366
    [24] MOVE_CORE | 🔷を移動 ⚠️ラスヘッド消滅 -> eval: +0.2498
    [25] MOVE_CORE | 🔷を移動 ⚠️ラスヘッド消滅 -> eval: +0.2488
    [26] MOVE_CORE | 🔷を移動 -> eval: +0.3368
    [27] MOVE_CORE | 🔷🔷を移動 -> eval: +0.3260
    [28] MOVE_CORE | 🔷🔷🔷を移動 ⚠️ストラレイ消滅 -> eval: +0.1914
    [29] MOVE_CORE | 🔷を移動 -> eval: +0.3478
    [30] MOVE_CORE | 🔷🔷を移動 -> eval: +0.3478
    [31] MOVE_CORE | 🔷🔷🔷を移動 ⚠️ストラレイ消滅 -> eval: +0.2289
    [32] MOVE_CORE | 🔷を移動 -> eval: +0.3477
    [33] MOVE_CORE | 🔷🔷を移動 -> eval: +0.3687
    [34] MOVE_CORE | 🔷🔷🔷を移動 ⚠️ストラレイ消滅 -> eval: +0.2497
    [35] MOVE_CORE | 🔷を移動 ⚠️フラッティ消滅 -> eval: +0.2546
    [36] MOVE_CORE | 🔷を移動 ⚠️フラッティ消滅 -> eval: +0.2673
    [37] MOVE_CORE | 🔷を移動 ⚠️フラッティ消滅 -> eval: +0.2675
  ステップ終了評価: +0.3648
  => 選択: SUMMON | コスト🔷, 配置コア🔷, (支払:ストラレイ:🔷, 配置:ストラレイ:🔷) (eval: +0.3869 > 終了評価 +0.3648)
     効果/結果: 🎴 「フラッティ」を召喚 (コスト1をトラッシュへ) ※ストラレイから1個, ストラレイから1個

Turn 4 | 手数 31 | 手番: P2(run3_run4.kann.weight) | 第2メインステップ
  盤面:
    P1: Life:1, Reserve:3, Hand:4枚, Field:[ストラレイ(Lv1,コア1s), 重顎ドロゴリアス(Lv1,コア1)]
    P2: Life:3, Reserve:0, Hand:2枚, Field:[ラスヘッド(Lv1,コア1), ストラレイ(Lv1,コア1), フラッティ(Lv1,コア1), フラッティ(Lv1,コア1)]
  候補行動 (25件):
    [0] USE_MAGIC | コスト🔷, コアは置かない ⚠️ラスヘッド消滅, (支払:ラスヘッド:🔷, 配置:なし) -> eval: +0.2422
    [1] USE_MAGIC | コスト🔷, コアは置かない ⚠️ストラレイ消滅, (支払:ストラレイ:🔷, 配置:なし) -> eval: +0.2384
    [2] USE_MAGIC | コスト🔷, コアは置かない ⚠️フラッティ消滅, (支払:フラッティ:🔷, 配置:なし) -> eval: +0.2561
    [3] USE_MAGIC | コスト🔷, コアは置かない ⚠️フラッティ消滅, (支払:フラッティ:🔷, 配置:なし) -> eval: +0.3069
    [4] SUMMON | コスト🔷🔷, 配置コア🔷 ⚠️ラスヘッド・ストラレイ・フラッティ消滅, (支払:ストラレイ:🔷, フラッティ:🔷, 配置:ラスヘッド:🔷) -> eval: +0.1169
    [5] SUMMON | コスト🔷🔷, 配置コア🔷 ⚠️ラスヘッド・ストラレイ・フラッティ消滅, (支払:ストラレイ:🔷, フラッティ:🔷, 配置:ラスヘッド:🔷) -> eval: +0.1774
    [6] SUMMON | コスト🔷🔷, 配置コア🔷 ⚠️ラスヘッド・フラッティ・フラッティ消滅, (支払:フラッティ:🔷, フラッティ:🔷, 配置:ラスヘッド:🔷) -> eval: +0.1958
    [7] SUMMON | コスト🔷🔷, 配置コア🔷 ⚠️ストラレイ・フラッティ・フラッティ消滅, (支払:フラッティ:🔷, フラッティ:🔷, 配置:ストラレイ:🔷) -> eval: +0.1902
    [8] SUMMON | コスト🔷🔷, 配置コア🔷🔷 ⚠️ラスヘッド・ストラレイ・フラッティ・フラッティ消滅, (支払:フラッティ:🔷, フラッティ:🔷, 配置:ラスヘッド:🔷, ストラレイ:🔷) -> eval: +0.0924
    [9] MOVE_CORE | 🔷を移動 ⚠️ラスヘッド消滅 -> eval: +0.2581
    [10] MOVE_CORE | 🔷を移動 ⚠️ラスヘッド消滅 -> eval: +0.2712
    [11] MOVE_CORE | 🔷を移動 ⚠️ラスヘッド消滅 -> eval: +0.2704
    [12] MOVE_CORE | 🔷を移動 ⚠️ラスヘッド消滅 -> eval: +0.2696
    [13] MOVE_CORE | 🔷を移動 ⚠️ストラレイ消滅 -> eval: +0.2535
    [14] MOVE_CORE | 🔷を移動 ⚠️ストラレイ消滅 -> eval: +0.2665
    [15] MOVE_CORE | 🔷を移動 ⚠️ストラレイ消滅 -> eval: +0.2658
    [16] MOVE_CORE | 🔷を移動 ⚠️ストラレイ消滅 -> eval: +0.2651
    [17] MOVE_CORE | 🔷を移動 ⚠️フラッティ消滅 -> eval: +0.2747
    [18] MOVE_CORE | 🔷を移動 ⚠️フラッティ消滅 -> eval: +0.2876
    [19] MOVE_CORE | 🔷を移動 ⚠️フラッティ消滅 -> eval: +0.2870
    [20] MOVE_CORE | 🔷を移動 ⚠️フラッティ消滅 -> eval: +0.2862
    [21] MOVE_CORE | 🔷を移動 ⚠️フラッティ消滅 -> eval: +0.3170
    [22] MOVE_CORE | 🔷を移動 ⚠️フラッティ消滅 -> eval: +0.3295
    [23] MOVE_CORE | 🔷を移動 ⚠️フラッティ消滅 -> eval: +0.3294
    [24] MOVE_CORE | 🔷を移動 ⚠️フラッティ消滅 -> eval: +0.3285
  ステップ終了評価: +0.3869
  => 選択: ステップ終了 (候補最大 +0.3295 <= 終了評価 +0.3869)

Turn 4 | 手数 32 | 手番: P2(run3_run4.kann.weight) | エンドステップ
  盤面:
    P1: Life:1, Reserve:3, Hand:4枚, Field:[ストラレイ(Lv1,コア1s), 重顎ドロゴリアス(Lv1,コア1)]
    P2: Life:3, Reserve:0, Hand:2枚, Field:[ラスヘッド(Lv1,コア1), ストラレイ(Lv1,コア1), フラッティ(Lv1,コア1), フラッティ(Lv1,コア1)]
  候補行動 (0件):
  ステップ終了評価: +0.4116
  => 選択: ステップ終了
     効果/結果: 【ターン 5】 手番: プレイヤー1
     効果/結果: 🔷 コアステップ: ボイドからリザーブへコア1個
     効果/結果: 🃏 ドローステップ: 「海幻コエラ＝カンサス」をドロー (残り32枚)
     効果/結果: ♻️ リフレッシュステップ: トラッシュのコア4個をリザーブへ
     効果/結果: ♻️ リフレッシュステップ: 2体を回復

Turn 5 | 手数 33 | 手番: P1(run2_run3.kann.weight) | メインステップ
  盤面:
    P1: Life:1, Reserve:8, Hand:5枚, Field:[ストラレイ(Lv1,コア1s), 重顎ドロゴリアス(Lv1,コア1)]
    P2: Life:3, Reserve:0, Hand:2枚, Field:[ラスヘッド(Lv1,コア1), ストラレイ(Lv1,コア1), フラッティ(Lv1,コア1), フラッティ(Lv1,コア1)]
  候補行動 (192件):
    [0] USE_MAGIC | コスト🔷🔷, コアは置かない, (支払:R:🔷🔷, 配置:なし) -> eval: +0.1765
    [1] USE_MAGIC | コスト🔷🔷, コアは置かない ⚠️重顎ドロゴリアス消滅, (支払:R:🔷, 重顎ドロゴリアス:🔷, 配置:なし) -> eval: +0.0381
    [2] USE_MAGIC | コスト🔷🔶, コアは置かない ⚠️ストラレイ消滅, (支払:R:🔷, ストラレイ:🔶, 配置:なし) -> eval: +0.0568
    [3] USE_MAGIC | コスト🔷🔶, コアは置かない ⚠️ストラレイ・重顎ドロゴリアス消滅, (支払:ストラレイ:🔶, 重顎ドロゴリアス:🔷, 配置:なし) -> eval: +0.0007
    [4] SUMMON | コスト🔷🔷, 配置コア🔷, (支払:R:🔷🔷, 配置:R:🔷) -> eval: +0.3264
    [5] SUMMON | コスト🔷🔷, 配置コア🔷 ⚠️重顎ドロゴリアス消滅, (支払:R:🔷, 重顎ドロゴリアス:🔷, 配置:R:🔷) -> eval: +0.1780
    [6] SUMMON | コスト🔷🔷, 配置コア🔶 ⚠️ストラレイ消滅, (支払:R:🔷🔷, 配置:ストラレイ:🔶) -> eval: +0.1872
    [7] SUMMON | コスト🔷🔷, 配置コア🔶 ⚠️ストラレイ・重顎ドロゴリアス消滅, (支払:R:🔷, 重顎ドロゴリアス:🔷, 配置:ストラレイ:🔶) -> eval: +0.0954
    [8] SUMMON | コスト🔷🔶, 配置コア🔷 ⚠️ストラレイ消滅, (支払:R:🔷, ストラレイ:🔶, 配置:R:🔷) -> eval: +0.2022
    [9] SUMMON | コスト🔷🔶, 配置コア🔷 ⚠️ストラレイ・重顎ドロゴリアス消滅, (支払:ストラレイ:🔶, 重顎ドロゴリアス:🔷, 配置:R:🔷) -> eval: +0.1138
    [10] SUMMON | コスト🔷🔷, 配置コア🔷🔷, (支払:R:🔷🔷, 配置:R:🔷🔷) -> eval: +0.3450
    [11] SUMMON | コスト🔷🔷, 配置コア🔷🔷 ⚠️重顎ドロゴリアス消滅, (支払:R:🔷, 重顎ドロゴリアス:🔷, 配置:R:🔷🔷) -> eval: +0.1933
    [12] SUMMON | コスト🔷🔷, 配置コア🔷🔶 ⚠️ストラレイ消滅, (支払:R:🔷🔷, 配置:R:🔷, ストラレイ:🔶) -> eval: +0.1977
    [13] SUMMON | コスト🔷🔷, 配置コア🔷🔶 ⚠️ストラレイ・重顎ドロゴリアス消滅, (支払:R:🔷, 重顎ドロゴリアス:🔷, 配置:R:🔷, ストラレイ:🔶) -> eval: +0.1028
    [14] SUMMON | コスト🔷🔶, 配置コア🔷🔷 ⚠️ストラレイ消滅, (支払:R:🔷, ストラレイ:🔶, 配置:R:🔷🔷) -> eval: +0.2185
    [15] SUMMON | コスト🔷🔶, 配置コア🔷🔷 ⚠️ストラレイ・重顎ドロゴリアス消滅, (支払:ストラレイ:🔶, 重顎ドロゴリアス:🔷, 配置:R:🔷🔷) -> eval: +0.1259
    [16] SUMMON | コスト🔷🔷, 配置コア🔷🔷🔷, (支払:R:🔷🔷, 配置:R:🔷🔷🔷) -> eval: +0.3584
    [17] SUMMON | コスト🔷🔷, 配置コア🔷🔷🔷 ⚠️重顎ドロゴリアス消滅, (支払:R:🔷, 重顎ドロゴリアス:🔷, 配置:R:🔷🔷🔷) -> eval: +0.2058
    [18] SUMMON | コスト🔷🔷, 配置コア🔷🔷🔶 ⚠️ストラレイ消滅, (支払:R:🔷🔷, 配置:R:🔷🔷, ストラレイ:🔶) -> eval: +0.2096
    [19] SUMMON | コスト🔷🔷, 配置コア🔷🔷🔶 ⚠️ストラレイ・重顎ドロゴリアス消滅, (支払:R:🔷, 重顎ドロゴリアス:🔷, 配置:R:🔷🔷, ストラレイ:🔶) -> eval: +0.1116
    [20] SUMMON | コスト🔷🔶, 配置コア🔷🔷🔷 ⚠️ストラレイ消滅, (支払:R:🔷, ストラレイ:🔶, 配置:R:🔷🔷🔷) -> eval: +0.2313
    [21] SUMMON | コスト🔷🔶, 配置コア🔷🔷🔷 ⚠️ストラレイ・重顎ドロゴリアス消滅, (支払:ストラレイ:🔶, 重顎ドロゴリアス:🔷, 配置:R:🔷🔷🔷) -> eval: +0.1357
    [22] SUMMON | コスト🔷🔷, 配置コア🔷🔷🔷🔷, (支払:R:🔷🔷, 配置:R:🔷🔷🔷🔷) -> eval: +0.3726
    [23] SUMMON | コスト🔷🔷, 配置コア🔷🔷🔷🔷 ⚠️重顎ドロゴリアス消滅, (支払:R:🔷, 重顎ドロゴリアス:🔷, 配置:R:🔷🔷🔷🔷) -> eval: +0.2193
    [24] SUMMON | コスト🔷🔷, 配置コア🔷🔷🔷🔶 ⚠️ストラレイ消滅, (支払:R:🔷🔷, 配置:R:🔷🔷🔷, ストラレイ:🔶) -> eval: +0.2226
    [25] SUMMON | コスト🔷🔷, 配置コア🔷🔷🔷🔶 ⚠️ストラレイ・重顎ドロゴリアス消滅, (支払:R:🔷, 重顎ドロゴリアス:🔷, 配置:R:🔷🔷🔷, ストラレイ:🔶) -> eval: +0.1215
    [26] SUMMON | コスト🔷🔶, 配置コア🔷🔷🔷🔷 ⚠️ストラレイ消滅, (支払:R:🔷, ストラレイ:🔶, 配置:R:🔷🔷🔷🔷) -> eval: +0.2450
    [27] SUMMON | コスト🔷🔶, 配置コア🔷🔷🔷🔷 ⚠️ストラレイ・重顎ドロゴリアス消滅, (支払:ストラレイ:🔶, 重顎ドロゴリアス:🔷, 配置:R:🔷🔷🔷🔷) -> eval: +0.1466
    [28] SUMMON | コスト🔷🔷, 配置コア🔷🔷🔷🔷🔷, (支払:R:🔷🔷, 配置:R:🔷🔷🔷🔷🔷) -> eval: +0.3876
    [29] SUMMON | コスト🔷🔷, 配置コア🔷🔷🔷🔷🔷 ⚠️重顎ドロゴリアス消滅, (支払:R:🔷, 重顎ドロゴリアス:🔷, 配置:R:🔷🔷🔷🔷🔷) -> eval: +0.2339
    [30] SUMMON | コスト🔷🔷, 配置コア🔷🔷🔷🔷🔶 ⚠️ストラレイ消滅, (支払:R:🔷🔷, 配置:R:🔷🔷🔷🔷, ストラレイ:🔶) -> eval: +0.2365
    [31] SUMMON | コスト🔷🔷, 配置コア🔷🔷🔷🔷🔶 ⚠️ストラレイ・重顎ドロゴリアス消滅, (支払:R:🔷, 重顎ドロゴリアス:🔷, 配置:R:🔷🔷🔷🔷, ストラレイ:🔶) -> eval: +0.1326
    [32] SUMMON | コスト🔷🔶, 配置コア🔷🔷🔷🔷🔷 ⚠️ストラレイ消滅, (支払:R:🔷, ストラレイ:🔶, 配置:R:🔷🔷🔷🔷🔷) -> eval: +0.2597
    [33] SUMMON | コスト🔷🔶, 配置コア🔷🔷🔷🔷🔷 ⚠️ストラレイ・重顎ドロゴリアス消滅, (支払:ストラレイ:🔶, 重顎ドロゴリアス:🔷, 配置:R:🔷🔷🔷🔷🔷) -> eval: +0.1585
    [34] SUMMON | コスト🔷🔷, 配置コア🔷🔷🔷🔷🔷🔷, (支払:R:🔷🔷, 配置:R:🔷🔷🔷🔷🔷🔷) -> eval: +0.4033
    [35] SUMMON | コスト🔷🔷, 配置コア🔷🔷🔷🔷🔷🔷 ⚠️重顎ドロゴリアス消滅, (支払:R:🔷, 重顎ドロゴリアス:🔷, 配置:R:🔷🔷🔷🔷🔷🔷) -> eval: +0.2494
    [36] SUMMON | コスト🔷🔷, 配置コア🔷🔷🔷🔷🔷🔶 ⚠️ストラレイ消滅, (支払:R:🔷🔷, 配置:R:🔷🔷🔷🔷🔷, ストラレイ:🔶) -> eval: +0.2514
    [37] SUMMON | コスト🔷🔷, 配置コア🔷🔷🔷🔷🔷🔶 ⚠️ストラレイ・重顎ドロゴリアス消滅, (支払:R:🔷, 重顎ドロゴリアス:🔷, 配置:R:🔷🔷🔷🔷🔷, ストラレイ:🔶) -> eval: +0.1448
    [38] SUMMON | コスト🔷🔶, 配置コア🔷🔷🔷🔷🔷🔷 ⚠️ストラレイ消滅, (支払:R:🔷, ストラレイ:🔶, 配置:R:🔷🔷🔷🔷🔷🔷) -> eval: +0.2751
    [39] SUMMON | コスト🔷🔶, 配置コア🔷🔷🔷🔷🔷🔷 ⚠️ストラレイ・重顎ドロゴリアス消滅, (支払:ストラレイ:🔶, 重顎ドロゴリアス:🔷, 配置:R:🔷🔷🔷🔷🔷🔷) -> eval: +0.1715
    [40] SUMMON | コスト🔷🔷, 配置コア🔷🔷🔷🔷🔷🔷🔷 ⚠️重顎ドロゴリアス消滅, (支払:R:🔷, 重顎ドロゴリアス:🔷, 配置:R:🔷🔷🔷🔷🔷🔷🔷) -> eval: +0.2656
    [41] SUMMON | コスト🔷🔷, 配置コア🔷🔷🔷🔷🔷🔷🔶 ⚠️ストラレイ消滅, (支払:R:🔷🔷, 配置:R:🔷🔷🔷🔷🔷🔷, ストラレイ:🔶) -> eval: +0.2670
    [42] SUMMON | コスト🔷🔷, 配置コア🔷🔷🔷🔷🔷🔷🔶 ⚠️ストラレイ・重顎ドロゴリアス消滅, (支払:R:🔷, 重顎ドロゴリアス:🔷, 配置:R:🔷🔷🔷🔷🔷🔷, ストラレイ:🔶) -> eval: +0.1580
    [43] SUMMON | コスト🔷🔶, 配置コア🔷🔷🔷🔷🔷🔷🔷 ⚠️ストラレイ消滅, (支払:R:🔷, ストラレイ:🔶, 配置:R:🔷🔷🔷🔷🔷🔷🔷) -> eval: +0.2913
    [44] SUMMON | コスト🔷🔶, 配置コア🔷🔷🔷🔷🔷🔷🔷 ⚠️ストラレイ・重顎ドロゴリアス消滅, (支払:ストラレイ:🔶, 重顎ドロゴリアス:🔷, 配置:R:🔷🔷🔷🔷🔷🔷🔷) -> eval: +0.1853
    [45] SUMMON | コスト🔷🔷, 配置コア🔷🔷🔷🔷🔷🔷🔷🔶 ⚠️ストラレイ・重顎ドロゴリアス消滅, (支払:R:🔷, 重顎ドロゴリアス:🔷, 配置:R:🔷🔷🔷🔷🔷🔷🔷, ストラレイ:🔶) -> eval: +0.1722
    [46] SUMMON | コスト🔷🔶, 配置コア🔷🔷🔷🔷🔷🔷🔷🔷 ⚠️ストラレイ・重顎ドロゴリアス消滅, (支払:ストラレイ:🔶, 重顎ドロゴリアス:🔷, 配置:R:🔷🔷🔷🔷🔷🔷🔷🔷) -> eval: +0.2000
    [47] SUMMON | コスト🔷🔷🔷, 配置コア🔷, (支払:R:🔷🔷🔷, 配置:R:🔷) -> eval: +0.3501
    [48] SUMMON | コスト🔷🔷🔷, 配置コア🔷 ⚠️重顎ドロゴリアス消滅, (支払:R:🔷🔷, 重顎ドロゴリアス:🔷, 配置:R:🔷) -> eval: +0.2016
    [49] SUMMON | コスト🔷🔷🔷, 配置コア🔶 ⚠️ストラレイ消滅, (支払:R:🔷🔷🔷, 配置:ストラレイ:🔶) -> eval: +0.2082
    [50] SUMMON | コスト🔷🔷🔷, 配置コア🔶 ⚠️ストラレイ・重顎ドロゴリアス消滅, (支払:R:🔷🔷, 重顎ドロゴリアス:🔷, 配置:ストラレイ:🔶) -> eval: +0.1149
    [51] SUMMON | コスト🔷🔷🔶, 配置コア🔷 ⚠️ストラレイ消滅, (支払:R:🔷🔷, ストラレイ:🔶, 配置:R:🔷) -> eval: +0.2274
    [52] SUMMON | コスト🔷🔷🔶, 配置コア🔷 ⚠️ストラレイ・重顎ドロゴリアス消滅, (支払:R:🔷, ストラレイ:🔶, 重顎ドロゴリアス:🔷, 配置:R:🔷) -> eval: +0.1375
    [53] SUMMON | コスト🔷🔷🔷, 配置コア🔷🔷, (支払:R:🔷🔷🔷, 配置:R:🔷🔷) -> eval: +0.3626
    [54] SUMMON | コスト🔷🔷🔷, 配置コア🔷🔷 ⚠️重顎ドロゴリアス消滅, (支払:R:🔷🔷, 重顎ドロゴリアス:🔷, 配置:R:🔷🔷) -> eval: +0.2133
    [55] SUMMON | コスト🔷🔷🔷, 配置コア🔷🔶 ⚠️ストラレイ消滅, (支払:R:🔷🔷🔷, 配置:R:🔷, ストラレイ:🔶) -> eval: +0.2193
    [56] SUMMON | コスト🔷🔷🔷, 配置コア🔷🔶 ⚠️ストラレイ・重顎ドロゴリアス消滅, (支払:R:🔷🔷, 重顎ドロゴリアス:🔷, 配置:R:🔷, ストラレイ:🔶) -> eval: +0.1231
    [57] SUMMON | コスト🔷🔷🔶, 配置コア🔷🔷 ⚠️ストラレイ消滅, (支払:R:🔷🔷, ストラレイ:🔶, 配置:R:🔷🔷) -> eval: +0.2394
    [58] SUMMON | コスト🔷🔷🔶, 配置コア🔷🔷 ⚠️ストラレイ・重顎ドロゴリアス消滅, (支払:R:🔷, ストラレイ:🔶, 重顎ドロゴリアス:🔷, 配置:R:🔷🔷) -> eval: +0.1467
    [59] SUMMON | コスト🔷🔷🔷, 配置コア🔷🔷🔷, (支払:R:🔷🔷🔷, 配置:R:🔷🔷🔷) -> eval: +0.3859
    [60] SUMMON | コスト🔷🔷🔷, 配置コア🔷🔷🔷 ⚠️重顎ドロゴリアス消滅, (支払:R:🔷🔷, 重顎ドロゴリアス:🔷, 配置:R:🔷🔷🔷) -> eval: +0.2339
    [61] SUMMON | コスト🔷🔷🔷, 配置コア🔷🔷🔶 ⚠️ストラレイ消滅, (支払:R:🔷🔷🔷, 配置:R:🔷🔷, ストラレイ:🔶) -> eval: +0.2353
    [62] SUMMON | コスト🔷🔷🔷, 配置コア🔷🔷🔶 ⚠️ストラレイ・重顎ドロゴリアス消滅, (支払:R:🔷🔷, 重顎ドロゴリアス:🔷, 配置:R:🔷🔷, ストラレイ:🔶) -> eval: +0.1363
    [63] SUMMON | コスト🔷🔷🔶, 配置コア🔷🔷🔷 ⚠️ストラレイ消滅, (支払:R:🔷🔷, ストラレイ:🔶, 配置:R:🔷🔷🔷) -> eval: +0.2607
    [64] SUMMON | コスト🔷🔷🔶, 配置コア🔷🔷🔷 ⚠️ストラレイ・重顎ドロゴリアス消滅, (支払:R:🔷, ストラレイ:🔶, 重顎ドロゴリアス:🔷, 配置:R:🔷🔷🔷) -> eval: +0.1645
    [65] SUMMON | コスト🔷🔷🔷, 配置コア🔷🔷🔷🔷, (支払:R:🔷🔷🔷, 配置:R:🔷🔷🔷🔷) -> eval: +0.4004
    [66] SUMMON | コスト🔷🔷🔷, 配置コア🔷🔷🔷🔷 ⚠️重顎ドロゴリアス消滅, (支払:R:🔷🔷, 重顎ドロゴリアス:🔷, 配置:R:🔷🔷🔷🔷) -> eval: +0.2482
    [67] SUMMON | コスト🔷🔷🔷, 配置コア🔷🔷🔷🔶 ⚠️ストラレイ消滅, (支払:R:🔷🔷🔷, 配置:R:🔷🔷🔷, ストラレイ:🔶) -> eval: +0.2491
    [68] SUMMON | コスト🔷🔷🔷, 配置コア🔷🔷🔷🔶 ⚠️ストラレイ・重顎ドロゴリアス消滅, (支払:R:🔷🔷, 重顎ドロゴリアス:🔷, 配置:R:🔷🔷🔷, ストラレイ:🔶) -> eval: +0.1474
    [69] SUMMON | コスト🔷🔷🔶, 配置コア🔷🔷🔷🔷 ⚠️ストラレイ消滅, (支払:R:🔷🔷, ストラレイ:🔶, 配置:R:🔷🔷🔷🔷) -> eval: +0.2750
    [70] SUMMON | コスト🔷🔷🔶, 配置コア🔷🔷🔷🔷 ⚠️ストラレイ・重顎ドロゴリアス消滅, (支払:R:🔷, ストラレイ:🔶, 重顎ドロゴリアス:🔷, 配置:R:🔷🔷🔷🔷) -> eval: +0.1764
    [71] SUMMON | コスト🔷🔷🔷, 配置コア🔷🔷🔷🔷🔷, (支払:R:🔷🔷🔷, 配置:R:🔷🔷🔷🔷🔷) -> eval: +0.4155
    [72] SUMMON | コスト🔷🔷🔷, 配置コア🔷🔷🔷🔷🔷 ⚠️重顎ドロゴリアス消滅, (支払:R:🔷🔷, 重顎ドロゴリアス:🔷, 配置:R:🔷🔷🔷🔷🔷) -> eval: +0.2633
    [73] SUMMON | コスト🔷🔷🔷, 配置コア🔷🔷🔷🔷🔶 ⚠️ストラレイ消滅, (支払:R:🔷🔷🔷, 配置:R:🔷🔷🔷🔷, ストラレイ:🔶) -> eval: +0.2637
    [74] SUMMON | コスト🔷🔷🔷, 配置コア🔷🔷🔷🔷🔶 ⚠️ストラレイ・重顎ドロゴリアス消滅, (支払:R:🔷🔷, 重顎ドロゴリアス:🔷, 配置:R:🔷🔷🔷🔷, ストラレイ:🔶) -> eval: +0.1596
    [75] SUMMON | コスト🔷🔷🔶, 配置コア🔷🔷🔷🔷🔷 ⚠️ストラレイ消滅, (支払:R:🔷🔷, ストラレイ:🔶, 配置:R:🔷🔷🔷🔷🔷) -> eval: +0.2900
    [76] SUMMON | コスト🔷🔷🔶, 配置コア🔷🔷🔷🔷🔷 ⚠️ストラレイ・重顎ドロゴリアス消滅, (支払:R:🔷, ストラレイ:🔶, 重顎ドロゴリアス:🔷, 配置:R:🔷🔷🔷🔷🔷) -> eval: +0.1892
    [77] SUMMON | コスト🔷🔷🔷, 配置コア🔷🔷🔷🔷🔷🔷 ⚠️重顎ドロゴリアス消滅, (支払:R:🔷🔷, 重顎ドロゴリアス:🔷, 配置:R:🔷🔷🔷🔷🔷🔷) -> eval: +0.2792
    [78] SUMMON | コスト🔷🔷🔷, 配置コア🔷🔷🔷🔷🔷🔶 ⚠️ストラレイ消滅, (支払:R:🔷🔷🔷, 配置:R:🔷🔷🔷🔷🔷, ストラレイ:🔶) -> eval: +0.2791
    [79] SUMMON | コスト🔷🔷🔷, 配置コア🔷🔷🔷🔷🔷🔶 ⚠️ストラレイ・重顎ドロゴリアス消滅, (支払:R:🔷🔷, 重顎ドロゴリアス:🔷, 配置:R:🔷🔷🔷🔷🔷, ストラレイ:🔶) -> eval: +0.1727
    [80] SUMMON | コスト🔷🔷🔶, 配置コア🔷🔷🔷🔷🔷🔷 ⚠️ストラレイ消滅, (支払:R:🔷🔷, ストラレイ:🔶, 配置:R:🔷🔷🔷🔷🔷🔷) -> eval: +0.3057
    [81] SUMMON | コスト🔷🔷🔶, 配置コア🔷🔷🔷🔷🔷🔷 ⚠️ストラレイ・重顎ドロゴリアス消滅, (支払:R:🔷, ストラレイ:🔶, 重顎ドロゴリアス:🔷, 配置:R:🔷🔷🔷🔷🔷🔷) -> eval: +0.2029
    [82] SUMMON | コスト🔷🔷🔷, 配置コア🔷🔷🔷🔷🔷🔷🔶 ⚠️ストラレイ・重顎ドロゴリアス消滅, (支払:R:🔷🔷, 重顎ドロゴリアス:🔷, 配置:R:🔷🔷🔷🔷🔷🔷, ストラレイ:🔶) -> eval: +0.1867
    [83] SUMMON | コスト🔷🔷🔶, 配置コア🔷🔷🔷🔷🔷🔷🔷 ⚠️ストラレイ・重顎ドロゴリアス消滅, (支払:R:🔷, ストラレイ:🔶, 重顎ドロゴリアス:🔷, 配置:R:🔷🔷🔷🔷🔷🔷🔷) -> eval: +0.2173
    [84] SUMMON | コスト🔷, 配置コア🔷, (支払:R:🔷, 配置:R:🔷) -> eval: +0.3143
    [85] SUMMON | コスト🔷, 配置コア🔷 ⚠️重顎ドロゴリアス消滅, (支払:重顎ドロゴリアス:🔷, 配置:R:🔷) -> eval: +0.1658
    [86] SUMMON | コスト🔷, 配置コア🔶 ⚠️ストラレイ消滅, (支払:R:🔷, 配置:ストラレイ:🔶) -> eval: +0.1767
    [87] SUMMON | コスト🔷, 配置コア🔶 ⚠️ストラレイ・重顎ドロゴリアス消滅, (支払:重顎ドロゴリアス:🔷, 配置:ストラレイ:🔶) -> eval: +0.0864
    [88] SUMMON | コスト🔶, 配置コア🔷 ⚠️ストラレイ消滅, (支払:ストラレイ:🔶, 配置:R:🔷) -> eval: +0.1897
    [89] SUMMON | コスト🔶, 配置コア🔷 ⚠️ストラレイ・重顎ドロゴリアス消滅, (支払:ストラレイ:🔶, 配置:重顎ドロゴリアス:🔷) -> eval: +0.1028
    [90] SUMMON | コスト🔷, 配置コア🔷🔷, (支払:R:🔷, 配置:R:🔷🔷) -> eval: +0.3253
    [91] SUMMON | コスト🔷, 配置コア🔷🔷 ⚠️重顎ドロゴリアス消滅, (支払:重顎ドロゴリアス:🔷, 配置:R:🔷🔷) -> eval: +0.1754
    [92] SUMMON | コスト🔷, 配置コア🔷🔶 ⚠️ストラレイ消滅, (支払:R:🔷, 配置:R:🔷, ストラレイ:🔶) -> eval: +0.1859
    [93] SUMMON | コスト🔷, 配置コア🔷🔶 ⚠️ストラレイ・重顎ドロゴリアス消滅, (支払:重顎ドロゴリアス:🔷, 配置:R:🔷, ストラレイ:🔶) -> eval: +0.0924
    [94] SUMMON | コスト🔶, 配置コア🔷🔷 ⚠️ストラレイ消滅, (支払:ストラレイ:🔶, 配置:R:🔷🔷) -> eval: +0.1998
    [95] SUMMON | コスト🔶, 配置コア🔷🔷 ⚠️ストラレイ・重顎ドロゴリアス消滅, (支払:ストラレイ:🔶, 配置:R:🔷, 重顎ドロゴリアス:🔷) -> eval: +0.1097
    [96] SUMMON | コスト🔷, 配置コア🔷🔷🔷, (支払:R:🔷, 配置:R:🔷🔷🔷) -> eval: +0.3482
    [97] SUMMON | コスト🔷, 配置コア🔷🔷🔷 ⚠️重顎ドロゴリアス消滅, (支払:重顎ドロゴリアス:🔷, 配置:R:🔷🔷🔷) -> eval: +0.1947
    [98] SUMMON | コスト🔷, 配置コア🔷🔷🔶 ⚠️ストラレイ消滅, (支払:R:🔷, 配置:R:🔷🔷, ストラレイ:🔶) -> eval: +0.1990
    [99] SUMMON | コスト🔷, 配置コア🔷🔷🔶 ⚠️ストラレイ・重顎ドロゴリアス消滅, (支払:重顎ドロゴリアス:🔷, 配置:R:🔷🔷, ストラレイ:🔶) -> eval: +0.1020
    [100] SUMMON | コスト🔶, 配置コア🔷🔷🔷 ⚠️ストラレイ消滅, (支払:ストラレイ:🔶, 配置:R:🔷🔷🔷) -> eval: +0.2203
    [101] SUMMON | コスト🔶, 配置コア🔷🔷🔷 ⚠️ストラレイ・重顎ドロゴリアス消滅, (支払:ストラレイ:🔶, 配置:R:🔷🔷, 重顎ドロゴリアス:🔷) -> eval: +0.1257
    [102] SUMMON | コスト🔷, 配置コア🔷🔷🔷🔷, (支払:R:🔷, 配置:R:🔷🔷🔷🔷) -> eval: +0.3619
    [103] SUMMON | コスト🔷, 配置コア🔷🔷🔷🔷 ⚠️重顎ドロゴリアス消滅, (支払:重顎ドロゴリアス:🔷, 配置:R:🔷🔷🔷🔷) -> eval: +0.2074
    [104] SUMMON | コスト🔷, 配置コア🔷🔷🔷🔶 ⚠️ストラレイ消滅, (支払:R:🔷, 配置:R:🔷🔷🔷, ストラレイ:🔶) -> eval: +0.2112
    [105] SUMMON | コスト🔷, 配置コア🔷🔷🔷🔶 ⚠️ストラレイ・重顎ドロゴリアス消滅, (支払:重顎ドロゴリアス:🔷, 配置:R:🔷🔷🔷, ストラレイ:🔶) -> eval: +0.1110
    [106] SUMMON | コスト🔶, 配置コア🔷🔷🔷🔷 ⚠️ストラレイ消滅, (支払:ストラレイ:🔶, 配置:R:🔷🔷🔷🔷) -> eval: +0.2333
    [107] SUMMON | コスト🔶, 配置コア🔷🔷🔷🔷 ⚠️ストラレイ・重顎ドロゴリアス消滅, (支払:ストラレイ:🔶, 配置:R:🔷🔷🔷, 重顎ドロゴリアス:🔷) -> eval: +0.1356
    [108] SUMMON | コスト🔷, 配置コア🔷🔷🔷🔷🔷, (支払:R:🔷, 配置:R:🔷🔷🔷🔷🔷) -> eval: +0.3764
    [109] SUMMON | コスト🔷, 配置コア🔷🔷🔷🔷🔷 ⚠️重顎ドロゴリアス消滅, (支払:重顎ドロゴリアス:🔷, 配置:R:🔷🔷🔷🔷🔷) -> eval: +0.2213
    [110] SUMMON | コスト🔷, 配置コア🔷🔷🔷🔷🔶 ⚠️ストラレイ消滅, (支払:R:🔷, 配置:R:🔷🔷🔷🔷, ストラレイ:🔶) -> eval: +0.2244
    [111] SUMMON | コスト🔷, 配置コア🔷🔷🔷🔷🔶 ⚠️ストラレイ・重顎ドロゴリアス消滅, (支払:重顎ドロゴリアス:🔷, 配置:R:🔷🔷🔷🔷, ストラレイ:🔶) -> eval: +0.1212
    [112] SUMMON | コスト🔶, 配置コア🔷🔷🔷🔷🔷 ⚠️ストラレイ消滅, (支払:ストラレイ:🔶, 配置:R:🔷🔷🔷🔷🔷) -> eval: +0.2473
    [113] SUMMON | コスト🔶, 配置コア🔷🔷🔷🔷🔷 ⚠️ストラレイ・重顎ドロゴリアス消滅, (支払:ストラレイ:🔶, 配置:R:🔷🔷🔷🔷, 重顎ドロゴリアス:🔷) -> eval: +0.1467
    [114] SUMMON | コスト🔷, 配置コア🔷🔷🔷🔷🔷🔷, (支払:R:🔷, 配置:R:🔷🔷🔷🔷🔷🔷) -> eval: +0.3916
    [115] SUMMON | コスト🔷, 配置コア🔷🔷🔷🔷🔷🔷 ⚠️重顎ドロゴリアス消滅, (支払:重顎ドロゴリアス:🔷, 配置:R:🔷🔷🔷🔷🔷🔷) -> eval: +0.2361
    [116] SUMMON | コスト🔷, 配置コア🔷🔷🔷🔷🔷🔶 ⚠️ストラレイ消滅, (支払:R:🔷, 配置:R:🔷🔷🔷🔷🔷, ストラレイ:🔶) -> eval: +0.2387
    [117] SUMMON | コスト🔷, 配置コア🔷🔷🔷🔷🔷🔶 ⚠️ストラレイ・重顎ドロゴリアス消滅, (支払:重顎ドロゴリアス:🔷, 配置:R:🔷🔷🔷🔷🔷, ストラレイ:🔶) -> eval: +0.1325
    [118] SUMMON | コスト🔶, 配置コア🔷🔷🔷🔷🔷🔷 ⚠️ストラレイ消滅, (支払:ストラレイ:🔶, 配置:R:🔷🔷🔷🔷🔷🔷) -> eval: +0.2622
    [119] SUMMON | コスト🔶, 配置コア🔷🔷🔷🔷🔷🔷 ⚠️ストラレイ・重顎ドロゴリアス消滅, (支払:ストラレイ:🔶, 配置:R:🔷🔷🔷🔷🔷, 重顎ドロゴリアス:🔷) -> eval: +0.1588
    [120] SUMMON | コスト🔷, 配置コア🔷🔷🔷🔷🔷🔷🔷, (支払:R:🔷, 配置:R:🔷🔷🔷🔷🔷🔷🔷) -> eval: +0.4075
    [121] SUMMON | コスト🔷, 配置コア🔷🔷🔷🔷🔷🔷🔷 ⚠️重顎ドロゴリアス消滅, (支払:重顎ドロゴリアス:🔷, 配置:R:🔷🔷🔷🔷🔷🔷🔷) -> eval: +0.2518
    [122] SUMMON | コスト🔷, 配置コア🔷🔷🔷🔷🔷🔷🔶 ⚠️ストラレイ消滅, (支払:R:🔷, 配置:R:🔷🔷🔷🔷🔷🔷, ストラレイ:🔶) -> eval: +0.2538
    [123] SUMMON | コスト🔷, 配置コア🔷🔷🔷🔷🔷🔷🔶 ⚠️ストラレイ・重顎ドロゴリアス消滅, (支払:重顎ドロゴリアス:🔷, 配置:R:🔷🔷🔷🔷🔷🔷, ストラレイ:🔶) -> eval: +0.1449
    [124] SUMMON | コスト🔶, 配置コア🔷🔷🔷🔷🔷🔷🔷 ⚠️ストラレイ消滅, (支払:ストラレイ:🔶, 配置:R:🔷🔷🔷🔷🔷🔷🔷) -> eval: +0.2779
    [125] SUMMON | コスト🔶, 配置コア🔷🔷🔷🔷🔷🔷🔷 ⚠️ストラレイ・重顎ドロゴリアス消滅, (支払:ストラレイ:🔶, 配置:R:🔷🔷🔷🔷🔷🔷, 重顎ドロゴリアス:🔷) -> eval: +0.1719
    [126] SUMMON | コスト🔷, 配置コア🔷🔷🔷🔷🔷🔷🔷🔷 ⚠️重顎ドロゴリアス消滅, (支払:重顎ドロゴリアス:🔷, 配置:R:🔷🔷🔷🔷🔷🔷🔷🔷) -> eval: +0.2683
    [127] SUMMON | コスト🔷, 配置コア🔷🔷🔷🔷🔷🔷🔷🔶 ⚠️ストラレイ消滅, (支払:R:🔷, 配置:R:🔷🔷🔷🔷🔷🔷🔷, ストラレイ:🔶) -> eval: +0.2697
    [128] SUMMON | コスト🔷, 配置コア🔷🔷🔷🔷🔷🔷🔷🔶 ⚠️ストラレイ・重顎ドロゴリアス消滅, (支払:重顎ドロゴリアス:🔷, 配置:R:🔷🔷🔷🔷🔷🔷🔷, ストラレイ:🔶) -> eval: +0.1584
    [129] SUMMON | コスト🔶, 配置コア🔷🔷🔷🔷🔷🔷🔷🔷 ⚠️ストラレイ消滅, (支払:ストラレイ:🔶, 配置:R:🔷🔷🔷🔷🔷🔷🔷🔷) -> eval: +0.2943
    [130] SUMMON | コスト🔶, 配置コア🔷🔷🔷🔷🔷🔷🔷🔷 ⚠️ストラレイ・重顎ドロゴリアス消滅, (支払:ストラレイ:🔶, 配置:R:🔷🔷🔷🔷🔷🔷🔷, 重顎ドロゴリアス:🔷) -> eval: +0.1859
    [131] SUMMON | コスト🔷, 配置コア🔷🔷🔷🔷🔷🔷🔷🔷🔶 ⚠️ストラレイ・重顎ドロゴリアス消滅, (支払:重顎ドロゴリアス:🔷, 配置:R:🔷🔷🔷🔷🔷🔷🔷🔷, ストラレイ:🔶) -> eval: +0.1727
    [132] SUMMON | コスト🔶, 配置コア🔷🔷🔷🔷🔷🔷🔷🔷🔷 ⚠️ストラレイ・重顎ドロゴリアス消滅, (支払:ストラレイ:🔶, 配置:R:🔷🔷🔷🔷🔷🔷🔷🔷, 重顎ドロゴリアス:🔷) -> eval: +0.2006
    [133] SUMMON | コスト🔷🔷🔷, 配置コア🔷, (支払:R:🔷🔷🔷, 配置:R:🔷) -> eval: +0.3463
    [134] SUMMON | コスト🔷🔷🔷, 配置コア🔷 ⚠️重顎ドロゴリアス消滅, (支払:R:🔷🔷, 重顎ドロゴリアス:🔷, 配置:R:🔷) -> eval: +0.1981
    [135] SUMMON | コスト🔷🔷🔷, 配置コア🔶 ⚠️ストラレイ消滅, (支払:R:🔷🔷🔷, 配置:ストラレイ:🔶) -> eval: +0.2041
    [136] SUMMON | コスト🔷🔷🔷, 配置コア🔶 ⚠️ストラレイ・重顎ドロゴリアス消滅, (支払:R:🔷🔷, 重顎ドロゴリアス:🔷, 配置:ストラレイ:🔶) -> eval: +0.1113
    [137] SUMMON | コスト🔷🔷🔶, 配置コア🔷 ⚠️ストラレイ消滅, (支払:R:🔷🔷, ストラレイ:🔶, 配置:R:🔷) -> eval: +0.2218
    [138] SUMMON | コスト🔷🔷🔶, 配置コア🔷 ⚠️ストラレイ・重顎ドロゴリアス消滅, (支払:R:🔷, ストラレイ:🔶, 重顎ドロゴリアス:🔷, 配置:R:🔷) -> eval: +0.1316
    [139] SUMMON | コスト🔷🔷🔷, 配置コア🔷🔷, (支払:R:🔷🔷🔷, 配置:R:🔷🔷) -> eval: +0.3589
    [140] SUMMON | コスト🔷🔷🔷, 配置コア🔷🔷 ⚠️重顎ドロゴリアス消滅, (支払:R:🔷🔷, 重顎ドロゴリアス:🔷, 配置:R:🔷🔷) -> eval: +0.2099
    [141] SUMMON | コスト🔷🔷🔷, 配置コア🔷🔶 ⚠️ストラレイ消滅, (支払:R:🔷🔷🔷, 配置:R:🔷, ストラレイ:🔶) -> eval: +0.2153
    [142] SUMMON | コスト🔷🔷🔷, 配置コア🔷🔶 ⚠️ストラレイ・重顎ドロゴリアス消滅, (支払:R:🔷🔷, 重顎ドロゴリアス:🔷, 配置:R:🔷, ストラレイ:🔶) -> eval: +0.1196
    [143] SUMMON | コスト🔷🔷🔶, 配置コア🔷🔷 ⚠️ストラレイ消滅, (支払:R:🔷🔷, ストラレイ:🔶, 配置:R:🔷🔷) -> eval: +0.2338
    [144] SUMMON | コスト🔷🔷🔶, 配置コア🔷🔷 ⚠️ストラレイ・重顎ドロゴリアス消滅, (支払:R:🔷, ストラレイ:🔶, 重顎ドロゴリアス:🔷, 配置:R:🔷🔷) -> eval: +0.1409
    [145] SUMMON | コスト🔷🔷🔷, 配置コア🔷🔷🔷, (支払:R:🔷🔷🔷, 配置:R:🔷🔷🔷) -> eval: +0.3825
    [146] SUMMON | コスト🔷🔷🔷, 配置コア🔷🔷🔷 ⚠️重顎ドロゴリアス消滅, (支払:R:🔷🔷, 重顎ドロゴリアス:🔷, 配置:R:🔷🔷🔷) -> eval: +0.2308
    [147] SUMMON | コスト🔷🔷🔷, 配置コア🔷🔷🔶 ⚠️ストラレイ消滅, (支払:R:🔷🔷🔷, 配置:R:🔷🔷, ストラレイ:🔶) -> eval: +0.2312
    [148] SUMMON | コスト🔷🔷🔷, 配置コア🔷🔷🔶 ⚠️ストラレイ・重顎ドロゴリアス消滅, (支払:R:🔷🔷, 重顎ドロゴリアス:🔷, 配置:R:🔷🔷, ストラレイ:🔶) -> eval: +0.1325
    [149] SUMMON | コスト🔷🔷🔶, 配置コア🔷🔷🔷 ⚠️ストラレイ消滅, (支払:R:🔷🔷, ストラレイ:🔶, 配置:R:🔷🔷🔷) -> eval: +0.2554
    [150] SUMMON | コスト🔷🔷🔶, 配置コア🔷🔷🔷 ⚠️ストラレイ・重顎ドロゴリアス消滅, (支払:R:🔷, ストラレイ:🔶, 重顎ドロゴリアス:🔷, 配置:R:🔷🔷🔷) -> eval: +0.1588
    [151] SUMMON | コスト🔷🔷🔷, 配置コア🔷🔷🔷🔷, (支払:R:🔷🔷🔷, 配置:R:🔷🔷🔷🔷) -> eval: +0.3971
    [152] SUMMON | コスト🔷🔷🔷, 配置コア🔷🔷🔷🔷 ⚠️重顎ドロゴリアス消滅, (支払:R:🔷🔷, 重顎ドロゴリアス:🔷, 配置:R:🔷🔷🔷🔷) -> eval: +0.2451
    [153] SUMMON | コスト🔷🔷🔷, 配置コア🔷🔷🔷🔶 ⚠️ストラレイ消滅, (支払:R:🔷🔷🔷, 配置:R:🔷🔷🔷, ストラレイ:🔶) -> eval: +0.2450
    [154] SUMMON | コスト🔷🔷🔷, 配置コア🔷🔷🔷🔶 ⚠️ストラレイ・重顎ドロゴリアス消滅, (支払:R:🔷🔷, 重顎ドロゴリアス:🔷, 配置:R:🔷🔷🔷, ストラレイ:🔶) -> eval: +0.1437
    [155] SUMMON | コスト🔷🔷🔶, 配置コア🔷🔷🔷🔷 ⚠️ストラレイ消滅, (支払:R:🔷🔷, ストラレイ:🔶, 配置:R:🔷🔷🔷🔷) -> eval: +0.2698
    [156] SUMMON | コスト🔷🔷🔶, 配置コア🔷🔷🔷🔷 ⚠️ストラレイ・重顎ドロゴリアス消滅, (支払:R:🔷, ストラレイ:🔶, 重顎ドロゴリアス:🔷, 配置:R:🔷🔷🔷🔷) -> eval: +0.1708
    [157] SUMMON | コスト🔷🔷🔷, 配置コア🔷🔷🔷🔷🔷, (支払:R:🔷🔷🔷, 配置:R:🔷🔷🔷🔷🔷) -> eval: +0.4124
    [158] SUMMON | コスト🔷🔷🔷, 配置コア🔷🔷🔷🔷🔷 ⚠️重顎ドロゴリアス消滅, (支払:R:🔷🔷, 重顎ドロゴリアス:🔷, 配置:R:🔷🔷🔷🔷🔷) -> eval: +0.2604
    [159] SUMMON | コスト🔷🔷🔷, 配置コア🔷🔷🔷🔷🔶 ⚠️ストラレイ消滅, (支払:R:🔷🔷🔷, 配置:R:🔷🔷🔷🔷, ストラレイ:🔶) -> eval: +0.2596
    [160] SUMMON | コスト🔷🔷🔷, 配置コア🔷🔷🔷🔷🔶 ⚠️ストラレイ・重顎ドロゴリアス消滅, (支払:R:🔷🔷, 重顎ドロゴリアス:🔷, 配置:R:🔷🔷🔷🔷, ストラレイ:🔶) -> eval: +0.1559
    [161] SUMMON | コスト🔷🔷🔶, 配置コア🔷🔷🔷🔷🔷 ⚠️ストラレイ消滅, (支払:R:🔷🔷, ストラレイ:🔶, 配置:R:🔷🔷🔷🔷🔷) -> eval: +0.2850
    [162] SUMMON | コスト🔷🔷🔶, 配置コア🔷🔷🔷🔷🔷 ⚠️ストラレイ・重顎ドロゴリアス消滅, (支払:R:🔷, ストラレイ:🔶, 重顎ドロゴリアス:🔷, 配置:R:🔷🔷🔷🔷🔷) -> eval: +0.1837
    [163] SUMMON | コスト🔷🔷🔷, 配置コア🔷🔷🔷🔷🔷🔷 ⚠️重顎ドロゴリアス消滅, (支払:R:🔷🔷, 重顎ドロゴリアス:🔷, 配置:R:🔷🔷🔷🔷🔷🔷) -> eval: +0.2764
    [164] SUMMON | コスト🔷🔷🔷, 配置コア🔷🔷🔷🔷🔷🔶 ⚠️ストラレイ消滅, (支払:R:🔷🔷🔷, 配置:R:🔷🔷🔷🔷🔷, ストラレイ:🔶) -> eval: +0.2751
    [165] SUMMON | コスト🔷🔷🔷, 配置コア🔷🔷🔷🔷🔷🔶 ⚠️ストラレイ・重顎ドロゴリアス消滅, (支払:R:🔷🔷, 重顎ドロゴリアス:🔷, 配置:R:🔷🔷🔷🔷🔷, ストラレイ:🔶) -> eval: +0.1692
    [166] SUMMON | コスト🔷🔷🔶, 配置コア🔷🔷🔷🔷🔷🔷 ⚠️ストラレイ消滅, (支払:R:🔷🔷, ストラレイ:🔶, 配置:R:🔷🔷🔷🔷🔷🔷) -> eval: +0.3008
    [167] SUMMON | コスト🔷🔷🔶, 配置コア🔷🔷🔷🔷🔷🔷 ⚠️ストラレイ・重顎ドロゴリアス消滅, (支払:R:🔷, ストラレイ:🔶, 重顎ドロゴリアス:🔷, 配置:R:🔷🔷🔷🔷🔷🔷) -> eval: +0.1976
    [168] SUMMON | コスト🔷🔷🔷, 配置コア🔷🔷🔷🔷🔷🔷🔶 ⚠️ストラレイ・重顎ドロゴリアス消滅, (支払:R:🔷🔷, 重顎ドロゴリアス:🔷, 配置:R:🔷🔷🔷🔷🔷🔷, ストラレイ:🔶) -> eval: +0.1833
    [169] SUMMON | コスト🔷🔷🔶, 配置コア🔷🔷🔷🔷🔷🔷🔷 ⚠️ストラレイ・重顎ドロゴリアス消滅, (支払:R:🔷, ストラレイ:🔶, 重顎ドロゴリアス:🔷, 配置:R:🔷🔷🔷🔷🔷🔷🔷) -> eval: +0.2122
    [170] MOVE_CORE | 🔷を移動 -> eval: +0.2867
    [171] MOVE_CORE | 🔷🔷を移動 -> eval: +0.2992
    [172] MOVE_CORE | 🔷🔷🔷を移動 -> eval: +0.3091
    [173] MOVE_CORE | 🔷🔷🔷🔷を移動 -> eval: +0.3199
    [174] MOVE_CORE | 🔷🔷🔷🔷🔷を移動 -> eval: +0.3318
    [175] MOVE_CORE | 🔷🔷🔷🔷🔷🔷を移動 -> eval: +0.3445
    [176] MOVE_CORE | 🔷🔷🔷🔷🔷🔷🔷を移動 -> eval: +0.3580
    [177] MOVE_CORE | 🔷🔷🔷🔷🔷🔷🔷🔷を移動 -> eval: +0.3722
    [178] MOVE_CORE | 🔷を移動 -> eval: +0.2950
    [179] MOVE_CORE | 🔷🔷を移動 -> eval: +0.3057
    [180] MOVE_CORE | 🔷🔷🔷を移動 -> eval: +0.3175
    [181] MOVE_CORE | 🔷🔷🔷🔷を移動 -> eval: +0.3304
    [182] MOVE_CORE | 🔷🔷🔷🔷🔷を移動 -> eval: +0.3442
    [183] MOVE_CORE | 🔷🔷🔷🔷🔷🔷を移動 -> eval: +0.3590
    [184] MOVE_CORE | 🔷🔷🔷🔷🔷🔷🔷を移動 -> eval: +0.3745
    [185] MOVE_CORE | 🔷🔷🔷🔷🔷🔷🔷🔷を移動 -> eval: +0.3906
    [186] MOVE_CORE | 🔶を移動 ⚠️ストラレイ消滅 -> eval: +0.1533
    [187] MOVE_CORE | 🔶 ⇄ 🔷 を交換 -> eval: +0.2990
    [188] MOVE_CORE | 🔶を移動 ⚠️ストラレイ消滅 -> eval: +0.1398
    [189] MOVE_CORE | 🔶 ⇄ 🔷 を交換 -> eval: +0.2838
    [190] MOVE_CORE | 🔷を移動 ⚠️重顎ドロゴリアス消滅 -> eval: +0.1308
    [191] MOVE_CORE | 🔷を移動 ⚠️重顎ドロゴリアス消滅 -> eval: +0.1372
  ステップ終了評価: +0.2798
  => 選択: SUMMON | コスト🔷🔷🔷, 配置コア🔷🔷🔷🔷🔷, (支払:R:🔷🔷🔷, 配置:R:🔷🔷🔷🔷🔷) (eval: +0.4155 > 終了評価 +0.2798)
     効果/結果: 🎴 「甲手スクィード」を召喚 (コスト3をトラッシュへ)

Turn 5 | 手数 34 | 手番: P1(run2_run3.kann.weight) | メインステップ
  盤面:
    P1: Life:1, Reserve:0, Hand:4枚, Field:[ストラレイ(Lv1,コア1s), 重顎ドロゴリアス(Lv1,コア1), 甲手スクィード(Lv2,コア5)]
    P2: Life:3, Reserve:0, Hand:2枚, Field:[ラスヘッド(Lv1,コア1), ストラレイ(Lv1,コア1), フラッティ(Lv1,コア1), フラッティ(Lv1,コア1)]
  候補行動 (101件):
    [0] USE_MAGIC | コスト🔷, コアは置かない ⚠️重顎ドロゴリアス消滅, (支払:重顎ドロゴリアス:🔷, 配置:なし) -> eval: +0.1645
    [1] USE_MAGIC | コスト🔷, コアは置かない, (支払:甲手スクィード:🔷, 配置:なし) -> eval: +0.3041
    [2] USE_MAGIC | コスト🔶, コアは置かない ⚠️ストラレイ消滅, (支払:ストラレイ:🔶, 配置:なし) -> eval: +0.1862
    [3] SUMMON | コスト🔷🔷, 配置コア🔷 ⚠️重顎ドロゴリアス消滅, (支払:甲手スクィード:🔷🔷, 配置:重顎ドロゴリアス:🔷) -> eval: +0.2882
    [4] SUMMON | コスト🔷🔷, 配置コア🔷, (支払:甲手スクィード:🔷🔷, 配置:甲手スクィード:🔷) -> eval: +0.4132
    [5] SUMMON | コスト🔷🔷, 配置コア🔶 ⚠️ストラレイ・重顎ドロゴリアス消滅, (支払:重顎ドロゴリアス:🔷, 甲手スクィード:🔷, 配置:ストラレイ:🔶) -> eval: +0.2101
    [6] SUMMON | コスト🔷🔷, 配置コア🔶 ⚠️ストラレイ消滅, (支払:甲手スクィード:🔷🔷, 配置:ストラレイ:🔶) -> eval: +0.2956
    [7] SUMMON | コスト🔷🔶, 配置コア🔷 ⚠️ストラレイ・重顎ドロゴリアス消滅, (支払:ストラレイ:🔶, 甲手スクィード:🔷, 配置:重顎ドロゴリアス:🔷) -> eval: +0.2290
    [8] SUMMON | コスト🔷🔶, 配置コア🔷 ⚠️ストラレイ消滅, (支払:ストラレイ:🔶, 甲手スクィード:🔷, 配置:甲手スクィード:🔷) -> eval: +0.3122
    [9] SUMMON | コスト🔷🔷, 配置コア🔷🔷 ⚠️重顎ドロゴリアス消滅, (支払:甲手スクィード:🔷🔷, 配置:重顎ドロゴリアス:🔷, 甲手スクィード:🔷) -> eval: +0.2893
    [10] SUMMON | コスト🔷🔷, 配置コア🔷🔷, (支払:甲手スクィード:🔷🔷, 配置:甲手スクィード:🔷🔷) -> eval: +0.4198
    [11] SUMMON | コスト🔷🔷, 配置コア🔷🔶 ⚠️ストラレイ・重顎ドロゴリアス消滅, (支払:甲手スクィード:🔷🔷, 配置:ストラレイ:🔶, 重顎ドロゴリアス:🔷) -> eval: +0.2113
    [12] SUMMON | コスト🔷🔷, 配置コア🔷🔶 ⚠️ストラレイ消滅, (支払:甲手スクィード:🔷🔷, 配置:ストラレイ:🔶, 甲手スクィード:🔷) -> eval: +0.2910
    [13] SUMMON | コスト🔷🔶, 配置コア🔷🔷 ⚠️ストラレイ・重顎ドロゴリアス消滅, (支払:ストラレイ:🔶, 甲手スクィード:🔷, 配置:重顎ドロゴリアス:🔷, 甲手スクィード:🔷) -> eval: +0.2328
    [14] SUMMON | コスト🔷🔶, 配置コア🔷🔷 ⚠️ストラレイ消滅, (支払:ストラレイ:🔶, 甲手スクィード:🔷, 配置:甲手スクィード:🔷🔷) -> eval: +0.3115
    [15] SUMMON | コスト🔷🔷, 配置コア🔷🔷🔷 ⚠️重顎ドロゴリアス消滅, (支払:甲手スクィード:🔷🔷, 配置:重顎ドロゴリアス:🔷, 甲手スクィード:🔷🔷) -> eval: +0.2906
    [16] SUMMON | コスト🔷🔷, 配置コア🔷🔷🔷 ⚠️甲手スクィード消滅, (支払:甲手スクィード:🔷🔷, 配置:甲手スクィード:🔷🔷🔷) -> eval: +0.2906
    [17] SUMMON | コスト🔷🔷, 配置コア🔷🔷🔶 ⚠️ストラレイ・重顎ドロゴリアス消滅, (支払:甲手スクィード:🔷🔷, 配置:ストラレイ:🔶, 重顎ドロゴリアス:🔷, 甲手スクィード:🔷) -> eval: +0.2063
    [18] SUMMON | コスト🔷🔷, 配置コア🔷🔷🔶 ⚠️ストラレイ消滅, (支払:甲手スクィード:🔷🔷, 配置:ストラレイ:🔶, 甲手スクィード:🔷🔷) -> eval: +0.2913
    [19] SUMMON | コスト🔷🔶, 配置コア🔷🔷🔷 ⚠️ストラレイ・重顎ドロゴリアス消滅, (支払:ストラレイ:🔶, 甲手スクィード:🔷, 配置:重顎ドロゴリアス:🔷, 甲手スクィード:🔷🔷) -> eval: +0.2287
    [20] SUMMON | コスト🔷🔶, 配置コア🔷🔷🔷 ⚠️ストラレイ消滅, (支払:ストラレイ:🔶, 甲手スクィード:🔷, 配置:甲手スクィード:🔷🔷🔷) -> eval: +0.3122
    [21] SUMMON | コスト🔷🔷, 配置コア🔷🔷🔷🔷 ⚠️重顎ドロゴリアス・甲手スクィード消滅, (支払:甲手スクィード:🔷🔷, 配置:重顎ドロゴリアス:🔷, 甲手スクィード:🔷🔷🔷) -> eval: +0.2051
    [22] SUMMON | コスト🔷🔷, 配置コア🔷🔷🔷🔶 ⚠️ストラレイ・重顎ドロゴリアス消滅, (支払:甲手スクィード:🔷🔷, 配置:ストラレイ:🔶, 重顎ドロゴリアス:🔷, 甲手スクィード:🔷🔷) -> eval: +0.2071
    [23] SUMMON | コスト🔷🔷, 配置コア🔷🔷🔷🔶 ⚠️ストラレイ・甲手スクィード消滅, (支払:甲手スクィード:🔷🔷, 配置:ストラレイ:🔶, 甲手スクィード:🔷🔷🔷) -> eval: +0.2071
    [24] SUMMON | コスト🔷🔶, 配置コア🔷🔷🔷🔷 ⚠️ストラレイ・重顎ドロゴリアス消滅, (支払:ストラレイ:🔶, 甲手スクィード:🔷, 配置:重顎ドロゴリアス:🔷, 甲手スクィード:🔷🔷🔷) -> eval: +0.2300
    [25] SUMMON | コスト🔷🔶, 配置コア🔷🔷🔷🔷 ⚠️ストラレイ・甲手スクィード消滅, (支払:ストラレイ:🔶, 甲手スクィード:🔷, 配置:甲手スクィード:🔷🔷🔷🔷) -> eval: +0.2300
    [26] SUMMON | コスト🔷🔷, 配置コア🔷🔷🔷🔷🔶 ⚠️ストラレイ・重顎ドロゴリアス・甲手スクィード消滅, (支払:甲手スクィード:🔷🔷, 配置:ストラレイ:🔶, 重顎ドロゴリアス:🔷, 甲手スクィード:🔷🔷🔷) -> eval: +0.1480
    [27] SUMMON | コスト🔷🔶, 配置コア🔷🔷🔷🔷🔷 ⚠️ストラレイ・重顎ドロゴリアス・甲手スクィード消滅, (支払:ストラレイ:🔶, 甲手スクィード:🔷, 配置:重顎ドロゴリアス:🔷, 甲手スクィード:🔷🔷🔷🔷) -> eval: +0.1724
    [28] SUMMON | コスト🔷, 配置コア🔷 ⚠️重顎ドロゴリアス消滅, (支払:甲手スクィード:🔷, 配置:重顎ドロゴリアス:🔷) -> eval: +0.2905
    [29] SUMMON | コスト🔷, 配置コア🔷, (支払:甲手スクィード:🔷, 配置:甲手スクィード:🔷) -> eval: +0.4215
    [30] SUMMON | コスト🔷, 配置コア🔶 ⚠️ストラレイ・重顎ドロゴリアス消滅, (支払:重顎ドロゴリアス:🔷, 配置:ストラレイ:🔶) -> eval: +0.2125
    [31] SUMMON | コスト🔷, 配置コア🔶 ⚠️ストラレイ消滅, (支払:甲手スクィード:🔷, 配置:ストラレイ:🔶) -> eval: +0.2990
    [32] SUMMON | コスト🔶, 配置コア🔷 ⚠️ストラレイ・重顎ドロゴリアス消滅, (支払:ストラレイ:🔶, 配置:重顎ドロゴリアス:🔷) -> eval: +0.2307
    [33] SUMMON | コスト🔶, 配置コア🔷 ⚠️ストラレイ消滅, (支払:ストラレイ:🔶, 配置:甲手スクィード:🔷) -> eval: +0.3148
    [34] SUMMON | コスト🔷, 配置コア🔷🔷 ⚠️重顎ドロゴリアス消滅, (支払:甲手スクィード:🔷, 配置:重顎ドロゴリアス:🔷, 甲手スクィード:🔷) -> eval: +0.2906
    [35] SUMMON | コスト🔷, 配置コア🔷🔷, (支払:甲手スクィード:🔷, 配置:甲手スクィード:🔷🔷) -> eval: +0.4158
    [36] SUMMON | コスト🔷, 配置コア🔷🔶 ⚠️ストラレイ・重顎ドロゴリアス消滅, (支払:甲手スクィード:🔷, 配置:ストラレイ:🔶, 重顎ドロゴリアス:🔷) -> eval: +0.2121
    [37] SUMMON | コスト🔷, 配置コア🔷🔶 ⚠️ストラレイ消滅, (支払:甲手スクィード:🔷, 配置:ストラレイ:🔶, 甲手スクィード:🔷) -> eval: +0.2982
    [38] SUMMON | コスト🔶, 配置コア🔷🔷 ⚠️ストラレイ・重顎ドロゴリアス消滅, (支払:ストラレイ:🔶, 配置:重顎ドロゴリアス:🔷, 甲手スクィード:🔷) -> eval: +0.2307
    [39] SUMMON | コスト🔶, 配置コア🔷🔷 ⚠️ストラレイ消滅, (支払:ストラレイ:🔶, 配置:甲手スクィード:🔷🔷) -> eval: +0.3144
    [40] SUMMON | コスト🔷, 配置コア🔷🔷🔷 ⚠️重顎ドロゴリアス消滅, (支払:甲手スクィード:🔷, 配置:重顎ドロゴリアス:🔷, 甲手スクィード:🔷🔷) -> eval: +0.2953
    [41] SUMMON | コスト🔷, 配置コア🔷🔷🔷, (支払:甲手スクィード:🔷, 配置:甲手スクィード:🔷🔷🔷) -> eval: +0.4263
    [42] SUMMON | コスト🔷, 配置コア🔷🔷🔶 ⚠️ストラレイ・重顎ドロゴリアス消滅, (支払:甲手スクィード:🔷, 配置:ストラレイ:🔶, 重顎ドロゴリアス:🔷, 甲手スクィード:🔷) -> eval: +0.2156
    [43] SUMMON | コスト🔷, 配置コア🔷🔷🔶 ⚠️ストラレイ消滅, (支払:甲手スクィード:🔷, 配置:ストラレイ:🔶, 甲手スクィード:🔷🔷) -> eval: +0.2963
    [44] SUMMON | コスト🔶, 配置コア🔷🔷🔷 ⚠️ストラレイ・重顎ドロゴリアス消滅, (支払:ストラレイ:🔶, 配置:重顎ドロゴリアス:🔷, 甲手スクィード:🔷🔷) -> eval: +0.2375
    [45] SUMMON | コスト🔶, 配置コア🔷🔷🔷 ⚠️ストラレイ消滅, (支払:ストラレイ:🔶, 配置:甲手スクィード:🔷🔷🔷) -> eval: +0.3171
    [46] SUMMON | コスト🔷, 配置コア🔷🔷🔷🔷 ⚠️重顎ドロゴリアス消滅, (支払:甲手スクィード:🔷, 配置:重顎ドロゴリアス:🔷, 甲手スクィード:🔷🔷🔷) -> eval: +0.2968
    [47] SUMMON | コスト🔷, 配置コア🔷🔷🔷🔷 ⚠️甲手スクィード消滅, (支払:甲手スクィード:🔷, 配置:甲手スクィード:🔷🔷🔷🔷) -> eval: +0.2968
    [48] SUMMON | コスト🔷, 配置コア🔷🔷🔷🔶 ⚠️ストラレイ・重顎ドロゴリアス消滅, (支払:甲手スクィード:🔷, 配置:ストラレイ:🔶, 重顎ドロゴリアス:🔷, 甲手スクィード:🔷🔷) -> eval: +0.2107
    [49] SUMMON | コスト🔷, 配置コア🔷🔷🔷🔶 ⚠️ストラレイ消滅, (支払:甲手スクィード:🔷, 配置:ストラレイ:🔶, 甲手スクィード:🔷🔷🔷) -> eval: +0.2967
    [50] SUMMON | コスト🔶, 配置コア🔷🔷🔷🔷 ⚠️ストラレイ・重顎ドロゴリアス消滅, (支払:ストラレイ:🔶, 配置:重顎ドロゴリアス:🔷, 甲手スクィード:🔷🔷🔷) -> eval: +0.2336
    [51] SUMMON | コスト🔶, 配置コア🔷🔷🔷🔷 ⚠️ストラレイ消滅, (支払:ストラレイ:🔶, 配置:甲手スクィード:🔷🔷🔷🔷) -> eval: +0.3180
    [52] SUMMON | コスト🔷, 配置コア🔷🔷🔷🔷🔷 ⚠️重顎ドロゴリアス・甲手スクィード消滅, (支払:甲手スクィード:🔷, 配置:重顎ドロゴリアス:🔷, 甲手スクィード:🔷🔷🔷🔷) -> eval: +0.2102
    [53] SUMMON | コスト🔷, 配置コア🔷🔷🔷🔷🔶 ⚠️ストラレイ・重顎ドロゴリアス消滅, (支払:甲手スクィード:🔷, 配置:ストラレイ:🔶, 重顎ドロゴリアス:🔷, 甲手スクィード:🔷🔷🔷) -> eval: +0.2117
    [54] SUMMON | コスト🔷, 配置コア🔷🔷🔷🔷🔶 ⚠️ストラレイ・甲手スクィード消滅, (支払:甲手スクィード:🔷, 配置:ストラレイ:🔶, 甲手スクィード:🔷🔷🔷🔷) -> eval: +0.2117
    [55] SUMMON | コスト🔶, 配置コア🔷🔷🔷🔷🔷 ⚠️ストラレイ・重顎ドロゴリアス消滅, (支払:ストラレイ:🔶, 配置:重顎ドロゴリアス:🔷, 甲手スクィード:🔷🔷🔷🔷) -> eval: +0.2350
    [56] SUMMON | コスト🔶, 配置コア🔷🔷🔷🔷🔷 ⚠️ストラレイ・甲手スクィード消滅, (支払:ストラレイ:🔶, 配置:甲手スクィード:🔷🔷🔷🔷🔷) -> eval: +0.2350
    [57] SUMMON | コスト🔷, 配置コア🔷🔷🔷🔷🔷🔶 ⚠️ストラレイ・重顎ドロゴリアス・甲手スクィード消滅, (支払:甲手スクィード:🔷, 配置:ストラレイ:🔶, 重顎ドロゴリアス:🔷, 甲手スクィード:🔷🔷🔷🔷) -> eval: +0.1515
    [58] SUMMON | コスト🔶, 配置コア🔷🔷🔷🔷🔷🔷 ⚠️ストラレイ・重顎ドロゴリアス・甲手スクィード消滅, (支払:ストラレイ:🔶, 配置:重顎ドロゴリアス:🔷, 甲手スクィード:🔷🔷🔷🔷🔷) -> eval: +0.1763
    [59] SUMMON | コスト🔷🔷🔷, 配置コア🔷 ⚠️重顎ドロゴリアス消滅, (支払:甲手スクィード:🔷🔷🔷, 配置:重顎ドロゴリアス:🔷) -> eval: +0.2939
    [60] SUMMON | コスト🔷🔷🔷, 配置コア🔷, (支払:甲手スクィード:🔷🔷🔷, 配置:甲手スクィード:🔷) -> eval: +0.4220
    [61] SUMMON | コスト🔷🔷🔷, 配置コア🔶 ⚠️ストラレイ・重顎ドロゴリアス消滅, (支払:重顎ドロゴリアス:🔷, 甲手スクィード:🔷🔷, 配置:ストラレイ:🔶) -> eval: +0.2187
    [62] SUMMON | コスト🔷🔷🔷, 配置コア🔶 ⚠️ストラレイ消滅, (支払:甲手スクィード:🔷🔷🔷, 配置:ストラレイ:🔶) -> eval: +0.2976
    [63] SUMMON | コスト🔷🔷🔶, 配置コア🔷 ⚠️ストラレイ・重顎ドロゴリアス消滅, (支払:ストラレイ:🔶, 甲手スクィード:🔷🔷, 配置:重顎ドロゴリアス:🔷) -> eval: +0.2383
    [64] SUMMON | コスト🔷🔷🔶, 配置コア🔷 ⚠️ストラレイ消滅, (支払:ストラレイ:🔶, 甲手スクィード:🔷🔷, 配置:甲手スクィード:🔷) -> eval: +0.3156
    [65] SUMMON | コスト🔷🔷🔷, 配置コア🔷🔷 ⚠️重顎ドロゴリアス消滅, (支払:甲手スクィード:🔷🔷🔷, 配置:重顎ドロゴリアス:🔷, 甲手スクィード:🔷) -> eval: +0.2946
    [66] SUMMON | コスト🔷🔷🔷, 配置コア🔷🔷 ⚠️甲手スクィード消滅, (支払:甲手スクィード:🔷🔷🔷, 配置:甲手スクィード:🔷🔷) -> eval: +0.2946
    [67] SUMMON | コスト🔷🔷🔷, 配置コア🔷🔶 ⚠️ストラレイ・重顎ドロゴリアス消滅, (支払:甲手スクィード:🔷🔷🔷, 配置:ストラレイ:🔶, 重顎ドロゴリアス:🔷) -> eval: +0.2136
    [68] SUMMON | コスト🔷🔷🔷, 配置コア🔷🔶 ⚠️ストラレイ消滅, (支払:甲手スクィード:🔷🔷🔷, 配置:ストラレイ:🔶, 甲手スクィード:🔷) -> eval: +0.2973
    [69] SUMMON | コスト🔷🔷🔶, 配置コア🔷🔷 ⚠️ストラレイ・重顎ドロゴリアス消滅, (支払:ストラレイ:🔶, 甲手スクィード:🔷🔷, 配置:重顎ドロゴリアス:🔷, 甲手スクィード:🔷) -> eval: +0.2341
    [70] SUMMON | コスト🔷🔷🔶, 配置コア🔷🔷 ⚠️ストラレイ消滅, (支払:ストラレイ:🔶, 甲手スクィード:🔷🔷, 配置:甲手スクィード:🔷🔷) -> eval: +0.3158
    [71] SUMMON | コスト🔷🔷🔷, 配置コア🔷🔷🔷 ⚠️重顎ドロゴリアス・甲手スクィード消滅, (支払:甲手スクィード:🔷🔷🔷, 配置:重顎ドロゴリアス:🔷, 甲手スクィード:🔷🔷) -> eval: +0.2173
    [72] SUMMON | コスト🔷🔷🔷, 配置コア🔷🔷🔶 ⚠️ストラレイ・重顎ドロゴリアス消滅, (支払:甲手スクィード:🔷🔷🔷, 配置:ストラレイ:🔶, 重顎ドロゴリアス:🔷, 甲手スクィード:🔷) -> eval: +0.2180
    [73] SUMMON | コスト🔷🔷🔷, 配置コア🔷🔷🔶 ⚠️ストラレイ・甲手スクィード消滅, (支払:甲手スクィード:🔷🔷🔷, 配置:ストラレイ:🔶, 甲手スクィード:🔷🔷) -> eval: +0.2180
    [74] SUMMON | コスト🔷🔷🔶, 配置コア🔷🔷🔷 ⚠️ストラレイ・重顎ドロゴリアス消滅, (支払:ストラレイ:🔶, 甲手スクィード:🔷🔷, 配置:重顎ドロゴリアス:🔷, 甲手スクィード:🔷🔷) -> eval: +0.2409
    [75] SUMMON | コスト🔷🔷🔶, 配置コア🔷🔷🔷 ⚠️ストラレイ・甲手スクィード消滅, (支払:ストラレイ:🔶, 甲手スクィード:🔷🔷, 配置:甲手スクィード:🔷🔷🔷) -> eval: +0.2409
    [76] SUMMON | コスト🔷🔷🔷, 配置コア🔷🔷🔷🔶 ⚠️ストラレイ・重顎ドロゴリアス・甲手スクィード消滅, (支払:甲手スクィード:🔷🔷🔷, 配置:ストラレイ:🔶, 重顎ドロゴリアス:🔷, 甲手スクィード:🔷🔷) -> eval: +0.1611
    [77] SUMMON | コスト🔷🔷🔶, 配置コア🔷🔷🔷🔷 ⚠️ストラレイ・重顎ドロゴリアス・甲手スクィード消滅, (支払:ストラレイ:🔶, 甲手スクィード:🔷🔷, 配置:重顎ドロゴリアス:🔷, 甲手スクィード:🔷🔷🔷) -> eval: +0.1849
    [78] MOVE_CORE | 🔶を移動 ⚠️ストラレイ消滅 -> eval: +0.2900
    [79] MOVE_CORE | 🔶を移動 ⚠️ストラレイ消滅 -> eval: +0.2788
    [80] MOVE_CORE | 🔶 ⇄ 🔷 を交換 -> eval: +0.4160
    [81] MOVE_CORE | 🔶を移動 ⚠️ストラレイ消滅 -> eval: +0.2791
    [82] MOVE_CORE | 🔶 ⇄ 🔷 を交換 -> eval: +0.4108
    [83] MOVE_CORE | 🔷を移動 ⚠️重顎ドロゴリアス消滅 -> eval: +0.2633
    [84] MOVE_CORE | 🔷を移動 ⚠️重顎ドロゴリアス消滅 -> eval: +0.2761
    [85] MOVE_CORE | 🔷を移動 ⚠️重顎ドロゴリアス消滅 -> eval: +0.2792
    [86] MOVE_CORE | 🔷を移動 -> eval: +0.4004
    [87] MOVE_CORE | 🔷🔷を移動 -> eval: +0.3859
    [88] MOVE_CORE | 🔷🔷🔷を移動 -> eval: +0.3626
    [89] MOVE_CORE | 🔷🔷🔷🔷を移動 -> eval: +0.3501
    [90] MOVE_CORE | 🔷🔷🔷🔷🔷を移動 ⚠️甲手スクィード消滅 -> eval: +0.2016
    [91] MOVE_CORE | 🔷を移動 -> eval: +0.4125
    [92] MOVE_CORE | 🔷🔷を移動 -> eval: +0.4144
    [93] MOVE_CORE | 🔷🔷🔷を移動 -> eval: +0.4030
    [94] MOVE_CORE | 🔷🔷🔷🔷を移動 -> eval: +0.4016
    [95] MOVE_CORE | 🔷🔷🔷🔷🔷を移動 ⚠️甲手スクィード消滅 -> eval: +0.2678
    [96] MOVE_CORE | 🔷を移動 -> eval: +0.4150
    [97] MOVE_CORE | 🔷🔷を移動 -> eval: +0.4140
    [98] MOVE_CORE | 🔷🔷🔷を移動 -> eval: +0.4042
    [99] MOVE_CORE | 🔷🔷🔷🔷を移動 -> eval: +0.4042
    [100] MOVE_CORE | 🔷🔷🔷🔷🔷を移動 ⚠️甲手スクィード消滅 -> eval: +0.2766
  ステップ終了評価: +0.4155
  => 選択: SUMMON | コスト🔷, 配置コア🔷🔷🔷, (支払:甲手スクィード:🔷, 配置:甲手スクィード:🔷🔷🔷) (eval: +0.4263 > 終了評価 +0.4155)
     効果/結果: 🎴 「フラッティ」を召喚 (コスト1をトラッシュへ) ※甲手スクィードから1個, 甲手スクィードから3個

Turn 5 | 手数 35 | 手番: P1(run2_run3.kann.weight) | メインステップ
  盤面:
    P1: Life:1, Reserve:0, Hand:3枚, Field:[ストラレイ(Lv1,コア1s), 重顎ドロゴリアス(Lv1,コア1), 甲手スクィード(Lv1,コア1), フラッティ(Lv2,コア3)]
    P2: Life:3, Reserve:0, Hand:2枚, Field:[ラスヘッド(Lv1,コア1), ストラレイ(Lv1,コア1), フラッティ(Lv1,コア1), フラッティ(Lv1,コア1)]
  候補行動 (83件):
    [0] USE_MAGIC | コスト🔷, コアは置かない ⚠️重顎ドロゴリアス消滅, (支払:重顎ドロゴリアス:🔷, 配置:なし) -> eval: +0.1827
    [1] USE_MAGIC | コスト🔷, コアは置かない ⚠️甲手スクィード消滅, (支払:甲手スクィード:🔷, 配置:なし) -> eval: +0.1827
    [2] USE_MAGIC | コスト🔷, コアは置かない, (支払:フラッティ:🔷, 配置:なし) -> eval: +0.3089
    [3] USE_MAGIC | コスト🔶, コアは置かない ⚠️ストラレイ消滅, (支払:ストラレイ:🔶, 配置:なし) -> eval: +0.1998
    [4] SUMMON | コスト🔷🔷, 配置コア🔷 ⚠️重顎ドロゴリアス・甲手スクィード消滅, (支払:甲手スクィード:🔷, フラッティ:🔷, 配置:重顎ドロゴリアス:🔷) -> eval: +0.2192
    [5] SUMMON | コスト🔷🔷, 配置コア🔷 ⚠️重顎ドロゴリアス消滅, (支払:フラッティ:🔷🔷, 配置:重顎ドロゴリアス:🔷) -> eval: +0.2998
    [6] SUMMON | コスト🔷🔷, 配置コア🔷 ⚠️甲手スクィード消滅, (支払:フラッティ:🔷🔷, 配置:甲手スクィード:🔷) -> eval: +0.2998
    [7] SUMMON | コスト🔷🔷, 配置コア🔷 ⚠️フラッティ消滅, (支払:フラッティ:🔷🔷, 配置:フラッティ:🔷) -> eval: +0.3108
    [8] SUMMON | コスト🔷🔷, 配置コア🔶 ⚠️ストラレイ・重顎ドロゴリアス・甲手スクィード消滅, (支払:重顎ドロゴリアス:🔷, 甲手スクィード:🔷, 配置:ストラレイ:🔶) -> eval: +0.1709
    [9] SUMMON | コスト🔷🔷, 配置コア🔶 ⚠️ストラレイ・重顎ドロゴリアス消滅, (支払:重顎ドロゴリアス:🔷, フラッティ:🔷, 配置:ストラレイ:🔶) -> eval: +0.2205
    [10] SUMMON | コスト🔷🔷, 配置コア🔶 ⚠️ストラレイ・甲手スクィード消滅, (支払:甲手スクィード:🔷, フラッティ:🔷, 配置:ストラレイ:🔶) -> eval: +0.2205
    [11] SUMMON | コスト🔷🔷, 配置コア🔶 ⚠️ストラレイ消滅, (支払:フラッティ:🔷🔷, 配置:ストラレイ:🔶) -> eval: +0.3013
    [12] SUMMON | コスト🔷🔶, 配置コア🔷 ⚠️ストラレイ・重顎ドロゴリアス・甲手スクィード消滅, (支払:ストラレイ:🔶, 甲手スクィード:🔷, 配置:重顎ドロゴリアス:🔷) -> eval: +0.1897
    [13] SUMMON | コスト🔷🔶, 配置コア🔷 ⚠️ストラレイ・重顎ドロゴリアス消滅, (支払:ストラレイ:🔶, フラッティ:🔷, 配置:重顎ドロゴリアス:🔷) -> eval: +0.2393
    [14] SUMMON | コスト🔷🔶, 配置コア🔷 ⚠️ストラレイ・甲手スクィード消滅, (支払:ストラレイ:🔶, フラッティ:🔷, 配置:甲手スクィード:🔷) -> eval: +0.2393
    [15] SUMMON | コスト🔷🔶, 配置コア🔷 ⚠️ストラレイ消滅, (支払:ストラレイ:🔶, フラッティ:🔷, 配置:フラッティ:🔷) -> eval: +0.3181
    [16] SUMMON | コスト🔷🔷, 配置コア🔷🔷 ⚠️重顎ドロゴリアス・甲手スクィード消滅, (支払:フラッティ:🔷🔷, 配置:重顎ドロゴリアス:🔷, 甲手スクィード:🔷) -> eval: +0.2243
    [17] SUMMON | コスト🔷🔷, 配置コア🔷🔷 ⚠️重顎ドロゴリアス・フラッティ消滅, (支払:フラッティ:🔷🔷, 配置:重顎ドロゴリアス:🔷, フラッティ:🔷) -> eval: +0.2334
    [18] SUMMON | コスト🔷🔷, 配置コア🔷🔷 ⚠️甲手スクィード・フラッティ消滅, (支払:フラッティ:🔷🔷, 配置:甲手スクィード:🔷, フラッティ:🔷) -> eval: +0.2334
    [19] SUMMON | コスト🔷🔷, 配置コア🔷🔶 ⚠️ストラレイ・重顎ドロゴリアス・甲手スクィード消滅, (支払:甲手スクィード:🔷, フラッティ:🔷, 配置:ストラレイ:🔶, 重顎ドロゴリアス:🔷) -> eval: +0.1680
    [20] SUMMON | コスト🔷🔷, 配置コア🔷🔶 ⚠️ストラレイ・重顎ドロゴリアス消滅, (支払:フラッティ:🔷🔷, 配置:ストラレイ:🔶, 重顎ドロゴリアス:🔷) -> eval: +0.2220
    [21] SUMMON | コスト🔷🔷, 配置コア🔷🔶 ⚠️ストラレイ・甲手スクィード消滅, (支払:フラッティ:🔷🔷, 配置:ストラレイ:🔶, 甲手スクィード:🔷) -> eval: +0.2220
    [22] SUMMON | コスト🔷🔷, 配置コア🔷🔶 ⚠️ストラレイ・フラッティ消滅, (支払:フラッティ:🔷🔷, 配置:ストラレイ:🔶, フラッティ:🔷) -> eval: +0.2321
    [23] SUMMON | コスト🔷🔶, 配置コア🔷🔷 ⚠️ストラレイ・重顎ドロゴリアス・甲手スクィード消滅, (支払:ストラレイ:🔶, フラッティ:🔷, 配置:重顎ドロゴリアス:🔷, 甲手スクィード:🔷) -> eval: +0.1886
    [24] SUMMON | コスト🔷🔶, 配置コア🔷🔷 ⚠️ストラレイ・重顎ドロゴリアス消滅, (支払:ストラレイ:🔶, フラッティ:🔷, 配置:重顎ドロゴリアス:🔷, フラッティ:🔷) -> eval: +0.2433
    [25] SUMMON | コスト🔷🔶, 配置コア🔷🔷 ⚠️ストラレイ・甲手スクィード消滅, (支払:ストラレイ:🔶, フラッティ:🔷, 配置:甲手スクィード:🔷, フラッティ:🔷) -> eval: +0.2433
    [26] SUMMON | コスト🔷🔶, 配置コア🔷🔷 ⚠️ストラレイ・フラッティ消滅, (支払:ストラレイ:🔶, フラッティ:🔷, 配置:フラッティ:🔷🔷) -> eval: +0.2526
    [27] SUMMON | コスト🔷🔷, 配置コア🔷🔷🔷 ⚠️重顎ドロゴリアス・甲手スクィード・フラッティ消滅, (支払:フラッティ:🔷🔷, 配置:重顎ドロゴリアス:🔷, 甲手スクィード:🔷, フラッティ:🔷) -> eval: +0.1773
    [28] SUMMON | コスト🔷🔷, 配置コア🔷🔷🔶 ⚠️ストラレイ・重顎ドロゴリアス・甲手スクィード消滅, (支払:フラッティ:🔷🔷, 配置:ストラレイ:🔶, 重顎ドロゴリアス:🔷, 甲手スクィード:🔷) -> eval: +0.1687
    [29] SUMMON | コスト🔷🔷, 配置コア🔷🔷🔶 ⚠️ストラレイ・重顎ドロゴリアス・フラッティ消滅, (支払:フラッティ:🔷🔷, 配置:ストラレイ:🔶, 重顎ドロゴリアス:🔷, フラッティ:🔷) -> eval: +0.1784
    [30] SUMMON | コスト🔷🔷, 配置コア🔷🔷🔶 ⚠️ストラレイ・甲手スクィード・フラッティ消滅, (支払:フラッティ:🔷🔷, 配置:ストラレイ:🔶, 甲手スクィード:🔷, フラッティ:🔷) -> eval: +0.1784
    [31] SUMMON | コスト🔷🔶, 配置コア🔷🔷🔷 ⚠️ストラレイ・重顎ドロゴリアス・甲手スクィード消滅, (支払:ストラレイ:🔶, フラッティ:🔷, 配置:重顎ドロゴリアス:🔷, 甲手スクィード:🔷, フラッティ:🔷) -> eval: +0.1898
    [32] SUMMON | コスト🔷🔶, 配置コア🔷🔷🔷 ⚠️ストラレイ・重顎ドロゴリアス・フラッティ消滅, (支払:ストラレイ:🔶, フラッティ:🔷, 配置:重顎ドロゴリアス:🔷, フラッティ:🔷🔷) -> eval: +0.1987
    [33] SUMMON | コスト🔷🔶, 配置コア🔷🔷🔷 ⚠️ストラレイ・甲手スクィード・フラッティ消滅, (支払:ストラレイ:🔶, フラッティ:🔷, 配置:甲手スクィード:🔷, フラッティ:🔷🔷) -> eval: +0.1987
    [34] SUMMON | コスト🔷🔷, 配置コア🔷🔷🔷🔶 ⚠️ストラレイ・重顎ドロゴリアス・甲手スクィード・フラッティ消滅, (支払:フラッティ:🔷🔷, 配置:ストラレイ:🔶, 重顎ドロゴリアス:🔷, 甲手スクィード:🔷, フラッティ:🔷) -> eval: +0.1335
    [35] SUMMON | コスト🔷🔶, 配置コア🔷🔷🔷🔷 ⚠️ストラレイ・重顎ドロゴリアス・甲手スクィード・フラッティ消滅, (支払:ストラレイ:🔶, フラッティ:🔷, 配置:重顎ドロゴリアス:🔷, 甲手スクィード:🔷, フラッティ:🔷🔷) -> eval: +0.1534
    [36] SUMMON | コスト🔷🔷🔷, 配置コア🔷 ⚠️重顎ドロゴリアス・甲手スクィード消滅, (支払:甲手スクィード:🔷, フラッティ:🔷🔷, 配置:重顎ドロゴリアス:🔷) -> eval: +0.2275
    [37] SUMMON | コスト🔷🔷🔷, 配置コア🔷 ⚠️重顎ドロゴリアス・フラッティ消滅, (支払:フラッティ:🔷🔷🔷, 配置:重顎ドロゴリアス:🔷) -> eval: +0.2364
    [38] SUMMON | コスト🔷🔷🔷, 配置コア🔷 ⚠️甲手スクィード・フラッティ消滅, (支払:フラッティ:🔷🔷🔷, 配置:甲手スクィード:🔷) -> eval: +0.2364
    [39] SUMMON | コスト🔷🔷🔷, 配置コア🔶 ⚠️ストラレイ・重顎ドロゴリアス・甲手スクィード消滅, (支払:重顎ドロゴリアス:🔷, 甲手スクィード:🔷, フラッティ:🔷, 配置:ストラレイ:🔶) -> eval: +0.1734
    [40] SUMMON | コスト🔷🔷🔷, 配置コア🔶 ⚠️ストラレイ・重顎ドロゴリアス消滅, (支払:重顎ドロゴリアス:🔷, フラッティ:🔷🔷, 配置:ストラレイ:🔶) -> eval: +0.2265
    [41] SUMMON | コスト🔷🔷🔷, 配置コア🔶 ⚠️ストラレイ・甲手スクィード消滅, (支払:甲手スクィード:🔷, フラッティ:🔷🔷, 配置:ストラレイ:🔶) -> eval: +0.2265
    [42] SUMMON | コスト🔷🔷🔷, 配置コア🔶 ⚠️ストラレイ・フラッティ消滅, (支払:フラッティ:🔷🔷🔷, 配置:ストラレイ:🔶) -> eval: +0.2362
    [43] SUMMON | コスト🔷🔷🔶, 配置コア🔷 ⚠️ストラレイ・重顎ドロゴリアス・甲手スクィード消滅, (支払:ストラレイ:🔶, 甲手スクィード:🔷, フラッティ:🔷, 配置:重顎ドロゴリアス:🔷) -> eval: +0.1928
    [44] SUMMON | コスト🔷🔷🔶, 配置コア🔷 ⚠️ストラレイ・重顎ドロゴリアス消滅, (支払:ストラレイ:🔶, フラッティ:🔷🔷, 配置:重顎ドロゴリアス:🔷) -> eval: +0.2463
    [45] SUMMON | コスト🔷🔷🔶, 配置コア🔷 ⚠️ストラレイ・甲手スクィード消滅, (支払:ストラレイ:🔶, フラッティ:🔷🔷, 配置:甲手スクィード:🔷) -> eval: +0.2463
    [46] SUMMON | コスト🔷🔷🔶, 配置コア🔷 ⚠️ストラレイ・フラッティ消滅, (支払:ストラレイ:🔶, フラッティ:🔷🔷, 配置:フラッティ:🔷) -> eval: +0.2554
    [47] SUMMON | コスト🔷🔷🔷, 配置コア🔷🔷 ⚠️重顎ドロゴリアス・甲手スクィード・フラッティ消滅, (支払:フラッティ:🔷🔷🔷, 配置:重顎ドロゴリアス:🔷, 甲手スクィード:🔷) -> eval: +0.1817
    [48] SUMMON | コスト🔷🔷🔷, 配置コア🔷🔶 ⚠️ストラレイ・重顎ドロゴリアス・甲手スクィード消滅, (支払:甲手スクィード:🔷, フラッティ:🔷🔷, 配置:ストラレイ:🔶, 重顎ドロゴリアス:🔷) -> eval: +0.1736
    [49] SUMMON | コスト🔷🔷🔷, 配置コア🔷🔶 ⚠️ストラレイ・重顎ドロゴリアス・フラッティ消滅, (支払:フラッティ:🔷🔷🔷, 配置:ストラレイ:🔶, 重顎ドロゴリアス:🔷) -> eval: +0.1826
    [50] SUMMON | コスト🔷🔷🔷, 配置コア🔷🔶 ⚠️ストラレイ・甲手スクィード・フラッティ消滅, (支払:フラッティ:🔷🔷🔷, 配置:ストラレイ:🔶, 甲手スクィード:🔷) -> eval: +0.1826
    [51] SUMMON | コスト🔷🔷🔶, 配置コア🔷🔷 ⚠️ストラレイ・重顎ドロゴリアス・甲手スクィード消滅, (支払:ストラレイ:🔶, フラッティ:🔷🔷, 配置:重顎ドロゴリアス:🔷, 甲手スクィード:🔷) -> eval: +0.1935
    [52] SUMMON | コスト🔷🔷🔶, 配置コア🔷🔷 ⚠️ストラレイ・重顎ドロゴリアス・フラッティ消滅, (支払:ストラレイ:🔶, フラッティ:🔷🔷, 配置:重顎ドロゴリアス:🔷, フラッティ:🔷) -> eval: +0.2018
    [53] SUMMON | コスト🔷🔷🔶, 配置コア🔷🔷 ⚠️ストラレイ・甲手スクィード・フラッティ消滅, (支払:ストラレイ:🔶, フラッティ:🔷🔷, 配置:甲手スクィード:🔷, フラッティ:🔷) -> eval: +0.2018
    [54] SUMMON | コスト🔷🔷🔷, 配置コア🔷🔷🔶 ⚠️ストラレイ・重顎ドロゴリアス・甲手スクィード・フラッティ消滅, (支払:フラッティ:🔷🔷🔷, 配置:ストラレイ:🔶, 重顎ドロゴリアス:🔷, 甲手スクィード:🔷) -> eval: +0.1430
    [55] SUMMON | コスト🔷🔷🔶, 配置コア🔷🔷🔷 ⚠️ストラレイ・重顎ドロゴリアス・甲手スクィード・フラッティ消滅, (支払:ストラレイ:🔶, フラッティ:🔷🔷, 配置:重顎ドロゴリアス:🔷, 甲手スクィード:🔷, フラッティ:🔷) -> eval: +0.1619
    [56] MOVE_CORE | 🔶を移動 ⚠️ストラレイ消滅 -> eval: +0.3027
    [57] MOVE_CORE | 🔶を移動 ⚠️ストラレイ消滅 -> eval: +0.2968
    [58] MOVE_CORE | 🔶 ⇄ 🔷 を交換 -> eval: +0.4265
    [59] MOVE_CORE | 🔶を移動 ⚠️ストラレイ消滅 -> eval: +0.2978
    [60] MOVE_CORE | 🔶 ⇄ 🔷 を交換 -> eval: +0.4268
    [61] MOVE_CORE | 🔶を移動 ⚠️ストラレイ消滅 -> eval: +0.2967
    [62] MOVE_CORE | 🔶 ⇄ 🔷 を交換 -> eval: +0.4239
    [63] MOVE_CORE | 🔷を移動 ⚠️重顎ドロゴリアス消滅 -> eval: +0.2812
    [64] MOVE_CORE | 🔷を移動 ⚠️重顎ドロゴリアス消滅 -> eval: +0.2942
    [65] MOVE_CORE | 🔷を移動 ⚠️重顎ドロゴリアス消滅 -> eval: +0.2953
    [66] MOVE_CORE | 🔷を移動 ⚠️重顎ドロゴリアス消滅 -> eval: +0.2968
    [67] MOVE_CORE | 🔷を移動 ⚠️甲手スクィード消滅 -> eval: +0.2812
    [68] MOVE_CORE | 🔷を移動 ⚠️甲手スクィード消滅 -> eval: +0.2942
    [69] MOVE_CORE | 🔷を移動 ⚠️甲手スクィード消滅 -> eval: +0.2967
    [70] MOVE_CORE | 🔷を移動 ⚠️甲手スクィード消滅 -> eval: +0.2968
    [71] MOVE_CORE | 🔷を移動 -> eval: +0.4022
    [72] MOVE_CORE | 🔷🔷を移動 -> eval: +0.3886
    [73] MOVE_CORE | 🔷🔷🔷を移動 ⚠️フラッティ消滅 -> eval: +0.2561
    [74] MOVE_CORE | 🔷を移動 -> eval: +0.4143
    [75] MOVE_CORE | 🔷🔷を移動 -> eval: +0.4171
    [76] MOVE_CORE | 🔷🔷🔷を移動 ⚠️フラッティ消滅 -> eval: +0.2989
    [77] MOVE_CORE | 🔷を移動 -> eval: +0.4164
    [78] MOVE_CORE | 🔷🔷を移動 -> eval: +0.4159
    [79] MOVE_CORE | 🔷🔷🔷を移動 ⚠️フラッティ消滅 -> eval: +0.2991
    [80] MOVE_CORE | 🔷を移動 -> eval: +0.4158
    [81] MOVE_CORE | 🔷🔷を移動 -> eval: +0.4215
    [82] MOVE_CORE | 🔷🔷🔷を移動 ⚠️フラッティ消滅 -> eval: +0.3076
  ステップ終了評価: +0.4263
  => 選択: MOVE_CORE | 🔶 ⇄ 🔷 を交換 (eval: +0.4268 > 終了評価 +0.4263)
     効果/結果: 🔷 「ストラレイ」➔「甲手スクィード」 ソウルコア1個 / 「甲手スクィード」➔「ストラレイ」 通常コア1個

Turn 5 | 手数 36 | 手番: P1(run2_run3.kann.weight) | メインステップ
  盤面:
    P1: Life:1, Reserve:0, Hand:3枚, Field:[ストラレイ(Lv1,コア1), 重顎ドロゴリアス(Lv1,コア1), 甲手スクィード(Lv1,コア1s), フラッティ(Lv2,コア3)]
    P2: Life:3, Reserve:0, Hand:2枚, Field:[ラスヘッド(Lv1,コア1), ストラレイ(Lv1,コア1), フラッティ(Lv1,コア1), フラッティ(Lv1,コア1)]
  候補行動 (82件):
    [0] USE_MAGIC | コスト🔷, コアは置かない ⚠️ストラレイ消滅, (支払:ストラレイ:🔷, 配置:なし) -> eval: +0.1845
    [1] USE_MAGIC | コスト🔷, コアは置かない ⚠️重顎ドロゴリアス消滅, (支払:重顎ドロゴリアス:🔷, 配置:なし) -> eval: +0.1823
    [2] USE_MAGIC | コスト🔷, コアは置かない, (支払:フラッティ:🔷, 配置:なし) -> eval: +0.3100
    [3] USE_MAGIC | コスト🔶, コアは置かない ⚠️甲手スクィード消滅, (支払:甲手スクィード:🔶, 配置:なし) -> eval: +0.1978
    [4] SUMMON | コスト🔷🔷, 配置コア🔷 ⚠️ストラレイ・重顎ドロゴリアス消滅, (支払:重顎ドロゴリアス:🔷, フラッティ:🔷, 配置:ストラレイ:🔷) -> eval: +0.2213
    [5] SUMMON | コスト🔷🔷, 配置コア🔷 ⚠️ストラレイ消滅, (支払:フラッティ:🔷🔷, 配置:ストラレイ:🔷) -> eval: +0.3018
    [6] SUMMON | コスト🔷🔷, 配置コア🔷 ⚠️重顎ドロゴリアス消滅, (支払:フラッティ:🔷🔷, 配置:重顎ドロゴリアス:🔷) -> eval: +0.2994
    [7] SUMMON | コスト🔷🔷, 配置コア🔷 ⚠️フラッティ消滅, (支払:フラッティ:🔷🔷, 配置:フラッティ:🔷) -> eval: +0.3098
    [8] SUMMON | コスト🔷🔷, 配置コア🔶 ⚠️ストラレイ・重顎ドロゴリアス・甲手スクィード消滅, (支払:ストラレイ:🔷, 重顎ドロゴリアス:🔷, 配置:甲手スクィード:🔶) -> eval: +0.1709
    [9] SUMMON | コスト🔷🔷, 配置コア🔶 ⚠️ストラレイ・甲手スクィード消滅, (支払:ストラレイ:🔷, フラッティ:🔷, 配置:甲手スクィード:🔶) -> eval: +0.2205
    [10] SUMMON | コスト🔷🔷, 配置コア🔶 ⚠️重顎ドロゴリアス・甲手スクィード消滅, (支払:重顎ドロゴリアス:🔷, フラッティ:🔷, 配置:甲手スクィード:🔶) -> eval: +0.2182
    [11] SUMMON | コスト🔷🔷, 配置コア🔶 ⚠️甲手スクィード消滅, (支払:フラッティ:🔷🔷, 配置:甲手スクィード:🔶) -> eval: +0.2992
    [12] SUMMON | コスト🔷🔶, 配置コア🔷 ⚠️ストラレイ・重顎ドロゴリアス・甲手スクィード消滅, (支払:重顎ドロゴリアス:🔷, 甲手スクィード:🔶, 配置:ストラレイ:🔷) -> eval: +0.1897
    [13] SUMMON | コスト🔷🔶, 配置コア🔷 ⚠️ストラレイ・甲手スクィード消滅, (支払:甲手スクィード:🔶, フラッティ:🔷, 配置:ストラレイ:🔷) -> eval: +0.2393
    [14] SUMMON | コスト🔷🔶, 配置コア🔷 ⚠️重顎ドロゴリアス・甲手スクィード消滅, (支払:甲手スクィード:🔶, フラッティ:🔷, 配置:重顎ドロゴリアス:🔷) -> eval: +0.2369
    [15] SUMMON | コスト🔷🔶, 配置コア🔷 ⚠️甲手スクィード消滅, (支払:甲手スクィード:🔶, フラッティ:🔷, 配置:フラッティ:🔷) -> eval: +0.3160
    [16] SUMMON | コスト🔷🔷, 配置コア🔷🔷 ⚠️ストラレイ・重顎ドロゴリアス消滅, (支払:フラッティ:🔷🔷, 配置:ストラレイ:🔷, 重顎ドロゴリアス:🔷) -> eval: +0.2263
    [17] SUMMON | コスト🔷🔷, 配置コア🔷🔷 ⚠️ストラレイ・フラッティ消滅, (支払:フラッティ:🔷🔷, 配置:ストラレイ:🔷, フラッティ:🔷) -> eval: +0.2341
    [18] SUMMON | コスト🔷🔷, 配置コア🔷🔷 ⚠️重顎ドロゴリアス・フラッティ消滅, (支払:フラッティ:🔷🔷, 配置:重顎ドロゴリアス:🔷, フラッティ:🔷) -> eval: +0.2318
    [19] SUMMON | コスト🔷🔷, 配置コア🔷🔶 ⚠️ストラレイ・重顎ドロゴリアス・甲手スクィード消滅, (支払:重顎ドロゴリアス:🔷, フラッティ:🔷, 配置:ストラレイ:🔷, 甲手スクィード:🔶) -> eval: +0.1680
    [20] SUMMON | コスト🔷🔷, 配置コア🔷🔶 ⚠️ストラレイ・甲手スクィード消滅, (支払:フラッティ:🔷🔷, 配置:ストラレイ:🔷, 甲手スクィード:🔶) -> eval: +0.2220
    [21] SUMMON | コスト🔷🔷, 配置コア🔷🔶 ⚠️重顎ドロゴリアス・甲手スクィード消滅, (支払:フラッティ:🔷🔷, 配置:重顎ドロゴリアス:🔷, 甲手スクィード:🔶) -> eval: +0.2197
    [22] SUMMON | コスト🔷🔷, 配置コア🔷🔶 ⚠️甲手スクィード・フラッティ消滅, (支払:フラッティ:🔷🔷, 配置:甲手スクィード:🔶, フラッティ:🔷) -> eval: +0.2300
    [23] SUMMON | コスト🔷🔶, 配置コア🔷🔷 ⚠️ストラレイ・重顎ドロゴリアス・甲手スクィード消滅, (支払:甲手スクィード:🔶, フラッティ:🔷, 配置:ストラレイ:🔷, 重顎ドロゴリアス:🔷) -> eval: +0.1886
    [24] SUMMON | コスト🔷🔶, 配置コア🔷🔷 ⚠️ストラレイ・甲手スクィード消滅, (支払:甲手スクィード:🔶, フラッティ:🔷, 配置:ストラレイ:🔷, フラッティ:🔷) -> eval: +0.2433
    [25] SUMMON | コスト🔷🔶, 配置コア🔷🔷 ⚠️重顎ドロゴリアス・甲手スクィード消滅, (支払:甲手スクィード:🔶, フラッティ:🔷, 配置:重顎ドロゴリアス:🔷, フラッティ:🔷) -> eval: +0.2411
    [26] SUMMON | コスト🔷🔶, 配置コア🔷🔷 ⚠️甲手スクィード・フラッティ消滅, (支払:甲手スクィード:🔶, フラッティ:🔷, 配置:フラッティ:🔷🔷) -> eval: +0.2506
    [27] SUMMON | コスト🔷🔷, 配置コア🔷🔷🔷 ⚠️ストラレイ・重顎ドロゴリアス・フラッティ消滅, (支払:フラッティ:🔷🔷, 配置:ストラレイ:🔷, 重顎ドロゴリアス:🔷, フラッティ:🔷) -> eval: +0.1793
    [28] SUMMON | コスト🔷🔷, 配置コア🔷🔷🔶 ⚠️ストラレイ・重顎ドロゴリアス・甲手スクィード消滅, (支払:フラッティ:🔷🔷, 配置:ストラレイ:🔷, 重顎ドロゴリアス:🔷, 甲手スクィード:🔶) -> eval: +0.1687
    [29] SUMMON | コスト🔷🔷, 配置コア🔷🔷🔶 ⚠️ストラレイ・甲手スクィード・フラッティ消滅, (支払:フラッティ:🔷🔷, 配置:ストラレイ:🔷, 甲手スクィード:🔶, フラッティ:🔷) -> eval: +0.1784
    [30] SUMMON | コスト🔷🔷, 配置コア🔷🔷🔶 ⚠️重顎ドロゴリアス・甲手スクィード・フラッティ消滅, (支払:フラッティ:🔷🔷, 配置:重顎ドロゴリアス:🔷, 甲手スクィード:🔶, フラッティ:🔷) -> eval: +0.1761
    [31] SUMMON | コスト🔷🔶, 配置コア🔷🔷🔷 ⚠️ストラレイ・重顎ドロゴリアス・甲手スクィード消滅, (支払:甲手スクィード:🔶, フラッティ:🔷, 配置:ストラレイ:🔷, 重顎ドロゴリアス:🔷, フラッティ:🔷) -> eval: +0.1898
    [32] SUMMON | コスト🔷🔶, 配置コア🔷🔷🔷 ⚠️ストラレイ・甲手スクィード・フラッティ消滅, (支払:甲手スクィード:🔶, フラッティ:🔷, 配置:ストラレイ:🔷, フラッティ:🔷🔷) -> eval: +0.1987
    [33] SUMMON | コスト🔷🔶, 配置コア🔷🔷🔷 ⚠️重顎ドロゴリアス・甲手スクィード・フラッティ消滅, (支払:甲手スクィード:🔶, フラッティ:🔷, 配置:重顎ドロゴリアス:🔷, フラッティ:🔷🔷) -> eval: +0.1966
    [34] SUMMON | コスト🔷🔷, 配置コア🔷🔷🔷🔶 ⚠️ストラレイ・重顎ドロゴリアス・甲手スクィード・フラッティ消滅, (支払:フラッティ:🔷🔷, 配置:ストラレイ:🔷, 重顎ドロゴリアス:🔷, 甲手スクィード:🔶, フラッティ:🔷) -> eval: +0.1335
    [35] SUMMON | コスト🔷🔶, 配置コア🔷🔷🔷🔷 ⚠️ストラレイ・重顎ドロゴリアス・甲手スクィード・フラッティ消滅, (支払:甲手スクィード:🔶, フラッティ:🔷, 配置:ストラレイ:🔷, 重顎ドロゴリアス:🔷, フラッティ:🔷🔷) -> eval: +0.1534
    [36] SUMMON | コスト🔷🔷🔷, 配置コア🔷 ⚠️ストラレイ・重顎ドロゴリアス消滅, (支払:重顎ドロゴリアス:🔷, フラッティ:🔷🔷, 配置:ストラレイ:🔷) -> eval: +0.2295
    [37] SUMMON | コスト🔷🔷🔷, 配置コア🔷 ⚠️ストラレイ・フラッティ消滅, (支払:フラッティ:🔷🔷🔷, 配置:ストラレイ:🔷) -> eval: +0.2371
    [38] SUMMON | コスト🔷🔷🔷, 配置コア🔷 ⚠️重顎ドロゴリアス・フラッティ消滅, (支払:フラッティ:🔷🔷🔷, 配置:重顎ドロゴリアス:🔷) -> eval: +0.2349
    [39] SUMMON | コスト🔷🔷🔷, 配置コア🔶 ⚠️ストラレイ・重顎ドロゴリアス・甲手スクィード消滅, (支払:ストラレイ:🔷, 重顎ドロゴリアス:🔷, フラッティ:🔷, 配置:甲手スクィード:🔶) -> eval: +0.1734
    [40] SUMMON | コスト🔷🔷🔷, 配置コア🔶 ⚠️ストラレイ・甲手スクィード消滅, (支払:ストラレイ:🔷, フラッティ:🔷🔷, 配置:甲手スクィード:🔶) -> eval: +0.2265
    [41] SUMMON | コスト🔷🔷🔷, 配置コア🔶 ⚠️重顎ドロゴリアス・甲手スクィード消滅, (支払:重顎ドロゴリアス:🔷, フラッティ:🔷🔷, 配置:甲手スクィード:🔶) -> eval: +0.2244
    [42] SUMMON | コスト🔷🔷🔷, 配置コア🔶 ⚠️甲手スクィード・フラッティ消滅, (支払:フラッティ:🔷🔷🔷, 配置:甲手スクィード:🔶) -> eval: +0.2343
    [43] SUMMON | コスト🔷🔷🔶, 配置コア🔷 ⚠️ストラレイ・重顎ドロゴリアス・甲手スクィード消滅, (支払:重顎ドロゴリアス:🔷, 甲手スクィード:🔶, フラッティ:🔷, 配置:ストラレイ:🔷) -> eval: +0.1928
    [44] SUMMON | コスト🔷🔷🔶, 配置コア🔷 ⚠️ストラレイ・甲手スクィード消滅, (支払:甲手スクィード:🔶, フラッティ:🔷🔷, 配置:ストラレイ:🔷) -> eval: +0.2463
    [45] SUMMON | コスト🔷🔷🔶, 配置コア🔷 ⚠️重顎ドロゴリアス・甲手スクィード消滅, (支払:甲手スクィード:🔶, フラッティ:🔷🔷, 配置:重顎ドロゴリアス:🔷) -> eval: +0.2442
    [46] SUMMON | コスト🔷🔷🔶, 配置コア🔷 ⚠️甲手スクィード・フラッティ消滅, (支払:甲手スクィード:🔶, フラッティ:🔷🔷, 配置:フラッティ:🔷) -> eval: +0.2535
    [47] SUMMON | コスト🔷🔷🔷, 配置コア🔷🔷 ⚠️ストラレイ・重顎ドロゴリアス・フラッティ消滅, (支払:フラッティ:🔷🔷🔷, 配置:ストラレイ:🔷, 重顎ドロゴリアス:🔷) -> eval: +0.1836
    [48] SUMMON | コスト🔷🔷🔷, 配置コア🔷🔶 ⚠️ストラレイ・重顎ドロゴリアス・甲手スクィード消滅, (支払:重顎ドロゴリアス:🔷, フラッティ:🔷🔷, 配置:ストラレイ:🔷, 甲手スクィード:🔶) -> eval: +0.1736
    [49] SUMMON | コスト🔷🔷🔷, 配置コア🔷🔶 ⚠️ストラレイ・甲手スクィード・フラッティ消滅, (支払:フラッティ:🔷🔷🔷, 配置:ストラレイ:🔷, 甲手スクィード:🔶) -> eval: +0.1826
    [50] SUMMON | コスト🔷🔷🔷, 配置コア🔷🔶 ⚠️重顎ドロゴリアス・甲手スクィード・フラッティ消滅, (支払:フラッティ:🔷🔷🔷, 配置:重顎ドロゴリアス:🔷, 甲手スクィード:🔶) -> eval: +0.1805
    [51] SUMMON | コスト🔷🔷🔶, 配置コア🔷🔷 ⚠️ストラレイ・重顎ドロゴリアス・甲手スクィード消滅, (支払:甲手スクィード:🔶, フラッティ:🔷🔷, 配置:ストラレイ:🔷, 重顎ドロゴリアス:🔷) -> eval: +0.1935
    [52] SUMMON | コスト🔷🔷🔶, 配置コア🔷🔷 ⚠️ストラレイ・甲手スクィード・フラッティ消滅, (支払:甲手スクィード:🔶, フラッティ:🔷🔷, 配置:ストラレイ:🔷, フラッティ:🔷) -> eval: +0.2018
    [53] SUMMON | コスト🔷🔷🔶, 配置コア🔷🔷 ⚠️重顎ドロゴリアス・甲手スクィード・フラッティ消滅, (支払:甲手スクィード:🔶, フラッティ:🔷🔷, 配置:重顎ドロゴリアス:🔷, フラッティ:🔷) -> eval: +0.1999
    [54] SUMMON | コスト🔷🔷🔷, 配置コア🔷🔷🔶 ⚠️ストラレイ・重顎ドロゴリアス・甲手スクィード・フラッティ消滅, (支払:フラッティ:🔷🔷🔷, 配置:ストラレイ:🔷, 重顎ドロゴリアス:🔷, 甲手スクィード:🔶) -> eval: +0.1430
    [55] SUMMON | コスト🔷🔷🔶, 配置コア🔷🔷🔷 ⚠️ストラレイ・重顎ドロゴリアス・甲手スクィード・フラッティ消滅, (支払:甲手スクィード:🔶, フラッティ:🔷🔷, 配置:ストラレイ:🔷, 重顎ドロゴリアス:🔷, フラッティ:🔷) -> eval: +0.1619
    [56] MOVE_CORE | 🔷を移動 ⚠️ストラレイ消滅 -> eval: +0.2842
    [57] MOVE_CORE | 🔷を移動 ⚠️ストラレイ消滅 -> eval: +0.2997
    [58] MOVE_CORE | 🔷を移動 ⚠️ストラレイ消滅 -> eval: +0.2978
    [59] MOVE_CORE | 🔷を移動 ⚠️ストラレイ消滅 -> eval: +0.2996
    [60] MOVE_CORE | 🔷を移動 ⚠️重顎ドロゴリアス消滅 -> eval: +0.2813
    [61] MOVE_CORE | 🔷を移動 ⚠️重顎ドロゴリアス消滅 -> eval: +0.2947
    [62] MOVE_CORE | 🔷を移動 ⚠️重顎ドロゴリアス消滅 -> eval: +0.2949
    [63] MOVE_CORE | 🔷を移動 ⚠️重顎ドロゴリアス消滅 -> eval: +0.2968
    [64] MOVE_CORE | 🔶を移動 ⚠️甲手スクィード消滅 -> eval: +0.3003
    [65] MOVE_CORE | 🔶を移動 ⚠️甲手スクィード消滅 -> eval: +0.2942
    [66] MOVE_CORE | 🔶を移動 ⚠️甲手スクィード消滅 -> eval: +0.2949
    [67] MOVE_CORE | 🔶 ⇄ 🔷 を交換 -> eval: +0.4265
    [68] MOVE_CORE | 🔶を移動 ⚠️甲手スクィード消滅 -> eval: +0.2942
    [69] MOVE_CORE | 🔶 ⇄ 🔷 を交換 -> eval: +0.4239
    [70] MOVE_CORE | 🔷を移動 -> eval: +0.4046
    [71] MOVE_CORE | 🔷🔷を移動 -> eval: +0.3913
    [72] MOVE_CORE | 🔷🔷🔷を移動 ⚠️フラッティ消滅 -> eval: +0.2579
    [73] MOVE_CORE | 🔷を移動 -> eval: +0.4173
    [74] MOVE_CORE | 🔷🔷を移動 -> eval: +0.4227
    [75] MOVE_CORE | 🔷🔷🔷を移動 ⚠️フラッティ消滅 -> eval: +0.3048
    [76] MOVE_CORE | 🔷を移動 -> eval: +0.4195
    [77] MOVE_CORE | 🔷🔷を移動 -> eval: +0.4191
    [78] MOVE_CORE | 🔷🔷🔷を移動 ⚠️フラッティ消滅 -> eval: +0.3020
    [79] MOVE_CORE | 🔷を移動 -> eval: +0.4174
    [80] MOVE_CORE | 🔷🔷を移動 -> eval: +0.4186
    [81] MOVE_CORE | 🔷🔷🔷を移動 ⚠️フラッティ消滅 -> eval: +0.3031
  ステップ終了評価: +0.4268
  => 選択: ステップ終了 (候補最大 +0.4265 <= 終了評価 +0.4268)

Turn 5 | 手数 37 | 手番: P1(run2_run3.kann.weight) | アタック宣言
  盤面:
    P1: Life:1, Reserve:0, Hand:3枚, Field:[ストラレイ(Lv1,コア1), 重顎ドロゴリアス(Lv1,コア1), 甲手スクィード(Lv1,コア1s), フラッティ(Lv2,コア3)]
    P2: Life:3, Reserve:0, Hand:2枚, Field:[ラスヘッド(Lv1,コア1), ストラレイ(Lv1,コア1), フラッティ(Lv1,コア1), フラッティ(Lv1,コア1)]
  候補行動 (4件):
    [0] ATTACK | ストラレイ でアタック宣言 (Lv1, BP4000, 通ればライフ-🔷) -> eval: +0.4518
    [1] ATTACK | 重顎ドロゴリアス でアタック宣言 (Lv1, BP5000, 通ればライフ-🔷) -> eval: +0.4517
    [2] ATTACK | 甲手スクィード でアタック宣言 (Lv1, BP5000, 通ればライフ-🔷) -> eval: +0.4575
    [3] ATTACK | フラッティ でアタック宣言 (Lv2, BP3000, 通ればライフ-🔷) -> eval: +0.4560
  ステップ終了評価: +0.4268
  => 選択: ATTACK | 甲手スクィード でアタック宣言 (Lv1, BP5000, 通ればライフ-🔷) (eval: +0.4575 > 終了評価 +0.4268)
     効果/結果: 🗡️ 「甲手スクィード」がアタック宣言 (BP5000)

Turn 5 | 手数 38 | 手番: P2(run3_run4.kann.weight) | ブロック宣言
  盤面:
    P1: Life:1, Reserve:0, Hand:3枚, Field:[ストラレイ(Lv1,コア1), 重顎ドロゴリアス(Lv1,コア1), 甲手スクィード(Lv1,コア1s), フラッティ(Lv2,コア3)]
    P2: Life:3, Reserve:0, Hand:2枚, Field:[ラスヘッド(Lv1,コア1), ストラレイ(Lv1,コア1), フラッティ(Lv1,コア1), フラッティ(Lv1,コア1)]
  候補行動 (2件):
    [0] BLOCK | フラッティ でブロック (BP1000 vs BP5000 → フラッティが破壊される) -> eval: +0.2871
    [1] PASS_BLOCK | ライフでアタックを受ける (ライフ-🔷) -> eval: +0.4074
  => 選択: PASS_BLOCK | ライフでアタックを受ける (ライフ-🔷) (eval: +0.4074)
     効果/結果: 💔 ブロックせず: プレイヤー2 のライフ-1 (コアはリザーブへ)

Turn 5 | 手数 39 | 手番: P1(run2_run3.kann.weight) | アタック宣言
  盤面:
    P1: Life:1, Reserve:0, Hand:3枚, Field:[ストラレイ(Lv1,コア1), 重顎ドロゴリアス(Lv1,コア1), 甲手スクィード(Lv1,コア1s), フラッティ(Lv2,コア3)]
    P2: Life:2, Reserve:1, Hand:2枚, Field:[ラスヘッド(Lv1,コア1), ストラレイ(Lv1,コア1), フラッティ(Lv1,コア1), フラッティ(Lv1,コア1)]
  候補行動 (3件):
    [0] ATTACK | ストラレイ でアタック宣言 (Lv1, BP4000, 通ればライフ-🔷) -> eval: +0.4856
    [1] ATTACK | 重顎ドロゴリアス でアタック宣言 (Lv1, BP5000, 通ればライフ-🔷) -> eval: +0.4835
    [2] ATTACK | フラッティ でアタック宣言 (Lv2, BP3000, 通ればライフ-🔷) -> eval: +0.4852
  ステップ終了評価: +0.4648
  => 選択: ATTACK | ストラレイ でアタック宣言 (Lv1, BP4000, 通ればライフ-🔷) (eval: +0.4856 > 終了評価 +0.4648)
     効果/結果: 🗡️ 「ストラレイ」がアタック宣言 (BP4000)

Turn 5 | 手数 40 | 手番: P2(run3_run4.kann.weight) | ブロック宣言
  盤面:
    P1: Life:1, Reserve:0, Hand:3枚, Field:[ストラレイ(Lv1,コア1), 重顎ドロゴリアス(Lv1,コア1), 甲手スクィード(Lv1,コア1s), フラッティ(Lv2,コア3)]
    P2: Life:2, Reserve:1, Hand:2枚, Field:[ラスヘッド(Lv1,コア1), ストラレイ(Lv1,コア1), フラッティ(Lv1,コア1), フラッティ(Lv1,コア1)]
  候補行動 (2件):
    [0] BLOCK | フラッティ でブロック (BP1000 vs BP4000 → フラッティが破壊される) -> eval: +0.3380
    [1] PASS_BLOCK | ライフでアタックを受ける (ライフ-🔷) -> eval: +0.4532
  => 選択: PASS_BLOCK | ライフでアタックを受ける (ライフ-🔷) (eval: +0.4532)
     効果/結果: 💔 ブロックせず: プレイヤー2 のライフ-1 (コアはリザーブへ)

Turn 5 | 手数 41 | 手番: P1(run2_run3.kann.weight) | アタック宣言
  盤面:
    P1: Life:1, Reserve:0, Hand:3枚, Field:[ストラレイ(Lv1,コア1), 重顎ドロゴリアス(Lv1,コア1), 甲手スクィード(Lv1,コア1s), フラッティ(Lv2,コア3)]
    P2: Life:1, Reserve:2, Hand:2枚, Field:[ラスヘッド(Lv1,コア1), ストラレイ(Lv1,コア1), フラッティ(Lv1,コア1), フラッティ(Lv1,コア1)]
  候補行動 (2件):
    [0] ATTACK | 重顎ドロゴリアス でアタック宣言 (Lv1, BP5000, 通ればライフ-🔷) -> eval: +0.5053
    [1] ATTACK | フラッティ でアタック宣言 (Lv2, BP3000, 通ればライフ-🔷) -> eval: +0.5090
  ステップ終了評価: +0.4923
  => 選択: ATTACK | フラッティ でアタック宣言 (Lv2, BP3000, 通ればライフ-🔷) (eval: +0.5090 > 終了評価 +0.4923)
     効果/結果: 🗡️ 「フラッティ」がアタック宣言 (BP3000)

Turn 5 | 手数 42 | 手番: P2(run3_run4.kann.weight) | ブロック宣言
  盤面:
    P1: Life:1, Reserve:0, Hand:3枚, Field:[ストラレイ(Lv1,コア1), 重顎ドロゴリアス(Lv1,コア1), 甲手スクィード(Lv1,コア1s), フラッティ(Lv2,コア3)]
    P2: Life:1, Reserve:2, Hand:2枚, Field:[ラスヘッド(Lv1,コア1), ストラレイ(Lv1,コア1), フラッティ(Lv1,コア1), フラッティ(Lv1,コア1)]
  候補行動 (2件):
    [0] BLOCK | フラッティ でブロック (BP1000 vs BP3000 → フラッティが破壊される) -> eval: +0.3720
    [1] PASS_BLOCK | ライフでアタックを受ける (ライフ-🔷) -> eval: +0.4747
  => 選択: PASS_BLOCK | ライフでアタックを受ける (ライフ-🔷) (eval: +0.4747)
     効果/結果: 💔 ブロックせず: プレイヤー2 のライフ-1 (コアはリザーブへ)
     効果/結果: 🏁 プレイヤー2 のライフが0になりました

  【決着】 勝者: P1(run2_run3.kann.weight) (5ターン / 43 手)

=================================================================
=== 対戦評価集計結果 (全 10 戦) ===
=================================================================
  run3_run4.kann.weight: 70.0% (7勝)
    - 先手時: 5勝 / 5戦 (100.0%)
    - 後手時: 2勝 / 5戦 (40.0%)
  run2_run3.kann.weight: 30.0% (3勝)
    - 先手時: 3勝 / 5戦 (60.0%)
    - 後手時: 0勝 / 5戦 (0.0%)
  平均決着: 5.2 ターン / 41.5 手

--- 各対戦の個別シード・結果一覧 ---
  第 1戦 [seed=2577512651365090736]: 勝者=run3_run4.kann.weight (先手) (5ターン / 42手)
  第 2戦 [seed=-2264386607786871955]: 勝者=run2_run3.kann.weight (先手) (5ターン / 36手)
  第 3戦 [seed=-2325464506032184193]: 勝者=run3_run4.kann.weight (先手) (5ターン / 41手)
  第 4戦 [seed=-716433588179092190]: 勝者=run3_run4.kann.weight (後手) (6ターン / 47手)
  第 5戦 [seed=1355854690223605162]: 勝者=run3_run4.kann.weight (先手) (5ターン / 40手)
  第 6戦 [seed=5710198575878524027]: 勝者=run3_run4.kann.weight (後手) (6ターン / 48手)
  第 7戦 [seed=-3631848859892095566]: 勝者=run3_run4.kann.weight (先手) (5ターン / 37手)
  第 8戦 [seed=-5031460725055361221]: 勝者=run2_run3.kann.weight (先手) (5ターン / 41手)
  第 9戦 [seed=2089433761865681972]: 勝者=run3_run4.kann.weight (先手) (5ターン / 40手)
  第10戦 [seed=8525604715859642986]: 勝者=run2_run3.kann.weight (先手) (5ターン / 43手)
=================================================================
